task,model_name,fold_id,train_start,train_end,test_start,test_end,target_day,business_day,ds,period,hour_business,y_true,y_pred,source,run_mode,created_at
realtime,lightgbm,0,2023-01-01,2026-04-30,2026-05-01,2026-05-31,2026-05-01,2026-05-01,2026-05-01 01:00:00,1_8,1,572.032,365.99852890075533,,,2026-06-25T10:27:21.028312
realtime,lightgbm,0,2023-01-01,2026-04-30,2026-05-01,2026-05-31,2026-05-01,2026-05-01,2026-05-01 02:00:00,1_8,2,553.038,333.6615066440715,,,2026-06-25T10:27:21.028312
realtime,lightgbm,0,2023-01-01,2026-04-30,2026-05-01,2026-05-31,2026-05-01,2026-05-01,2026-05-01 03:00:00,1_8,3,545.852,323.16671835664954,,,2026-06-25T10:27:21.028312
realtime,lightgbm,0,2023-01-01,2026-04-30,2026-05-01,2026-05-31,2026-05-01,2026-05-01,2026-05-01 04:00:00,1_8,4,544.968,323.16671835664954,,,2026-06-25T10:27:21.028312
realtime,lightgbm,0,2023-01-01,2026-04-30,2026-05-01,2026-05-31,2026-05-01,2026-05-01,2026-05-01 05:00:00,1_8,5,542.173,358.69722899652027,,,2026-06-25T10:27:21.028312
realtime,lightgbm,0,2023-01-01,2026-04-30,2026-05-01,2026-05-31,2026-05-01,2026-05-01,2026-05-01 06:00:00,1_8,6,532.595,349.2294840808367,,,2026-06-25T10:27:21.028312
realtime,lightgbm,0,2023-01-01,2026-04-30,2026-05-01,2026-05-31,2026-05-01,2026-05-01,2026-05-01 07:00:00,1_8,7,402.348,237.4852706630391,,,2026-06-25T10:27:21.028312
realtime,lightgbm,0,2023-01-01,2026-04-30,2026-05-01,2026-05-31,2026-05-01,2026-05-01,2026-05-01 08:00:00,1_8,8,207.815,173.3251277732654,,,2026-06-25T10:27:21.028312
realtime,lightgbm,0,2023-01-01,2026-04-30,2026-05-01,2026-05-31,2026-05-01,2026-05-01,2026-05-01 09:00:00,9_16,9,-9.886,-77.16332504174463,,,2026-06-25T10:27:21.028312
realtime,lightgbm,0,2023-01-01,2026-04-30,2026-05-01,2026-05-31,2026-05-01,2026-05-01,2026-05-01 10:00:00,9_16,10,-80.0,-63.407549046618676,,,2026-06-25T10:27:21.028312
realtime,lightgbm,0,2023-01-01,2026-04-30,2026-05-01,2026-05-31,2026-05-01,2026-05-01,2026-05-01 11:00:00,9_16,11,-80.0,-74.2362300531394,,,2026-06-25T10:27:21.028312
realtime,lightgbm,0,2023-01-01,2026-04-30,2026-05-01,2026-05-31,2026-05-01,2026-05-01,2026-05-01 12:00:00,9_16,12,-80.0,-60.86832345933576,,,2026-06-25T10:27:21.028312
realtime,lightgbm,0,2023-01-01,2026-04-30,2026-05-01,2026-05-31,2026-05-01,2026-05-01,2026-05-01 13:00:00,9_16,13,-80.0,-60.158794873282204,,,2026-06-25T10:27:21.028312
realtime,lightgbm,0,2023-01-01,2026-04-30,2026-05-01,2026-05-31,2026-05-01,2026-05-01,2026-05-01 14:00:00,9_16,14,-80.0,-73.71991206503424,,,2026-06-25T10:27:21.028312
realtime,lightgbm,0,2023-01-01,2026-04-30,2026-05-01,2026-05-31,2026-05-01,2026-05-01,2026-05-01 15:00:00,9_16,15,90.387,-62.96180882273018,,,2026-06-25T10:27:21.028312
realtime,lightgbm,0,2023-01-01,2026-04-30,2026-05-01,2026-05-31,2026-05-01,2026-05-01,2026-05-01 16:00:00,9_16,16,595.9,107.00698029139323,,,2026-06-25T10:27:21.028312
realtime,lightgbm,0,2023-01-01,2026-04-30,2026-05-01,2026-05-31,2026-05-01,2026-05-01,2026-05-01 17:00:00,17_24,17,559.941,292.16377314560543,,,2026-06-25T10:27:21.028312
realtime,lightgbm,0,2023-01-01,2026-04-30,2026-05-01,2026-05-31,2026-05-01,2026-05-01,2026-05-01 18:00:00,17_24,18,529.229,419.9865200858384,,,2026-06-25T10:27:21.028312
realtime,lightgbm,0,2023-01-01,2026-04-30,2026-05-01,2026-05-31,2026-05-01,2026-05-01,2026-05-01 19:00:00,17_24,19,552.849,407.1290478875139,,,2026-06-25T10:27:21.028312
realtime,lightgbm,0,2023-01-01,2026-04-30,2026-05-01,2026-05-31,2026-05-01,2026-05-01,2026-05-01 20:00:00,17_24,20,524.969,478.1523045927499,,,2026-06-25T10:27:21.028312
realtime,lightgbm,0,2023-01-01,2026-04-30,2026-05-01,2026-05-31,2026-05-01,2026-05-01,2026-05-01 21:00:00,17_24,21,540.957,391.9317010250947,,,2026-06-25T10:27:21.028312
realtime,lightgbm,0,2023-01-01,2026-04-30,2026-05-01,2026-05-31,2026-05-01,2026-05-01,2026-05-01 22:00:00,17_24,22,546.857,397.80461585472443,,,2026-06-25T10:27:21.028312
realtime,lightgbm,0,2023-01-01,2026-04-30,2026-05-01,2026-05-31,2026-05-01,2026-05-01,2026-05-01 23:00:00,17_24,23,556.259,381.8732765994521,,,2026-06-25T10:27:21.028312
realtime,lightgbm,0,2023-01-01,2026-04-30,2026-05-01,2026-05-31,2026-05-01,2026-05-01,2026-05-02 00:00:00,17_24,24,562.279,344.04047677210275,,,2026-06-25T10:27:21.028312
realtime,lightgbm,0,2023-01-01,2026-04-30,2026-05-01,2026-05-31,2026-05-02,2026-05-02,2026-05-02 01:00:00,1_8,1,619.49,387.49646156566877,,,2026-06-25T10:27:21.028312
realtime,lightgbm,0,2023-01-01,2026-04-30,2026-05-01,2026-05-31,2026-05-02,2026-05-02,2026-05-02 02:00:00,1_8,2,374.341,403.37308006281495,,,2026-06-25T10:27:21.028312
realtime,lightgbm,0,2023-01-01,2026-04-30,2026-05-01,2026-05-31,2026-05-02,2026-05-02,2026-05-02 03:00:00,1_8,3,366.174,407.3939906615816,,,2026-06-25T10:27:21.028312
realtime,lightgbm,0,2023-01-01,2026-04-30,2026-05-01,2026-05-31,2026-05-02,2026-05-02,2026-05-02 04:00:00,1_8,4,364.999,400.72138251698465,,,2026-06-25T10:27:21.028312
realtime,lightgbm,0,2023-01-01,2026-04-30,2026-05-01,2026-05-31,2026-05-02,2026-05-02,2026-05-02 05:00:00,1_8,5,365.756,400.72138251698465,,,2026-06-25T10:27:21.028312
realtime,lightgbm,0,2023-01-01,2026-04-30,2026-05-01,2026-05-31,2026-05-02,2026-05-02,2026-05-02 06:00:00,1_8,6,361.234,400.72138251698465,,,2026-06-25T10:27:21.028312
realtime,lightgbm,0,2023-01-01,2026-04-30,2026-05-01,2026-05-31,2026-05-02,2026-05-02,2026-05-02 07:00:00,1_8,7,360.169,369.1213019770797,,,2026-06-25T10:27:21.028312
realtime,lightgbm,0,2023-01-01,2026-04-30,2026-05-01,2026-05-31,2026-05-02,2026-05-02,2026-05-02 08:00:00,1_8,8,363.959,351.01563989327286,,,2026-06-25T10:27:21.028312
realtime,lightgbm,0,2023-01-01,2026-04-30,2026-05-01,2026-05-31,2026-05-02,2026-05-02,2026-05-02 09:00:00,9_16,9,371.174,412.4713203559824,,,2026-06-25T10:27:21.028312
realtime,lightgbm,0,2023-01-01,2026-04-30,2026-05-01,2026-05-31,2026-05-02,2026-05-02,2026-05-02 10:00:00,9_16,10,376.757,427.7159610411435,,,2026-06-25T10:27:21.028312
realtime,lightgbm,0,2023-01-01,2026-04-30,2026-05-01,2026-05-31,2026-05-02,2026-05-02,2026-05-02 11:00:00,9_16,11,377.746,460.1471385337163,,,2026-06-25T10:27:21.028312
realtime,lightgbm,0,2023-01-01,2026-04-30,2026-05-01,2026-05-31,2026-05-02,2026-05-02,2026-05-02 12:00:00,9_16,12,415.58,456.0319563985015,,,2026-06-25T10:27:21.028312
realtime,lightgbm,0,2023-01-01,2026-04-30,2026-05-01,2026-05-31,2026-05-02,2026-05-02,2026-05-02 13:00:00,9_16,13,520.576,451.4162102114919,,,2026-06-25T10:27:21.028312
realtime,lightgbm,0,2023-01-01,2026-04-30,2026-05-01,2026-05-31,2026-05-02,2026-05-02,2026-05-02 14:00:00,9_16,14,436.32,445.95813475359154,,,2026-06-25T10:27:21.028312
realtime,lightgbm,0,2023-01-01,2026-04-30,2026-05-01,2026-05-31,2026-05-02,2026-05-02,2026-05-02 15:00:00,9_16,15,378.543,450.3400015162333,,,2026-06-25T10:27:21.028312
realtime,lightgbm,0,2023-01-01,2026-04-30,2026-05-01,2026-05-31,2026-05-02,2026-05-02,2026-05-02 16:00:00,9_16,16,367.345,437.3157965377035,,,2026-06-25T10:27:21.028312
realtime,lightgbm,0,2023-01-01,2026-04-30,2026-05-01,2026-05-31,2026-05-02,2026-05-02,2026-05-02 17:00:00,17_24,17,364.001,478.41550810211567,,,2026-06-25T10:27:21.028312
realtime,lightgbm,0,2023-01-01,2026-04-30,2026-05-01,2026-05-31,2026-05-02,2026-05-02,2026-05-02 18:00:00,17_24,18,367.01,501.772454092528,,,2026-06-25T10:27:21.028312
realtime,lightgbm,0,2023-01-01,2026-04-30,2026-05-01,2026-05-31,2026-05-02,2026-05-02,2026-05-02 19:00:00,17_24,19,399.967,505.519153226965,,,2026-06-25T10:27:21.028312
realtime,lightgbm,0,2023-01-01,2026-04-30,2026-05-01,2026-05-31,2026-05-02,2026-05-02,2026-05-02 20:00:00,17_24,20,595.848,505.46601811509345,,,2026-06-25T10:27:21.028312
realtime,lightgbm,0,2023-01-01,2026-04-30,2026-05-01,2026-05-31,2026-05-02,2026-05-02,2026-05-02 21:00:00,17_24,21,503.558,501.22177023184986,,,2026-06-25T10:27:21.028312
realtime,lightgbm,0,2023-01-01,2026-04-30,2026-05-01,2026-05-31,2026-05-02,2026-05-02,2026-05-02 22:00:00,17_24,22,382.675,497.9685081969969,,,2026-06-25T10:27:21.028312
realtime,lightgbm,0,2023-01-01,2026-04-30,2026-05-01,2026-05-31,2026-05-02,2026-05-02,2026-05-02 23:00:00,17_24,23,369.215,501.5284586433387,,,2026-06-25T10:27:21.028312
realtime,lightgbm,0,2023-01-01,2026-04-30,2026-05-01,2026-05-31,2026-05-02,2026-05-02,2026-05-03 00:00:00,17_24,24,365.306,492.93044029810244,,,2026-06-25T10:27:21.028312
realtime,lightgbm,0,2023-01-01,2026-04-30,2026-05-01,2026-05-31,2026-05-03,2026-05-03,2026-05-03 01:00:00,1_8,1,573.819,347.62318587047383,,,2026-06-25T10:27:21.028312
realtime,lightgbm,0,2023-01-01,2026-04-30,2026-05-01,2026-05-31,2026-05-03,2026-05-03,2026-05-03 02:00:00,1_8,2,467.836,347.62318587047383,,,2026-06-25T10:27:21.028312
realtime,lightgbm,0,2023-01-01,2026-04-30,2026-05-01,2026-05-31,2026-05-03,2026-05-03,2026-05-03 03:00:00,1_8,3,438.411,341.13431304330265,,,2026-06-25T10:27:21.028312
realtime,lightgbm,0,2023-01-01,2026-04-30,2026-05-01,2026-05-31,2026-05-03,2026-05-03,2026-05-03 04:00:00,1_8,4,437.155,265.92585354766936,,,2026-06-25T10:27:21.028312
realtime,lightgbm,0,2023-01-01,2026-04-30,2026-05-01,2026-05-31,2026-05-03,2026-05-03,2026-05-03 05:00:00,1_8,5,460.639,265.92585354766936,,,2026-06-25T10:27:21.028312
realtime,lightgbm,0,2023-01-01,2026-04-30,2026-05-01,2026-05-31,2026-05-03,2026-05-03,2026-05-03 06:00:00,1_8,6,543.486,299.90178680242315,,,2026-06-25T10:27:21.028312
realtime,lightgbm,0,2023-01-01,2026-04-30,2026-05-01,2026-05-31,2026-05-03,2026-05-03,2026-05-03 07:00:00,1_8,7,481.933,198.7805125886892,,,2026-06-25T10:27:21.028312
realtime,lightgbm,0,2023-01-01,2026-04-30,2026-05-01,2026-05-31,2026-05-03,2026-05-03,2026-05-03 08:00:00,1_8,8,399.276,166.1175906343313,,,2026-06-25T10:27:21.028312
realtime,lightgbm,0,2023-01-01,2026-04-30,2026-05-01,2026-05-31,2026-05-03,2026-05-03,2026-05-03 09:00:00,9_16,9,270.626,-56.45871754325604,,,2026-06-25T10:27:21.028312
realtime,lightgbm,0,2023-01-01,2026-04-30,2026-05-01,2026-05-31,2026-05-03,2026-05-03,2026-05-03 10:00:00,9_16,10,61.762,-73.04379816989412,,,2026-06-25T10:27:21.028312
realtime,lightgbm,0,2023-01-01,2026-04-30,2026-05-01,2026-05-31,2026-05-03,2026-05-03,2026-05-03 11:00:00,9_16,11,-72.755,-76.07652102138235,,,2026-06-25T10:27:21.028312
realtime,lightgbm,0,2023-01-01,2026-04-30,2026-05-01,2026-05-31,2026-05-03,2026-05-03,2026-05-03 12:00:00,9_16,12,-80.0,-71.54943044140681,,,2026-06-25T10:27:21.028312
realtime,lightgbm,0,2023-01-01,2026-04-30,2026-05-01,2026-05-31,2026-05-03,2026-05-03,2026-05-03 13:00:00,9_16,13,-80.0,-71.61143917957719,,,2026-06-25T10:27:21.028312
realtime,lightgbm,0,2023-01-01,2026-04-30,2026-05-01,2026-05-31,2026-05-03,2026-05-03,2026-05-03 14:00:00,9_16,14,-80.0,-71.09260015048262,,,2026-06-25T10:27:21.028312
realtime,lightgbm,0,2023-01-01,2026-04-30,2026-05-01,2026-05-31,2026-05-03,2026-05-03,2026-05-03 15:00:00,9_16,15,-80.0,-70.03722079450519,,,2026-06-25T10:27:21.028312
realtime,lightgbm,0,2023-01-01,2026-04-30,2026-05-01,2026-05-31,2026-05-03,2026-05-03,2026-05-03 16:00:00,9_16,16,33.47,-80.0,,,2026-06-25T10:27:21.028312
realtime,lightgbm,0,2023-01-01,2026-04-30,2026-05-01,2026-05-31,2026-05-03,2026-05-03,2026-05-03 17:00:00,17_24,17,607.716,175.89195060278718,,,2026-06-25T10:27:21.028312
realtime,lightgbm,0,2023-01-01,2026-04-30,2026-05-01,2026-05-31,2026-05-03,2026-05-03,2026-05-03 18:00:00,17_24,18,603.494,359.06443488988236,,,2026-06-25T10:27:21.028312
realtime,lightgbm,0,2023-01-01,2026-04-30,2026-05-01,2026-05-31,2026-05-03,2026-05-03,2026-05-03 19:00:00,17_24,19,593.997,416.52885184585205,,,2026-06-25T10:27:21.028312
realtime,lightgbm,0,2023-01-01,2026-04-30,2026-05-01,2026-05-31,2026-05-03,2026-05-03,2026-05-03 20:00:00,17_24,20,599.902,396.9515737525834,,,2026-06-25T10:27:21.028312
realtime,lightgbm,0,2023-01-01,2026-04-30,2026-05-01,2026-05-31,2026-05-03,2026-05-03,2026-05-03 21:00:00,17_24,21,611.706,399.21403970497744,,,2026-06-25T10:27:21.028312
realtime,lightgbm,0,2023-01-01,2026-04-30,2026-05-01,2026-05-31,2026-05-03,2026-05-03,2026-05-03 22:00:00,17_24,22,596.867,397.2652089318969,,,2026-06-25T10:27:21.028312
realtime,lightgbm,0,2023-01-01,2026-04-30,2026-05-01,2026-05-31,2026-05-03,2026-05-03,2026-05-03 23:00:00,17_24,23,563.311,412.9789262518253,,,2026-06-25T10:27:21.028312
realtime,lightgbm,0,2023-01-01,2026-04-30,2026-05-01,2026-05-31,2026-05-03,2026-05-03,2026-05-04 00:00:00,17_24,24,560.805,410.98481302908107,,,2026-06-25T10:27:21.028312
realtime,lightgbm,0,2023-01-01,2026-04-30,2026-05-01,2026-05-31,2026-05-04,2026-05-04,2026-05-04 01:00:00,1_8,1,543.1,413.0006121192246,,,2026-06-25T10:27:21.028312
realtime,lightgbm,0,2023-01-01,2026-04-30,2026-05-01,2026-05-31,2026-05-04,2026-05-04,2026-05-04 02:00:00,1_8,2,519.412,413.0006121192246,,,2026-06-25T10:27:21.028312
realtime,lightgbm,0,2023-01-01,2026-04-30,2026-05-01,2026-05-31,2026-05-04,2026-05-04,2026-05-04 03:00:00,1_8,3,493.323,409.59273683431564,,,2026-06-25T10:27:21.028312
realtime,lightgbm,0,2023-01-01,2026-04-30,2026-05-01,2026-05-31,2026-05-04,2026-05-04,2026-05-04 04:00:00,1_8,4,485.23,381.66120448775354,,,2026-06-25T10:27:21.028312
realtime,lightgbm,0,2023-01-01,2026-04-30,2026-05-01,2026-05-31,2026-05-04,2026-05-04,2026-05-04 05:00:00,1_8,5,513.137,393.0020776328971,,,2026-06-25T10:27:21.028312
realtime,lightgbm,0,2023-01-01,2026-04-30,2026-05-01,2026-05-31,2026-05-04,2026-05-04,2026-05-04 06:00:00,1_8,6,554.345,341.02277114176434,,,2026-06-25T10:27:21.028312
realtime,lightgbm,0,2023-01-01,2026-04-30,2026-05-01,2026-05-31,2026-05-04,2026-05-04,2026-05-04 07:00:00,1_8,7,359.744,199.27350640266764,,,2026-06-25T10:27:21.028312
realtime,lightgbm,0,2023-01-01,2026-04-30,2026-05-01,2026-05-31,2026-05-04,2026-05-04,2026-05-04 08:00:00,1_8,8,-80.0,102.39690451789801,,,2026-06-25T10:27:21.028312
realtime,lightgbm,0,2023-01-01,2026-04-30,2026-05-01,2026-05-31,2026-05-04,2026-05-04,2026-05-04 09:00:00,9_16,9,-80.0,-33.10169707495631,,,2026-06-25T10:27:21.028312
realtime,lightgbm,0,2023-01-01,2026-04-30,2026-05-01,2026-05-31,2026-05-04,2026-05-04,2026-05-04 10:00:00,9_16,10,-80.0,-64.55836036003203,,,2026-06-25T10:27:21.028312
realtime,lightgbm,0,2023-01-01,2026-04-30,2026-05-01,2026-05-31,2026-05-04,2026-05-04,2026-05-04 11:00:00,9_16,11,-80.0,-61.90823953018235,,,2026-06-25T10:27:21.028312
realtime,lightgbm,0,2023-01-01,2026-04-30,2026-05-01,2026-05-31,2026-05-04,2026-05-04,2026-05-04 12:00:00,9_16,12,-80.0,-59.22867734058981,,,2026-06-25T10:27:21.028312
realtime,lightgbm,0,2023-01-01,2026-04-30,2026-05-01,2026-05-31,2026-05-04,2026-05-04,2026-05-04 13:00:00,9_16,13,-80.0,-59.98676903985505,,,2026-06-25T10:27:21.028312
realtime,lightgbm,0,2023-01-01,2026-04-30,2026-05-01,2026-05-31,2026-05-04,2026-05-04,2026-05-04 14:00:00,9_16,14,-80.0,-59.36324437146904,,,2026-06-25T10:27:21.028312
realtime,lightgbm,0,2023-01-01,2026-04-30,2026-05-01,2026-05-31,2026-05-04,2026-05-04,2026-05-04 15:00:00,9_16,15,-80.0,-64.34386727166124,,,2026-06-25T10:27:21.028312
realtime,lightgbm,0,2023-01-01,2026-04-30,2026-05-01,2026-05-31,2026-05-04,2026-05-04,2026-05-04 16:00:00,9_16,16,-80.0,-71.70728962765487,,,2026-06-25T10:27:21.028312
realtime,lightgbm,0,2023-01-01,2026-04-30,2026-05-01,2026-05-31,2026-05-04,2026-05-04,2026-05-04 17:00:00,17_24,17,166.117,163.40112222744378,,,2026-06-25T10:27:21.028312
realtime,lightgbm,0,2023-01-01,2026-04-30,2026-05-01,2026-05-31,2026-05-04,2026-05-04,2026-05-04 18:00:00,17_24,18,417.355,200.04259244672758,,,2026-06-25T10:27:21.028312
realtime,lightgbm,0,2023-01-01,2026-04-30,2026-05-01,2026-05-31,2026-05-04,2026-05-04,2026-05-04 19:00:00,17_24,19,562.949,423.65667249366015,,,2026-06-25T10:27:21.028312
realtime,lightgbm,0,2023-01-01,2026-04-30,2026-05-01,2026-05-31,2026-05-04,2026-05-04,2026-05-04 20:00:00,17_24,20,418.875,383.3514432176952,,,2026-06-25T10:27:21.028312
realtime,lightgbm,0,2023-01-01,2026-04-30,2026-05-01,2026-05-31,2026-05-04,2026-05-04,2026-05-04 21:00:00,17_24,21,416.855,258.433689253331,,,2026-06-25T10:27:21.028312
realtime,lightgbm,0,2023-01-01,2026-04-30,2026-05-01,2026-05-31,2026-05-04,2026-05-04,2026-05-04 22:00:00,17_24,22,452.918,175.72762025401647,,,2026-06-25T10:27:21.028312
realtime,lightgbm,0,2023-01-01,2026-04-30,2026-05-01,2026-05-31,2026-05-04,2026-05-04,2026-05-04 23:00:00,17_24,23,454.642,156.32826717566329,,,2026-06-25T10:27:21.028312
realtime,lightgbm,0,2023-01-01,2026-04-30,2026-05-01,2026-05-31,2026-05-04,2026-05-04,2026-05-05 00:00:00,17_24,24,448.177,173.17467175543496,,,2026-06-25T10:27:21.028312
realtime,lightgbm,0,2023-01-01,2026-04-30,2026-05-01,2026-05-31,2026-05-05,2026-05-05,2026-05-05 01:00:00,1_8,1,439.293,171.17558246244477,,,2026-06-25T10:27:21.028312
realtime,lightgbm,0,2023-01-01,2026-04-30,2026-05-01,2026-05-31,2026-05-05,2026-05-05,2026-05-05 02:00:00,1_8,2,343.509,207.6480606868508,,,2026-06-25T10:27:21.028312
realtime,lightgbm,0,2023-01-01,2026-04-30,2026-05-01,2026-05-31,2026-05-05,2026-05-05,2026-05-05 03:00:00,1_8,3,323.585,189.59591255459634,,,2026-06-25T10:27:21.028312
realtime,lightgbm,0,2023-01-01,2026-04-30,2026-05-01,2026-05-31,2026-05-05,2026-05-05,2026-05-05 04:00:00,1_8,4,312.874,189.59591255459634,,,2026-06-25T10:27:21.028312
realtime,lightgbm,0,2023-01-01,2026-04-30,2026-05-01,2026-05-31,2026-05-05,2026-05-05,2026-05-05 05:00:00,1_8,5,277.849,171.17558246244477,,,2026-06-25T10:27:21.028312
realtime,lightgbm,0,2023-01-01,2026-04-30,2026-05-01,2026-05-31,2026-05-05,2026-05-05,2026-05-05 06:00:00,1_8,6,460.49,171.17558246244477,,,2026-06-25T10:27:21.028312
realtime,lightgbm,0,2023-01-01,2026-04-30,2026-05-01,2026-05-31,2026-05-05,2026-05-05,2026-05-05 07:00:00,1_8,7,124.635,131.32752389402327,,,2026-06-25T10:27:21.028312
realtime,lightgbm,0,2023-01-01,2026-04-30,2026-05-01,2026-05-31,2026-05-05,2026-05-05,2026-05-05 08:00:00,1_8,8,-80.0,51.05654996644846,,,2026-06-25T10:27:21.028312
realtime,lightgbm,0,2023-01-01,2026-04-30,2026-05-01,2026-05-31,2026-05-05,2026-05-05,2026-05-05 09:00:00,9_16,9,-80.0,-74.37918974340107,,,2026-06-25T10:27:21.028312
realtime,lightgbm,0,2023-01-01,2026-04-30,2026-05-01,2026-05-31,2026-05-05,2026-05-05,2026-05-05 10:00:00,9_16,10,-80.0,-35.226212616687434,,,2026-06-25T10:27:21.028312
realtime,lightgbm,0,2023-01-01,2026-04-30,2026-05-01,2026-05-31,2026-05-05,2026-05-05,2026-05-05 11:00:00,9_16,11,-76.689,-70.98108551065441,,,2026-06-25T10:27:21.028312
realtime,lightgbm,0,2023-01-01,2026-04-30,2026-05-01,2026-05-31,2026-05-05,2026-05-05,2026-05-05 12:00:00,9_16,12,-80.0,-68.45980100949046,,,2026-06-25T10:27:21.028312
realtime,lightgbm,0,2023-01-01,2026-04-30,2026-05-01,2026-05-31,2026-05-05,2026-05-05,2026-05-05 13:00:00,9_16,13,-80.0,-66.12521138457399,,,2026-06-25T10:27:21.028312
realtime,lightgbm,0,2023-01-01,2026-04-30,2026-05-01,2026-05-31,2026-05-05,2026-05-05,2026-05-05 14:00:00,9_16,14,-77.772,-61.617278823548965,,,2026-06-25T10:27:21.028312
realtime,lightgbm,0,2023-01-01,2026-04-30,2026-05-01,2026-05-31,2026-05-05,2026-05-05,2026-05-05 15:00:00,9_16,15,-80.0,-52.372865926110215,,,2026-06-25T10:27:21.028312
realtime,lightgbm,0,2023-01-01,2026-04-30,2026-05-01,2026-05-31,2026-05-05,2026-05-05,2026-05-05 16:00:00,9_16,16,-80.0,-65.94537617433431,,,2026-06-25T10:27:21.028312
realtime,lightgbm,0,2023-01-01,2026-04-30,2026-05-01,2026-05-31,2026-05-05,2026-05-05,2026-05-05 17:00:00,17_24,17,175.728,279.7950408185138,,,2026-06-25T10:27:21.028312
realtime,lightgbm,0,2023-01-01,2026-04-30,2026-05-01,2026-05-31,2026-05-05,2026-05-05,2026-05-05 18:00:00,17_24,18,537.347,279.7950408185138,,,2026-06-25T10:27:21.028312
realtime,lightgbm,0,2023-01-01,2026-04-30,2026-05-01,2026-05-31,2026-05-05,2026-05-05,2026-05-05 19:00:00,17_24,19,452.21,283.8204989231312,,,2026-06-25T10:27:21.028312
realtime,lightgbm,0,2023-01-01,2026-04-30,2026-05-01,2026-05-31,2026-05-05,2026-05-05,2026-05-05 20:00:00,17_24,20,537.839,307.945480937932,,,2026-06-25T10:27:21.028312
realtime,lightgbm,0,2023-01-01,2026-04-30,2026-05-01,2026-05-31,2026-05-05,2026-05-05,2026-05-05 21:00:00,17_24,21,476.875,316.67011389643443,,,2026-06-25T10:27:21.028312
realtime,lightgbm,0,2023-01-01,2026-04-30,2026-05-01,2026-05-31,2026-05-05,2026-05-05,2026-05-05 22:00:00,17_24,22,403.192,304.7369001082885,,,2026-06-25T10:27:21.028312
realtime,lightgbm,0,2023-01-01,2026-04-30,2026-05-01,2026-05-31,2026-05-05,2026-05-05,2026-05-05 23:00:00,17_24,23,426.574,304.7369001082885,,,2026-06-25T10:27:21.028312
realtime,lightgbm,0,2023-01-01,2026-04-30,2026-05-01,2026-05-31,2026-05-05,2026-05-05,2026-05-06 00:00:00,17_24,24,351.492,304.7369001082885,,,2026-06-25T10:27:21.028312
realtime,lightgbm,0,2023-01-01,2026-04-30,2026-05-01,2026-05-31,2026-05-06,2026-05-06,2026-05-06 01:00:00,1_8,1,356.412,185.7336833755254,,,2026-06-25T10:27:21.028312
realtime,lightgbm,0,2023-01-01,2026-04-30,2026-05-01,2026-05-31,2026-05-06,2026-05-06,2026-05-06 02:00:00,1_8,2,318.184,185.7336833755254,,,2026-06-25T10:27:21.028312
realtime,lightgbm,0,2023-01-01,2026-04-30,2026-05-01,2026-05-31,2026-05-06,2026-05-06,2026-05-06 03:00:00,1_8,3,309.334,185.7336833755254,,,2026-06-25T10:27:21.028312
realtime,lightgbm,0,2023-01-01,2026-04-30,2026-05-01,2026-05-31,2026-05-06,2026-05-06,2026-05-06 04:00:00,1_8,4,285.102,185.7336833755254,,,2026-06-25T10:27:21.028312
realtime,lightgbm,0,2023-01-01,2026-04-30,2026-05-01,2026-05-31,2026-05-06,2026-05-06,2026-05-06 05:00:00,1_8,5,143.974,185.7336833755254,,,2026-06-25T10:27:21.028312
realtime,lightgbm,0,2023-01-01,2026-04-30,2026-05-01,2026-05-31,2026-05-06,2026-05-06,2026-05-06 06:00:00,1_8,6,233.313,185.7336833755254,,,2026-06-25T10:27:21.028312
realtime,lightgbm,0,2023-01-01,2026-04-30,2026-05-01,2026-05-31,2026-05-06,2026-05-06,2026-05-06 07:00:00,1_8,7,-80.0,139.95761276349975,,,2026-06-25T10:27:21.028312
realtime,lightgbm,0,2023-01-01,2026-04-30,2026-05-01,2026-05-31,2026-05-06,2026-05-06,2026-05-06 08:00:00,1_8,8,-80.0,55.55849071063365,,,2026-06-25T10:27:21.028312
realtime,lightgbm,0,2023-01-01,2026-04-30,2026-05-01,2026-05-31,2026-05-06,2026-05-06,2026-05-06 09:00:00,9_16,9,-80.0,-69.75425089363225,,,2026-06-25T10:27:21.028312
realtime,lightgbm,0,2023-01-01,2026-04-30,2026-05-01,2026-05-31,2026-05-06,2026-05-06,2026-05-06 10:00:00,9_16,10,-80.0,-71.28768233312913,,,2026-06-25T10:27:21.028312
realtime,lightgbm,0,2023-01-01,2026-04-30,2026-05-01,2026-05-31,2026-05-06,2026-05-06,2026-05-06 11:00:00,9_16,11,-80.0,-67.92538355206423,,,2026-06-25T10:27:21.028312
realtime,lightgbm,0,2023-01-01,2026-04-30,2026-05-01,2026-05-31,2026-05-06,2026-05-06,2026-05-06 12:00:00,9_16,12,-80.0,-62.64114262327454,,,2026-06-25T10:27:21.028312
realtime,lightgbm,0,2023-01-01,2026-04-30,2026-05-01,2026-05-31,2026-05-06,2026-05-06,2026-05-06 13:00:00,9_16,13,-80.0,-62.11193547192353,,,2026-06-25T10:27:21.028312
realtime,lightgbm,0,2023-01-01,2026-04-30,2026-05-01,2026-05-31,2026-05-06,2026-05-06,2026-05-06 14:00:00,9_16,14,-77.309,-59.92721709403712,,,2026-06-25T10:27:21.028312
realtime,lightgbm,0,2023-01-01,2026-04-30,2026-05-01,2026-05-31,2026-05-06,2026-05-06,2026-05-06 15:00:00,9_16,15,47.983,-36.096445423334146,,,2026-06-25T10:27:21.028312
realtime,lightgbm,0,2023-01-01,2026-04-30,2026-05-01,2026-05-31,2026-05-06,2026-05-06,2026-05-06 16:00:00,9_16,16,587.553,-80.0,,,2026-06-25T10:27:21.028312
realtime,lightgbm,0,2023-01-01,2026-04-30,2026-05-01,2026-05-31,2026-05-06,2026-05-06,2026-05-06 17:00:00,17_24,17,634.843,232.11693770244506,,,2026-06-25T10:27:21.028312
realtime,lightgbm,0,2023-01-01,2026-04-30,2026-05-01,2026-05-31,2026-05-06,2026-05-06,2026-05-06 18:00:00,17_24,18,570.828,394.51507305465765,,,2026-06-25T10:27:21.028312
realtime,lightgbm,0,2023-01-01,2026-04-30,2026-05-01,2026-05-31,2026-05-06,2026-05-06,2026-05-06 19:00:00,17_24,19,493.136,415.2931578099949,,,2026-06-25T10:27:21.028312
realtime,lightgbm,0,2023-01-01,2026-04-30,2026-05-01,2026-05-31,2026-05-06,2026-05-06,2026-05-06 20:00:00,17_24,20,464.064,436.8844245491609,,,2026-06-25T10:27:21.028312
realtime,lightgbm,0,2023-01-01,2026-04-30,2026-05-01,2026-05-31,2026-05-06,2026-05-06,2026-05-06 21:00:00,17_24,21,447.151,430.5908718046243,,,2026-06-25T10:27:21.028312
realtime,lightgbm,0,2023-01-01,2026-04-30,2026-05-01,2026-05-31,2026-05-06,2026-05-06,2026-05-06 22:00:00,17_24,22,377.904,454.00484197791803,,,2026-06-25T10:27:21.028312
realtime,lightgbm,0,2023-01-01,2026-04-30,2026-05-01,2026-05-31,2026-05-06,2026-05-06,2026-05-06 23:00:00,17_24,23,517.855,442.17285927316595,,,2026-06-25T10:27:21.028312
realtime,lightgbm,0,2023-01-01,2026-04-30,2026-05-01,2026-05-31,2026-05-06,2026-05-06,2026-05-07 00:00:00,17_24,24,599.121,415.851666445114,,,2026-06-25T10:27:21.028312
realtime,lightgbm,0,2023-01-01,2026-04-30,2026-05-01,2026-05-31,2026-05-07,2026-05-07,2026-05-07 01:00:00,1_8,1,648.966,368.8197902351876,,,2026-06-25T10:27:21.028312
realtime,lightgbm,0,2023-01-01,2026-04-30,2026-05-01,2026-05-31,2026-05-07,2026-05-07,2026-05-07 02:00:00,1_8,2,557.973,326.71631697643403,,,2026-06-25T10:27:21.028312
realtime,lightgbm,0,2023-01-01,2026-04-30,2026-05-01,2026-05-31,2026-05-07,2026-05-07,2026-05-07 03:00:00,1_8,3,417.16,306.3110899405419,,,2026-06-25T10:27:21.028312
realtime,lightgbm,0,2023-01-01,2026-04-30,2026-05-01,2026-05-31,2026-05-07,2026-05-07,2026-05-07 04:00:00,1_8,4,419.617,306.61014813395474,,,2026-06-25T10:27:21.028312
realtime,lightgbm,0,2023-01-01,2026-04-30,2026-05-01,2026-05-31,2026-05-07,2026-05-07,2026-05-07 05:00:00,1_8,5,526.022,306.61014813395474,,,2026-06-25T10:27:21.028312
realtime,lightgbm,0,2023-01-01,2026-04-30,2026-05-01,2026-05-31,2026-05-07,2026-05-07,2026-05-07 06:00:00,1_8,6,555.933,320.7241999761608,,,2026-06-25T10:27:21.028312
realtime,lightgbm,0,2023-01-01,2026-04-30,2026-05-01,2026-05-31,2026-05-07,2026-05-07,2026-05-07 07:00:00,1_8,7,286.389,78.66552470962469,,,2026-06-25T10:27:21.028312
realtime,lightgbm,0,2023-01-01,2026-04-30,2026-05-01,2026-05-31,2026-05-07,2026-05-07,2026-05-07 08:00:00,1_8,8,-45.315,67.16418661300197,,,2026-06-25T10:27:21.028312
realtime,lightgbm,0,2023-01-01,2026-04-30,2026-05-01,2026-05-31,2026-05-07,2026-05-07,2026-05-07 09:00:00,9_16,9,-80.0,-73.51158614376455,,,2026-06-25T10:27:21.028312
realtime,lightgbm,0,2023-01-01,2026-04-30,2026-05-01,2026-05-31,2026-05-07,2026-05-07,2026-05-07 10:00:00,9_16,10,-80.0,-71.3078979398401,,,2026-06-25T10:27:21.028312
realtime,lightgbm,0,2023-01-01,2026-04-30,2026-05-01,2026-05-31,2026-05-07,2026-05-07,2026-05-07 11:00:00,9_16,11,-80.0,-69.60244842101953,,,2026-06-25T10:27:21.028312
realtime,lightgbm,0,2023-01-01,2026-04-30,2026-05-01,2026-05-31,2026-05-07,2026-05-07,2026-05-07 12:00:00,9_16,12,-80.0,-69.11728258744684,,,2026-06-25T10:27:21.028312
realtime,lightgbm,0,2023-01-01,2026-04-30,2026-05-01,2026-05-31,2026-05-07,2026-05-07,2026-05-07 13:00:00,9_16,13,-80.0,-66.33046555979301,,,2026-06-25T10:27:21.028312
realtime,lightgbm,0,2023-01-01,2026-04-30,2026-05-01,2026-05-31,2026-05-07,2026-05-07,2026-05-07 14:00:00,9_16,14,-80.0,-66.18590962145569,,,2026-06-25T10:27:21.028312
realtime,lightgbm,0,2023-01-01,2026-04-30,2026-05-01,2026-05-31,2026-05-07,2026-05-07,2026-05-07 15:00:00,9_16,15,-80.0,-66.99815015822584,,,2026-06-25T10:27:21.028312
realtime,lightgbm,0,2023-01-01,2026-04-30,2026-05-01,2026-05-31,2026-05-07,2026-05-07,2026-05-07 16:00:00,9_16,16,-80.0,-49.59207738705077,,,2026-06-25T10:27:21.028312
realtime,lightgbm,0,2023-01-01,2026-04-30,2026-05-01,2026-05-31,2026-05-07,2026-05-07,2026-05-07 17:00:00,17_24,17,-80.0,230.88363414132309,,,2026-06-25T10:27:21.028312
realtime,lightgbm,0,2023-01-01,2026-04-30,2026-05-01,2026-05-31,2026-05-07,2026-05-07,2026-05-07 18:00:00,17_24,18,294.188,343.64515988987984,,,2026-06-25T10:27:21.028312
realtime,lightgbm,0,2023-01-01,2026-04-30,2026-05-01,2026-05-31,2026-05-07,2026-05-07,2026-05-07 19:00:00,17_24,19,827.029,455.1903842399539,,,2026-06-25T10:27:21.028312
realtime,lightgbm,0,2023-01-01,2026-04-30,2026-05-01,2026-05-31,2026-05-07,2026-05-07,2026-05-07 20:00:00,17_24,20,661.929,449.83507853391546,,,2026-06-25T10:27:21.028312
realtime,lightgbm,0,2023-01-01,2026-04-30,2026-05-01,2026-05-31,2026-05-07,2026-05-07,2026-05-07 21:00:00,17_24,21,663.242,459.2391090842263,,,2026-06-25T10:27:21.028312
realtime,lightgbm,0,2023-01-01,2026-04-30,2026-05-01,2026-05-31,2026-05-07,2026-05-07,2026-05-07 22:00:00,17_24,22,650.108,458.62187021803163,,,2026-06-25T10:27:21.028312
realtime,lightgbm,0,2023-01-01,2026-04-30,2026-05-01,2026-05-31,2026-05-07,2026-05-07,2026-05-07 23:00:00,17_24,23,641.802,454.35567475088294,,,2026-06-25T10:27:21.028312
realtime,lightgbm,0,2023-01-01,2026-04-30,2026-05-01,2026-05-31,2026-05-07,2026-05-07,2026-05-08 00:00:00,17_24,24,637.666,436.44593521391533,,,2026-06-25T10:27:21.028312
realtime,lightgbm,0,2023-01-01,2026-04-30,2026-05-01,2026-05-31,2026-05-08,2026-05-08,2026-05-08 01:00:00,1_8,1,615.828,388.1449004253347,,,2026-06-25T10:27:21.028312
realtime,lightgbm,0,2023-01-01,2026-04-30,2026-05-01,2026-05-31,2026-05-08,2026-05-08,2026-05-08 02:00:00,1_8,2,579.263,388.59604787863543,,,2026-06-25T10:27:21.028312
realtime,lightgbm,0,2023-01-01,2026-04-30,2026-05-01,2026-05-31,2026-05-08,2026-05-08,2026-05-08 03:00:00,1_8,3,519.998,387.4465964526039,,,2026-06-25T10:27:21.028312
realtime,lightgbm,0,2023-01-01,2026-04-30,2026-05-01,2026-05-31,2026-05-08,2026-05-08,2026-05-08 04:00:00,1_8,4,497.212,346.43396981704035,,,2026-06-25T10:27:21.028312
realtime,lightgbm,0,2023-01-01,2026-04-30,2026-05-01,2026-05-31,2026-05-08,2026-05-08,2026-05-08 05:00:00,1_8,5,488.915,346.43396981704035,,,2026-06-25T10:27:21.028312
realtime,lightgbm,0,2023-01-01,2026-04-30,2026-05-01,2026-05-31,2026-05-08,2026-05-08,2026-05-08 06:00:00,1_8,6,457.183,335.6246452589209,,,2026-06-25T10:27:21.028312
realtime,lightgbm,0,2023-01-01,2026-04-30,2026-05-01,2026-05-31,2026-05-08,2026-05-08,2026-05-08 07:00:00,1_8,7,26.52,218.48705316264414,,,2026-06-25T10:27:21.028312
realtime,lightgbm,0,2023-01-01,2026-04-30,2026-05-01,2026-05-31,2026-05-08,2026-05-08,2026-05-08 08:00:00,1_8,8,-80.0,105.78755911622264,,,2026-06-25T10:27:21.028312
realtime,lightgbm,0,2023-01-01,2026-04-30,2026-05-01,2026-05-31,2026-05-08,2026-05-08,2026-05-08 09:00:00,9_16,9,-80.0,-75.64151403055205,,,2026-06-25T10:27:21.028312
realtime,lightgbm,0,2023-01-01,2026-04-30,2026-05-01,2026-05-31,2026-05-08,2026-05-08,2026-05-08 10:00:00,9_16,10,-80.0,-75.91081278508796,,,2026-06-25T10:27:21.028312
realtime,lightgbm,0,2023-01-01,2026-04-30,2026-05-01,2026-05-31,2026-05-08,2026-05-08,2026-05-08 11:00:00,9_16,11,-74.261,-71.51088538287962,,,2026-06-25T10:27:21.028312
realtime,lightgbm,0,2023-01-01,2026-04-30,2026-05-01,2026-05-31,2026-05-08,2026-05-08,2026-05-08 12:00:00,9_16,12,-68.381,-66.92158818596127,,,2026-06-25T10:27:21.028312
realtime,lightgbm,0,2023-01-01,2026-04-30,2026-05-01,2026-05-31,2026-05-08,2026-05-08,2026-05-08 13:00:00,9_16,13,-80.0,-66.91265691386927,,,2026-06-25T10:27:21.028312
realtime,lightgbm,0,2023-01-01,2026-04-30,2026-05-01,2026-05-31,2026-05-08,2026-05-08,2026-05-08 14:00:00,9_16,14,-80.0,-66.17840655019108,,,2026-06-25T10:27:21.028312
realtime,lightgbm,0,2023-01-01,2026-04-30,2026-05-01,2026-05-31,2026-05-08,2026-05-08,2026-05-08 15:00:00,9_16,15,-80.0,-64.52604865194041,,,2026-06-25T10:27:21.028312
realtime,lightgbm,0,2023-01-01,2026-04-30,2026-05-01,2026-05-31,2026-05-08,2026-05-08,2026-05-08 16:00:00,9_16,16,-80.0,-79.92698370023555,,,2026-06-25T10:27:21.028312
realtime,lightgbm,0,2023-01-01,2026-04-30,2026-05-01,2026-05-31,2026-05-08,2026-05-08,2026-05-08 17:00:00,17_24,17,8.945,282.34432831257845,,,2026-06-25T10:27:21.028312
realtime,lightgbm,0,2023-01-01,2026-04-30,2026-05-01,2026-05-31,2026-05-08,2026-05-08,2026-05-08 18:00:00,17_24,18,509.021,384.7916546806498,,,2026-06-25T10:27:21.028312
realtime,lightgbm,0,2023-01-01,2026-04-30,2026-05-01,2026-05-31,2026-05-08,2026-05-08,2026-05-08 19:00:00,17_24,19,541.229,495.60499276908047,,,2026-06-25T10:27:21.028312
realtime,lightgbm,0,2023-01-01,2026-04-30,2026-05-01,2026-05-31,2026-05-08,2026-05-08,2026-05-08 20:00:00,17_24,20,518.453,495.60499276908047,,,2026-06-25T10:27:21.028312
realtime,lightgbm,0,2023-01-01,2026-04-30,2026-05-01,2026-05-31,2026-05-08,2026-05-08,2026-05-08 21:00:00,17_24,21,527.134,487.03438279874143,,,2026-06-25T10:27:21.028312
realtime,lightgbm,0,2023-01-01,2026-04-30,2026-05-01,2026-05-31,2026-05-08,2026-05-08,2026-05-08 22:00:00,17_24,22,493.277,531.9417088749481,,,2026-06-25T10:27:21.028312
realtime,lightgbm,0,2023-01-01,2026-04-30,2026-05-01,2026-05-31,2026-05-08,2026-05-08,2026-05-08 23:00:00,17_24,23,546.017,518.5995695465235,,,2026-06-25T10:27:21.028312
realtime,lightgbm,0,2023-01-01,2026-04-30,2026-05-01,2026-05-31,2026-05-08,2026-05-08,2026-05-09 00:00:00,17_24,24,433.625,341.7306755145183,,,2026-06-25T10:27:21.028312
realtime,lightgbm,0,2023-01-01,2026-04-30,2026-05-01,2026-05-31,2026-05-09,2026-05-09,2026-05-09 01:00:00,1_8,1,542.951,313.3377170078092,,,2026-06-25T10:27:21.028312
realtime,lightgbm,0,2023-01-01,2026-04-30,2026-05-01,2026-05-31,2026-05-09,2026-05-09,2026-05-09 02:00:00,1_8,2,328.495,313.3377170078092,,,2026-06-25T10:27:21.028312
realtime,lightgbm,0,2023-01-01,2026-04-30,2026-05-01,2026-05-31,2026-05-09,2026-05-09,2026-05-09 03:00:00,1_8,3,327.715,324.16819330566517,,,2026-06-25T10:27:21.028312
realtime,lightgbm,0,2023-01-01,2026-04-30,2026-05-01,2026-05-31,2026-05-09,2026-05-09,2026-05-09 04:00:00,1_8,4,477.791,305.99557580494337,,,2026-06-25T10:27:21.028312
realtime,lightgbm,0,2023-01-01,2026-04-30,2026-05-01,2026-05-31,2026-05-09,2026-05-09,2026-05-09 05:00:00,1_8,5,384.063,295.1650995070874,,,2026-06-25T10:27:21.028312
realtime,lightgbm,0,2023-01-01,2026-04-30,2026-05-01,2026-05-31,2026-05-09,2026-05-09,2026-05-09 06:00:00,1_8,6,145.284,203.36373439269533,,,2026-06-25T10:27:21.028312
realtime,lightgbm,0,2023-01-01,2026-04-30,2026-05-01,2026-05-31,2026-05-09,2026-05-09,2026-05-09 07:00:00,1_8,7,-80.0,174.3449680532287,,,2026-06-25T10:27:21.028312
realtime,lightgbm,0,2023-01-01,2026-04-30,2026-05-01,2026-05-31,2026-05-09,2026-05-09,2026-05-09 08:00:00,1_8,8,-80.0,163.23329493494995,,,2026-06-25T10:27:21.028312
realtime,lightgbm,0,2023-01-01,2026-04-30,2026-05-01,2026-05-31,2026-05-09,2026-05-09,2026-05-09 09:00:00,9_16,9,-80.0,-76.24904076130977,,,2026-06-25T10:27:21.028312
realtime,lightgbm,0,2023-01-01,2026-04-30,2026-05-01,2026-05-31,2026-05-09,2026-05-09,2026-05-09 10:00:00,9_16,10,-80.0,-46.6751403123826,,,2026-06-25T10:27:21.028312
realtime,lightgbm,0,2023-01-01,2026-04-30,2026-05-01,2026-05-31,2026-05-09,2026-05-09,2026-05-09 11:00:00,9_16,11,-64.3,-74.12298123598879,,,2026-06-25T10:27:21.028312
realtime,lightgbm,0,2023-01-01,2026-04-30,2026-05-01,2026-05-31,2026-05-09,2026-05-09,2026-05-09 12:00:00,9_16,12,-70.735,-72.4384120795097,,,2026-06-25T10:27:21.028312
realtime,lightgbm,0,2023-01-01,2026-04-30,2026-05-01,2026-05-31,2026-05-09,2026-05-09,2026-05-09 13:00:00,9_16,13,-70.964,-72.60613144483614,,,2026-06-25T10:27:21.028312
realtime,lightgbm,0,2023-01-01,2026-04-30,2026-05-01,2026-05-31,2026-05-09,2026-05-09,2026-05-09 14:00:00,9_16,14,-80.0,-72.69527098077896,,,2026-06-25T10:27:21.028312
realtime,lightgbm,0,2023-01-01,2026-04-30,2026-05-01,2026-05-31,2026-05-09,2026-05-09,2026-05-09 15:00:00,9_16,15,-56.44,-76.79932351156492,,,2026-06-25T10:27:21.028312
realtime,lightgbm,0,2023-01-01,2026-04-30,2026-05-01,2026-05-31,2026-05-09,2026-05-09,2026-05-09 16:00:00,9_16,16,-80.0,-66.66148036047072,,,2026-06-25T10:27:21.028312
realtime,lightgbm,0,2023-01-01,2026-04-30,2026-05-01,2026-05-31,2026-05-09,2026-05-09,2026-05-09 17:00:00,17_24,17,-80.0,248.3527481279951,,,2026-06-25T10:27:21.028312
realtime,lightgbm,0,2023-01-01,2026-04-30,2026-05-01,2026-05-31,2026-05-09,2026-05-09,2026-05-09 18:00:00,17_24,18,-53.454,248.3527481279951,,,2026-06-25T10:27:21.028312
realtime,lightgbm,0,2023-01-01,2026-04-30,2026-05-01,2026-05-31,2026-05-09,2026-05-09,2026-05-09 19:00:00,17_24,19,430.288,274.1270280224359,,,2026-06-25T10:27:21.028312
realtime,lightgbm,0,2023-01-01,2026-04-30,2026-05-01,2026-05-31,2026-05-09,2026-05-09,2026-05-09 20:00:00,17_24,20,334.496,293.5434093383914,,,2026-06-25T10:27:21.028312
realtime,lightgbm,0,2023-01-01,2026-04-30,2026-05-01,2026-05-31,2026-05-09,2026-05-09,2026-05-09 21:00:00,17_24,21,551.467,297.9274213658182,,,2026-06-25T10:27:21.028312
realtime,lightgbm,0,2023-01-01,2026-04-30,2026-05-01,2026-05-31,2026-05-09,2026-05-09,2026-05-09 22:00:00,17_24,22,287.055,297.9274213658182,,,2026-06-25T10:27:21.028312
realtime,lightgbm,0,2023-01-01,2026-04-30,2026-05-01,2026-05-31,2026-05-09,2026-05-09,2026-05-09 23:00:00,17_24,23,548.673,297.9274213658182,,,2026-06-25T10:27:21.028312
realtime,lightgbm,0,2023-01-01,2026-04-30,2026-05-01,2026-05-31,2026-05-09,2026-05-09,2026-05-10 00:00:00,17_24,24,433.764,297.9274213658182,,,2026-06-25T10:27:21.028312
realtime,lightgbm,0,2023-01-01,2026-04-30,2026-05-01,2026-05-31,2026-05-10,2026-05-10,2026-05-10 01:00:00,1_8,1,357.975,183.21159577084032,,,2026-06-25T10:27:21.028312
realtime,lightgbm,0,2023-01-01,2026-04-30,2026-05-01,2026-05-31,2026-05-10,2026-05-10,2026-05-10 02:00:00,1_8,2,329.937,183.21159577084032,,,2026-06-25T10:27:21.028312
realtime,lightgbm,0,2023-01-01,2026-04-30,2026-05-01,2026-05-31,2026-05-10,2026-05-10,2026-05-10 03:00:00,1_8,3,242.822,183.21159577084032,,,2026-06-25T10:27:21.028312
realtime,lightgbm,0,2023-01-01,2026-04-30,2026-05-01,2026-05-31,2026-05-10,2026-05-10,2026-05-10 04:00:00,1_8,4,165.59,183.21159577084032,,,2026-06-25T10:27:21.028312
realtime,lightgbm,0,2023-01-01,2026-04-30,2026-05-01,2026-05-31,2026-05-10,2026-05-10,2026-05-10 05:00:00,1_8,5,339.832,183.21159577084032,,,2026-06-25T10:27:21.028312
realtime,lightgbm,0,2023-01-01,2026-04-30,2026-05-01,2026-05-31,2026-05-10,2026-05-10,2026-05-10 06:00:00,1_8,6,380.795,179.47690860216522,,,2026-06-25T10:27:21.028312
realtime,lightgbm,0,2023-01-01,2026-04-30,2026-05-01,2026-05-31,2026-05-10,2026-05-10,2026-05-10 07:00:00,1_8,7,25.181,125.92062975128748,,,2026-06-25T10:27:21.028312
realtime,lightgbm,0,2023-01-01,2026-04-30,2026-05-01,2026-05-31,2026-05-10,2026-05-10,2026-05-10 08:00:00,1_8,8,-80.0,98.21776802593894,,,2026-06-25T10:27:21.028312
realtime,lightgbm,0,2023-01-01,2026-04-30,2026-05-01,2026-05-31,2026-05-10,2026-05-10,2026-05-10 09:00:00,9_16,9,-80.0,-76.13900709280567,,,2026-06-25T10:27:21.028312
realtime,lightgbm,0,2023-01-01,2026-04-30,2026-05-01,2026-05-31,2026-05-10,2026-05-10,2026-05-10 10:00:00,9_16,10,-80.0,-74.70910528757774,,,2026-06-25T10:27:21.028312
realtime,lightgbm,0,2023-01-01,2026-04-30,2026-05-01,2026-05-31,2026-05-10,2026-05-10,2026-05-10 11:00:00,9_16,11,-80.0,-73.30693132487998,,,2026-06-25T10:27:21.028312
realtime,lightgbm,0,2023-01-01,2026-04-30,2026-05-01,2026-05-31,2026-05-10,2026-05-10,2026-05-10 12:00:00,9_16,12,-80.0,-72.6051963053465,,,2026-06-25T10:27:21.028312
realtime,lightgbm,0,2023-01-01,2026-04-30,2026-05-01,2026-05-31,2026-05-10,2026-05-10,2026-05-10 13:00:00,9_16,13,-80.0,-72.6051963053465,,,2026-06-25T10:27:21.028312
realtime,lightgbm,0,2023-01-01,2026-04-30,2026-05-01,2026-05-31,2026-05-10,2026-05-10,2026-05-10 14:00:00,9_16,14,-80.0,-72.74382487194835,,,2026-06-25T10:27:21.028312
realtime,lightgbm,0,2023-01-01,2026-04-30,2026-05-01,2026-05-31,2026-05-10,2026-05-10,2026-05-10 15:00:00,9_16,15,-80.0,-72.63782112933448,,,2026-06-25T10:27:21.028312
realtime,lightgbm,0,2023-01-01,2026-04-30,2026-05-01,2026-05-31,2026-05-10,2026-05-10,2026-05-10 16:00:00,9_16,16,-80.0,-77.79580627820644,,,2026-06-25T10:27:21.028312
realtime,lightgbm,0,2023-01-01,2026-04-30,2026-05-01,2026-05-31,2026-05-10,2026-05-10,2026-05-10 17:00:00,17_24,17,383.251,249.09399654334607,,,2026-06-25T10:27:21.028312
realtime,lightgbm,0,2023-01-01,2026-04-30,2026-05-01,2026-05-31,2026-05-10,2026-05-10,2026-05-10 18:00:00,17_24,18,749.137,383.9410028795597,,,2026-06-25T10:27:21.028312
realtime,lightgbm,0,2023-01-01,2026-04-30,2026-05-01,2026-05-31,2026-05-10,2026-05-10,2026-05-10 19:00:00,17_24,19,676.385,449.26501516370473,,,2026-06-25T10:27:21.028312
realtime,lightgbm,0,2023-01-01,2026-04-30,2026-05-01,2026-05-31,2026-05-10,2026-05-10,2026-05-10 20:00:00,17_24,20,668.457,453.3292859328853,,,2026-06-25T10:27:21.028312
realtime,lightgbm,0,2023-01-01,2026-04-30,2026-05-01,2026-05-31,2026-05-10,2026-05-10,2026-05-10 21:00:00,17_24,21,634.909,460.29185180220867,,,2026-06-25T10:27:21.028312
realtime,lightgbm,0,2023-01-01,2026-04-30,2026-05-01,2026-05-31,2026-05-10,2026-05-10,2026-05-10 22:00:00,17_24,22,730.135,440.3300613420669,,,2026-06-25T10:27:21.028312
realtime,lightgbm,0,2023-01-01,2026-04-30,2026-05-01,2026-05-31,2026-05-10,2026-05-10,2026-05-10 23:00:00,17_24,23,798.227,456.7606078116072,,,2026-06-25T10:27:21.028312
realtime,lightgbm,0,2023-01-01,2026-04-30,2026-05-01,2026-05-31,2026-05-10,2026-05-10,2026-05-11 00:00:00,17_24,24,672.363,409.2978260147531,,,2026-06-25T10:27:21.028312
realtime,lightgbm,0,2023-01-01,2026-04-30,2026-05-01,2026-05-31,2026-05-11,2026-05-11,2026-05-11 01:00:00,1_8,1,566.155,294.86187426052345,,,2026-06-25T10:27:21.028312
realtime,lightgbm,0,2023-01-01,2026-04-30,2026-05-01,2026-05-31,2026-05-11,2026-05-11,2026-05-11 02:00:00,1_8,2,574.084,364.27720307115453,,,2026-06-25T10:27:21.028312
realtime,lightgbm,0,2023-01-01,2026-04-30,2026-05-01,2026-05-31,2026-05-11,2026-05-11,2026-05-11 03:00:00,1_8,3,569.511,371.51488886235,,,2026-06-25T10:27:21.028312
realtime,lightgbm,0,2023-01-01,2026-04-30,2026-05-01,2026-05-31,2026-05-11,2026-05-11,2026-05-11 04:00:00,1_8,4,569.001,396.54640089599457,,,2026-06-25T10:27:21.028312
realtime,lightgbm,0,2023-01-01,2026-04-30,2026-05-01,2026-05-31,2026-05-11,2026-05-11,2026-05-11 05:00:00,1_8,5,564.742,424.4059766580836,,,2026-06-25T10:27:21.028312
realtime,lightgbm,0,2023-01-01,2026-04-30,2026-05-01,2026-05-31,2026-05-11,2026-05-11,2026-05-11 06:00:00,1_8,6,530.718,421.45448098044403,,,2026-06-25T10:27:21.028312
realtime,lightgbm,0,2023-01-01,2026-04-30,2026-05-01,2026-05-31,2026-05-11,2026-05-11,2026-05-11 07:00:00,1_8,7,465.468,370.4445396766418,,,2026-06-25T10:27:21.028312
realtime,lightgbm,0,2023-01-01,2026-04-30,2026-05-01,2026-05-31,2026-05-11,2026-05-11,2026-05-11 08:00:00,1_8,8,372.911,263.8409323410494,,,2026-06-25T10:27:21.028312
realtime,lightgbm,0,2023-01-01,2026-04-30,2026-05-01,2026-05-31,2026-05-11,2026-05-11,2026-05-11 09:00:00,9_16,9,478.803,175.03609114930413,,,2026-06-25T10:27:21.028312
realtime,lightgbm,0,2023-01-01,2026-04-30,2026-05-01,2026-05-31,2026-05-11,2026-05-11,2026-05-11 10:00:00,9_16,10,61.38,-20.87805517647,,,2026-06-25T10:27:21.028312
realtime,lightgbm,0,2023-01-01,2026-04-30,2026-05-01,2026-05-31,2026-05-11,2026-05-11,2026-05-11 11:00:00,9_16,11,143.931,-46.52194629929509,,,2026-06-25T10:27:21.028312
realtime,lightgbm,0,2023-01-01,2026-04-30,2026-05-01,2026-05-31,2026-05-11,2026-05-11,2026-05-11 12:00:00,9_16,12,237.132,-63.882907657842004,,,2026-06-25T10:27:21.028312
realtime,lightgbm,0,2023-01-01,2026-04-30,2026-05-01,2026-05-31,2026-05-11,2026-05-11,2026-05-11 13:00:00,9_16,13,312.431,-58.04433519582768,,,2026-06-25T10:27:21.028312
realtime,lightgbm,0,2023-01-01,2026-04-30,2026-05-01,2026-05-31,2026-05-11,2026-05-11,2026-05-11 14:00:00,9_16,14,448.937,-24.486114345664788,,,2026-06-25T10:27:21.028312
realtime,lightgbm,0,2023-01-01,2026-04-30,2026-05-01,2026-05-31,2026-05-11,2026-05-11,2026-05-11 15:00:00,9_16,15,366.597,26.31101666912389,,,2026-06-25T10:27:21.028312
realtime,lightgbm,0,2023-01-01,2026-04-30,2026-05-01,2026-05-31,2026-05-11,2026-05-11,2026-05-11 16:00:00,9_16,16,343.416,114.23988910937084,,,2026-06-25T10:27:21.028312
realtime,lightgbm,0,2023-01-01,2026-04-30,2026-05-01,2026-05-31,2026-05-11,2026-05-11,2026-05-11 17:00:00,17_24,17,426.877,385.3070008535804,,,2026-06-25T10:27:21.028312
realtime,lightgbm,0,2023-01-01,2026-04-30,2026-05-01,2026-05-31,2026-05-11,2026-05-11,2026-05-11 18:00:00,17_24,18,541.743,444.1136606737239,,,2026-06-25T10:27:21.028312
realtime,lightgbm,0,2023-01-01,2026-04-30,2026-05-01,2026-05-31,2026-05-11,2026-05-11,2026-05-11 19:00:00,17_24,19,555.466,443.8405936305352,,,2026-06-25T10:27:21.028312
realtime,lightgbm,0,2023-01-01,2026-04-30,2026-05-01,2026-05-31,2026-05-11,2026-05-11,2026-05-11 20:00:00,17_24,20,554.979,433.6646769160126,,,2026-06-25T10:27:21.028312
realtime,lightgbm,0,2023-01-01,2026-04-30,2026-05-01,2026-05-31,2026-05-11,2026-05-11,2026-05-11 21:00:00,17_24,21,561.616,428.21397820297585,,,2026-06-25T10:27:21.028312
realtime,lightgbm,0,2023-01-01,2026-04-30,2026-05-01,2026-05-31,2026-05-11,2026-05-11,2026-05-11 22:00:00,17_24,22,549.209,427.2930652809654,,,2026-06-25T10:27:21.028312
realtime,lightgbm,0,2023-01-01,2026-04-30,2026-05-01,2026-05-31,2026-05-11,2026-05-11,2026-05-11 23:00:00,17_24,23,564.708,427.2930652809654,,,2026-06-25T10:27:21.028312
realtime,lightgbm,0,2023-01-01,2026-04-30,2026-05-01,2026-05-31,2026-05-11,2026-05-11,2026-05-12 00:00:00,17_24,24,563.854,412.0286412719028,,,2026-06-25T10:27:21.028312
realtime,lightgbm,0,2023-01-01,2026-04-30,2026-05-01,2026-05-31,2026-05-12,2026-05-12,2026-05-12 01:00:00,1_8,1,607.296,415.14417293576315,,,2026-06-25T10:27:21.028312
realtime,lightgbm,0,2023-01-01,2026-04-30,2026-05-01,2026-05-31,2026-05-12,2026-05-12,2026-05-12 02:00:00,1_8,2,597.864,407.3572426014341,,,2026-06-25T10:27:21.028312
realtime,lightgbm,0,2023-01-01,2026-04-30,2026-05-01,2026-05-31,2026-05-12,2026-05-12,2026-05-12 03:00:00,1_8,3,597.204,404.42628729635595,,,2026-06-25T10:27:21.028312
realtime,lightgbm,0,2023-01-01,2026-04-30,2026-05-01,2026-05-31,2026-05-12,2026-05-12,2026-05-12 04:00:00,1_8,4,596.74,393.68813819620857,,,2026-06-25T10:27:21.028312
realtime,lightgbm,0,2023-01-01,2026-04-30,2026-05-01,2026-05-31,2026-05-12,2026-05-12,2026-05-12 05:00:00,1_8,5,604.98,391.25738360458297,,,2026-06-25T10:27:21.028312
realtime,lightgbm,0,2023-01-01,2026-04-30,2026-05-01,2026-05-31,2026-05-12,2026-05-12,2026-05-12 06:00:00,1_8,6,602.943,401.3441597571477,,,2026-06-25T10:27:21.028312
realtime,lightgbm,0,2023-01-01,2026-04-30,2026-05-01,2026-05-31,2026-05-12,2026-05-12,2026-05-12 07:00:00,1_8,7,496.383,333.4163762314308,,,2026-06-25T10:27:21.028312
realtime,lightgbm,0,2023-01-01,2026-04-30,2026-05-01,2026-05-31,2026-05-12,2026-05-12,2026-05-12 08:00:00,1_8,8,103.898,144.75240828570932,,,2026-06-25T10:27:21.028312
realtime,lightgbm,0,2023-01-01,2026-04-30,2026-05-01,2026-05-31,2026-05-12,2026-05-12,2026-05-12 09:00:00,9_16,9,194.208,-50.92024516201637,,,2026-06-25T10:27:21.028312
realtime,lightgbm,0,2023-01-01,2026-04-30,2026-05-01,2026-05-31,2026-05-12,2026-05-12,2026-05-12 10:00:00,9_16,10,-80.0,-62.070791712784086,,,2026-06-25T10:27:21.028312
realtime,lightgbm,0,2023-01-01,2026-04-30,2026-05-01,2026-05-31,2026-05-12,2026-05-12,2026-05-12 11:00:00,9_16,11,-80.0,-57.489745264141156,,,2026-06-25T10:27:21.028312
realtime,lightgbm,0,2023-01-01,2026-04-30,2026-05-01,2026-05-31,2026-05-12,2026-05-12,2026-05-12 12:00:00,9_16,12,-69.624,-56.6300572095845,,,2026-06-25T10:27:21.028312
realtime,lightgbm,0,2023-01-01,2026-04-30,2026-05-01,2026-05-31,2026-05-12,2026-05-12,2026-05-12 13:00:00,9_16,13,-74.431,-60.94953432884206,,,2026-06-25T10:27:21.028312
realtime,lightgbm,0,2023-01-01,2026-04-30,2026-05-01,2026-05-31,2026-05-12,2026-05-12,2026-05-12 14:00:00,9_16,14,-80.0,-46.58865270359004,,,2026-06-25T10:27:21.028312
realtime,lightgbm,0,2023-01-01,2026-04-30,2026-05-01,2026-05-31,2026-05-12,2026-05-12,2026-05-12 15:00:00,9_16,15,-80.0,-66.14703712786573,,,2026-06-25T10:27:21.028312
realtime,lightgbm,0,2023-01-01,2026-04-30,2026-05-01,2026-05-31,2026-05-12,2026-05-12,2026-05-12 16:00:00,9_16,16,46.612,-49.3246590526263,,,2026-06-25T10:27:21.028312
realtime,lightgbm,0,2023-01-01,2026-04-30,2026-05-01,2026-05-31,2026-05-12,2026-05-12,2026-05-12 17:00:00,17_24,17,467.484,124.12989108825552,,,2026-06-25T10:27:21.028312
realtime,lightgbm,0,2023-01-01,2026-04-30,2026-05-01,2026-05-31,2026-05-12,2026-05-12,2026-05-12 18:00:00,17_24,18,562.47,394.86493975526264,,,2026-06-25T10:27:21.028312
realtime,lightgbm,0,2023-01-01,2026-04-30,2026-05-01,2026-05-31,2026-05-12,2026-05-12,2026-05-12 19:00:00,17_24,19,550.118,434.70641884044574,,,2026-06-25T10:27:21.028312
realtime,lightgbm,0,2023-01-01,2026-04-30,2026-05-01,2026-05-31,2026-05-12,2026-05-12,2026-05-12 20:00:00,17_24,20,534.734,419.046611392584,,,2026-06-25T10:27:21.028312
realtime,lightgbm,0,2023-01-01,2026-04-30,2026-05-01,2026-05-31,2026-05-12,2026-05-12,2026-05-12 21:00:00,17_24,21,523.947,423.70517237520806,,,2026-06-25T10:27:21.028312
realtime,lightgbm,0,2023-01-01,2026-04-30,2026-05-01,2026-05-31,2026-05-12,2026-05-12,2026-05-12 22:00:00,17_24,22,509.818,391.7455389016716,,,2026-06-25T10:27:21.028312
realtime,lightgbm,0,2023-01-01,2026-04-30,2026-05-01,2026-05-31,2026-05-12,2026-05-12,2026-05-12 23:00:00,17_24,23,500.129,374.4136109387219,,,2026-06-25T10:27:21.028312
realtime,lightgbm,0,2023-01-01,2026-04-30,2026-05-01,2026-05-31,2026-05-12,2026-05-12,2026-05-13 00:00:00,17_24,24,456.998,308.79383146549264,,,2026-06-25T10:27:21.028312
realtime,lightgbm,0,2023-01-01,2026-04-30,2026-05-01,2026-05-31,2026-05-13,2026-05-13,2026-05-13 01:00:00,1_8,1,417.592,287.97305357688333,,,2026-06-25T10:27:21.028312
realtime,lightgbm,0,2023-01-01,2026-04-30,2026-05-01,2026-05-31,2026-05-13,2026-05-13,2026-05-13 02:00:00,1_8,2,412.611,284.2711896658432,,,2026-06-25T10:27:21.028312
realtime,lightgbm,0,2023-01-01,2026-04-30,2026-05-01,2026-05-31,2026-05-13,2026-05-13,2026-05-13 03:00:00,1_8,3,388.623,219.399400526416,,,2026-06-25T10:27:21.028312
realtime,lightgbm,0,2023-01-01,2026-04-30,2026-05-01,2026-05-31,2026-05-13,2026-05-13,2026-05-13 04:00:00,1_8,4,372.227,219.399400526416,,,2026-06-25T10:27:21.028312
realtime,lightgbm,0,2023-01-01,2026-04-30,2026-05-01,2026-05-31,2026-05-13,2026-05-13,2026-05-13 05:00:00,1_8,5,394.596,264.69184192656564,,,2026-06-25T10:27:21.028312
realtime,lightgbm,0,2023-01-01,2026-04-30,2026-05-01,2026-05-31,2026-05-13,2026-05-13,2026-05-13 06:00:00,1_8,6,391.743,219.399400526416,,,2026-06-25T10:27:21.028312
realtime,lightgbm,0,2023-01-01,2026-04-30,2026-05-01,2026-05-31,2026-05-13,2026-05-13,2026-05-13 07:00:00,1_8,7,153.64,161.03921863783668,,,2026-06-25T10:27:21.028312
realtime,lightgbm,0,2023-01-01,2026-04-30,2026-05-01,2026-05-31,2026-05-13,2026-05-13,2026-05-13 08:00:00,1_8,8,-80.0,125.08908728220268,,,2026-06-25T10:27:21.028312
realtime,lightgbm,0,2023-01-01,2026-04-30,2026-05-01,2026-05-31,2026-05-13,2026-05-13,2026-05-13 09:00:00,9_16,9,-80.0,-66.58628243895205,,,2026-06-25T10:27:21.028312
realtime,lightgbm,0,2023-01-01,2026-04-30,2026-05-01,2026-05-31,2026-05-13,2026-05-13,2026-05-13 10:00:00,9_16,10,-80.0,-71.38681685619454,,,2026-06-25T10:27:21.028312
realtime,lightgbm,0,2023-01-01,2026-04-30,2026-05-01,2026-05-31,2026-05-13,2026-05-13,2026-05-13 11:00:00,9_16,11,-80.0,-66.36460171324056,,,2026-06-25T10:27:21.028312
realtime,lightgbm,0,2023-01-01,2026-04-30,2026-05-01,2026-05-31,2026-05-13,2026-05-13,2026-05-13 12:00:00,9_16,12,-80.0,-63.31754242779368,,,2026-06-25T10:27:21.028312
realtime,lightgbm,0,2023-01-01,2026-04-30,2026-05-01,2026-05-31,2026-05-13,2026-05-13,2026-05-13 13:00:00,9_16,13,-80.0,-62.35342412554094,,,2026-06-25T10:27:21.028312
realtime,lightgbm,0,2023-01-01,2026-04-30,2026-05-01,2026-05-31,2026-05-13,2026-05-13,2026-05-13 14:00:00,9_16,14,-80.0,-64.14137178091498,,,2026-06-25T10:27:21.028312
realtime,lightgbm,0,2023-01-01,2026-04-30,2026-05-01,2026-05-31,2026-05-13,2026-05-13,2026-05-13 15:00:00,9_16,15,-80.0,-60.19675003835036,,,2026-06-25T10:27:21.028312
realtime,lightgbm,0,2023-01-01,2026-04-30,2026-05-01,2026-05-31,2026-05-13,2026-05-13,2026-05-13 16:00:00,9_16,16,217.281,-33.823995607587364,,,2026-06-25T10:27:21.028312
realtime,lightgbm,0,2023-01-01,2026-04-30,2026-05-01,2026-05-31,2026-05-13,2026-05-13,2026-05-13 17:00:00,17_24,17,594.166,215.46037403349183,,,2026-06-25T10:27:21.028312
realtime,lightgbm,0,2023-01-01,2026-04-30,2026-05-01,2026-05-31,2026-05-13,2026-05-13,2026-05-13 18:00:00,17_24,18,640.74,415.25205539892784,,,2026-06-25T10:27:21.028312
realtime,lightgbm,0,2023-01-01,2026-04-30,2026-05-01,2026-05-31,2026-05-13,2026-05-13,2026-05-13 19:00:00,17_24,19,629.765,470.47962835762274,,,2026-06-25T10:27:21.028312
realtime,lightgbm,0,2023-01-01,2026-04-30,2026-05-01,2026-05-31,2026-05-13,2026-05-13,2026-05-13 20:00:00,17_24,20,617.882,470.47962835762274,,,2026-06-25T10:27:21.028312
realtime,lightgbm,0,2023-01-01,2026-04-30,2026-05-01,2026-05-31,2026-05-13,2026-05-13,2026-05-13 21:00:00,17_24,21,610.683,469.1717975575872,,,2026-06-25T10:27:21.028312
realtime,lightgbm,0,2023-01-01,2026-04-30,2026-05-01,2026-05-31,2026-05-13,2026-05-13,2026-05-13 22:00:00,17_24,22,623.247,485.0092021189706,,,2026-06-25T10:27:21.028312
realtime,lightgbm,0,2023-01-01,2026-04-30,2026-05-01,2026-05-31,2026-05-13,2026-05-13,2026-05-13 23:00:00,17_24,23,625.356,456.36359870602485,,,2026-06-25T10:27:21.028312
realtime,lightgbm,0,2023-01-01,2026-04-30,2026-05-01,2026-05-31,2026-05-13,2026-05-13,2026-05-14 00:00:00,17_24,24,592.395,455.9662628324337,,,2026-06-25T10:27:21.028312
realtime,lightgbm,0,2023-01-01,2026-04-30,2026-05-01,2026-05-31,2026-05-14,2026-05-14,2026-05-14 01:00:00,1_8,1,528.056,329.53401009970594,,,2026-06-25T10:27:21.028312
realtime,lightgbm,0,2023-01-01,2026-04-30,2026-05-01,2026-05-31,2026-05-14,2026-05-14,2026-05-14 02:00:00,1_8,2,520.006,329.53401009970594,,,2026-06-25T10:27:21.028312
realtime,lightgbm,0,2023-01-01,2026-04-30,2026-05-01,2026-05-31,2026-05-14,2026-05-14,2026-05-14 03:00:00,1_8,3,497.51,329.53401009970594,,,2026-06-25T10:27:21.028312
realtime,lightgbm,0,2023-01-01,2026-04-30,2026-05-01,2026-05-31,2026-05-14,2026-05-14,2026-05-14 04:00:00,1_8,4,496.705,329.53401009970594,,,2026-06-25T10:27:21.028312
realtime,lightgbm,0,2023-01-01,2026-04-30,2026-05-01,2026-05-31,2026-05-14,2026-05-14,2026-05-14 05:00:00,1_8,5,513.77,333.9375873541653,,,2026-06-25T10:27:21.028312
realtime,lightgbm,0,2023-01-01,2026-04-30,2026-05-01,2026-05-31,2026-05-14,2026-05-14,2026-05-14 06:00:00,1_8,6,565.617,333.9375873541653,,,2026-06-25T10:27:21.028312
realtime,lightgbm,0,2023-01-01,2026-04-30,2026-05-01,2026-05-31,2026-05-14,2026-05-14,2026-05-14 07:00:00,1_8,7,519.039,311.3988224322343,,,2026-06-25T10:27:21.028312
realtime,lightgbm,0,2023-01-01,2026-04-30,2026-05-01,2026-05-31,2026-05-14,2026-05-14,2026-05-14 08:00:00,1_8,8,216.369,283.72704058904685,,,2026-06-25T10:27:21.028312
realtime,lightgbm,0,2023-01-01,2026-04-30,2026-05-01,2026-05-31,2026-05-14,2026-05-14,2026-05-14 09:00:00,9_16,9,-20.837,-73.54840993430368,,,2026-06-25T10:27:21.028312
realtime,lightgbm,0,2023-01-01,2026-04-30,2026-05-01,2026-05-31,2026-05-14,2026-05-14,2026-05-14 10:00:00,9_16,10,-66.402,-70.83188109670282,,,2026-06-25T10:27:21.028312
realtime,lightgbm,0,2023-01-01,2026-04-30,2026-05-01,2026-05-31,2026-05-14,2026-05-14,2026-05-14 11:00:00,9_16,11,-52.385,-64.03453030561404,,,2026-06-25T10:27:21.028312
realtime,lightgbm,0,2023-01-01,2026-04-30,2026-05-01,2026-05-31,2026-05-14,2026-05-14,2026-05-14 12:00:00,9_16,12,11.995,-65.24134151898481,,,2026-06-25T10:27:21.028312
realtime,lightgbm,0,2023-01-01,2026-04-30,2026-05-01,2026-05-31,2026-05-14,2026-05-14,2026-05-14 13:00:00,9_16,13,29.915,-68.13293012270202,,,2026-06-25T10:27:21.028312
realtime,lightgbm,0,2023-01-01,2026-04-30,2026-05-01,2026-05-31,2026-05-14,2026-05-14,2026-05-14 14:00:00,9_16,14,65.953,-65.34965107608235,,,2026-06-25T10:27:21.028312
realtime,lightgbm,0,2023-01-01,2026-04-30,2026-05-01,2026-05-31,2026-05-14,2026-05-14,2026-05-14 15:00:00,9_16,15,14.132,-42.831202615822086,,,2026-06-25T10:27:21.028312
realtime,lightgbm,0,2023-01-01,2026-04-30,2026-05-01,2026-05-31,2026-05-14,2026-05-14,2026-05-14 16:00:00,9_16,16,248.053,-25.20057195485829,,,2026-06-25T10:27:21.028312
realtime,lightgbm,0,2023-01-01,2026-04-30,2026-05-01,2026-05-31,2026-05-14,2026-05-14,2026-05-14 17:00:00,17_24,17,510.759,282.2280430407093,,,2026-06-25T10:27:21.028312
realtime,lightgbm,0,2023-01-01,2026-04-30,2026-05-01,2026-05-31,2026-05-14,2026-05-14,2026-05-14 18:00:00,17_24,18,530.851,457.05943458148454,,,2026-06-25T10:27:21.028312
realtime,lightgbm,0,2023-01-01,2026-04-30,2026-05-01,2026-05-31,2026-05-14,2026-05-14,2026-05-14 19:00:00,17_24,19,509.471,513.8078469500476,,,2026-06-25T10:27:21.028312
realtime,lightgbm,0,2023-01-01,2026-04-30,2026-05-01,2026-05-31,2026-05-14,2026-05-14,2026-05-14 20:00:00,17_24,20,551.955,506.30495978280095,,,2026-06-25T10:27:21.028312
realtime,lightgbm,0,2023-01-01,2026-04-30,2026-05-01,2026-05-31,2026-05-14,2026-05-14,2026-05-14 21:00:00,17_24,21,506.934,484.6068171769023,,,2026-06-25T10:27:21.028312
realtime,lightgbm,0,2023-01-01,2026-04-30,2026-05-01,2026-05-31,2026-05-14,2026-05-14,2026-05-14 22:00:00,17_24,22,589.667,480.416544235897,,,2026-06-25T10:27:21.028312
realtime,lightgbm,0,2023-01-01,2026-04-30,2026-05-01,2026-05-31,2026-05-14,2026-05-14,2026-05-14 23:00:00,17_24,23,511.22,539.8268481974575,,,2026-06-25T10:27:21.028312
realtime,lightgbm,0,2023-01-01,2026-04-30,2026-05-01,2026-05-31,2026-05-14,2026-05-14,2026-05-15 00:00:00,17_24,24,482.168,550.2137325473195,,,2026-06-25T10:27:21.028312
realtime,lightgbm,0,2023-01-01,2026-04-30,2026-05-01,2026-05-31,2026-05-15,2026-05-15,2026-05-15 01:00:00,1_8,1,495.652,322.1432743580563,,,2026-06-25T10:27:21.028312
realtime,lightgbm,0,2023-01-01,2026-04-30,2026-05-01,2026-05-31,2026-05-15,2026-05-15,2026-05-15 02:00:00,1_8,2,446.483,318.64180924104454,,,2026-06-25T10:27:21.028312
realtime,lightgbm,0,2023-01-01,2026-04-30,2026-05-01,2026-05-31,2026-05-15,2026-05-15,2026-05-15 03:00:00,1_8,3,411.384,285.67175649958375,,,2026-06-25T10:27:21.028312
realtime,lightgbm,0,2023-01-01,2026-04-30,2026-05-01,2026-05-31,2026-05-15,2026-05-15,2026-05-15 04:00:00,1_8,4,409.424,318.64180924104454,,,2026-06-25T10:27:21.028312
realtime,lightgbm,0,2023-01-01,2026-04-30,2026-05-01,2026-05-31,2026-05-15,2026-05-15,2026-05-15 05:00:00,1_8,5,432.173,322.1432743580563,,,2026-06-25T10:27:21.028312
realtime,lightgbm,0,2023-01-01,2026-04-30,2026-05-01,2026-05-31,2026-05-15,2026-05-15,2026-05-15 06:00:00,1_8,6,451.669,322.1432743580563,,,2026-06-25T10:27:21.028312
realtime,lightgbm,0,2023-01-01,2026-04-30,2026-05-01,2026-05-31,2026-05-15,2026-05-15,2026-05-15 07:00:00,1_8,7,471.098,226.32964841821908,,,2026-06-25T10:27:21.028312
realtime,lightgbm,0,2023-01-01,2026-04-30,2026-05-01,2026-05-31,2026-05-15,2026-05-15,2026-05-15 08:00:00,1_8,8,453.471,192.71707871928547,,,2026-06-25T10:27:21.028312
realtime,lightgbm,0,2023-01-01,2026-04-30,2026-05-01,2026-05-31,2026-05-15,2026-05-15,2026-05-15 09:00:00,9_16,9,554.012,-71.75950548749653,,,2026-06-25T10:27:21.028312
realtime,lightgbm,0,2023-01-01,2026-04-30,2026-05-01,2026-05-31,2026-05-15,2026-05-15,2026-05-15 10:00:00,9_16,10,114.886,-71.51409217540287,,,2026-06-25T10:27:21.028312
realtime,lightgbm,0,2023-01-01,2026-04-30,2026-05-01,2026-05-31,2026-05-15,2026-05-15,2026-05-15 11:00:00,9_16,11,-73.846,-69.37335619969566,,,2026-06-25T10:27:21.028312
realtime,lightgbm,0,2023-01-01,2026-04-30,2026-05-01,2026-05-31,2026-05-15,2026-05-15,2026-05-15 12:00:00,9_16,12,-73.082,-68.13762650307268,,,2026-06-25T10:27:21.028312
realtime,lightgbm,0,2023-01-01,2026-04-30,2026-05-01,2026-05-31,2026-05-15,2026-05-15,2026-05-15 13:00:00,9_16,13,-59.314,-68.09915425438,,,2026-06-25T10:27:21.028312
realtime,lightgbm,0,2023-01-01,2026-04-30,2026-05-01,2026-05-31,2026-05-15,2026-05-15,2026-05-15 14:00:00,9_16,14,-62.831,-68.65389790855798,,,2026-06-25T10:27:21.028312
realtime,lightgbm,0,2023-01-01,2026-04-30,2026-05-01,2026-05-31,2026-05-15,2026-05-15,2026-05-15 15:00:00,9_16,15,-76.897,-71.02724114207852,,,2026-06-25T10:27:21.028312
realtime,lightgbm,0,2023-01-01,2026-04-30,2026-05-01,2026-05-31,2026-05-15,2026-05-15,2026-05-15 16:00:00,9_16,16,-31.0,-74.610326001127,,,2026-06-25T10:27:21.028312
realtime,lightgbm,0,2023-01-01,2026-04-30,2026-05-01,2026-05-31,2026-05-15,2026-05-15,2026-05-15 17:00:00,17_24,17,392.751,113.84028195468595,,,2026-06-25T10:27:21.028312
realtime,lightgbm,0,2023-01-01,2026-04-30,2026-05-01,2026-05-31,2026-05-15,2026-05-15,2026-05-15 18:00:00,17_24,18,601.99,354.95213381020926,,,2026-06-25T10:27:21.028312
realtime,lightgbm,0,2023-01-01,2026-04-30,2026-05-01,2026-05-31,2026-05-15,2026-05-15,2026-05-15 19:00:00,17_24,19,611.161,429.1054515349668,,,2026-06-25T10:27:21.028312
realtime,lightgbm,0,2023-01-01,2026-04-30,2026-05-01,2026-05-31,2026-05-15,2026-05-15,2026-05-15 20:00:00,17_24,20,593.246,510.83027385178633,,,2026-06-25T10:27:21.028312
realtime,lightgbm,0,2023-01-01,2026-04-30,2026-05-01,2026-05-31,2026-05-15,2026-05-15,2026-05-15 21:00:00,17_24,21,585.47,520.6495788484577,,,2026-06-25T10:27:21.028312
realtime,lightgbm,0,2023-01-01,2026-04-30,2026-05-01,2026-05-31,2026-05-15,2026-05-15,2026-05-15 22:00:00,17_24,22,586.43,528.0390535379938,,,2026-06-25T10:27:21.028312
realtime,lightgbm,0,2023-01-01,2026-04-30,2026-05-01,2026-05-31,2026-05-15,2026-05-15,2026-05-15 23:00:00,17_24,23,615.519,475.39918510223686,,,2026-06-25T10:27:21.028312
realtime,lightgbm,0,2023-01-01,2026-04-30,2026-05-01,2026-05-31,2026-05-15,2026-05-15,2026-05-16 00:00:00,17_24,24,581.543,332.47051704247474,,,2026-06-25T10:27:21.028312
realtime,lightgbm,0,2023-01-01,2026-04-30,2026-05-01,2026-05-31,2026-05-16,2026-05-16,2026-05-16 01:00:00,1_8,1,517.685,273.6959506723254,,,2026-06-25T10:27:21.028312
realtime,lightgbm,0,2023-01-01,2026-04-30,2026-05-01,2026-05-31,2026-05-16,2026-05-16,2026-05-16 02:00:00,1_8,2,517.563,273.6959506723254,,,2026-06-25T10:27:21.028312
realtime,lightgbm,0,2023-01-01,2026-04-30,2026-05-01,2026-05-31,2026-05-16,2026-05-16,2026-05-16 03:00:00,1_8,3,486.579,273.6959506723254,,,2026-06-25T10:27:21.028312
realtime,lightgbm,0,2023-01-01,2026-04-30,2026-05-01,2026-05-31,2026-05-16,2026-05-16,2026-05-16 04:00:00,1_8,4,469.486,273.6959506723254,,,2026-06-25T10:27:21.028312
realtime,lightgbm,0,2023-01-01,2026-04-30,2026-05-01,2026-05-31,2026-05-16,2026-05-16,2026-05-16 05:00:00,1_8,5,479.732,298.91961352519354,,,2026-06-25T10:27:21.028312
realtime,lightgbm,0,2023-01-01,2026-04-30,2026-05-01,2026-05-31,2026-05-16,2026-05-16,2026-05-16 06:00:00,1_8,6,473.893,298.91961352519354,,,2026-06-25T10:27:21.028312
realtime,lightgbm,0,2023-01-01,2026-04-30,2026-05-01,2026-05-31,2026-05-16,2026-05-16,2026-05-16 07:00:00,1_8,7,397.416,265.69720280798714,,,2026-06-25T10:27:21.028312
realtime,lightgbm,0,2023-01-01,2026-04-30,2026-05-01,2026-05-31,2026-05-16,2026-05-16,2026-05-16 08:00:00,1_8,8,459.874,259.42206596813816,,,2026-06-25T10:27:21.028312
realtime,lightgbm,0,2023-01-01,2026-04-30,2026-05-01,2026-05-31,2026-05-16,2026-05-16,2026-05-16 09:00:00,9_16,9,152.809,-68.22077976628961,,,2026-06-25T10:27:21.028312
realtime,lightgbm,0,2023-01-01,2026-04-30,2026-05-01,2026-05-31,2026-05-16,2026-05-16,2026-05-16 10:00:00,9_16,10,-80.0,-72.28071352910705,,,2026-06-25T10:27:21.028312
realtime,lightgbm,0,2023-01-01,2026-04-30,2026-05-01,2026-05-31,2026-05-16,2026-05-16,2026-05-16 11:00:00,9_16,11,-80.0,-69.51547090327422,,,2026-06-25T10:27:21.028312
realtime,lightgbm,0,2023-01-01,2026-04-30,2026-05-01,2026-05-31,2026-05-16,2026-05-16,2026-05-16 12:00:00,9_16,12,-27.148,-66.81052495684047,,,2026-06-25T10:27:21.028312
realtime,lightgbm,0,2023-01-01,2026-04-30,2026-05-01,2026-05-31,2026-05-16,2026-05-16,2026-05-16 13:00:00,9_16,13,51.112,-68.81021344004859,,,2026-06-25T10:27:21.028312
realtime,lightgbm,0,2023-01-01,2026-04-30,2026-05-01,2026-05-31,2026-05-16,2026-05-16,2026-05-16 14:00:00,9_16,14,59.504,-65.49064615892215,,,2026-06-25T10:27:21.028312
realtime,lightgbm,0,2023-01-01,2026-04-30,2026-05-01,2026-05-31,2026-05-16,2026-05-16,2026-05-16 15:00:00,9_16,15,95.317,-70.92697807886586,,,2026-06-25T10:27:21.028312
realtime,lightgbm,0,2023-01-01,2026-04-30,2026-05-01,2026-05-31,2026-05-16,2026-05-16,2026-05-16 16:00:00,9_16,16,466.306,-75.65904794134283,,,2026-06-25T10:27:21.028312
realtime,lightgbm,0,2023-01-01,2026-04-30,2026-05-01,2026-05-31,2026-05-16,2026-05-16,2026-05-16 17:00:00,17_24,17,579.02,126.97491743335691,,,2026-06-25T10:27:21.028312
realtime,lightgbm,0,2023-01-01,2026-04-30,2026-05-01,2026-05-31,2026-05-16,2026-05-16,2026-05-16 18:00:00,17_24,18,627.18,306.6024301558148,,,2026-06-25T10:27:21.028312
realtime,lightgbm,0,2023-01-01,2026-04-30,2026-05-01,2026-05-31,2026-05-16,2026-05-16,2026-05-16 19:00:00,17_24,19,585.858,410.2956586343389,,,2026-06-25T10:27:21.028312
realtime,lightgbm,0,2023-01-01,2026-04-30,2026-05-01,2026-05-31,2026-05-16,2026-05-16,2026-05-16 20:00:00,17_24,20,567.563,517.2146420979686,,,2026-06-25T10:27:21.028312
realtime,lightgbm,0,2023-01-01,2026-04-30,2026-05-01,2026-05-31,2026-05-16,2026-05-16,2026-05-16 21:00:00,17_24,21,557.238,519.8936591087612,,,2026-06-25T10:27:21.028312
realtime,lightgbm,0,2023-01-01,2026-04-30,2026-05-01,2026-05-31,2026-05-16,2026-05-16,2026-05-16 22:00:00,17_24,22,576.366,448.3035490579393,,,2026-06-25T10:27:21.028312
realtime,lightgbm,0,2023-01-01,2026-04-30,2026-05-01,2026-05-31,2026-05-16,2026-05-16,2026-05-16 23:00:00,17_24,23,570.561,424.49748332429374,,,2026-06-25T10:27:21.028312
realtime,lightgbm,0,2023-01-01,2026-04-30,2026-05-01,2026-05-31,2026-05-16,2026-05-16,2026-05-17 00:00:00,17_24,24,545.052,326.695533169995,,,2026-06-25T10:27:21.028312
realtime,lightgbm,0,2023-01-01,2026-04-30,2026-05-01,2026-05-31,2026-05-17,2026-05-17,2026-05-17 01:00:00,1_8,1,422.052,289.95662590880823,,,2026-06-25T10:27:21.028312
realtime,lightgbm,0,2023-01-01,2026-04-30,2026-05-01,2026-05-31,2026-05-17,2026-05-17,2026-05-17 02:00:00,1_8,2,381.661,303.985203958448,,,2026-06-25T10:27:21.028312
realtime,lightgbm,0,2023-01-01,2026-04-30,2026-05-01,2026-05-31,2026-05-17,2026-05-17,2026-05-17 03:00:00,1_8,3,369.964,285.0236023292352,,,2026-06-25T10:27:21.028312
realtime,lightgbm,0,2023-01-01,2026-04-30,2026-05-01,2026-05-31,2026-05-17,2026-05-17,2026-05-17 04:00:00,1_8,4,360.033,285.0236023292352,,,2026-06-25T10:27:21.028312
realtime,lightgbm,0,2023-01-01,2026-04-30,2026-05-01,2026-05-31,2026-05-17,2026-05-17,2026-05-17 05:00:00,1_8,5,366.522,289.95662590880823,,,2026-06-25T10:27:21.028312
realtime,lightgbm,0,2023-01-01,2026-04-30,2026-05-01,2026-05-31,2026-05-17,2026-05-17,2026-05-17 06:00:00,1_8,6,355.825,291.8818842839751,,,2026-06-25T10:27:21.028312
realtime,lightgbm,0,2023-01-01,2026-04-30,2026-05-01,2026-05-31,2026-05-17,2026-05-17,2026-05-17 07:00:00,1_8,7,154.467,241.83144115971285,,,2026-06-25T10:27:21.028312
realtime,lightgbm,0,2023-01-01,2026-04-30,2026-05-01,2026-05-31,2026-05-17,2026-05-17,2026-05-17 08:00:00,1_8,8,-20.992,233.4313674855563,,,2026-06-25T10:27:21.028312
realtime,lightgbm,0,2023-01-01,2026-04-30,2026-05-01,2026-05-31,2026-05-17,2026-05-17,2026-05-17 09:00:00,9_16,9,-49.649,-52.08919207117387,,,2026-06-25T10:27:21.028312
realtime,lightgbm,0,2023-01-01,2026-04-30,2026-05-01,2026-05-31,2026-05-17,2026-05-17,2026-05-17 10:00:00,9_16,10,-80.0,-53.81817164371571,,,2026-06-25T10:27:21.028312
realtime,lightgbm,0,2023-01-01,2026-04-30,2026-05-01,2026-05-31,2026-05-17,2026-05-17,2026-05-17 11:00:00,9_16,11,-70.067,-50.23195124784715,,,2026-06-25T10:27:21.028312
realtime,lightgbm,0,2023-01-01,2026-04-30,2026-05-01,2026-05-31,2026-05-17,2026-05-17,2026-05-17 12:00:00,9_16,12,-80.0,-48.018399805099904,,,2026-06-25T10:27:21.028312
realtime,lightgbm,0,2023-01-01,2026-04-30,2026-05-01,2026-05-31,2026-05-17,2026-05-17,2026-05-17 13:00:00,9_16,13,31.003,-65.3471351072656,,,2026-06-25T10:27:21.028312
realtime,lightgbm,0,2023-01-01,2026-04-30,2026-05-01,2026-05-31,2026-05-17,2026-05-17,2026-05-17 14:00:00,9_16,14,80.737,-49.49641274666035,,,2026-06-25T10:27:21.028312
realtime,lightgbm,0,2023-01-01,2026-04-30,2026-05-01,2026-05-31,2026-05-17,2026-05-17,2026-05-17 15:00:00,9_16,15,46.919,-13.355150094207648,,,2026-06-25T10:27:21.028312
realtime,lightgbm,0,2023-01-01,2026-04-30,2026-05-01,2026-05-31,2026-05-17,2026-05-17,2026-05-17 16:00:00,9_16,16,-8.318,-79.40602214966414,,,2026-06-25T10:27:21.028312
realtime,lightgbm,0,2023-01-01,2026-04-30,2026-05-01,2026-05-31,2026-05-17,2026-05-17,2026-05-17 17:00:00,17_24,17,302.562,299.1294447719493,,,2026-06-25T10:27:21.028312
realtime,lightgbm,0,2023-01-01,2026-04-30,2026-05-01,2026-05-31,2026-05-17,2026-05-17,2026-05-17 18:00:00,17_24,18,348.918,441.53751781306346,,,2026-06-25T10:27:21.028312
realtime,lightgbm,0,2023-01-01,2026-04-30,2026-05-01,2026-05-31,2026-05-17,2026-05-17,2026-05-17 19:00:00,17_24,19,383.685,443.5195066822279,,,2026-06-25T10:27:21.028312
realtime,lightgbm,0,2023-01-01,2026-04-30,2026-05-01,2026-05-31,2026-05-17,2026-05-17,2026-05-17 20:00:00,17_24,20,378.639,439.01378403531965,,,2026-06-25T10:27:21.028312
realtime,lightgbm,0,2023-01-01,2026-04-30,2026-05-01,2026-05-31,2026-05-17,2026-05-17,2026-05-17 21:00:00,17_24,21,391.21,441.06317813243186,,,2026-06-25T10:27:21.028312
realtime,lightgbm,0,2023-01-01,2026-04-30,2026-05-01,2026-05-31,2026-05-17,2026-05-17,2026-05-17 22:00:00,17_24,22,372.716,441.8345252506342,,,2026-06-25T10:27:21.028312
realtime,lightgbm,0,2023-01-01,2026-04-30,2026-05-01,2026-05-31,2026-05-17,2026-05-17,2026-05-17 23:00:00,17_24,23,340.888,397.2303717470624,,,2026-06-25T10:27:21.028312
realtime,lightgbm,0,2023-01-01,2026-04-30,2026-05-01,2026-05-31,2026-05-17,2026-05-17,2026-05-18 00:00:00,17_24,24,304.276,386.3956377721216,,,2026-06-25T10:27:21.028312
realtime,lightgbm,0,2023-01-01,2026-04-30,2026-05-01,2026-05-31,2026-05-18,2026-05-18,2026-05-18 01:00:00,1_8,1,327.764,256.59379469848693,,,2026-06-25T10:27:21.028312
realtime,lightgbm,0,2023-01-01,2026-04-30,2026-05-01,2026-05-31,2026-05-18,2026-05-18,2026-05-18 02:00:00,1_8,2,348.089,256.59379469848693,,,2026-06-25T10:27:21.028312
realtime,lightgbm,0,2023-01-01,2026-04-30,2026-05-01,2026-05-31,2026-05-18,2026-05-18,2026-05-18 03:00:00,1_8,3,369.467,249.6180850988798,,,2026-06-25T10:27:21.028312
realtime,lightgbm,0,2023-01-01,2026-04-30,2026-05-01,2026-05-31,2026-05-18,2026-05-18,2026-05-18 04:00:00,1_8,4,381.363,256.59379469848693,,,2026-06-25T10:27:21.028312
realtime,lightgbm,0,2023-01-01,2026-04-30,2026-05-01,2026-05-31,2026-05-18,2026-05-18,2026-05-18 05:00:00,1_8,5,382.733,256.59379469848693,,,2026-06-25T10:27:21.028312
realtime,lightgbm,0,2023-01-01,2026-04-30,2026-05-01,2026-05-31,2026-05-18,2026-05-18,2026-05-18 06:00:00,1_8,6,370.341,256.59379469848693,,,2026-06-25T10:27:21.028312
realtime,lightgbm,0,2023-01-01,2026-04-30,2026-05-01,2026-05-31,2026-05-18,2026-05-18,2026-05-18 07:00:00,1_8,7,350.631,256.59379469848693,,,2026-06-25T10:27:21.028312
realtime,lightgbm,0,2023-01-01,2026-04-30,2026-05-01,2026-05-31,2026-05-18,2026-05-18,2026-05-18 08:00:00,1_8,8,370.004,263.2972294790949,,,2026-06-25T10:27:21.028312
realtime,lightgbm,0,2023-01-01,2026-04-30,2026-05-01,2026-05-31,2026-05-18,2026-05-18,2026-05-18 09:00:00,9_16,9,410.934,370.80827921351414,,,2026-06-25T10:27:21.028312
realtime,lightgbm,0,2023-01-01,2026-04-30,2026-05-01,2026-05-31,2026-05-18,2026-05-18,2026-05-18 10:00:00,9_16,10,401.477,389.12210307167356,,,2026-06-25T10:27:21.028312
realtime,lightgbm,0,2023-01-01,2026-04-30,2026-05-01,2026-05-31,2026-05-18,2026-05-18,2026-05-18 11:00:00,9_16,11,422.95,375.1154309886915,,,2026-06-25T10:27:21.028312
realtime,lightgbm,0,2023-01-01,2026-04-30,2026-05-01,2026-05-31,2026-05-18,2026-05-18,2026-05-18 12:00:00,9_16,12,428.092,380.0754346937441,,,2026-06-25T10:27:21.028312
realtime,lightgbm,0,2023-01-01,2026-04-30,2026-05-01,2026-05-31,2026-05-18,2026-05-18,2026-05-18 13:00:00,9_16,13,419.091,367.1121942204738,,,2026-06-25T10:27:21.028312
realtime,lightgbm,0,2023-01-01,2026-04-30,2026-05-01,2026-05-31,2026-05-18,2026-05-18,2026-05-18 14:00:00,9_16,14,407.246,335.0436824867435,,,2026-06-25T10:27:21.028312
realtime,lightgbm,0,2023-01-01,2026-04-30,2026-05-01,2026-05-31,2026-05-18,2026-05-18,2026-05-18 15:00:00,9_16,15,415.746,368.05402082089444,,,2026-06-25T10:27:21.028312
realtime,lightgbm,0,2023-01-01,2026-04-30,2026-05-01,2026-05-31,2026-05-18,2026-05-18,2026-05-18 16:00:00,9_16,16,416.009,363.184031902303,,,2026-06-25T10:27:21.028312
realtime,lightgbm,0,2023-01-01,2026-04-30,2026-05-01,2026-05-31,2026-05-18,2026-05-18,2026-05-18 17:00:00,17_24,17,426.645,406.2169325264671,,,2026-06-25T10:27:21.028312
realtime,lightgbm,0,2023-01-01,2026-04-30,2026-05-01,2026-05-31,2026-05-18,2026-05-18,2026-05-18 18:00:00,17_24,18,424.244,406.76450957236113,,,2026-06-25T10:27:21.028312
realtime,lightgbm,0,2023-01-01,2026-04-30,2026-05-01,2026-05-31,2026-05-18,2026-05-18,2026-05-18 19:00:00,17_24,19,428.245,412.3855754649806,,,2026-06-25T10:27:21.028312
realtime,lightgbm,0,2023-01-01,2026-04-30,2026-05-01,2026-05-31,2026-05-18,2026-05-18,2026-05-18 20:00:00,17_24,20,429.257,416.3620781044515,,,2026-06-25T10:27:21.028312
realtime,lightgbm,0,2023-01-01,2026-04-30,2026-05-01,2026-05-31,2026-05-18,2026-05-18,2026-05-18 21:00:00,17_24,21,424.509,413.2487696384265,,,2026-06-25T10:27:21.028312
realtime,lightgbm,0,2023-01-01,2026-04-30,2026-05-01,2026-05-31,2026-05-18,2026-05-18,2026-05-18 22:00:00,17_24,22,415.063,407.50430386515006,,,2026-06-25T10:27:21.028312
realtime,lightgbm,0,2023-01-01,2026-04-30,2026-05-01,2026-05-31,2026-05-18,2026-05-18,2026-05-18 23:00:00,17_24,23,412.72,407.50430386515006,,,2026-06-25T10:27:21.028312
realtime,lightgbm,0,2023-01-01,2026-04-30,2026-05-01,2026-05-31,2026-05-18,2026-05-18,2026-05-19 00:00:00,17_24,24,398.402,390.0903163370507,,,2026-06-25T10:27:21.028312
realtime,lightgbm,0,2023-01-01,2026-04-30,2026-05-01,2026-05-31,2026-05-19,2026-05-19,2026-05-19 01:00:00,1_8,1,361.685,333.88677118197074,,,2026-06-25T10:27:21.028312
realtime,lightgbm,0,2023-01-01,2026-04-30,2026-05-01,2026-05-31,2026-05-19,2026-05-19,2026-05-19 02:00:00,1_8,2,335.388,333.88677118197074,,,2026-06-25T10:27:21.028312
realtime,lightgbm,0,2023-01-01,2026-04-30,2026-05-01,2026-05-31,2026-05-19,2026-05-19,2026-05-19 03:00:00,1_8,3,309.602,322.0527705945724,,,2026-06-25T10:27:21.028312
realtime,lightgbm,0,2023-01-01,2026-04-30,2026-05-01,2026-05-31,2026-05-19,2026-05-19,2026-05-19 04:00:00,1_8,4,292.098,314.7927496265411,,,2026-06-25T10:27:21.028312
realtime,lightgbm,0,2023-01-01,2026-04-30,2026-05-01,2026-05-31,2026-05-19,2026-05-19,2026-05-19 05:00:00,1_8,5,269.408,314.7927496265411,,,2026-06-25T10:27:21.028312
realtime,lightgbm,0,2023-01-01,2026-04-30,2026-05-01,2026-05-31,2026-05-19,2026-05-19,2026-05-19 06:00:00,1_8,6,278.541,314.7927496265411,,,2026-06-25T10:27:21.028312
realtime,lightgbm,0,2023-01-01,2026-04-30,2026-05-01,2026-05-31,2026-05-19,2026-05-19,2026-05-19 07:00:00,1_8,7,280.897,302.3410011291375,,,2026-06-25T10:27:21.028312
realtime,lightgbm,0,2023-01-01,2026-04-30,2026-05-01,2026-05-31,2026-05-19,2026-05-19,2026-05-19 08:00:00,1_8,8,275.386,251.128080519327,,,2026-06-25T10:27:21.028312
realtime,lightgbm,0,2023-01-01,2026-04-30,2026-05-01,2026-05-31,2026-05-19,2026-05-19,2026-05-19 09:00:00,9_16,9,389.763,352.06973000613567,,,2026-06-25T10:27:21.028312
realtime,lightgbm,0,2023-01-01,2026-04-30,2026-05-01,2026-05-31,2026-05-19,2026-05-19,2026-05-19 10:00:00,9_16,10,374.601,371.4583195530335,,,2026-06-25T10:27:21.028312
realtime,lightgbm,0,2023-01-01,2026-04-30,2026-05-01,2026-05-31,2026-05-19,2026-05-19,2026-05-19 11:00:00,9_16,11,438.237,369.9162471897076,,,2026-06-25T10:27:21.028312
realtime,lightgbm,0,2023-01-01,2026-04-30,2026-05-01,2026-05-31,2026-05-19,2026-05-19,2026-05-19 12:00:00,9_16,12,406.763,425.0569098691705,,,2026-06-25T10:27:21.028312
realtime,lightgbm,0,2023-01-01,2026-04-30,2026-05-01,2026-05-31,2026-05-19,2026-05-19,2026-05-19 13:00:00,9_16,13,295.632,409.1366506849094,,,2026-06-25T10:27:21.028312
realtime,lightgbm,0,2023-01-01,2026-04-30,2026-05-01,2026-05-31,2026-05-19,2026-05-19,2026-05-19 14:00:00,9_16,14,312.245,430.15855940272564,,,2026-06-25T10:27:21.028312
realtime,lightgbm,0,2023-01-01,2026-04-30,2026-05-01,2026-05-31,2026-05-19,2026-05-19,2026-05-19 15:00:00,9_16,15,305.137,435.02590089000614,,,2026-06-25T10:27:21.028312
realtime,lightgbm,0,2023-01-01,2026-04-30,2026-05-01,2026-05-31,2026-05-19,2026-05-19,2026-05-19 16:00:00,9_16,16,272.728,376.04855580255145,,,2026-06-25T10:27:21.028312
realtime,lightgbm,0,2023-01-01,2026-04-30,2026-05-01,2026-05-31,2026-05-19,2026-05-19,2026-05-19 17:00:00,17_24,17,390.045,404.5420046027926,,,2026-06-25T10:27:21.028312
realtime,lightgbm,0,2023-01-01,2026-04-30,2026-05-01,2026-05-31,2026-05-19,2026-05-19,2026-05-19 18:00:00,17_24,18,342.637,410.180410960182,,,2026-06-25T10:27:21.028312
realtime,lightgbm,0,2023-01-01,2026-04-30,2026-05-01,2026-05-31,2026-05-19,2026-05-19,2026-05-19 19:00:00,17_24,19,389.822,434.5697075874657,,,2026-06-25T10:27:21.028312
realtime,lightgbm,0,2023-01-01,2026-04-30,2026-05-01,2026-05-31,2026-05-19,2026-05-19,2026-05-19 20:00:00,17_24,20,418.357,484.4812407924861,,,2026-06-25T10:27:21.028312
realtime,lightgbm,0,2023-01-01,2026-04-30,2026-05-01,2026-05-31,2026-05-19,2026-05-19,2026-05-19 21:00:00,17_24,21,394.608,490.79192045148665,,,2026-06-25T10:27:21.028312
realtime,lightgbm,0,2023-01-01,2026-04-30,2026-05-01,2026-05-31,2026-05-19,2026-05-19,2026-05-19 22:00:00,17_24,22,381.249,492.81741683942465,,,2026-06-25T10:27:21.028312
realtime,lightgbm,0,2023-01-01,2026-04-30,2026-05-01,2026-05-31,2026-05-19,2026-05-19,2026-05-19 23:00:00,17_24,23,373.365,477.60971203399436,,,2026-06-25T10:27:21.028312
realtime,lightgbm,0,2023-01-01,2026-04-30,2026-05-01,2026-05-31,2026-05-19,2026-05-19,2026-05-20 00:00:00,17_24,24,327.524,456.594050761323,,,2026-06-25T10:27:21.028312
realtime,lightgbm,0,2023-01-01,2026-04-30,2026-05-01,2026-05-31,2026-05-20,2026-05-20,2026-05-20 01:00:00,1_8,1,312.967,286.2570777328026,,,2026-06-25T10:27:21.028312
realtime,lightgbm,0,2023-01-01,2026-04-30,2026-05-01,2026-05-31,2026-05-20,2026-05-20,2026-05-20 02:00:00,1_8,2,302.863,286.2570777328026,,,2026-06-25T10:27:21.028312
realtime,lightgbm,0,2023-01-01,2026-04-30,2026-05-01,2026-05-31,2026-05-20,2026-05-20,2026-05-20 03:00:00,1_8,3,263.465,304.4096455702377,,,2026-06-25T10:27:21.028312
realtime,lightgbm,0,2023-01-01,2026-04-30,2026-05-01,2026-05-31,2026-05-20,2026-05-20,2026-05-20 04:00:00,1_8,4,210.342,302.06039637464187,,,2026-06-25T10:27:21.028312
realtime,lightgbm,0,2023-01-01,2026-04-30,2026-05-01,2026-05-31,2026-05-20,2026-05-20,2026-05-20 05:00:00,1_8,5,222.744,302.06039637464187,,,2026-06-25T10:27:21.028312
realtime,lightgbm,0,2023-01-01,2026-04-30,2026-05-01,2026-05-31,2026-05-20,2026-05-20,2026-05-20 06:00:00,1_8,6,275.429,302.06039637464187,,,2026-06-25T10:27:21.028312
realtime,lightgbm,0,2023-01-01,2026-04-30,2026-05-01,2026-05-31,2026-05-20,2026-05-20,2026-05-20 07:00:00,1_8,7,317.004,258.28441353193716,,,2026-06-25T10:27:21.028312
realtime,lightgbm,0,2023-01-01,2026-04-30,2026-05-01,2026-05-31,2026-05-20,2026-05-20,2026-05-20 08:00:00,1_8,8,384.536,258.28441353193716,,,2026-06-25T10:27:21.028312
realtime,lightgbm,0,2023-01-01,2026-04-30,2026-05-01,2026-05-31,2026-05-20,2026-05-20,2026-05-20 09:00:00,9_16,9,461.913,370.69978745761495,,,2026-06-25T10:27:21.028312
realtime,lightgbm,0,2023-01-01,2026-04-30,2026-05-01,2026-05-31,2026-05-20,2026-05-20,2026-05-20 10:00:00,9_16,10,476.588,469.88909201010574,,,2026-06-25T10:27:21.028312
realtime,lightgbm,0,2023-01-01,2026-04-30,2026-05-01,2026-05-31,2026-05-20,2026-05-20,2026-05-20 11:00:00,9_16,11,497.088,457.9445345860892,,,2026-06-25T10:27:21.028312
realtime,lightgbm,0,2023-01-01,2026-04-30,2026-05-01,2026-05-31,2026-05-20,2026-05-20,2026-05-20 12:00:00,9_16,12,499.936,469.93282948741887,,,2026-06-25T10:27:21.028312
realtime,lightgbm,0,2023-01-01,2026-04-30,2026-05-01,2026-05-31,2026-05-20,2026-05-20,2026-05-20 13:00:00,9_16,13,454.932,332.9751130912532,,,2026-06-25T10:27:21.028312
realtime,lightgbm,0,2023-01-01,2026-04-30,2026-05-01,2026-05-31,2026-05-20,2026-05-20,2026-05-20 14:00:00,9_16,14,440.991,340.9828358937434,,,2026-06-25T10:27:21.028312
realtime,lightgbm,0,2023-01-01,2026-04-30,2026-05-01,2026-05-31,2026-05-20,2026-05-20,2026-05-20 15:00:00,9_16,15,415.458,276.59182999005577,,,2026-06-25T10:27:21.028312
realtime,lightgbm,0,2023-01-01,2026-04-30,2026-05-01,2026-05-31,2026-05-20,2026-05-20,2026-05-20 16:00:00,9_16,16,359.168,231.26272073908194,,,2026-06-25T10:27:21.028312
realtime,lightgbm,0,2023-01-01,2026-04-30,2026-05-01,2026-05-31,2026-05-20,2026-05-20,2026-05-20 17:00:00,17_24,17,375.89,260.86025742190515,,,2026-06-25T10:27:21.028312
realtime,lightgbm,0,2023-01-01,2026-04-30,2026-05-01,2026-05-31,2026-05-20,2026-05-20,2026-05-20 18:00:00,17_24,18,327.262,340.58816015771686,,,2026-06-25T10:27:21.028312
realtime,lightgbm,0,2023-01-01,2026-04-30,2026-05-01,2026-05-31,2026-05-20,2026-05-20,2026-05-20 19:00:00,17_24,19,404.043,368.1500871488395,,,2026-06-25T10:27:21.028312
realtime,lightgbm,0,2023-01-01,2026-04-30,2026-05-01,2026-05-31,2026-05-20,2026-05-20,2026-05-20 20:00:00,17_24,20,440.832,380.8378718695753,,,2026-06-25T10:27:21.028312
realtime,lightgbm,0,2023-01-01,2026-04-30,2026-05-01,2026-05-31,2026-05-20,2026-05-20,2026-05-20 21:00:00,17_24,21,420.1,394.56174519786316,,,2026-06-25T10:27:21.028312
realtime,lightgbm,0,2023-01-01,2026-04-30,2026-05-01,2026-05-31,2026-05-20,2026-05-20,2026-05-20 22:00:00,17_24,22,381.371,380.6346765636468,,,2026-06-25T10:27:21.028312
realtime,lightgbm,0,2023-01-01,2026-04-30,2026-05-01,2026-05-31,2026-05-20,2026-05-20,2026-05-20 23:00:00,17_24,23,396.961,369.0005966724466,,,2026-06-25T10:27:21.028312
realtime,lightgbm,0,2023-01-01,2026-04-30,2026-05-01,2026-05-31,2026-05-20,2026-05-20,2026-05-21 00:00:00,17_24,24,370.492,360.53982250903323,,,2026-06-25T10:27:21.028312
realtime,lightgbm,0,2023-01-01,2026-04-30,2026-05-01,2026-05-31,2026-05-21,2026-05-21,2026-05-21 01:00:00,1_8,1,442.71,315.8225438955044,,,2026-06-25T10:27:21.028312
realtime,lightgbm,0,2023-01-01,2026-04-30,2026-05-01,2026-05-31,2026-05-21,2026-05-21,2026-05-21 02:00:00,1_8,2,413.07,315.8225438955044,,,2026-06-25T10:27:21.028312
realtime,lightgbm,0,2023-01-01,2026-04-30,2026-05-01,2026-05-31,2026-05-21,2026-05-21,2026-05-21 03:00:00,1_8,3,392.914,299.7709484961913,,,2026-06-25T10:27:21.028312
realtime,lightgbm,0,2023-01-01,2026-04-30,2026-05-01,2026-05-31,2026-05-21,2026-05-21,2026-05-21 04:00:00,1_8,4,374.351,299.7709484961913,,,2026-06-25T10:27:21.028312
realtime,lightgbm,0,2023-01-01,2026-04-30,2026-05-01,2026-05-31,2026-05-21,2026-05-21,2026-05-21 05:00:00,1_8,5,391.938,315.8225438955044,,,2026-06-25T10:27:21.028312
realtime,lightgbm,0,2023-01-01,2026-04-30,2026-05-01,2026-05-31,2026-05-21,2026-05-21,2026-05-21 06:00:00,1_8,6,391.936,299.7709484961913,,,2026-06-25T10:27:21.028312
realtime,lightgbm,0,2023-01-01,2026-04-30,2026-05-01,2026-05-31,2026-05-21,2026-05-21,2026-05-21 07:00:00,1_8,7,350.182,304.70510538788346,,,2026-06-25T10:27:21.028312
realtime,lightgbm,0,2023-01-01,2026-04-30,2026-05-01,2026-05-31,2026-05-21,2026-05-21,2026-05-21 08:00:00,1_8,8,-80.0,285.5662481487298,,,2026-06-25T10:27:21.028312
realtime,lightgbm,0,2023-01-01,2026-04-30,2026-05-01,2026-05-31,2026-05-21,2026-05-21,2026-05-21 09:00:00,9_16,9,-80.0,-76.15676531550497,,,2026-06-25T10:27:21.028312
realtime,lightgbm,0,2023-01-01,2026-04-30,2026-05-01,2026-05-31,2026-05-21,2026-05-21,2026-05-21 10:00:00,9_16,10,-80.0,-76.52529185457269,,,2026-06-25T10:27:21.028312
realtime,lightgbm,0,2023-01-01,2026-04-30,2026-05-01,2026-05-31,2026-05-21,2026-05-21,2026-05-21 11:00:00,9_16,11,-80.0,-74.24129867431952,,,2026-06-25T10:27:21.028312
realtime,lightgbm,0,2023-01-01,2026-04-30,2026-05-01,2026-05-31,2026-05-21,2026-05-21,2026-05-21 12:00:00,9_16,12,-80.0,-56.679683490616824,,,2026-06-25T10:27:21.028312
realtime,lightgbm,0,2023-01-01,2026-04-30,2026-05-01,2026-05-31,2026-05-21,2026-05-21,2026-05-21 13:00:00,9_16,13,-80.0,-60.556037600099046,,,2026-06-25T10:27:21.028312
realtime,lightgbm,0,2023-01-01,2026-04-30,2026-05-01,2026-05-31,2026-05-21,2026-05-21,2026-05-21 14:00:00,9_16,14,-80.0,-60.536083729337165,,,2026-06-25T10:27:21.028312
realtime,lightgbm,0,2023-01-01,2026-04-30,2026-05-01,2026-05-31,2026-05-21,2026-05-21,2026-05-21 15:00:00,9_16,15,-80.0,-78.51977006988393,,,2026-06-25T10:27:21.028312
realtime,lightgbm,0,2023-01-01,2026-04-30,2026-05-01,2026-05-31,2026-05-21,2026-05-21,2026-05-21 16:00:00,9_16,16,-80.0,-62.12869252775851,,,2026-06-25T10:27:21.028312
realtime,lightgbm,0,2023-01-01,2026-04-30,2026-05-01,2026-05-31,2026-05-21,2026-05-21,2026-05-21 17:00:00,17_24,17,362.364,180.1815091155679,,,2026-06-25T10:27:21.028312
realtime,lightgbm,0,2023-01-01,2026-04-30,2026-05-01,2026-05-31,2026-05-21,2026-05-21,2026-05-21 18:00:00,17_24,18,538.553,406.3945346699824,,,2026-06-25T10:27:21.028312
realtime,lightgbm,0,2023-01-01,2026-04-30,2026-05-01,2026-05-31,2026-05-21,2026-05-21,2026-05-21 19:00:00,17_24,19,592.265,432.6639777419871,,,2026-06-25T10:27:21.028312
realtime,lightgbm,0,2023-01-01,2026-04-30,2026-05-01,2026-05-31,2026-05-21,2026-05-21,2026-05-21 20:00:00,17_24,20,606.741,438.67404924106944,,,2026-06-25T10:27:21.028312
realtime,lightgbm,0,2023-01-01,2026-04-30,2026-05-01,2026-05-31,2026-05-21,2026-05-21,2026-05-21 21:00:00,17_24,21,609.773,427.6222485821215,,,2026-06-25T10:27:21.028312
realtime,lightgbm,0,2023-01-01,2026-04-30,2026-05-01,2026-05-31,2026-05-21,2026-05-21,2026-05-21 22:00:00,17_24,22,619.067,429.78709990820914,,,2026-06-25T10:27:21.028312
realtime,lightgbm,0,2023-01-01,2026-04-30,2026-05-01,2026-05-31,2026-05-21,2026-05-21,2026-05-21 23:00:00,17_24,23,617.677,427.78040466854065,,,2026-06-25T10:27:21.028312
realtime,lightgbm,0,2023-01-01,2026-04-30,2026-05-01,2026-05-31,2026-05-21,2026-05-21,2026-05-22 00:00:00,17_24,24,612.194,398.76471863460114,,,2026-06-25T10:27:21.028312
realtime,lightgbm,0,2023-01-01,2026-04-30,2026-05-01,2026-05-31,2026-05-22,2026-05-22,2026-05-22 01:00:00,1_8,1,429.031,340.485298775397,,,2026-06-25T10:27:21.028312
realtime,lightgbm,0,2023-01-01,2026-04-30,2026-05-01,2026-05-31,2026-05-22,2026-05-22,2026-05-22 02:00:00,1_8,2,408.248,340.485298775397,,,2026-06-25T10:27:21.028312
realtime,lightgbm,0,2023-01-01,2026-04-30,2026-05-01,2026-05-31,2026-05-22,2026-05-22,2026-05-22 03:00:00,1_8,3,389.336,339.33097835099335,,,2026-06-25T10:27:21.028312
realtime,lightgbm,0,2023-01-01,2026-04-30,2026-05-01,2026-05-31,2026-05-22,2026-05-22,2026-05-22 04:00:00,1_8,4,379.571,336.11376646233344,,,2026-06-25T10:27:21.028312
realtime,lightgbm,0,2023-01-01,2026-04-30,2026-05-01,2026-05-31,2026-05-22,2026-05-22,2026-05-22 05:00:00,1_8,5,378.027,340.485298775397,,,2026-06-25T10:27:21.028312
realtime,lightgbm,0,2023-01-01,2026-04-30,2026-05-01,2026-05-31,2026-05-22,2026-05-22,2026-05-22 06:00:00,1_8,6,362.588,310.6113155816125,,,2026-06-25T10:27:21.028312
realtime,lightgbm,0,2023-01-01,2026-04-30,2026-05-01,2026-05-31,2026-05-22,2026-05-22,2026-05-22 07:00:00,1_8,7,107.199,271.1212928578768,,,2026-06-25T10:27:21.028312
realtime,lightgbm,0,2023-01-01,2026-04-30,2026-05-01,2026-05-31,2026-05-22,2026-05-22,2026-05-22 08:00:00,1_8,8,-80.0,259.2363599529398,,,2026-06-25T10:27:21.028312
realtime,lightgbm,0,2023-01-01,2026-04-30,2026-05-01,2026-05-31,2026-05-22,2026-05-22,2026-05-22 09:00:00,9_16,9,-80.0,-29.769459704439775,,,2026-06-25T10:27:21.028312
realtime,lightgbm,0,2023-01-01,2026-04-30,2026-05-01,2026-05-31,2026-05-22,2026-05-22,2026-05-22 10:00:00,9_16,10,-80.0,-60.76855824108091,,,2026-06-25T10:27:21.028312
realtime,lightgbm,0,2023-01-01,2026-04-30,2026-05-01,2026-05-31,2026-05-22,2026-05-22,2026-05-22 11:00:00,9_16,11,-2.841,-32.29135493046811,,,2026-06-25T10:27:21.028312
realtime,lightgbm,0,2023-01-01,2026-04-30,2026-05-01,2026-05-31,2026-05-22,2026-05-22,2026-05-22 12:00:00,9_16,12,367.031,-25.810001277818618,,,2026-06-25T10:27:21.028312
realtime,lightgbm,0,2023-01-01,2026-04-30,2026-05-01,2026-05-31,2026-05-22,2026-05-22,2026-05-22 13:00:00,9_16,13,376.195,-2.1848242474060076,,,2026-06-25T10:27:21.028312
realtime,lightgbm,0,2023-01-01,2026-04-30,2026-05-01,2026-05-31,2026-05-22,2026-05-22,2026-05-22 14:00:00,9_16,14,391.673,60.659632714531,,,2026-06-25T10:27:21.028312
realtime,lightgbm,0,2023-01-01,2026-04-30,2026-05-01,2026-05-31,2026-05-22,2026-05-22,2026-05-22 15:00:00,9_16,15,423.857,234.5908391921516,,,2026-06-25T10:27:21.028312
realtime,lightgbm,0,2023-01-01,2026-04-30,2026-05-01,2026-05-31,2026-05-22,2026-05-22,2026-05-22 16:00:00,9_16,16,428.393,380.498764960843,,,2026-06-25T10:27:21.028312
realtime,lightgbm,0,2023-01-01,2026-04-30,2026-05-01,2026-05-31,2026-05-22,2026-05-22,2026-05-22 17:00:00,17_24,17,430.004,463.98102763827836,,,2026-06-25T10:27:21.028312
realtime,lightgbm,0,2023-01-01,2026-04-30,2026-05-01,2026-05-31,2026-05-22,2026-05-22,2026-05-22 18:00:00,17_24,18,418.479,473.50747942300785,,,2026-06-25T10:27:21.028312
realtime,lightgbm,0,2023-01-01,2026-04-30,2026-05-01,2026-05-31,2026-05-22,2026-05-22,2026-05-22 19:00:00,17_24,19,411.53,466.81184256099306,,,2026-06-25T10:27:21.028312
realtime,lightgbm,0,2023-01-01,2026-04-30,2026-05-01,2026-05-31,2026-05-22,2026-05-22,2026-05-22 20:00:00,17_24,20,419.699,455.4008884208074,,,2026-06-25T10:27:21.028312
realtime,lightgbm,0,2023-01-01,2026-04-30,2026-05-01,2026-05-31,2026-05-22,2026-05-22,2026-05-22 21:00:00,17_24,21,436.123,457.26066420591883,,,2026-06-25T10:27:21.028312
realtime,lightgbm,0,2023-01-01,2026-04-30,2026-05-01,2026-05-31,2026-05-22,2026-05-22,2026-05-22 22:00:00,17_24,22,430.983,459.8466814108107,,,2026-06-25T10:27:21.028312
realtime,lightgbm,0,2023-01-01,2026-04-30,2026-05-01,2026-05-31,2026-05-22,2026-05-22,2026-05-22 23:00:00,17_24,23,431.741,449.1303085048276,,,2026-06-25T10:27:21.028312
realtime,lightgbm,0,2023-01-01,2026-04-30,2026-05-01,2026-05-31,2026-05-22,2026-05-22,2026-05-23 00:00:00,17_24,24,416.63,424.1001814589531,,,2026-06-25T10:27:21.028312
realtime,lightgbm,0,2023-01-01,2026-04-30,2026-05-01,2026-05-31,2026-05-23,2026-05-23,2026-05-23 01:00:00,1_8,1,526.155,325.87048250197677,,,2026-06-25T10:27:21.028312
realtime,lightgbm,0,2023-01-01,2026-04-30,2026-05-01,2026-05-31,2026-05-23,2026-05-23,2026-05-23 02:00:00,1_8,2,515.652,325.87048250197677,,,2026-06-25T10:27:21.028312
realtime,lightgbm,0,2023-01-01,2026-04-30,2026-05-01,2026-05-31,2026-05-23,2026-05-23,2026-05-23 03:00:00,1_8,3,502.637,325.87048250197677,,,2026-06-25T10:27:21.028312
realtime,lightgbm,0,2023-01-01,2026-04-30,2026-05-01,2026-05-31,2026-05-23,2026-05-23,2026-05-23 04:00:00,1_8,4,511.404,325.87048250197677,,,2026-06-25T10:27:21.028312
realtime,lightgbm,0,2023-01-01,2026-04-30,2026-05-01,2026-05-31,2026-05-23,2026-05-23,2026-05-23 05:00:00,1_8,5,516.514,325.87048250197677,,,2026-06-25T10:27:21.028312
realtime,lightgbm,0,2023-01-01,2026-04-30,2026-05-01,2026-05-31,2026-05-23,2026-05-23,2026-05-23 06:00:00,1_8,6,515.742,325.87048250197677,,,2026-06-25T10:27:21.028312
realtime,lightgbm,0,2023-01-01,2026-04-30,2026-05-01,2026-05-31,2026-05-23,2026-05-23,2026-05-23 07:00:00,1_8,7,440.928,324.51029857191173,,,2026-06-25T10:27:21.028312
realtime,lightgbm,0,2023-01-01,2026-04-30,2026-05-01,2026-05-31,2026-05-23,2026-05-23,2026-05-23 08:00:00,1_8,8,347.681,320.65129551621044,,,2026-06-25T10:27:21.028312
realtime,lightgbm,0,2023-01-01,2026-04-30,2026-05-01,2026-05-31,2026-05-23,2026-05-23,2026-05-23 09:00:00,9_16,9,245.1,70.15050969402785,,,2026-06-25T10:27:21.028312
realtime,lightgbm,0,2023-01-01,2026-04-30,2026-05-01,2026-05-31,2026-05-23,2026-05-23,2026-05-23 10:00:00,9_16,10,-80.0,-80.0,,,2026-06-25T10:27:21.028312
realtime,lightgbm,0,2023-01-01,2026-04-30,2026-05-01,2026-05-31,2026-05-23,2026-05-23,2026-05-23 11:00:00,9_16,11,-80.0,-1.1794868708578912,,,2026-06-25T10:27:21.028312
realtime,lightgbm,0,2023-01-01,2026-04-30,2026-05-01,2026-05-31,2026-05-23,2026-05-23,2026-05-23 12:00:00,9_16,12,-80.0,16.683940119359065,,,2026-06-25T10:27:21.028312
realtime,lightgbm,0,2023-01-01,2026-04-30,2026-05-01,2026-05-31,2026-05-23,2026-05-23,2026-05-23 13:00:00,9_16,13,-80.0,-20.070938746915072,,,2026-06-25T10:27:21.028312
realtime,lightgbm,0,2023-01-01,2026-04-30,2026-05-01,2026-05-31,2026-05-23,2026-05-23,2026-05-23 14:00:00,9_16,14,-80.0,31.882572283218746,,,2026-06-25T10:27:21.028312
realtime,lightgbm,0,2023-01-01,2026-04-30,2026-05-01,2026-05-31,2026-05-23,2026-05-23,2026-05-23 15:00:00,9_16,15,-80.0,109.57234104056536,,,2026-06-25T10:27:21.028312
realtime,lightgbm,0,2023-01-01,2026-04-30,2026-05-01,2026-05-31,2026-05-23,2026-05-23,2026-05-23 16:00:00,9_16,16,150.66,151.76768801230384,,,2026-06-25T10:27:21.028312
realtime,lightgbm,0,2023-01-01,2026-04-30,2026-05-01,2026-05-31,2026-05-23,2026-05-23,2026-05-23 17:00:00,17_24,17,475.775,423.08328753512836,,,2026-06-25T10:27:21.028312
realtime,lightgbm,0,2023-01-01,2026-04-30,2026-05-01,2026-05-31,2026-05-23,2026-05-23,2026-05-23 18:00:00,17_24,18,513.967,444.0432859899455,,,2026-06-25T10:27:21.028312
realtime,lightgbm,0,2023-01-01,2026-04-30,2026-05-01,2026-05-31,2026-05-23,2026-05-23,2026-05-23 19:00:00,17_24,19,520.067,449.89664050437585,,,2026-06-25T10:27:21.028312
realtime,lightgbm,0,2023-01-01,2026-04-30,2026-05-01,2026-05-31,2026-05-23,2026-05-23,2026-05-23 20:00:00,17_24,20,522.695,438.4052843142413,,,2026-06-25T10:27:21.028312
realtime,lightgbm,0,2023-01-01,2026-04-30,2026-05-01,2026-05-31,2026-05-23,2026-05-23,2026-05-23 21:00:00,17_24,21,526.9,431.5757446847274,,,2026-06-25T10:27:21.028312
realtime,lightgbm,0,2023-01-01,2026-04-30,2026-05-01,2026-05-31,2026-05-23,2026-05-23,2026-05-23 22:00:00,17_24,22,532.379,422.44475306854554,,,2026-06-25T10:27:21.028312
realtime,lightgbm,0,2023-01-01,2026-04-30,2026-05-01,2026-05-31,2026-05-23,2026-05-23,2026-05-23 23:00:00,17_24,23,550.193,421.3257135054009,,,2026-06-25T10:27:21.028312
realtime,lightgbm,0,2023-01-01,2026-04-30,2026-05-01,2026-05-31,2026-05-23,2026-05-23,2026-05-24 00:00:00,17_24,24,533.437,387.34412762581496,,,2026-06-25T10:27:21.028312
realtime,lightgbm,0,2023-01-01,2026-04-30,2026-05-01,2026-05-31,2026-05-24,2026-05-24,2026-05-24 01:00:00,1_8,1,565.22,328.51565481640904,,,2026-06-25T10:27:21.028312
realtime,lightgbm,0,2023-01-01,2026-04-30,2026-05-01,2026-05-31,2026-05-24,2026-05-24,2026-05-24 02:00:00,1_8,2,536.208,328.51565481640904,,,2026-06-25T10:27:21.028312
realtime,lightgbm,0,2023-01-01,2026-04-30,2026-05-01,2026-05-31,2026-05-24,2026-05-24,2026-05-24 03:00:00,1_8,3,516.252,328.51565481640904,,,2026-06-25T10:27:21.028312
realtime,lightgbm,0,2023-01-01,2026-04-30,2026-05-01,2026-05-31,2026-05-24,2026-05-24,2026-05-24 04:00:00,1_8,4,502.001,328.51565481640904,,,2026-06-25T10:27:21.028312
realtime,lightgbm,0,2023-01-01,2026-04-30,2026-05-01,2026-05-31,2026-05-24,2026-05-24,2026-05-24 05:00:00,1_8,5,501.606,328.51565481640904,,,2026-06-25T10:27:21.028312
realtime,lightgbm,0,2023-01-01,2026-04-30,2026-05-01,2026-05-31,2026-05-24,2026-05-24,2026-05-24 06:00:00,1_8,6,469.332,328.51565481640904,,,2026-06-25T10:27:21.028312
realtime,lightgbm,0,2023-01-01,2026-04-30,2026-05-01,2026-05-31,2026-05-24,2026-05-24,2026-05-24 07:00:00,1_8,7,268.572,323.0439313432424,,,2026-06-25T10:27:21.028312
realtime,lightgbm,0,2023-01-01,2026-04-30,2026-05-01,2026-05-31,2026-05-24,2026-05-24,2026-05-24 08:00:00,1_8,8,245.36,290.6612400487199,,,2026-06-25T10:27:21.028312
realtime,lightgbm,0,2023-01-01,2026-04-30,2026-05-01,2026-05-31,2026-05-24,2026-05-24,2026-05-24 09:00:00,9_16,9,276.824,-80.0,,,2026-06-25T10:27:21.028312
realtime,lightgbm,0,2023-01-01,2026-04-30,2026-05-01,2026-05-31,2026-05-24,2026-05-24,2026-05-24 10:00:00,9_16,10,-28.246,-50.7589055557119,,,2026-06-25T10:27:21.028312
realtime,lightgbm,0,2023-01-01,2026-04-30,2026-05-01,2026-05-31,2026-05-24,2026-05-24,2026-05-24 11:00:00,9_16,11,-80.0,-50.625002357104826,,,2026-06-25T10:27:21.028312
realtime,lightgbm,0,2023-01-01,2026-04-30,2026-05-01,2026-05-31,2026-05-24,2026-05-24,2026-05-24 12:00:00,9_16,12,61.836,-59.23419101983102,,,2026-06-25T10:27:21.028312
realtime,lightgbm,0,2023-01-01,2026-04-30,2026-05-01,2026-05-31,2026-05-24,2026-05-24,2026-05-24 13:00:00,9_16,13,-26.141,-71.07412745705402,,,2026-06-25T10:27:21.028312
realtime,lightgbm,0,2023-01-01,2026-04-30,2026-05-01,2026-05-31,2026-05-24,2026-05-24,2026-05-24 14:00:00,9_16,14,-45.997,-69.24539169540913,,,2026-06-25T10:27:21.028312
realtime,lightgbm,0,2023-01-01,2026-04-30,2026-05-01,2026-05-31,2026-05-24,2026-05-24,2026-05-24 15:00:00,9_16,15,-80.0,-42.355156819135836,,,2026-06-25T10:27:21.028312
realtime,lightgbm,0,2023-01-01,2026-04-30,2026-05-01,2026-05-31,2026-05-24,2026-05-24,2026-05-24 16:00:00,9_16,16,-80.0,-45.95476753050741,,,2026-06-25T10:27:21.028312
realtime,lightgbm,0,2023-01-01,2026-04-30,2026-05-01,2026-05-31,2026-05-24,2026-05-24,2026-05-24 17:00:00,17_24,17,380.887,302.7068409690456,,,2026-06-25T10:27:21.028312
realtime,lightgbm,0,2023-01-01,2026-04-30,2026-05-01,2026-05-31,2026-05-24,2026-05-24,2026-05-24 18:00:00,17_24,18,416.445,349.56864102622075,,,2026-06-25T10:27:21.028312
realtime,lightgbm,0,2023-01-01,2026-04-30,2026-05-01,2026-05-31,2026-05-24,2026-05-24,2026-05-24 19:00:00,17_24,19,430.045,464.4125796493696,,,2026-06-25T10:27:21.028312
realtime,lightgbm,0,2023-01-01,2026-04-30,2026-05-01,2026-05-31,2026-05-24,2026-05-24,2026-05-24 20:00:00,17_24,20,424.835,464.4125796493696,,,2026-06-25T10:27:21.028312
realtime,lightgbm,0,2023-01-01,2026-04-30,2026-05-01,2026-05-31,2026-05-24,2026-05-24,2026-05-24 21:00:00,17_24,21,425.905,464.4125796493696,,,2026-06-25T10:27:21.028312
realtime,lightgbm,0,2023-01-01,2026-04-30,2026-05-01,2026-05-31,2026-05-24,2026-05-24,2026-05-24 22:00:00,17_24,22,499.973,464.4125796493696,,,2026-06-25T10:27:21.028312
realtime,lightgbm,0,2023-01-01,2026-04-30,2026-05-01,2026-05-31,2026-05-24,2026-05-24,2026-05-24 23:00:00,17_24,23,546.258,464.4125796493696,,,2026-06-25T10:27:21.028312
realtime,lightgbm,0,2023-01-01,2026-04-30,2026-05-01,2026-05-31,2026-05-24,2026-05-24,2026-05-25 00:00:00,17_24,24,523.479,464.4125796493696,,,2026-06-25T10:27:21.028312
realtime,lightgbm,0,2023-01-01,2026-04-30,2026-05-01,2026-05-31,2026-05-25,2026-05-25,2026-05-25 01:00:00,1_8,1,383.311,332.6463179057701,,,2026-06-25T10:27:21.028312
realtime,lightgbm,0,2023-01-01,2026-04-30,2026-05-01,2026-05-31,2026-05-25,2026-05-25,2026-05-25 02:00:00,1_8,2,364.238,332.6463179057701,,,2026-06-25T10:27:21.028312
realtime,lightgbm,0,2023-01-01,2026-04-30,2026-05-01,2026-05-31,2026-05-25,2026-05-25,2026-05-25 03:00:00,1_8,3,348.501,332.6463179057701,,,2026-06-25T10:27:21.028312
realtime,lightgbm,0,2023-01-01,2026-04-30,2026-05-01,2026-05-31,2026-05-25,2026-05-25,2026-05-25 04:00:00,1_8,4,342.466,332.6463179057701,,,2026-06-25T10:27:21.028312
realtime,lightgbm,0,2023-01-01,2026-04-30,2026-05-01,2026-05-31,2026-05-25,2026-05-25,2026-05-25 05:00:00,1_8,5,354.289,332.6463179057701,,,2026-06-25T10:27:21.028312
realtime,lightgbm,0,2023-01-01,2026-04-30,2026-05-01,2026-05-31,2026-05-25,2026-05-25,2026-05-25 06:00:00,1_8,6,360.623,330.0933213461936,,,2026-06-25T10:27:21.028312
realtime,lightgbm,0,2023-01-01,2026-04-30,2026-05-01,2026-05-31,2026-05-25,2026-05-25,2026-05-25 07:00:00,1_8,7,358.622,291.20707014918406,,,2026-06-25T10:27:21.028312
realtime,lightgbm,0,2023-01-01,2026-04-30,2026-05-01,2026-05-31,2026-05-25,2026-05-25,2026-05-25 08:00:00,1_8,8,332.408,291.20707014918406,,,2026-06-25T10:27:21.028312
realtime,lightgbm,0,2023-01-01,2026-04-30,2026-05-01,2026-05-31,2026-05-25,2026-05-25,2026-05-25 09:00:00,9_16,9,357.498,425.2403406264283,,,2026-06-25T10:27:21.028312
realtime,lightgbm,0,2023-01-01,2026-04-30,2026-05-01,2026-05-31,2026-05-25,2026-05-25,2026-05-25 10:00:00,9_16,10,366.583,430.10662928324325,,,2026-06-25T10:27:21.028312
realtime,lightgbm,0,2023-01-01,2026-04-30,2026-05-01,2026-05-31,2026-05-25,2026-05-25,2026-05-25 11:00:00,9_16,11,414.03,436.3016954895181,,,2026-06-25T10:27:21.028312
realtime,lightgbm,0,2023-01-01,2026-04-30,2026-05-01,2026-05-31,2026-05-25,2026-05-25,2026-05-25 12:00:00,9_16,12,421.759,417.8661479538278,,,2026-06-25T10:27:21.028312
realtime,lightgbm,0,2023-01-01,2026-04-30,2026-05-01,2026-05-31,2026-05-25,2026-05-25,2026-05-25 13:00:00,9_16,13,431.929,420.9957590061836,,,2026-06-25T10:27:21.028312
realtime,lightgbm,0,2023-01-01,2026-04-30,2026-05-01,2026-05-31,2026-05-25,2026-05-25,2026-05-25 14:00:00,9_16,14,441.659,432.7252353283436,,,2026-06-25T10:27:21.028312
realtime,lightgbm,0,2023-01-01,2026-04-30,2026-05-01,2026-05-31,2026-05-25,2026-05-25,2026-05-25 15:00:00,9_16,15,447.326,446.2069296746584,,,2026-06-25T10:27:21.028312
realtime,lightgbm,0,2023-01-01,2026-04-30,2026-05-01,2026-05-31,2026-05-25,2026-05-25,2026-05-25 16:00:00,9_16,16,444.022,427.595373436279,,,2026-06-25T10:27:21.028312
realtime,lightgbm,0,2023-01-01,2026-04-30,2026-05-01,2026-05-31,2026-05-25,2026-05-25,2026-05-25 17:00:00,17_24,17,428.041,354.900432762375,,,2026-06-25T10:27:21.028312
realtime,lightgbm,0,2023-01-01,2026-04-30,2026-05-01,2026-05-31,2026-05-25,2026-05-25,2026-05-25 18:00:00,17_24,18,393.591,349.9105877888041,,,2026-06-25T10:27:21.028312
realtime,lightgbm,0,2023-01-01,2026-04-30,2026-05-01,2026-05-31,2026-05-25,2026-05-25,2026-05-25 19:00:00,17_24,19,378.405,352.5221205112173,,,2026-06-25T10:27:21.028312
realtime,lightgbm,0,2023-01-01,2026-04-30,2026-05-01,2026-05-31,2026-05-25,2026-05-25,2026-05-25 20:00:00,17_24,20,382.286,346.4894958852158,,,2026-06-25T10:27:21.028312
realtime,lightgbm,0,2023-01-01,2026-04-30,2026-05-01,2026-05-31,2026-05-25,2026-05-25,2026-05-25 21:00:00,17_24,21,373.649,344.0232679916532,,,2026-06-25T10:27:21.028312
realtime,lightgbm,0,2023-01-01,2026-04-30,2026-05-01,2026-05-31,2026-05-25,2026-05-25,2026-05-25 22:00:00,17_24,22,357.064,341.27190538258117,,,2026-06-25T10:27:21.028312
realtime,lightgbm,0,2023-01-01,2026-04-30,2026-05-01,2026-05-31,2026-05-25,2026-05-25,2026-05-25 23:00:00,17_24,23,345.36,300.3974137006245,,,2026-06-25T10:27:21.028312
realtime,lightgbm,0,2023-01-01,2026-04-30,2026-05-01,2026-05-31,2026-05-25,2026-05-25,2026-05-26 00:00:00,17_24,24,319.546,297.5937352604299,,,2026-06-25T10:27:21.028312
realtime,lightgbm,0,2023-01-01,2026-04-30,2026-05-01,2026-05-31,2026-05-26,2026-05-26,2026-05-26 01:00:00,1_8,1,324.968,312.1199499331573,,,2026-06-25T10:27:21.028312
realtime,lightgbm,0,2023-01-01,2026-04-30,2026-05-01,2026-05-31,2026-05-26,2026-05-26,2026-05-26 02:00:00,1_8,2,303.981,297.563836400374,,,2026-06-25T10:27:21.028312
realtime,lightgbm,0,2023-01-01,2026-04-30,2026-05-01,2026-05-31,2026-05-26,2026-05-26,2026-05-26 03:00:00,1_8,3,152.954,237.0860545392003,,,2026-06-25T10:27:21.028312
realtime,lightgbm,0,2023-01-01,2026-04-30,2026-05-01,2026-05-31,2026-05-26,2026-05-26,2026-05-26 04:00:00,1_8,4,107.77,237.0860545392003,,,2026-06-25T10:27:21.028312
realtime,lightgbm,0,2023-01-01,2026-04-30,2026-05-01,2026-05-31,2026-05-26,2026-05-26,2026-05-26 05:00:00,1_8,5,246.639,237.0860545392003,,,2026-06-25T10:27:21.028312
realtime,lightgbm,0,2023-01-01,2026-04-30,2026-05-01,2026-05-31,2026-05-26,2026-05-26,2026-05-26 06:00:00,1_8,6,256.835,253.83122474680215,,,2026-06-25T10:27:21.028312
realtime,lightgbm,0,2023-01-01,2026-04-30,2026-05-01,2026-05-31,2026-05-26,2026-05-26,2026-05-26 07:00:00,1_8,7,75.807,249.80203916207287,,,2026-06-25T10:27:21.028312
realtime,lightgbm,0,2023-01-01,2026-04-30,2026-05-01,2026-05-31,2026-05-26,2026-05-26,2026-05-26 08:00:00,1_8,8,112.078,249.80203916207287,,,2026-06-25T10:27:21.028312
realtime,lightgbm,0,2023-01-01,2026-04-30,2026-05-01,2026-05-31,2026-05-26,2026-05-26,2026-05-26 09:00:00,9_16,9,361.615,419.4122635153094,,,2026-06-25T10:27:21.028312
realtime,lightgbm,0,2023-01-01,2026-04-30,2026-05-01,2026-05-31,2026-05-26,2026-05-26,2026-05-26 10:00:00,9_16,10,363.142,408.9701485979606,,,2026-06-25T10:27:21.028312
realtime,lightgbm,0,2023-01-01,2026-04-30,2026-05-01,2026-05-31,2026-05-26,2026-05-26,2026-05-26 11:00:00,9_16,11,375.37,447.59094551471566,,,2026-06-25T10:27:21.028312
realtime,lightgbm,0,2023-01-01,2026-04-30,2026-05-01,2026-05-31,2026-05-26,2026-05-26,2026-05-26 12:00:00,9_16,12,384.594,524.8193121673172,,,2026-06-25T10:27:21.028312
realtime,lightgbm,0,2023-01-01,2026-04-30,2026-05-01,2026-05-31,2026-05-26,2026-05-26,2026-05-26 13:00:00,9_16,13,366.192,377.520995544527,,,2026-06-25T10:27:21.028312
realtime,lightgbm,0,2023-01-01,2026-04-30,2026-05-01,2026-05-31,2026-05-26,2026-05-26,2026-05-26 14:00:00,9_16,14,378.807,411.6146546878587,,,2026-06-25T10:27:21.028312
realtime,lightgbm,0,2023-01-01,2026-04-30,2026-05-01,2026-05-31,2026-05-26,2026-05-26,2026-05-26 15:00:00,9_16,15,393.066,453.6130912846574,,,2026-06-25T10:27:21.028312
realtime,lightgbm,0,2023-01-01,2026-04-30,2026-05-01,2026-05-31,2026-05-26,2026-05-26,2026-05-26 16:00:00,9_16,16,376.108,250.54497869906896,,,2026-06-25T10:27:21.028312
realtime,lightgbm,0,2023-01-01,2026-04-30,2026-05-01,2026-05-31,2026-05-26,2026-05-26,2026-05-26 17:00:00,17_24,17,374.503,313.1340652694353,,,2026-06-25T10:27:21.028312
realtime,lightgbm,0,2023-01-01,2026-04-30,2026-05-01,2026-05-31,2026-05-26,2026-05-26,2026-05-26 18:00:00,17_24,18,362.777,337.552225005879,,,2026-06-25T10:27:21.028312
realtime,lightgbm,0,2023-01-01,2026-04-30,2026-05-01,2026-05-31,2026-05-26,2026-05-26,2026-05-26 19:00:00,17_24,19,366.891,338.8410126321561,,,2026-06-25T10:27:21.028312
realtime,lightgbm,0,2023-01-01,2026-04-30,2026-05-01,2026-05-31,2026-05-26,2026-05-26,2026-05-26 20:00:00,17_24,20,386.257,416.9414761518624,,,2026-06-25T10:27:21.028312
realtime,lightgbm,0,2023-01-01,2026-04-30,2026-05-01,2026-05-31,2026-05-26,2026-05-26,2026-05-26 21:00:00,17_24,21,392.798,406.99551383046224,,,2026-06-25T10:27:21.028312
realtime,lightgbm,0,2023-01-01,2026-04-30,2026-05-01,2026-05-31,2026-05-26,2026-05-26,2026-05-26 22:00:00,17_24,22,393.246,405.10996772088663,,,2026-06-25T10:27:21.028312
realtime,lightgbm,0,2023-01-01,2026-04-30,2026-05-01,2026-05-31,2026-05-26,2026-05-26,2026-05-26 23:00:00,17_24,23,402.773,393.96566605679044,,,2026-06-25T10:27:21.028312
realtime,lightgbm,0,2023-01-01,2026-04-30,2026-05-01,2026-05-31,2026-05-26,2026-05-26,2026-05-27 00:00:00,17_24,24,399.407,389.8463346692746,,,2026-06-25T10:27:21.028312
realtime,lightgbm,0,2023-01-01,2026-04-30,2026-05-01,2026-05-31,2026-05-27,2026-05-27,2026-05-27 01:00:00,1_8,1,393.18,332.1672021765917,,,2026-06-25T10:27:21.028312
realtime,lightgbm,0,2023-01-01,2026-04-30,2026-05-01,2026-05-31,2026-05-27,2026-05-27,2026-05-27 02:00:00,1_8,2,382.532,332.1672021765917,,,2026-06-25T10:27:21.028312
realtime,lightgbm,0,2023-01-01,2026-04-30,2026-05-01,2026-05-31,2026-05-27,2026-05-27,2026-05-27 03:00:00,1_8,3,380.252,332.1672021765917,,,2026-06-25T10:27:21.028312
realtime,lightgbm,0,2023-01-01,2026-04-30,2026-05-01,2026-05-31,2026-05-27,2026-05-27,2026-05-27 04:00:00,1_8,4,378.304,332.1672021765917,,,2026-06-25T10:27:21.028312
realtime,lightgbm,0,2023-01-01,2026-04-30,2026-05-01,2026-05-31,2026-05-27,2026-05-27,2026-05-27 05:00:00,1_8,5,374.804,332.1672021765917,,,2026-06-25T10:27:21.028312
realtime,lightgbm,0,2023-01-01,2026-04-30,2026-05-01,2026-05-31,2026-05-27,2026-05-27,2026-05-27 06:00:00,1_8,6,377.836,320.6903434763631,,,2026-06-25T10:27:21.028312
realtime,lightgbm,0,2023-01-01,2026-04-30,2026-05-01,2026-05-31,2026-05-27,2026-05-27,2026-05-27 07:00:00,1_8,7,364.777,318.34196388026317,,,2026-06-25T10:27:21.028312
realtime,lightgbm,0,2023-01-01,2026-04-30,2026-05-01,2026-05-31,2026-05-27,2026-05-27,2026-05-27 08:00:00,1_8,8,354.406,306.9281255590612,,,2026-06-25T10:27:21.028312
realtime,lightgbm,0,2023-01-01,2026-04-30,2026-05-01,2026-05-31,2026-05-27,2026-05-27,2026-05-27 09:00:00,9_16,9,377.547,369.7965286344382,,,2026-06-25T10:27:21.028312
realtime,lightgbm,0,2023-01-01,2026-04-30,2026-05-01,2026-05-31,2026-05-27,2026-05-27,2026-05-27 10:00:00,9_16,10,332.82,363.7078651118563,,,2026-06-25T10:27:21.028312
realtime,lightgbm,0,2023-01-01,2026-04-30,2026-05-01,2026-05-31,2026-05-27,2026-05-27,2026-05-27 11:00:00,9_16,11,400.474,406.57794291029666,,,2026-06-25T10:27:21.028312
realtime,lightgbm,0,2023-01-01,2026-04-30,2026-05-01,2026-05-31,2026-05-27,2026-05-27,2026-05-27 12:00:00,9_16,12,277.823,382.2143667733736,,,2026-06-25T10:27:21.028312
realtime,lightgbm,0,2023-01-01,2026-04-30,2026-05-01,2026-05-31,2026-05-27,2026-05-27,2026-05-27 13:00:00,9_16,13,233.201,205.29885670254578,,,2026-06-25T10:27:21.028312
realtime,lightgbm,0,2023-01-01,2026-04-30,2026-05-01,2026-05-31,2026-05-27,2026-05-27,2026-05-27 14:00:00,9_16,14,407.411,231.09433569431448,,,2026-06-25T10:27:21.028312
realtime,lightgbm,0,2023-01-01,2026-04-30,2026-05-01,2026-05-31,2026-05-27,2026-05-27,2026-05-27 15:00:00,9_16,15,371.777,370.1291448584656,,,2026-06-25T10:27:21.028312
realtime,lightgbm,0,2023-01-01,2026-04-30,2026-05-01,2026-05-31,2026-05-27,2026-05-27,2026-05-27 16:00:00,9_16,16,375.126,360.3566509799629,,,2026-06-25T10:27:21.028312
realtime,lightgbm,0,2023-01-01,2026-04-30,2026-05-01,2026-05-31,2026-05-27,2026-05-27,2026-05-27 17:00:00,17_24,17,399.759,349.83508471722445,,,2026-06-25T10:27:21.028312
realtime,lightgbm,0,2023-01-01,2026-04-30,2026-05-01,2026-05-31,2026-05-27,2026-05-27,2026-05-27 18:00:00,17_24,18,417.79,367.6866000066624,,,2026-06-25T10:27:21.028312
realtime,lightgbm,0,2023-01-01,2026-04-30,2026-05-01,2026-05-31,2026-05-27,2026-05-27,2026-05-27 19:00:00,17_24,19,445.626,410.42991450768795,,,2026-06-25T10:27:21.028312
realtime,lightgbm,0,2023-01-01,2026-04-30,2026-05-01,2026-05-31,2026-05-27,2026-05-27,2026-05-27 20:00:00,17_24,20,447.577,427.3584361656997,,,2026-06-25T10:27:21.028312
realtime,lightgbm,0,2023-01-01,2026-04-30,2026-05-01,2026-05-31,2026-05-27,2026-05-27,2026-05-27 21:00:00,17_24,21,450.994,407.99981616665934,,,2026-06-25T10:27:21.028312
realtime,lightgbm,0,2023-01-01,2026-04-30,2026-05-01,2026-05-31,2026-05-27,2026-05-27,2026-05-27 22:00:00,17_24,22,452.995,407.8028231090302,,,2026-06-25T10:27:21.028312
realtime,lightgbm,0,2023-01-01,2026-04-30,2026-05-01,2026-05-31,2026-05-27,2026-05-27,2026-05-27 23:00:00,17_24,23,458.14,401.20604980848816,,,2026-06-25T10:27:21.028312
realtime,lightgbm,0,2023-01-01,2026-04-30,2026-05-01,2026-05-31,2026-05-27,2026-05-27,2026-05-28 00:00:00,17_24,24,442.498,408.64385000196376,,,2026-06-25T10:27:21.028312
realtime,lightgbm,0,2023-01-01,2026-04-30,2026-05-01,2026-05-31,2026-05-28,2026-05-28,2026-05-28 01:00:00,1_8,1,711.107,332.0097074040702,,,2026-06-25T10:27:21.028312
realtime,lightgbm,0,2023-01-01,2026-04-30,2026-05-01,2026-05-31,2026-05-28,2026-05-28,2026-05-28 02:00:00,1_8,2,657.929,332.0097074040702,,,2026-06-25T10:27:21.028312
realtime,lightgbm,0,2023-01-01,2026-04-30,2026-05-01,2026-05-31,2026-05-28,2026-05-28,2026-05-28 03:00:00,1_8,3,591.767,332.0097074040702,,,2026-06-25T10:27:21.028312
realtime,lightgbm,0,2023-01-01,2026-04-30,2026-05-01,2026-05-31,2026-05-28,2026-05-28,2026-05-28 04:00:00,1_8,4,534.721,332.0097074040702,,,2026-06-25T10:27:21.028312
realtime,lightgbm,0,2023-01-01,2026-04-30,2026-05-01,2026-05-31,2026-05-28,2026-05-28,2026-05-28 05:00:00,1_8,5,496.421,332.0097074040702,,,2026-06-25T10:27:21.028312
realtime,lightgbm,0,2023-01-01,2026-04-30,2026-05-01,2026-05-31,2026-05-28,2026-05-28,2026-05-28 06:00:00,1_8,6,342.134,321.0982037644913,,,2026-06-25T10:27:21.028312
realtime,lightgbm,0,2023-01-01,2026-04-30,2026-05-01,2026-05-31,2026-05-28,2026-05-28,2026-05-28 07:00:00,1_8,7,-80.0,294.13280855109855,,,2026-06-25T10:27:21.028312
realtime,lightgbm,0,2023-01-01,2026-04-30,2026-05-01,2026-05-31,2026-05-28,2026-05-28,2026-05-28 08:00:00,1_8,8,-80.0,294.13280855109855,,,2026-06-25T10:27:21.028312
realtime,lightgbm,0,2023-01-01,2026-04-30,2026-05-01,2026-05-31,2026-05-28,2026-05-28,2026-05-28 09:00:00,9_16,9,-80.0,-72.95900111251932,,,2026-06-25T10:27:21.028312
realtime,lightgbm,0,2023-01-01,2026-04-30,2026-05-01,2026-05-31,2026-05-28,2026-05-28,2026-05-28 10:00:00,9_16,10,-80.0,-73.17969925046435,,,2026-06-25T10:27:21.028312
realtime,lightgbm,0,2023-01-01,2026-04-30,2026-05-01,2026-05-31,2026-05-28,2026-05-28,2026-05-28 11:00:00,9_16,11,-80.0,-75.00274700014444,,,2026-06-25T10:27:21.028312
realtime,lightgbm,0,2023-01-01,2026-04-30,2026-05-01,2026-05-31,2026-05-28,2026-05-28,2026-05-28 12:00:00,9_16,12,-80.0,-74.46854059869038,,,2026-06-25T10:27:21.028312
realtime,lightgbm,0,2023-01-01,2026-04-30,2026-05-01,2026-05-31,2026-05-28,2026-05-28,2026-05-28 13:00:00,9_16,13,-80.0,-71.3071513457828,,,2026-06-25T10:27:21.028312
realtime,lightgbm,0,2023-01-01,2026-04-30,2026-05-01,2026-05-31,2026-05-28,2026-05-28,2026-05-28 14:00:00,9_16,14,-80.0,-77.28564370588123,,,2026-06-25T10:27:21.028312
realtime,lightgbm,0,2023-01-01,2026-04-30,2026-05-01,2026-05-31,2026-05-28,2026-05-28,2026-05-28 15:00:00,9_16,15,-80.0,-72.52539877229448,,,2026-06-25T10:27:21.028312
realtime,lightgbm,0,2023-01-01,2026-04-30,2026-05-01,2026-05-31,2026-05-28,2026-05-28,2026-05-28 16:00:00,9_16,16,-80.0,-65.5584231667511,,,2026-06-25T10:27:21.028312
realtime,lightgbm,0,2023-01-01,2026-04-30,2026-05-01,2026-05-31,2026-05-28,2026-05-28,2026-05-28 17:00:00,17_24,17,-59.305,105.42974287627402,,,2026-06-25T10:27:21.028312
realtime,lightgbm,0,2023-01-01,2026-04-30,2026-05-01,2026-05-31,2026-05-28,2026-05-28,2026-05-28 18:00:00,17_24,18,324.225,363.93311227189315,,,2026-06-25T10:27:21.028312
realtime,lightgbm,0,2023-01-01,2026-04-30,2026-05-01,2026-05-31,2026-05-28,2026-05-28,2026-05-28 19:00:00,17_24,19,585.779,407.12195414846246,,,2026-06-25T10:27:21.028312
realtime,lightgbm,0,2023-01-01,2026-04-30,2026-05-01,2026-05-31,2026-05-28,2026-05-28,2026-05-28 20:00:00,17_24,20,626.224,403.15986653028756,,,2026-06-25T10:27:21.028312
realtime,lightgbm,0,2023-01-01,2026-04-30,2026-05-01,2026-05-31,2026-05-28,2026-05-28,2026-05-28 21:00:00,17_24,21,653.714,420.67209988186,,,2026-06-25T10:27:21.028312
realtime,lightgbm,0,2023-01-01,2026-04-30,2026-05-01,2026-05-31,2026-05-28,2026-05-28,2026-05-28 22:00:00,17_24,22,726.106,431.1859797815689,,,2026-06-25T10:27:21.028312
realtime,lightgbm,0,2023-01-01,2026-04-30,2026-05-01,2026-05-31,2026-05-28,2026-05-28,2026-05-28 23:00:00,17_24,23,725.419,427.0402891291115,,,2026-06-25T10:27:21.028312
realtime,lightgbm,0,2023-01-01,2026-04-30,2026-05-01,2026-05-31,2026-05-28,2026-05-28,2026-05-29 00:00:00,17_24,24,719.91,418.4031935128197,,,2026-06-25T10:27:21.028312
realtime,lightgbm,0,2023-01-01,2026-04-30,2026-05-01,2026-05-31,2026-05-29,2026-05-29,2026-05-29 01:00:00,1_8,1,676.858,347.2523733248033,,,2026-06-25T10:27:21.028312
realtime,lightgbm,0,2023-01-01,2026-04-30,2026-05-01,2026-05-31,2026-05-29,2026-05-29,2026-05-29 02:00:00,1_8,2,644.4,339.7407198971389,,,2026-06-25T10:27:21.028312
realtime,lightgbm,0,2023-01-01,2026-04-30,2026-05-01,2026-05-31,2026-05-29,2026-05-29,2026-05-29 03:00:00,1_8,3,590.07,339.7407198971389,,,2026-06-25T10:27:21.028312
realtime,lightgbm,0,2023-01-01,2026-04-30,2026-05-01,2026-05-31,2026-05-29,2026-05-29,2026-05-29 04:00:00,1_8,4,583.821,339.7407198971389,,,2026-06-25T10:27:21.028312
realtime,lightgbm,0,2023-01-01,2026-04-30,2026-05-01,2026-05-31,2026-05-29,2026-05-29,2026-05-29 05:00:00,1_8,5,603.005,339.7407198971389,,,2026-06-25T10:27:21.028312
realtime,lightgbm,0,2023-01-01,2026-04-30,2026-05-01,2026-05-31,2026-05-29,2026-05-29,2026-05-29 06:00:00,1_8,6,536.716,339.7407198971389,,,2026-06-25T10:27:21.028312
realtime,lightgbm,0,2023-01-01,2026-04-30,2026-05-01,2026-05-31,2026-05-29,2026-05-29,2026-05-29 07:00:00,1_8,7,326.478,259.561751277051,,,2026-06-25T10:27:21.028312
realtime,lightgbm,0,2023-01-01,2026-04-30,2026-05-01,2026-05-31,2026-05-29,2026-05-29,2026-05-29 08:00:00,1_8,8,-9.834,229.49206379300068,,,2026-06-25T10:27:21.028312
realtime,lightgbm,0,2023-01-01,2026-04-30,2026-05-01,2026-05-31,2026-05-29,2026-05-29,2026-05-29 09:00:00,9_16,9,-80.0,-64.1393316181544,,,2026-06-25T10:27:21.028312
realtime,lightgbm,0,2023-01-01,2026-04-30,2026-05-01,2026-05-31,2026-05-29,2026-05-29,2026-05-29 10:00:00,9_16,10,-80.0,-67.39089713586472,,,2026-06-25T10:27:21.028312
realtime,lightgbm,0,2023-01-01,2026-04-30,2026-05-01,2026-05-31,2026-05-29,2026-05-29,2026-05-29 11:00:00,9_16,11,-80.0,-49.393688081099086,,,2026-06-25T10:27:21.028312
realtime,lightgbm,0,2023-01-01,2026-04-30,2026-05-01,2026-05-31,2026-05-29,2026-05-29,2026-05-29 12:00:00,9_16,12,-80.0,-50.244642961599645,,,2026-06-25T10:27:21.028312
realtime,lightgbm,0,2023-01-01,2026-04-30,2026-05-01,2026-05-31,2026-05-29,2026-05-29,2026-05-29 13:00:00,9_16,13,-80.0,-58.340764188048716,,,2026-06-25T10:27:21.028312
realtime,lightgbm,0,2023-01-01,2026-04-30,2026-05-01,2026-05-31,2026-05-29,2026-05-29,2026-05-29 14:00:00,9_16,14,-80.0,-58.470306519583914,,,2026-06-25T10:27:21.028312
realtime,lightgbm,0,2023-01-01,2026-04-30,2026-05-01,2026-05-31,2026-05-29,2026-05-29,2026-05-29 15:00:00,9_16,15,-80.0,-51.9837958700709,,,2026-06-25T10:27:21.028312
realtime,lightgbm,0,2023-01-01,2026-04-30,2026-05-01,2026-05-31,2026-05-29,2026-05-29,2026-05-29 16:00:00,9_16,16,-80.0,-80.0,,,2026-06-25T10:27:21.028312
realtime,lightgbm,0,2023-01-01,2026-04-30,2026-05-01,2026-05-31,2026-05-29,2026-05-29,2026-05-29 17:00:00,17_24,17,310.902,220.05716802280736,,,2026-06-25T10:27:21.028312
realtime,lightgbm,0,2023-01-01,2026-04-30,2026-05-01,2026-05-31,2026-05-29,2026-05-29,2026-05-29 18:00:00,17_24,18,381.444,499.6294976368648,,,2026-06-25T10:27:21.028312
realtime,lightgbm,0,2023-01-01,2026-04-30,2026-05-01,2026-05-31,2026-05-29,2026-05-29,2026-05-29 19:00:00,17_24,19,438.771,508.0900805276373,,,2026-06-25T10:27:21.028312
realtime,lightgbm,0,2023-01-01,2026-04-30,2026-05-01,2026-05-31,2026-05-29,2026-05-29,2026-05-29 20:00:00,17_24,20,510.443,484.8548466679113,,,2026-06-25T10:27:21.028312
realtime,lightgbm,0,2023-01-01,2026-04-30,2026-05-01,2026-05-31,2026-05-29,2026-05-29,2026-05-29 21:00:00,17_24,21,519.438,494.13108840742063,,,2026-06-25T10:27:21.028312
realtime,lightgbm,0,2023-01-01,2026-04-30,2026-05-01,2026-05-31,2026-05-29,2026-05-29,2026-05-29 22:00:00,17_24,22,523.037,481.31544695982046,,,2026-06-25T10:27:21.028312
realtime,lightgbm,0,2023-01-01,2026-04-30,2026-05-01,2026-05-31,2026-05-29,2026-05-29,2026-05-29 23:00:00,17_24,23,497.165,475.6546083302594,,,2026-06-25T10:27:21.028312
realtime,lightgbm,0,2023-01-01,2026-04-30,2026-05-01,2026-05-31,2026-05-29,2026-05-29,2026-05-30 00:00:00,17_24,24,474.295,454.73395499999293,,,2026-06-25T10:27:21.028312
realtime,lightgbm,0,2023-01-01,2026-04-30,2026-05-01,2026-05-31,2026-05-30,2026-05-30,2026-05-30 01:00:00,1_8,1,683.303,347.1635168817325,,,2026-06-25T10:27:21.028312
realtime,lightgbm,0,2023-01-01,2026-04-30,2026-05-01,2026-05-31,2026-05-30,2026-05-30,2026-05-30 02:00:00,1_8,2,576.817,347.1635168817325,,,2026-06-25T10:27:21.028312
realtime,lightgbm,0,2023-01-01,2026-04-30,2026-05-01,2026-05-31,2026-05-30,2026-05-30,2026-05-30 03:00:00,1_8,3,486.381,347.1635168817325,,,2026-06-25T10:27:21.028312
realtime,lightgbm,0,2023-01-01,2026-04-30,2026-05-01,2026-05-31,2026-05-30,2026-05-30,2026-05-30 04:00:00,1_8,4,455.865,344.26251471849736,,,2026-06-25T10:27:21.028312
realtime,lightgbm,0,2023-01-01,2026-04-30,2026-05-01,2026-05-31,2026-05-30,2026-05-30,2026-05-30 05:00:00,1_8,5,488.102,343.85226008255665,,,2026-06-25T10:27:21.028312
realtime,lightgbm,0,2023-01-01,2026-04-30,2026-05-01,2026-05-31,2026-05-30,2026-05-30,2026-05-30 06:00:00,1_8,6,262.848,269.39652555641345,,,2026-06-25T10:27:21.028312
realtime,lightgbm,0,2023-01-01,2026-04-30,2026-05-01,2026-05-31,2026-05-30,2026-05-30,2026-05-30 07:00:00,1_8,7,-80.0,196.19307459110837,,,2026-06-25T10:27:21.028312
realtime,lightgbm,0,2023-01-01,2026-04-30,2026-05-01,2026-05-31,2026-05-30,2026-05-30,2026-05-30 08:00:00,1_8,8,-80.0,196.1457783492022,,,2026-06-25T10:27:21.028312
realtime,lightgbm,0,2023-01-01,2026-04-30,2026-05-01,2026-05-31,2026-05-30,2026-05-30,2026-05-30 09:00:00,9_16,9,-80.0,-71.60913680972583,,,2026-06-25T10:27:21.028312
realtime,lightgbm,0,2023-01-01,2026-04-30,2026-05-01,2026-05-31,2026-05-30,2026-05-30,2026-05-30 10:00:00,9_16,10,-80.0,-73.11676372079638,,,2026-06-25T10:27:21.028312
realtime,lightgbm,0,2023-01-01,2026-04-30,2026-05-01,2026-05-31,2026-05-30,2026-05-30,2026-05-30 11:00:00,9_16,11,-80.0,-67.99823398094014,,,2026-06-25T10:27:21.028312
realtime,lightgbm,0,2023-01-01,2026-04-30,2026-05-01,2026-05-31,2026-05-30,2026-05-30,2026-05-30 12:00:00,9_16,12,-80.0,-66.67943834243243,,,2026-06-25T10:27:21.028312
realtime,lightgbm,0,2023-01-01,2026-04-30,2026-05-01,2026-05-31,2026-05-30,2026-05-30,2026-05-30 13:00:00,9_16,13,-80.0,-66.69596372302694,,,2026-06-25T10:27:21.028312
realtime,lightgbm,0,2023-01-01,2026-04-30,2026-05-01,2026-05-31,2026-05-30,2026-05-30,2026-05-30 14:00:00,9_16,14,-80.0,-67.89063542240042,,,2026-06-25T10:27:21.028312
realtime,lightgbm,0,2023-01-01,2026-04-30,2026-05-01,2026-05-31,2026-05-30,2026-05-30,2026-05-30 15:00:00,9_16,15,-80.0,-66.74494069840475,,,2026-06-25T10:27:21.028312
realtime,lightgbm,0,2023-01-01,2026-04-30,2026-05-01,2026-05-31,2026-05-30,2026-05-30,2026-05-30 16:00:00,9_16,16,-80.0,-31.74109409294881,,,2026-06-25T10:27:21.028312
realtime,lightgbm,0,2023-01-01,2026-04-30,2026-05-01,2026-05-31,2026-05-30,2026-05-30,2026-05-30 17:00:00,17_24,17,-80.0,276.5579474742018,,,2026-06-25T10:27:21.028312
realtime,lightgbm,0,2023-01-01,2026-04-30,2026-05-01,2026-05-31,2026-05-30,2026-05-30,2026-05-30 18:00:00,17_24,18,392.322,455.8927630965642,,,2026-06-25T10:27:21.028312
realtime,lightgbm,0,2023-01-01,2026-04-30,2026-05-01,2026-05-31,2026-05-30,2026-05-30,2026-05-30 19:00:00,17_24,19,512.436,513.3871340677811,,,2026-06-25T10:27:21.028312
realtime,lightgbm,0,2023-01-01,2026-04-30,2026-05-01,2026-05-31,2026-05-30,2026-05-30,2026-05-30 20:00:00,17_24,20,384.975,457.63166154127043,,,2026-06-25T10:27:21.028312
realtime,lightgbm,0,2023-01-01,2026-04-30,2026-05-01,2026-05-31,2026-05-30,2026-05-30,2026-05-30 21:00:00,17_24,21,350.294,429.1733990794175,,,2026-06-25T10:27:21.028312
realtime,lightgbm,0,2023-01-01,2026-04-30,2026-05-01,2026-05-31,2026-05-30,2026-05-30,2026-05-30 22:00:00,17_24,22,330.456,325.086224518776,,,2026-06-25T10:27:21.028312
realtime,lightgbm,0,2023-01-01,2026-04-30,2026-05-01,2026-05-31,2026-05-30,2026-05-30,2026-05-30 23:00:00,17_24,23,365.531,288.02942918667975,,,2026-06-25T10:27:21.028312
realtime,lightgbm,0,2023-01-01,2026-04-30,2026-05-01,2026-05-31,2026-05-30,2026-05-30,2026-05-31 00:00:00,17_24,24,338.374,255.060636824318,,,2026-06-25T10:27:21.028312
realtime,lightgbm,0,2023-01-01,2026-04-30,2026-05-01,2026-05-31,2026-05-31,2026-05-31,2026-05-31 01:00:00,1_8,1,309.93,202.9094028704424,,,2026-06-25T10:27:21.028312
realtime,lightgbm,0,2023-01-01,2026-04-30,2026-05-01,2026-05-31,2026-05-31,2026-05-31,2026-05-31 02:00:00,1_8,2,50.771,200.26851922840038,,,2026-06-25T10:27:21.028312
realtime,lightgbm,0,2023-01-01,2026-04-30,2026-05-01,2026-05-31,2026-05-31,2026-05-31,2026-05-31 03:00:00,1_8,3,-4.226,200.26851922840038,,,2026-06-25T10:27:21.028312
realtime,lightgbm,0,2023-01-01,2026-04-30,2026-05-01,2026-05-31,2026-05-31,2026-05-31,2026-05-31 04:00:00,1_8,4,-46.856,200.26851922840038,,,2026-06-25T10:27:21.028312
realtime,lightgbm,0,2023-01-01,2026-04-30,2026-05-01,2026-05-31,2026-05-31,2026-05-31,2026-05-31 05:00:00,1_8,5,-21.596,200.26851922840038,,,2026-06-25T10:27:21.028312
realtime,lightgbm,0,2023-01-01,2026-04-30,2026-05-01,2026-05-31,2026-05-31,2026-05-31,2026-05-31 06:00:00,1_8,6,-80.0,200.26851922840038,,,2026-06-25T10:27:21.028312
realtime,lightgbm,0,2023-01-01,2026-04-30,2026-05-01,2026-05-31,2026-05-31,2026-05-31,2026-05-31 07:00:00,1_8,7,-80.0,194.18402414283617,,,2026-06-25T10:27:21.028312
realtime,lightgbm,0,2023-01-01,2026-04-30,2026-05-01,2026-05-31,2026-05-31,2026-05-31,2026-05-31 08:00:00,1_8,8,-80.0,194.6034033262998,,,2026-06-25T10:27:21.028312
realtime,lightgbm,0,2023-01-01,2026-04-30,2026-05-01,2026-05-31,2026-05-31,2026-05-31,2026-05-31 09:00:00,9_16,9,-80.0,-74.93999207742473,,,2026-06-25T10:27:21.028312
realtime,lightgbm,0,2023-01-01,2026-04-30,2026-05-01,2026-05-31,2026-05-31,2026-05-31,2026-05-31 10:00:00,9_16,10,-80.0,-72.46431752684877,,,2026-06-25T10:27:21.028312
realtime,lightgbm,0,2023-01-01,2026-04-30,2026-05-01,2026-05-31,2026-05-31,2026-05-31,2026-05-31 11:00:00,9_16,11,-80.0,-70.2536972393911,,,2026-06-25T10:27:21.028312
realtime,lightgbm,0,2023-01-01,2026-04-30,2026-05-01,2026-05-31,2026-05-31,2026-05-31,2026-05-31 12:00:00,9_16,12,-80.0,-67.54800213452022,,,2026-06-25T10:27:21.028312
realtime,lightgbm,0,2023-01-01,2026-04-30,2026-05-01,2026-05-31,2026-05-31,2026-05-31,2026-05-31 13:00:00,9_16,13,-80.0,-63.97634996447666,,,2026-06-25T10:27:21.028312
realtime,lightgbm,0,2023-01-01,2026-04-30,2026-05-01,2026-05-31,2026-05-31,2026-05-31,2026-05-31 14:00:00,9_16,14,-80.0,-67.88431361866039,,,2026-06-25T10:27:21.028312
realtime,lightgbm,0,2023-01-01,2026-04-30,2026-05-01,2026-05-31,2026-05-31,2026-05-31,2026-05-31 15:00:00,9_16,15,-80.0,-71.01404682664429,,,2026-06-25T10:27:21.028312
realtime,lightgbm,0,2023-01-01,2026-04-30,2026-05-01,2026-05-31,2026-05-31,2026-05-31,2026-05-31 16:00:00,9_16,16,-80.0,-52.919167089916186,,,2026-06-25T10:27:21.028312
realtime,lightgbm,0,2023-01-01,2026-04-30,2026-05-01,2026-05-31,2026-05-31,2026-05-31,2026-05-31 17:00:00,17_24,17,-80.0,147.78672155070808,,,2026-06-25T10:27:21.028312
realtime,lightgbm,0,2023-01-01,2026-04-30,2026-05-01,2026-05-31,2026-05-31,2026-05-31,2026-05-31 18:00:00,17_24,18,23.993,178.0687438615572,,,2026-06-25T10:27:21.028312
realtime,lightgbm,0,2023-01-01,2026-04-30,2026-05-01,2026-05-31,2026-05-31,2026-05-31,2026-05-31 19:00:00,17_24,19,429.74,241.0078458180046,,,2026-06-25T10:27:21.028312
realtime,lightgbm,0,2023-01-01,2026-04-30,2026-05-01,2026-05-31,2026-05-31,2026-05-31,2026-05-31 20:00:00,17_24,20,357.769,261.2806624059575,,,2026-06-25T10:27:21.028312
realtime,lightgbm,0,2023-01-01,2026-04-30,2026-05-01,2026-05-31,2026-05-31,2026-05-31,2026-05-31 21:00:00,17_24,21,358.227,251.9414097141233,,,2026-06-25T10:27:21.028312
realtime,lightgbm,0,2023-01-01,2026-04-30,2026-05-01,2026-05-31,2026-05-31,2026-05-31,2026-05-31 22:00:00,17_24,22,442.937,226.99091034896063,,,2026-06-25T10:27:21.028312
realtime,lightgbm,0,2023-01-01,2026-04-30,2026-05-01,2026-05-31,2026-05-31,2026-05-31,2026-05-31 23:00:00,17_24,23,364.417,224.16540765575604,,,2026-06-25T10:27:21.028312
realtime,lightgbm,0,2023-01-01,2026-04-30,2026-05-01,2026-05-31,2026-05-31,2026-05-31,2026-06-01 00:00:00,17_24,24,296.643,221.67250507560772,,,2026-06-25T10:27:21.028312
