ds,day_ahead_clearing_price,realtime_price,load,wind,solar,interconnect,bidding_space,renewable,task,target_day,decision_day,info_cutoff,hour_physical,hour_business,period,model_name,y_true,y_pred,pred_day_ahead_price,traded,profit_per_mwh
2026-01-02 00:00:00,245.0,265.849,65237.4125,9576.8625,82.9875,22621.5,16380.0625,9659.85,da,2026-01-02,2026-01-01,2026-01-01 15:00:00,0,24,17_24,TimeMixer,245.0,292.625244140625,,,
2026-01-02 01:00:00,347.5,435.449,62720.41,9978.64,91.665,21326.5,14496.605,10070.305,da,2026-01-02,2026-01-01,2026-01-01 15:00:00,1,1,1_8,TimeMixer,347.5,276.9907531738281,,,
2026-01-02 02:00:00,360.0,275.603,61476.5875,9128.13,82.2675,21339.0,14100.19,9210.3975,da,2026-01-02,2026-01-01,2026-01-01 15:00:00,2,2,1_8,TimeMixer,360.0,267.6065979003906,,,
2026-01-02 03:00:00,360.0,501.461,62380.18,8428.565,80.8175,21340.5,15703.2975,8509.3825,da,2026-01-02,2026-01-01,2026-01-01 15:00:00,3,3,1_8,TimeMixer,360.0,254.15158081054688,,,
2026-01-02 04:00:00,357.0,377.456,61225.9775,7896.3275,85.88,21689.25,14727.52,7982.2075,da,2026-01-02,2026-01-01,2026-01-01 15:00:00,4,4,1_8,TimeMixer,357.0,265.78094482421875,,,
2026-01-02 05:00:00,348.0,341.952,61666.21,7630.1675,89.495,22350.0,14769.5475,7719.6625,da,2026-01-02,2026-01-01,2026-01-01 15:00:00,5,5,1_8,TimeMixer,348.0,263.9522705078125,,,
2026-01-02 06:00:00,360.0,323.574,63207.8025,7509.18,87.4525,24206.75,14577.42,7596.6325,da,2026-01-02,2026-01-01,2026-01-01 15:00:00,6,6,1_8,TimeMixer,360.0,261.2378234863281,,,
2026-01-02 07:00:00,332.6,299.097,65179.5025,7385.4425,88.4725,27475.0,13428.5875,7473.915,da,2026-01-02,2026-01-01,2026-01-01 15:00:00,7,7,1_8,TimeMixer,332.6,250.40928649902344,,,
2026-01-02 08:00:00,345.75,382.073,71259.66,7274.02,1054.4675,27370.75,18823.4225,8328.4875,da,2026-01-02,2026-01-01,2026-01-01 15:00:00,8,8,1_8,TimeMixer,345.75,390.42724609375,,,
2026-01-02 09:00:00,330.5,417.821,71732.9925,7209.135,6211.8425,24973.0,16715.765,13420.9775,da,2026-01-02,2026-01-01,2026-01-01 15:00:00,9,9,9_16,TimeMixer,330.5,217.72592163085938,,,
2026-01-02 10:00:00,84.913,-80.0,65096.8525,7130.385,12493.1025,22429.75,6501.615,19623.4875,da,2026-01-02,2026-01-01,2026-01-01 15:00:00,10,10,9_16,TimeMixer,84.913,9.930706024169922,,,
2026-01-02 11:00:00,23.56,-80.0,60077.775,7104.4875,16609.8425,20495.25,-686.305,23714.33,da,2026-01-02,2026-01-01,2026-01-01 15:00:00,11,11,9_16,TimeMixer,23.56,-46.01404571533203,,,
2026-01-02 12:00:00,0.0,-80.0,55548.91,7174.46,18500.995,18777.0,-5480.545,25675.455,da,2026-01-02,2026-01-01,2026-01-01 15:00:00,12,12,9_16,TimeMixer,0.0,-71.18966674804688,,,
2026-01-02 13:00:00,-21.72,-80.0,51388.0775,7237.9825,18536.1325,18607.25,-9570.2875,25774.115,da,2026-01-02,2026-01-01,2026-01-01 15:00:00,13,13,9_16,TimeMixer,-21.72,-58.52735137939453,,,
2026-01-02 14:00:00,0.0,-80.0,53600.165,7272.9675,16856.5575,19336.25,-6442.61,24129.525,da,2026-01-02,2026-01-01,2026-01-01 15:00:00,14,14,9_16,TimeMixer,0.0,-67.55735778808594,,,
2026-01-02 15:00:00,79.375,-45.961,56207.155,7257.005,13149.9275,21203.5,-1980.2775,20406.9325,da,2026-01-02,2026-01-01,2026-01-01 15:00:00,15,15,9_16,TimeMixer,79.375,-0.04095458984375,,,
2026-01-02 16:00:00,309.0,303.78,62411.1825,7090.07,7185.355,23661.25,7863.7575,14275.425,da,2026-01-02,2026-01-01,2026-01-01 15:00:00,16,16,9_16,TimeMixer,309.0,258.6492614746094,,,
2026-01-02 17:00:00,378.86,502.928,72530.0075,6963.675,1413.7425,25770.75,21694.84,8377.4175,da,2026-01-02,2026-01-01,2026-01-01 15:00:00,17,17,17_24,TimeMixer,378.86,366.0090026855469,,,
2026-01-02 18:00:00,405.0,480.462,78491.6025,7330.6,97.1625,28139.5,26157.34,7427.7625,da,2026-01-02,2026-01-01,2026-01-01 15:00:00,18,18,17_24,TimeMixer,405.0,421.17474365234375,,,
2026-01-02 19:00:00,390.1,407.123,76672.4475,8221.3275,81.28,27966.5,23578.84,8302.6075,da,2026-01-02,2026-01-01,2026-01-01 15:00:00,19,19,17_24,TimeMixer,390.1,418.4288635253906,,,
2026-01-02 20:00:00,390.0,447.553,75715.915,9313.965,87.3275,27368.5,22119.1225,9401.2925,da,2026-01-02,2026-01-01,2026-01-01 15:00:00,20,20,17_24,TimeMixer,390.0,429.9942626953125,,,
2026-01-02 21:00:00,370.0,429.196,74596.7,10380.205,88.0475,26946.0,20355.4475,10468.2525,da,2026-01-02,2026-01-01,2026-01-01 15:00:00,21,21,17_24,TimeMixer,370.0,414.8310852050781,,,
2026-01-02 22:00:00,347.5,403.057,72529.6275,11368.2875,87.325,25562.0,18685.015,11455.6125,da,2026-01-02,2026-01-01,2026-01-01 15:00:00,22,22,17_24,TimeMixer,347.5,390.11700439453125,,,
2026-01-02 23:00:00,330.0,301.564,67497.2625,12238.0375,88.7725,23211.0,15132.4525,12326.81,da,2026-01-02,2026-01-01,2026-01-01 15:00:00,23,23,17_24,TimeMixer,330.0,359.1352233886719,,,
2026-01-03 00:00:00,330.0,78.417,64460.065,12884.0675,88.05,21412.25,13248.6975,12972.1175,da,2026-01-03,2026-01-02,2026-01-02 15:00:00,0,24,17_24,TimeMixer,330.0,229.2942352294922,,,
2026-01-03 01:00:00,364.94,-59.924,65060.75,13051.58,87.325,21325.0,13669.845,13138.905,da,2026-01-03,2026-01-02,2026-01-02 15:00:00,1,1,1_8,TimeMixer,364.94,204.10842895507812,,,
2026-01-03 02:00:00,350.0,-80.0,63778.335,12870.2175,88.05,21329.0,12564.0675,12958.2675,da,2026-01-03,2026-01-02,2026-01-02 15:00:00,2,2,1_8,TimeMixer,350.0,194.81919860839844,,,
2026-01-03 03:00:00,366.81,-80.0,64884.6725,12404.4575,90.9425,21332.0,14130.2725,12495.4,da,2026-01-03,2026-01-02,2026-01-02 15:00:00,3,3,1_8,TimeMixer,366.81,192.44436645507812,,,
2026-01-03 04:00:00,359.5,-80.0,63893.7275,11758.5675,81.5425,21678.5,13448.1175,11840.11,da,2026-01-03,2026-01-02,2026-01-02 15:00:00,4,4,1_8,TimeMixer,359.5,205.13104248046875,,,
2026-01-03 05:00:00,359.5,-80.0,64057.7225,10968.265,88.0525,22339.75,13734.655,11056.3175,da,2026-01-03,2026-01-02,2026-01-02 15:00:00,5,5,1_8,TimeMixer,359.5,203.11143493652344,,,
2026-01-03 06:00:00,360.0,-80.0,65367.065,10088.495,91.7925,24195.75,14064.0275,10180.2875,da,2026-01-03,2026-01-02,2026-01-02 15:00:00,6,6,1_8,TimeMixer,360.0,203.63316345214844,,,
2026-01-03 07:00:00,375.0,-80.0,67908.695,9186.57,89.1475,27472.75,14258.2275,9275.7175,da,2026-01-03,2026-01-02,2026-01-02 15:00:00,7,7,1_8,TimeMixer,375.0,200.3392333984375,,,
2026-01-03 08:00:00,461.3,67.279,73824.9075,8163.8575,1053.3875,27370.75,20399.9125,9217.245,da,2026-01-03,2026-01-02,2026-01-02 15:00:00,8,8,1_8,TimeMixer,461.3,423.52423095703125,,,
2026-01-03 09:00:00,489.0,288.16,75841.37,6858.19,5980.3675,24972.0,21307.5625,12838.5575,da,2026-01-03,2026-01-02,2026-01-02 15:00:00,9,9,9_16,TimeMixer,489.0,342.368408203125,,,
2026-01-03 10:00:00,255.0,187.113,69275.6525,5031.4125,11971.61,22423.75,13206.88,17003.0225,da,2026-01-03,2026-01-02,2026-01-02 15:00:00,10,10,9_16,TimeMixer,255.0,105.95075988769531,,,
2026-01-03 11:00:00,125.0,76.767,64960.2,3508.725,16106.935,20839.75,7850.29,19615.66,da,2026-01-03,2026-01-02,2026-01-02 15:00:00,11,11,9_16,TimeMixer,125.0,-14.488426208496094,,,
2026-01-03 12:00:00,60.0,210.706,60562.155,2722.375,18061.485,20285.75,2815.545,20783.86,da,2026-01-03,2026-01-02,2026-01-02 15:00:00,12,12,9_16,TimeMixer,60.0,-66.00860595703125,,,
2026-01-03 13:00:00,33.0,-59.766,56074.525,2281.9825,18062.355,20200.0,-1146.8125,20344.3375,da,2026-01-03,2026-01-02,2026-01-02 15:00:00,13,13,9_16,TimeMixer,33.0,-71.20013427734375,,,
2026-01-03 14:00:00,133.75,-33.473,58731.3325,1946.4225,16168.5675,20976.5,2962.8425,18114.99,da,2026-01-03,2026-01-02,2026-01-02 15:00:00,14,14,9_16,TimeMixer,133.75,-64.26068115234375,,,
2026-01-03 15:00:00,213.125,137.721,61532.21,1694.235,12362.8975,22636.0,8162.0775,14057.1325,da,2026-01-03,2026-01-02,2026-01-02 15:00:00,15,15,9_16,TimeMixer,213.125,45.47322082519531,,,
2026-01-03 16:00:00,372.5,457.255,67344.7975,1537.295,6593.6775,23664.5,18838.575,8130.9725,da,2026-01-03,2026-01-02,2026-01-02 15:00:00,16,16,9_16,TimeMixer,372.5,297.4942626953125,,,
2026-01-03 17:00:00,500.0,519.918,76196.345,1552.2125,1291.895,25772.25,30792.9875,2844.1075,da,2026-01-03,2026-01-02,2026-01-02 15:00:00,17,17,17_24,TimeMixer,500.0,374.8992919921875,,,
2026-01-03 18:00:00,500.0,522.487,82229.095,1741.7125,92.95,28115.25,35412.1825,1834.6625,da,2026-01-03,2026-01-02,2026-01-02 15:00:00,18,18,17_24,TimeMixer,500.0,430.5755615234375,,,
2026-01-03 19:00:00,500.0,518.953,80641.59,2021.9225,88.7725,27924.5,33681.895,2110.695,da,2026-01-03,2026-01-02,2026-01-02 15:00:00,19,19,17_24,TimeMixer,500.0,426.78814697265625,,,
2026-01-03 20:00:00,500.0,519.344,79289.8725,2314.75,91.665,27323.5,32632.9575,2406.415,da,2026-01-03,2026-01-02,2026-01-02 15:00:00,20,20,17_24,TimeMixer,500.0,432.287109375,,,
2026-01-03 21:00:00,500.0,529.38,78038.85,2570.74,81.54,26898.0,31561.57,2652.28,da,2026-01-03,2026-01-02,2026-01-02 15:00:00,21,21,17_24,TimeMixer,500.0,428.04388427734375,,,
2026-01-03 22:00:00,500.0,526.759,75920.295,2755.1625,93.1125,25515.5,30629.52,2848.275,da,2026-01-03,2026-01-02,2026-01-02 15:00:00,22,22,17_24,TimeMixer,500.0,407.6734313964844,,,
2026-01-03 23:00:00,472.5,503.641,71835.985,2849.9275,89.4975,23198.75,28770.81,2939.425,da,2026-01-03,2026-01-02,2026-01-02 15:00:00,23,23,17_24,TimeMixer,472.5,381.490478515625,,,
2026-01-04 00:00:00,450.0,480.454,68377.0175,2824.075,95.2825,21578.75,26951.91,2919.3575,da,2026-01-04,2026-01-03,2026-01-03 15:00:00,0,24,17_24,TimeMixer,450.0,342.56402587890625,,,
2026-01-04 01:00:00,380.0,359.912,66636.7475,2779.015,91.665,21775.0,25094.0675,2870.68,da,2026-01-04,2026-01-03,2026-01-03 15:00:00,1,1,1_8,TimeMixer,380.0,329.3215637207031,,,
2026-01-04 02:00:00,380.0,356.164,65360.135,2638.58,87.3275,21775.0,23962.2275,2725.9075,da,2026-01-04,2026-01-03,2026-01-03 15:00:00,2,2,1_8,TimeMixer,380.0,326.8108215332031,,,
2026-01-04 03:00:00,393.0,356.106,66707.985,2392.6875,85.1575,21775.0,25558.14,2477.845,da,2026-01-04,2026-01-03,2026-01-03 15:00:00,3,3,1_8,TimeMixer,393.0,307.29998779296875,,,
2026-01-04 04:00:00,391.0,357.947,65639.38,2116.9125,96.7275,22126.5,24402.24,2213.64,da,2026-01-04,2026-01-03,2026-01-03 15:00:00,4,4,1_8,TimeMixer,391.0,310.37457275390625,,,
2026-01-04 05:00:00,384.0,355.099,65889.025,1854.1425,85.1575,22786.5,24266.225,1939.3,da,2026-01-04,2026-01-03,2026-01-03 15:00:00,5,5,1_8,TimeMixer,384.0,313.05023193359375,,,
2026-01-04 06:00:00,379.0,347.658,68358.9125,1576.965,87.4525,25022.75,24774.745,1664.4175,da,2026-01-04,2026-01-03,2026-01-03 15:00:00,6,6,1_8,TimeMixer,379.0,309.88482666015625,,,
2026-01-04 07:00:00,384.0,346.182,72948.545,1302.3525,80.3025,28941.75,25752.14,1382.655,da,2026-01-04,2026-01-03,2026-01-03 15:00:00,7,7,1_8,TimeMixer,384.0,289.4520568847656,,,
2026-01-04 08:00:00,395.5,367.368,79401.7025,1046.725,507.8825,28456.0,32584.095,1554.6075,da,2026-01-04,2026-01-03,2026-01-03 15:00:00,8,8,1_8,TimeMixer,395.5,301.240478515625,,,
2026-01-04 09:00:00,454.94,392.297,86194.125,809.2425,2288.4325,25362.0,41041.2,3097.675,da,2026-01-04,2026-01-03,2026-01-03 15:00:00,9,9,9_16,TimeMixer,454.94,338.0982971191406,,,
2026-01-04 10:00:00,457.0,372.5,87526.985,596.9625,4299.32,22733.25,43285.4525,4896.2825,da,2026-01-04,2026-01-03,2026-01-03 15:00:00,10,10,9_16,TimeMixer,457.0,353.42083740234375,,,
2026-01-04 11:00:00,454.35,382.543,88599.0775,433.89,5797.615,21408.75,44334.3225,6231.505,da,2026-01-04,2026-01-03,2026-01-03 15:00:00,11,11,9_16,TimeMixer,454.35,327.3913879394531,,,
2026-01-04 12:00:00,444.95,392.233,85974.765,348.3825,6570.05,21051.5,41357.8325,6918.4325,da,2026-01-04,2026-01-03,2026-01-03 15:00:00,12,12,9_16,TimeMixer,444.95,326.96295166015625,,,
2026-01-04 13:00:00,427.0,376.776,82092.73,339.4375,6425.5675,21089.0,37591.725,6765.005,da,2026-01-04,2026-01-03,2026-01-03 15:00:00,13,13,9_16,TimeMixer,427.0,279.8803405761719,,,
2026-01-04 14:00:00,436.95,391.387,83866.85,395.865,5463.4775,21722.75,39637.7575,5859.3425,da,2026-01-04,2026-01-03,2026-01-03 15:00:00,14,14,9_16,TimeMixer,436.95,314.75469970703125,,,
2026-01-04 15:00:00,423.5,434.804,83445.915,527.085,3932.1975,23055.0,39284.6325,4459.2825,da,2026-01-04,2026-01-03,2026-01-03 15:00:00,15,15,9_16,TimeMixer,423.5,341.0080261230469,,,
2026-01-04 16:00:00,429.0,418.175,83393.3425,723.5225,2127.7875,23954.5,39906.7825,2851.31,da,2026-01-04,2026-01-03,2026-01-03 15:00:00,16,16,9_16,TimeMixer,429.0,324.1756591796875,,,
2026-01-04 17:00:00,431.0,414.401,84537.27,973.16,553.0875,26247.75,40006.2725,1526.2475,da,2026-01-04,2026-01-03,2026-01-03 15:00:00,17,17,17_24,TimeMixer,431.0,383.9839172363281,,,
2026-01-04 18:00:00,438.0,392.632,86234.235,1226.6475,94.9475,29230.0,38845.64,1321.595,da,2026-01-04,2026-01-03,2026-01-03 15:00:00,18,18,17_24,TimeMixer,438.0,419.6456298828125,,,
2026-01-04 19:00:00,414.88,367.327,84291.6175,1448.36,88.77,29535.5,36324.4875,1537.13,da,2026-01-04,2026-01-03,2026-01-03 15:00:00,19,19,17_24,TimeMixer,414.88,412.46435546875,,,
2026-01-04 20:00:00,407.5,358.622,82556.475,1636.78,90.94,28935.25,34996.505,1727.72,da,2026-01-04,2026-01-03,2026-01-03 15:00:00,20,20,17_24,TimeMixer,407.5,420.3533935546875,,,
2026-01-04 21:00:00,400.0,346.347,80864.53,1816.855,89.495,28525.75,33535.43,1906.35,da,2026-01-04,2026-01-03,2026-01-03 15:00:00,21,21,17_24,TimeMixer,400.0,408.853515625,,,
2026-01-04 22:00:00,389.5,338.004,78684.3,2016.0925,88.05,27127.0,32556.1575,2104.1425,da,2026-01-04,2026-01-03,2026-01-03 15:00:00,22,22,17_24,TimeMixer,389.5,390.5830383300781,,,
2026-01-04 23:00:00,375.0,326.174,73493.4425,2341.55,90.2175,24410.0,29754.675,2431.7675,da,2026-01-04,2026-01-03,2026-01-03 15:00:00,23,23,17_24,TimeMixer,375.0,368.3800048828125,,,
2026-01-05 00:00:00,365.0,312.167,69500.8725,2816.5025,89.495,21941.75,27756.125,2905.9975,da,2026-01-05,2026-01-04,2026-01-04 15:00:00,0,24,17_24,TimeMixer,365.0,317.8985900878906,,,
2026-01-05 01:00:00,379.7,270.403,66541.76,4205.735,85.88,21779.0,23574.145,4291.615,da,2026-01-05,2026-01-04,2026-01-04 15:00:00,1,1,1_8,TimeMixer,379.7,308.8804931640625,,,
2026-01-05 02:00:00,374.0,254.794,65190.9475,5077.2975,85.8825,21779.0,21351.7675,5163.18,da,2026-01-05,2026-01-04,2026-01-04 15:00:00,2,2,1_8,TimeMixer,374.0,297.7187194824219,,,
2026-01-05 03:00:00,390.0,289.784,66716.6225,5908.2975,82.9875,21779.0,22049.3375,5991.285,da,2026-01-05,2026-01-04,2026-01-04 15:00:00,3,3,1_8,TimeMixer,390.0,278.3215026855469,,,
2026-01-05 04:00:00,380.0,250.969,65739.4725,6488.005,85.16,22128.5,20140.8075,6573.165,da,2026-01-05,2026-01-04,2026-01-04 15:00:00,4,4,1_8,TimeMixer,380.0,286.0608825683594,,,
2026-01-05 05:00:00,380.0,225.869,66008.89,6836.565,90.22,22790.0,19395.105,6926.785,da,2026-01-05,2026-01-04,2026-01-04 15:00:00,5,5,1_8,TimeMixer,380.0,283.2519836425781,,,
2026-01-05 06:00:00,380.0,233.053,68463.915,6850.5175,86.73,25024.75,19604.9175,6937.2475,da,2026-01-05,2026-01-04,2026-01-04 15:00:00,6,6,1_8,TimeMixer,380.0,278.9624328613281,,,
2026-01-05 07:00:00,397.713,242.762,72604.6425,6485.5175,94.2375,28926.75,20226.1375,6579.755,da,2026-01-05,2026-01-04,2026-01-04 15:00:00,7,7,1_8,TimeMixer,397.713,261.4096374511719,,,
2026-01-05 08:00:00,400.0,330.341,78563.37,5861.1925,948.32,28450.25,26496.6075,6809.5125,da,2026-01-05,2026-01-04,2026-01-04 15:00:00,8,8,1_8,TimeMixer,400.0,364.877685546875,,,
2026-01-05 09:00:00,403.875,400.477,80770.8175,5070.1425,5354.8525,25367.5,28285.0725,10424.995,da,2026-01-05,2026-01-04,2026-01-04 15:00:00,9,9,9_16,TimeMixer,403.875,369.89385986328125,,,
2026-01-05 10:00:00,355.0,314.463,74681.4675,4302.7425,11030.6325,22734.25,20001.8425,15333.375,da,2026-01-05,2026-01-04,2026-01-04 15:00:00,10,10,9_16,TimeMixer,355.0,259.95904541015625,,,
2026-01-05 11:00:00,330.0,243.604,70940.435,3710.48,15207.335,21413.25,13984.87,18917.815,da,2026-01-05,2026-01-04,2026-01-04 15:00:00,11,11,9_16,TimeMixer,330.0,130.22537231445312,,,
2026-01-05 12:00:00,329.5,162.408,66512.1325,3198.05,17315.9525,21056.5,8294.63,20514.0025,da,2026-01-05,2026-01-04,2026-01-04 15:00:00,12,12,9_16,TimeMixer,329.5,71.40316772460938,,,
2026-01-05 13:00:00,313.75,-47.859,62268.94,2726.5525,17416.79,21094.0,4384.5975,20143.3425,da,2026-01-05,2026-01-04,2026-01-04 15:00:00,13,13,9_16,TimeMixer,313.75,37.1830940246582,,,
2026-01-05 14:00:00,332.5,-35.689,65459.3475,2340.7725,15682.815,21727.75,9061.01,18023.5875,da,2026-01-05,2026-01-04,2026-01-04 15:00:00,14,14,9_16,TimeMixer,332.5,87.51200866699219,,,
2026-01-05 15:00:00,389.35,6.171,68335.12,2003.3725,11968.905,23060.0,14655.8425,13972.2775,da,2026-01-05,2026-01-04,2026-01-04 15:00:00,15,15,9_16,TimeMixer,389.35,205.39730834960938,,,
2026-01-05 16:00:00,396.588,348.994,74393.2775,1674.5525,6414.0775,23960.5,25663.3975,8088.63,da,2026-01-05,2026-01-04,2026-01-04 15:00:00,16,16,9_16,TimeMixer,396.588,352.8008728027344,,,
2026-01-05 17:00:00,450.0,414.177,81894.2325,1398.9725,1296.68,26253.0,36188.58,2695.6525,da,2026-01-05,2026-01-04,2026-01-04 15:00:00,17,17,17_24,TimeMixer,450.0,392.3909912109375,,,
2026-01-05 18:00:00,483.75,402.448,85340.2825,1191.3025,93.2225,29208.5,38010.2575,1284.525,da,2026-01-05,2026-01-04,2026-01-04 15:00:00,18,18,17_24,TimeMixer,483.75,429.9491882324219,,,
2026-01-05 19:00:00,486.5,415.166,83123.2725,1076.8825,85.16,29511.0,35555.73,1162.0425,da,2026-01-05,2026-01-04,2026-01-04 15:00:00,19,19,17_24,TimeMixer,486.5,434.978271484375,,,
2026-01-05 20:00:00,480.5,415.294,81624.2475,1154.3925,89.495,28910.5,34572.86,1243.8875,da,2026-01-05,2026-01-04,2026-01-04 15:00:00,20,20,17_24,TimeMixer,480.5,440.6703796386719,,,
2026-01-05 21:00:00,476.5,421.4,80165.1575,1465.235,85.155,28485.0,33232.7675,1550.39,da,2026-01-05,2026-01-04,2026-01-04 15:00:00,21,21,17_24,TimeMixer,476.5,434.6993713378906,,,
2026-01-05 22:00:00,459.0,405.692,78226.7375,1949.075,85.1575,27101.5,32194.005,2034.2325,da,2026-01-05,2026-01-04,2026-01-04 15:00:00,22,22,17_24,TimeMixer,459.0,406.47760009765625,,,
2026-01-05 23:00:00,450.0,387.506,73149.3625,2502.2725,89.4975,24407.75,29252.8425,2591.77,da,2026-01-05,2026-01-04,2026-01-04 15:00:00,23,23,17_24,TimeMixer,450.0,378.6965026855469,,,
2026-01-06 00:00:00,425.0,357.823,69391.375,2965.9875,89.495,21945.25,27493.6425,3055.4825,da,2026-01-06,2026-01-05,2026-01-05 15:00:00,0,24,17_24,TimeMixer,425.0,335.2003173828125,,,
2026-01-06 01:00:00,360.0,357.168,65771.7,4020.4475,86.6025,21775.0,22989.65,4107.05,da,2026-01-06,2026-01-05,2026-01-05 15:00:00,1,1,1_8,TimeMixer,360.0,325.90264892578125,,,
2026-01-06 02:00:00,357.5,340.364,64508.71,4327.505,86.605,21775.0,21419.6,4414.11,da,2026-01-06,2026-01-05,2026-01-05 15:00:00,2,2,1_8,TimeMixer,357.5,317.815185546875,,,
2026-01-06 03:00:00,359.5,355.321,65649.52,4395.275,80.0975,21775.0,22499.1475,4475.3725,da,2026-01-06,2026-01-05,2026-01-05 15:00:00,3,3,1_8,TimeMixer,359.5,295.04522705078125,,,
2026-01-06 04:00:00,350.0,331.55,64652.8625,4341.12,87.325,22124.5,21199.9175,4428.445,da,2026-01-06,2026-01-05,2026-01-05 15:00:00,4,4,1_8,TimeMixer,350.0,299.36212158203125,,,
2026-01-06 05:00:00,349.0,325.39,64937.2875,4315.845,95.2825,22786.0,20840.16,4411.1275,da,2026-01-06,2026-01-05,2026-01-05 15:00:00,5,5,1_8,TimeMixer,349.0,297.5956115722656,,,
2026-01-06 06:00:00,349.5,321.281,67282.355,4298.9475,95.51,25020.75,20967.1475,4394.4575,da,2026-01-06,2026-01-05,2026-01-05 15:00:00,6,6,1_8,TimeMixer,349.5,292.1755065917969,,,
2026-01-06 07:00:00,355.5,328.162,71975.62,4279.485,87.4,28922.75,21810.985,4366.885,da,2026-01-06,2026-01-05,2026-01-05 15:00:00,7,7,1_8,TimeMixer,355.5,272.2958984375,,,
2026-01-06 08:00:00,383.0,383.963,77939.7425,4258.24,709.17,28445.75,27716.5825,4967.41,da,2026-01-06,2026-01-05,2026-01-05 15:00:00,8,8,1_8,TimeMixer,383.0,345.822998046875,,,
2026-01-06 09:00:00,387.0,462.204,82158.1375,4100.7325,4098.4775,25362.5,31900.1775,8199.21,da,2026-01-06,2026-01-05,2026-01-05 15:00:00,9,9,9_16,TimeMixer,387.0,360.10076904296875,,,
2026-01-06 10:00:00,384.0,493.524,78197.495,3660.915,8666.155,22730.0,26525.425,12327.07,da,2026-01-06,2026-01-05,2026-01-05 15:00:00,10,10,9_16,TimeMixer,384.0,303.70843505859375,,,
2026-01-06 11:00:00,300.0,424.823,75215.8775,3333.625,12713.925,21409.25,21131.5775,16047.55,da,2026-01-06,2026-01-05,2026-01-05 15:00:00,11,11,9_16,TimeMixer,300.0,199.97598266601562,,,
2026-01-06 12:00:00,182.0,392.95,69752.6625,3443.7675,15516.58,21052.5,13089.815,18960.3475,da,2026-01-06,2026-01-05,2026-01-05 15:00:00,12,12,9_16,TimeMixer,182.0,156.9452667236328,,,
2026-01-06 13:00:00,100.0,351.108,64598.7225,3783.685,16158.105,21090.0,6916.9325,19941.79,da,2026-01-06,2026-01-05,2026-01-05 15:00:00,13,13,9_16,TimeMixer,100.0,119.50350189208984,,,
2026-01-06 14:00:00,140.8,341.34,66847.1075,4199.38,14931.345,21723.75,9342.6325,19130.725,da,2026-01-06,2026-01-05,2026-01-05 15:00:00,14,14,9_16,TimeMixer,140.8,172.56149291992188,,,
2026-01-06 15:00:00,215.0,340.021,69325.575,4718.3925,11706.5675,23065.5,13185.115,16424.96,da,2026-01-06,2026-01-05,2026-01-05 15:00:00,15,15,9_16,TimeMixer,215.0,258.5965576171875,,,
2026-01-06 16:00:00,357.5,376.439,74296.265,5361.445,6463.68,23995.0,21792.39,11825.125,da,2026-01-06,2026-01-05,2026-01-05 15:00:00,16,16,9_16,TimeMixer,357.5,338.3833923339844,,,
2026-01-06 17:00:00,372.313,380.985,81608.415,6377.5775,1380.9,26292.75,30797.1875,7758.4775,da,2026-01-06,2026-01-05,2026-01-05 15:00:00,17,17,17_24,TimeMixer,372.313,382.4698486328125,,,
2026-01-06 18:00:00,379.5,366.714,85399.3125,7754.3675,98.29,29211.0,31495.655,7852.6575,da,2026-01-06,2026-01-05,2026-01-05 15:00:00,18,18,17_24,TimeMixer,379.5,372.275146484375,,,
2026-01-06 19:00:00,364.65,379.682,83026.715,9102.055,88.05,29504.5,27434.61,9190.105,da,2026-01-06,2026-01-05,2026-01-05 15:00:00,19,19,17_24,TimeMixer,364.65,360.70123291015625,,,
2026-01-06 20:00:00,345.5,369.707,81428.1725,10254.6225,87.3275,28903.5,25282.7225,10341.95,da,2026-01-06,2026-01-05,2026-01-05 15:00:00,20,20,17_24,TimeMixer,345.5,383.9991149902344,,,
2026-01-06 21:00:00,341.875,341.749,79917.225,11113.335,90.945,28478.0,23334.945,11204.28,da,2026-01-06,2026-01-05,2026-01-05 15:00:00,21,21,17_24,TimeMixer,341.875,357.42095947265625,,,
2026-01-06 22:00:00,333.0,327.758,77231.5475,11590.465,93.8325,27095.5,21551.75,11684.2975,da,2026-01-06,2026-01-05,2026-01-05 15:00:00,22,22,17_24,TimeMixer,333.0,327.31976318359375,,,
2026-01-06 23:00:00,300.0,272.582,72035.5325,11847.0475,90.9425,24403.75,18793.7925,11937.99,da,2026-01-06,2026-01-05,2026-01-05 15:00:00,23,23,17_24,TimeMixer,300.0,306.8896484375,,,
2026-01-07 00:00:00,300.0,40.617,68605.6,12151.595,90.9425,21941.25,17521.8125,12242.5375,da,2026-01-07,2026-01-06,2026-01-06 15:00:00,0,24,17_24,TimeMixer,300.0,255.24295043945312,,,
2026-01-07 01:00:00,200.0,93.446,66525.755,13504.3575,1.29,21871.75,14318.3575,13505.6475,da,2026-01-07,2026-01-06,2026-01-06 15:00:00,1,1,1_8,TimeMixer,200.0,244.713623046875,,,
2026-01-07 02:00:00,125.75,101.659,65106.1025,14140.7325,1.29,21877.75,12256.33,14142.0225,da,2026-01-07,2026-01-06,2026-01-06 15:00:00,2,2,1_8,TimeMixer,125.75,229.3853759765625,,,
2026-01-07 03:00:00,153.5,-59.993,66370.9125,14178.0525,1.29,21890.75,13470.82,14179.3425,da,2026-01-07,2026-01-06,2026-01-06 15:00:00,3,3,1_8,TimeMixer,153.5,215.7891082763672,,,
2026-01-07 04:00:00,196.905,23.587,65045.525,13566.875,1.29,22230.0,12417.36,13568.165,da,2026-01-07,2026-01-06,2026-01-06 15:00:00,4,4,1_8,TimeMixer,196.905,233.2037353515625,,,
2026-01-07 05:00:00,200.0,0.0,65347.87,12497.0075,1.29,22870.75,13148.8225,12498.2975,da,2026-01-07,2026-01-06,2026-01-06 15:00:00,5,5,1_8,TimeMixer,200.0,227.47218322753906,,,
2026-01-07 06:00:00,207.5,17.477,67680.63,10990.645,1.52,25102.75,14755.715,10992.165,da,2026-01-07,2026-01-06,2026-01-06 15:00:00,6,6,1_8,TimeMixer,207.5,232.93771362304688,,,
2026-01-07 07:00:00,228.0,158.878,71933.36,9290.665,7.4825,28993.75,16836.4625,9298.1475,da,2026-01-07,2026-01-06,2026-01-06 15:00:00,7,7,1_8,TimeMixer,228.0,222.6561737060547,,,
2026-01-07 08:00:00,340.313,330.85,77741.1825,7584.59,983.8625,28479.5,23953.23,8568.4525,da,2026-01-07,2026-01-06,2026-01-06 15:00:00,8,8,1_8,TimeMixer,340.313,376.67138671875,,,
2026-01-07 09:00:00,325.19,430.829,79884.6775,5966.4225,5981.9675,25437.0,25873.0375,11948.39,da,2026-01-07,2026-01-06,2026-01-06 15:00:00,9,9,9_16,TimeMixer,325.19,352.08807373046875,,,
2026-01-07 10:00:00,200.0,87.212,72496.7975,4579.3775,12190.6075,22929.0,16252.8125,16769.985,da,2026-01-07,2026-01-06,2026-01-06 15:00:00,10,10,9_16,TimeMixer,200.0,213.21072387695312,,,
2026-01-07 11:00:00,94.3,-80.0,68474.215,3560.195,16487.42,21533.25,10335.85,20047.615,da,2026-01-07,2026-01-06,2026-01-06 15:00:00,11,11,9_16,TimeMixer,94.3,71.6899185180664,,,
2026-01-07 12:00:00,15.205,-80.0,63436.5025,2947.6225,18442.225,21051.5,4415.155,21389.8475,da,2026-01-07,2026-01-06,2026-01-06 15:00:00,12,12,9_16,TimeMixer,15.205,13.532413482666016,,,
2026-01-07 13:00:00,57.5,-80.0,59155.925,2609.8225,18499.935,21108.5,357.6675,21109.7575,da,2026-01-07,2026-01-06,2026-01-06 15:00:00,13,13,9_16,TimeMixer,57.5,-16.256637573242188,,,
2026-01-07 14:00:00,30.09,-80.0,62462.4725,2443.505,16764.935,21830.5,4843.5325,19208.44,da,2026-01-07,2026-01-06,2026-01-06 15:00:00,14,14,9_16,TimeMixer,30.09,24.278261184692383,,,
2026-01-07 15:00:00,120.0,-90.169,66052.6175,2350.9475,13025.5325,23264.5,10831.6375,15376.48,da,2026-01-07,2026-01-06,2026-01-06 15:00:00,15,15,9_16,TimeMixer,120.0,144.61929321289062,,,
2026-01-07 16:00:00,313.75,303.403,73191.3375,2245.4375,7171.01,24160.5,23000.64,9416.4475,da,2026-01-07,2026-01-06,2026-01-06 15:00:00,16,16,9_16,TimeMixer,313.75,353.00982666015625,,,
2026-01-07 17:00:00,405.5,475.179,81990.8175,2165.605,1470.0025,26360.5,35304.71,3635.6075,da,2026-01-07,2026-01-06,2026-01-06 15:00:00,17,17,17_24,TimeMixer,405.5,390.1877136230469,,,
2026-01-07 18:00:00,426.0,468.093,86729.83,2160.4425,9.715,29232.75,38556.9225,2170.1575,da,2026-01-07,2026-01-06,2026-01-06 15:00:00,18,18,17_24,TimeMixer,426.0,416.7236022949219,,,
2026-01-07 19:00:00,404.5,463.295,84661.835,2182.3475,1.29,29560.5,36090.1975,2183.6375,da,2026-01-07,2026-01-06,2026-01-06 15:00:00,19,19,17_24,TimeMixer,404.5,424.8851013183594,,,
2026-01-07 20:00:00,402.5,459.735,83207.55,2164.7875,1.29,28953.5,35257.9725,2166.0775,da,2026-01-07,2026-01-06,2026-01-06 15:00:00,20,20,17_24,TimeMixer,402.5,429.553466796875,,,
2026-01-07 21:00:00,400.0,459.508,81590.26,1997.5025,1.29,28509.0,34252.4675,1998.7925,da,2026-01-07,2026-01-06,2026-01-06 15:00:00,21,21,17_24,TimeMixer,400.0,422.393310546875,,,
2026-01-07 22:00:00,400.0,456.707,79336.45,1752.9375,1.29,27095.5,33656.7225,1754.2275,da,2026-01-07,2026-01-06,2026-01-06 15:00:00,22,22,17_24,TimeMixer,400.0,396.0718688964844,,,
2026-01-07 23:00:00,390.0,465.215,74253.8325,1528.6775,1.29,24403.75,31490.115,1529.9675,da,2026-01-07,2026-01-06,2026-01-06 15:00:00,23,23,17_24,TimeMixer,390.0,372.1006164550781,,,
2026-01-08 00:00:00,373.5,456.3,70363.0,1363.295,1.29,21977.25,30191.165,1364.585,da,2026-01-08,2026-01-07,2026-01-07 15:00:00,0,24,17_24,TimeMixer,373.5,397.02337646484375,,,
2026-01-08 01:00:00,360.0,437.606,67351.5725,1454.1525,1.29,21775.0,27341.63,1455.4425,da,2026-01-08,2026-01-07,2026-01-07 15:00:00,1,1,1_8,TimeMixer,360.0,389.1134033203125,,,
2026-01-08 02:00:00,350.25,430.249,66077.8475,1337.9125,1.29,21775.0,26184.145,1339.2025,da,2026-01-08,2026-01-07,2026-01-07 15:00:00,2,2,1_8,TimeMixer,350.25,380.2643127441406,,,
2026-01-08 03:00:00,352.24,474.081,67347.6625,1280.05,1.29,21775.0,27511.8225,1281.34,da,2026-01-08,2026-01-07,2026-01-07 15:00:00,3,3,1_8,TimeMixer,352.24,352.6029052734375,,,
2026-01-08 04:00:00,350.0,452.372,66385.3425,1254.45,1.29,22124.5,26225.6025,1255.74,da,2026-01-08,2026-01-07,2026-01-07 15:00:00,4,4,1_8,TimeMixer,350.0,346.62548828125,,,
2026-01-08 05:00:00,350.0,442.113,66529.2,1250.305,1.29,22786.0,25712.105,1251.595,da,2026-01-08,2026-01-07,2026-01-07 15:00:00,5,5,1_8,TimeMixer,350.0,349.5634765625,,,
2026-01-08 06:00:00,351.13,438.086,68913.725,1298.9975,1.52,25020.75,25812.9575,1300.5175,da,2026-01-08,2026-01-07,2026-01-07 15:00:00,6,6,1_8,TimeMixer,351.13,339.5722351074219,,,
2026-01-08 07:00:00,351.0,442.129,73529.25,1456.855,7.2725,28922.75,26387.8725,1464.1275,da,2026-01-08,2026-01-07,2026-01-07 15:00:00,7,7,1_8,TimeMixer,351.0,307.31488037109375,,,
2026-01-08 08:00:00,392.25,515.079,78840.3075,1754.9525,1059.945,28445.75,30890.16,2814.8975,da,2026-01-08,2026-01-07,2026-01-07 15:00:00,8,8,1_8,TimeMixer,392.25,399.3795166015625,,,
2026-01-08 09:00:00,372.048,539.874,79205.07,2182.8075,6423.415,25362.0,28661.0975,8606.2225,da,2026-01-08,2026-01-07,2026-01-07 15:00:00,9,9,9_16,TimeMixer,372.048,331.774658203125,,,
2026-01-08 10:00:00,209.113,286.227,72496.245,2649.8925,12881.6725,22729.0,17741.18,15531.565,da,2026-01-08,2026-01-07,2026-01-07 15:00:00,10,10,9_16,TimeMixer,209.113,149.47235107421875,,,
2026-01-08 11:00:00,-20.0,195.738,68419.5425,3054.725,17147.5425,21408.25,10302.025,20202.2675,da,2026-01-08,2026-01-07,2026-01-07 15:00:00,11,11,9_16,TimeMixer,-20.0,26.78274154663086,,,
2026-01-08 12:00:00,-38.5,-45.473,64301.325,3719.725,19080.715,21051.5,3919.885,22800.44,da,2026-01-08,2026-01-07,2026-01-07 15:00:00,12,12,9_16,TimeMixer,-38.5,-30.610233306884766,,,
2026-01-08 13:00:00,-32.125,-73.794,60067.55,4651.89,19053.53,21089.0,-1256.37,23705.42,da,2026-01-08,2026-01-07,2026-01-07 15:00:00,13,13,9_16,TimeMixer,-32.125,-51.13884735107422,,,
2026-01-08 14:00:00,-38.5,-74.922,63409.8775,5597.575,17306.81,21722.75,2253.2425,22904.385,da,2026-01-08,2026-01-07,2026-01-07 15:00:00,14,14,9_16,TimeMixer,-38.5,-25.492733001708984,,,
2026-01-08 15:00:00,28.088,-26.518,66525.505,6558.4625,13542.415,23064.5,6830.6275,20100.8775,da,2026-01-08,2026-01-07,2026-01-07 15:00:00,15,15,9_16,TimeMixer,28.088,98.79051208496094,,,
2026-01-08 16:00:00,211.0,319.934,73434.3,7595.87,7649.06,23995.0,17631.12,15244.93,da,2026-01-08,2026-01-07,2026-01-07 15:00:00,16,16,9_16,TimeMixer,211.0,289.32769775390625,,,
2026-01-08 17:00:00,305.0,437.855,82178.5925,9131.8225,1654.1175,26292.75,28460.4025,10785.94,da,2026-01-08,2026-01-07,2026-01-07 15:00:00,17,17,17_24,TimeMixer,305.0,331.4248962402344,,,
2026-01-08 18:00:00,305.25,150.188,86198.715,11394.05,11.1625,29210.25,28863.7525,11405.2125,da,2026-01-08,2026-01-07,2026-01-07 15:00:00,18,18,17_24,TimeMixer,305.25,295.53131103515625,,,
2026-01-08 19:00:00,276.0,-31.709,83954.1075,13816.8075,1.29,29504.5,23854.51,13818.0975,da,2026-01-08,2026-01-07,2026-01-07 15:00:00,19,19,17_24,TimeMixer,276.0,275.74591064453125,,,
2026-01-08 20:00:00,255.0,100.271,82302.4775,15850.715,1.29,28903.5,20767.4725,15852.005,da,2026-01-08,2026-01-07,2026-01-07 15:00:00,20,20,17_24,TimeMixer,255.0,284.62506103515625,,,
2026-01-08 21:00:00,165.05,-19.482,80571.51,17232.815,1.29,28478.0,18079.905,17234.105,da,2026-01-08,2026-01-07,2026-01-07 15:00:00,21,21,17_24,TimeMixer,165.05,256.8198547363281,,,
2026-01-08 22:00:00,151.4,-58.666,78407.385,18106.9075,1.29,27095.5,16424.1875,18108.1975,da,2026-01-08,2026-01-07,2026-01-07 15:00:00,22,22,17_24,TimeMixer,151.4,224.29449462890625,,,
2026-01-08 23:00:00,50.0,-80.0,73136.2,18613.0,1.29,24403.75,13338.66,18614.29,da,2026-01-08,2026-01-07,2026-01-07 15:00:00,23,23,17_24,TimeMixer,50.0,183.61184692382812,,,
2026-01-09 00:00:00,43.64,-80.0,69451.675,18882.0775,1.29,21941.25,11847.5575,18883.3675,da,2026-01-09,2026-01-08,2026-01-08 15:00:00,0,24,17_24,TimeMixer,43.64,171.73287963867188,,,
2026-01-09 01:00:00,0.0,-31.022,66909.8275,19623.835,1.29,21775.0,10214.2025,19625.125,da,2026-01-09,2026-01-08,2026-01-08 15:00:00,1,1,1_8,TimeMixer,0.0,139.8511199951172,,,
2026-01-09 02:00:00,0.0,138.831,65674.445,19439.71,1.29,21775.0,9162.945,19441.0,da,2026-01-09,2026-01-08,2026-01-08 15:00:00,2,2,1_8,TimeMixer,0.0,142.64453125,,,
2026-01-09 03:00:00,-3.26,116.893,66769.455,19201.445,1.29,21775.0,10496.22,19202.735,da,2026-01-09,2026-01-08,2026-01-08 15:00:00,3,3,1_8,TimeMixer,-3.26,126.66152954101562,,,
2026-01-09 04:00:00,-3.5,61.897,65928.885,18980.9975,1.29,22125.0,9526.0975,18982.2875,da,2026-01-09,2026-01-08,2026-01-08 15:00:00,4,4,1_8,TimeMixer,-3.5,133.3829803466797,,,
2026-01-09 05:00:00,-5.01,-80.0,66284.7875,18768.6975,1.29,22787.0,9432.3,18769.9875,da,2026-01-09,2026-01-08,2026-01-08 15:00:00,5,5,1_8,TimeMixer,-5.01,126.87156677246094,,,
2026-01-09 06:00:00,0.0,-80.0,69039.795,18585.98,1.52,25022.5,10134.295,18587.5,da,2026-01-09,2026-01-08,2026-01-08 15:00:00,6,6,1_8,TimeMixer,0.0,150.23370361328125,,,
2026-01-09 07:00:00,20.0,-80.0,73462.8725,18463.9025,6.6075,28924.5,10797.3625,18470.51,da,2026-01-09,2026-01-08,2026-01-08 15:00:00,7,7,1_8,TimeMixer,20.0,145.09828186035156,,,
2026-01-09 08:00:00,236.55,13.22,79332.72,18253.33,769.3125,28445.75,16658.8275,19022.6425,da,2026-01-09,2026-01-08,2026-01-08 15:00:00,8,8,1_8,TimeMixer,236.55,236.52838134765625,,,
2026-01-09 09:00:00,246.363,510.09,80219.17,17780.9175,5115.7225,25362.0,16868.78,22896.64,da,2026-01-09,2026-01-08,2026-01-08 15:00:00,9,9,9_16,TimeMixer,246.363,46.57172393798828,,,
2026-01-09 10:00:00,125.435,414.222,73942.3125,16744.7275,10712.375,22729.0,8745.71,27457.1025,da,2026-01-09,2026-01-08,2026-01-08 15:00:00,10,10,9_16,TimeMixer,125.435,-5.0705108642578125,,,
2026-01-09 11:00:00,-71.0,62.492,69275.485,15488.475,15162.775,21408.25,2192.985,30651.25,da,2026-01-09,2026-01-08,2026-01-08 15:00:00,11,11,9_16,TimeMixer,-71.0,-17.333900451660156,,,
2026-01-09 12:00:00,-71.0,-76.741,63874.7875,14616.865,17604.2475,21051.5,-4443.325,32221.1125,da,2026-01-09,2026-01-08,2026-01-08 15:00:00,12,12,9_16,TimeMixer,-71.0,-24.48360824584961,,,
2026-01-09 13:00:00,-71.0,-80.0,58787.01,14261.7475,17893.12,21089.0,-9502.3575,32154.8675,da,2026-01-09,2026-01-08,2026-01-08 15:00:00,13,13,9_16,TimeMixer,-71.0,-22.432083129882812,,,
2026-01-09 14:00:00,-71.0,-80.0,61160.605,14370.4375,16404.06,21722.5,-6381.8925,30774.4975,da,2026-01-09,2026-01-08,2026-01-08 15:00:00,14,14,9_16,TimeMixer,-71.0,-21.304805755615234,,,
2026-01-09 15:00:00,-50.0,-80.0,64182.7425,14815.1775,12858.3275,23064.75,-1601.0125,27673.505,da,2026-01-09,2026-01-08,2026-01-08 15:00:00,15,15,9_16,TimeMixer,-50.0,31.548423767089844,,,
2026-01-09 16:00:00,12.75,53.731,70667.63,15419.145,7241.9925,23995.75,8931.4925,22661.1375,da,2026-01-09,2026-01-08,2026-01-08 15:00:00,16,16,9_16,TimeMixer,12.75,57.2901611328125,,,
2026-01-09 17:00:00,251.25,592.13,78970.0875,16356.955,1591.76,26292.75,19573.1225,17948.715,da,2026-01-09,2026-01-08,2026-01-08 15:00:00,17,17,17_24,TimeMixer,251.25,197.09397888183594,,,
2026-01-09 18:00:00,300.0,218.899,83074.38,17545.4625,13.5025,29210.25,21069.665,17558.965,da,2026-01-09,2026-01-08,2026-01-08 15:00:00,18,18,17_24,TimeMixer,300.0,277.177001953125,,,
2026-01-09 19:00:00,224.375,277.553,80560.2625,18683.08,1.29,29504.5,17078.3925,18684.37,da,2026-01-09,2026-01-08,2026-01-08 15:00:00,19,19,17_24,TimeMixer,224.375,291.933837890625,,,
2026-01-09 20:00:00,100.0,125.159,78751.0375,19562.145,1.29,28903.5,14988.6025,19563.435,da,2026-01-09,2026-01-08,2026-01-08 15:00:00,20,20,17_24,TimeMixer,100.0,264.59930419921875,,,
2026-01-09 21:00:00,73.5,-80.0,77511.905,20074.625,1.29,28478.0,13662.49,20075.915,da,2026-01-09,2026-01-08,2026-01-08 15:00:00,21,21,17_24,TimeMixer,73.5,247.3275146484375,,,
2026-01-09 22:00:00,50.0,-80.0,75550.21,20424.2,1.29,27095.5,12733.72,20425.49,da,2026-01-09,2026-01-08,2026-01-08 15:00:00,22,22,17_24,TimeMixer,50.0,238.3302001953125,,,
2026-01-09 23:00:00,0.0,-80.0,70831.55,20720.65,1.29,24403.75,10410.36,20721.94,da,2026-01-09,2026-01-08,2026-01-08 15:00:00,23,23,17_24,TimeMixer,0.0,167.0548095703125,,,
2026-01-10 00:00:00,-30.0,-80.0,67512.5175,20974.53,1.29,21979.25,9261.9475,20975.82,da,2026-01-10,2026-01-09,2026-01-09 15:00:00,0,24,17_24,TimeMixer,-30.0,147.5383758544922,,,
2026-01-10 01:00:00,-27.2,-80.0,66997.2875,21380.515,1.29,22524.75,7944.7325,21381.805,da,2026-01-10,2026-01-09,2026-01-09 15:00:00,1,1,1_8,TimeMixer,-27.2,85.3232421875,,,
2026-01-10 02:00:00,-29.625,-80.0,65779.3925,21139.7625,1.29,22592.75,6899.59,21141.0525,da,2026-01-10,2026-01-09,2026-01-09 15:00:00,2,2,1_8,TimeMixer,-29.625,100.42019653320312,,,
2026-01-10 03:00:00,-30.0,-80.0,66452.03,21024.405,1.29,22641.5,7638.835,21025.695,da,2026-01-10,2026-01-09,2026-01-09 15:00:00,3,3,1_8,TimeMixer,-30.0,80.65478515625,,,
2026-01-10 04:00:00,-52.5,-80.0,65447.6575,20978.4525,1.29,22998.0,6323.915,20979.7425,da,2026-01-10,2026-01-09,2026-01-09 15:00:00,4,4,1_8,TimeMixer,-52.5,48.44439697265625,,,
2026-01-10 05:00:00,-60.0,-80.0,65463.21,20927.3225,1.29,23665.5,5723.0975,20928.6125,da,2026-01-10,2026-01-09,2026-01-09 15:00:00,5,5,1_8,TimeMixer,-60.0,49.1871337890625,,,
2026-01-10 06:00:00,-46.07,-80.0,67019.0925,20870.5925,1.52,25845.5,5155.48,20872.1125,da,2026-01-10,2026-01-09,2026-01-09 15:00:00,6,6,1_8,TimeMixer,-46.07,91.852783203125,,,
2026-01-10 07:00:00,-20.4,-77.09,69844.4625,20758.6575,7.3525,29633.0,4324.4525,20766.01,da,2026-01-10,2026-01-09,2026-01-09 15:00:00,7,7,1_8,TimeMixer,-20.4,71.26992797851562,,,
2026-01-10 08:00:00,100.0,-57.126,76276.5625,20427.245,1027.425,28929.25,10836.6425,21454.67,da,2026-01-10,2026-01-09,2026-01-09 15:00:00,8,8,1_8,TimeMixer,100.0,143.52926635742188,,,
2026-01-10 09:00:00,200.0,-10.921,76969.53,19806.185,6119.915,25481.75,10619.43,25926.1,da,2026-01-10,2026-01-09,2026-01-09 15:00:00,9,9,9_16,TimeMixer,200.0,-3.6052017211914062,,,
2026-01-10 10:00:00,0.0,-80.0,70743.9425,19026.11,12006.7325,23232.75,1617.35,31032.8425,da,2026-01-10,2026-01-09,2026-01-09 15:00:00,10,10,9_16,TimeMixer,0.0,-8.11865234375,,,
2026-01-10 11:00:00,-79.45,-80.0,68011.895,18466.785,15812.05,22548.75,-3689.19,34278.835,da,2026-01-10,2026-01-09,2026-01-09 15:00:00,11,11,9_16,TimeMixer,-79.45,-23.497833251953125,,,
2026-01-10 12:00:00,-79.0,-74.79,64398.335,17996.58,17573.9075,22188.5,-8256.6525,35570.4875,da,2026-01-10,2026-01-09,2026-01-09 15:00:00,12,12,9_16,TimeMixer,-79.0,-35.309688568115234,,,
2026-01-10 13:00:00,-79.0,-80.0,60712.42,17418.945,17615.8525,21994.25,-11212.6275,35034.7975,da,2026-01-10,2026-01-09,2026-01-09 15:00:00,13,13,9_16,TimeMixer,-79.0,-24.199195861816406,,,
2026-01-10 14:00:00,-79.0,-80.0,63461.155,17007.1425,16200.775,22458.25,-7101.0125,33207.9175,da,2026-01-10,2026-01-09,2026-01-09 15:00:00,14,14,9_16,TimeMixer,-79.0,-20.919109344482422,,,
2026-01-10 15:00:00,-77.5,-80.0,66580.6975,16899.3375,12947.7725,24192.75,-2355.1625,29847.11,da,2026-01-10,2026-01-09,2026-01-09 15:00:00,15,15,9_16,TimeMixer,-77.5,-5.388511657714844,,,
2026-01-10 16:00:00,90.29,-80.0,72937.4175,16965.3875,7536.4525,25097.5,8408.3275,24501.84,da,2026-01-10,2026-01-09,2026-01-09 15:00:00,16,16,9_16,TimeMixer,90.29,29.307708740234375,,,
2026-01-10 17:00:00,277.22,294.387,81817.5475,16631.845,1768.875,26987.25,21423.5775,18400.72,da,2026-01-10,2026-01-09,2026-01-09 15:00:00,17,17,17_24,TimeMixer,277.22,242.789794921875,,,
2026-01-10 18:00:00,358.205,398.406,86915.7425,15955.175,20.8575,29406.75,26446.96,15976.0325,da,2026-01-10,2026-01-09,2026-01-09 15:00:00,18,18,17_24,TimeMixer,358.205,386.3636474609375,,,
2026-01-10 19:00:00,360.22,443.424,84582.48,15349.76,1.29,29608.5,24479.43,15351.05,da,2026-01-10,2026-01-09,2026-01-09 15:00:00,19,19,17_24,TimeMixer,360.22,394.2782287597656,,,
2026-01-10 20:00:00,350.0,413.698,82915.345,14944.4725,1.29,28964.5,23859.0825,14945.7625,da,2026-01-10,2026-01-09,2026-01-09 15:00:00,20,20,17_24,TimeMixer,350.0,383.1972961425781,,,
2026-01-10 21:00:00,300.0,350.166,81306.7875,14747.48,1.29,28538.25,22873.7675,14748.77,da,2026-01-10,2026-01-09,2026-01-09 15:00:00,21,21,17_24,TimeMixer,300.0,384.8349304199219,,,
2026-01-10 22:00:00,255.0,375.263,78938.89,14781.3425,1.29,27172.25,21838.0075,14782.6325,da,2026-01-10,2026-01-09,2026-01-09 15:00:00,22,22,17_24,TimeMixer,255.0,382.8804931640625,,,
2026-01-10 23:00:00,200.0,355.44,74140.045,15063.2325,1.29,24727.75,19201.7725,15064.5225,da,2026-01-10,2026-01-09,2026-01-09 15:00:00,23,23,17_24,TimeMixer,200.0,340.719482421875,,,
2026-01-11 00:00:00,166.0,27.03,70163.33,15450.9525,1.29,22628.75,16936.3375,15452.2425,da,2026-01-11,2026-01-10,2026-01-10 15:00:00,0,24,17_24,TimeMixer,166.0,236.89337158203125,,,
2026-01-11 01:00:00,-27.7,-80.0,67953.015,17921.0125,1.29,21775.0,11625.7125,17922.3025,da,2026-01-11,2026-01-10,2026-01-10 15:00:00,1,1,1_8,TimeMixer,-27.7,175.08111572265625,,,
2026-01-11 02:00:00,-25.125,-80.0,66329.075,17866.7175,1.29,21775.0,10056.0675,17868.0075,da,2026-01-11,2026-01-10,2026-01-10 15:00:00,2,2,1_8,TimeMixer,-25.125,189.69793701171875,,,
2026-01-11 03:00:00,-25.0,-80.0,67120.915,17667.095,1.29,21783.75,11038.78,17668.385,da,2026-01-11,2026-01-10,2026-01-10 15:00:00,3,3,1_8,TimeMixer,-25.0,187.91529846191406,,,
2026-01-11 04:00:00,-30.0,-80.0,66446.3175,17396.455,1.29,22134.5,10284.0725,17397.745,da,2026-01-11,2026-01-10,2026-01-10 15:00:00,4,4,1_8,TimeMixer,-30.0,170.56922912597656,,,
2026-01-11 05:00:00,-26.5,-80.0,66441.1475,16980.9375,1.29,22796.75,10032.17,16982.2275,da,2026-01-11,2026-01-10,2026-01-10 15:00:00,5,5,1_8,TimeMixer,-26.5,177.30621337890625,,,
2026-01-11 06:00:00,-26.0,-80.0,68261.2375,16378.395,1.52,25023.75,10227.5725,16379.915,da,2026-01-11,2026-01-10,2026-01-10 15:00:00,6,6,1_8,TimeMixer,-26.0,209.74130249023438,,,
2026-01-11 07:00:00,-26.0,-80.0,70691.53,15489.9175,31.88,28958.25,9606.4825,15521.7975,da,2026-01-11,2026-01-10,2026-01-10 15:00:00,7,7,1_8,TimeMixer,-26.0,199.2476348876953,,,
2026-01-11 08:00:00,150.0,196.794,76272.495,14236.8575,1339.2325,28469.0,15687.405,15576.09,da,2026-01-11,2026-01-10,2026-01-10 15:00:00,8,8,1_8,TimeMixer,150.0,358.8954772949219,,,
2026-01-11 09:00:00,100.0,156.469,75559.6025,12802.61,7054.2575,25377.25,13899.235,19856.8675,da,2026-01-11,2026-01-10,2026-01-10 15:00:00,9,9,9_16,TimeMixer,100.0,160.936767578125,,,
2026-01-11 10:00:00,2.655,-80.0,69183.535,11356.3925,13500.805,21976.75,6004.5875,24857.1975,da,2026-01-11,2026-01-10,2026-01-10 15:00:00,10,10,9_16,TimeMixer,2.655,-13.669120788574219,,,
2026-01-11 11:00:00,-74.5,-80.0,66352.0425,9921.17,17448.5825,19924.5,2700.29,27369.7525,da,2026-01-11,2026-01-10,2026-01-10 15:00:00,11,11,9_16,TimeMixer,-74.5,-48.391090393066406,,,
2026-01-11 12:00:00,-75.0,-80.0,63297.935,8498.6825,19139.785,20120.0,-840.5325,27638.4675,da,2026-01-11,2026-01-10,2026-01-10 15:00:00,12,12,9_16,TimeMixer,-75.0,-65.92495727539062,,,
2026-01-11 13:00:00,-75.0,-80.0,59111.24,7225.52,19165.095,20021.0,-3680.375,26390.615,da,2026-01-11,2026-01-10,2026-01-10 15:00:00,13,13,9_16,TimeMixer,-75.0,-53.79706573486328,,,
2026-01-11 14:00:00,-75.0,-80.0,61332.5175,6163.645,17688.38,20853.0,247.4925,23852.025,da,2026-01-11,2026-01-10,2026-01-10 15:00:00,14,14,9_16,TimeMixer,-75.0,-63.9555778503418,,,
2026-01-11 15:00:00,-50.5,-80.0,64391.1075,5304.4975,14275.925,22414.0,6016.685,19580.4225,da,2026-01-11,2026-01-10,2026-01-10 15:00:00,15,15,9_16,TimeMixer,-50.5,-21.551177978515625,,,
2026-01-11 16:00:00,225.5,173.951,70708.8825,4790.735,8475.8475,23999.75,17028.8,13266.5825,da,2026-01-11,2026-01-10,2026-01-10 15:00:00,16,16,9_16,TimeMixer,225.5,246.7247314453125,,,
2026-01-11 17:00:00,410.25,619.514,80553.0975,5019.7275,2076.985,26296.5,30669.885,7096.7125,da,2026-01-11,2026-01-10,2026-01-10 15:00:00,17,17,17_24,TimeMixer,410.25,348.4149169921875,,,
2026-01-11 18:00:00,433.58,628.284,86930.875,6497.515,34.625,29202.75,34625.985,6532.14,da,2026-01-11,2026-01-10,2026-01-10 15:00:00,18,18,17_24,TimeMixer,433.58,365.02850341796875,,,
2026-01-11 19:00:00,406.5,618.758,85109.2075,8977.2575,1.39,29504.5,29998.56,8978.6475,da,2026-01-11,2026-01-10,2026-01-10 15:00:00,19,19,17_24,TimeMixer,406.5,339.2601318359375,,,
2026-01-11 20:00:00,358.0,602.708,83998.8425,11790.8675,1.29,28903.5,26673.185,11792.1575,da,2026-01-11,2026-01-10,2026-01-10 15:00:00,20,20,17_24,TimeMixer,358.0,354.8226623535156,,,
2026-01-11 21:00:00,262.5,521.916,82520.365,14327.355,1.29,28478.75,23082.97,14328.645,da,2026-01-11,2026-01-10,2026-01-10 15:00:00,21,21,17_24,TimeMixer,262.5,338.80718994140625,,,
2026-01-11 22:00:00,248.82,286.184,79620.525,16327.8075,1.29,27100.5,19560.9275,16329.0975,da,2026-01-11,2026-01-10,2026-01-10 15:00:00,22,22,17_24,TimeMixer,248.82,321.5376281738281,,,
2026-01-11 23:00:00,171.42,-80.0,74129.82,17840.0225,1.29,24403.75,15254.7575,17841.3125,da,2026-01-11,2026-01-10,2026-01-10 15:00:00,23,23,17_24,TimeMixer,171.42,287.90655517578125,,,
2026-01-12 00:00:00,95.65,-80.0,70579.7425,18990.6025,1.29,21941.25,13016.6,18991.8925,da,2026-01-12,2026-01-11,2026-01-11 15:00:00,0,24,17_24,TimeMixer,95.65,216.33187866210938,,,
2026-01-12 01:00:00,-50.0,-80.0,66419.15,19720.485,1.29,21775.0,8342.375,19721.775,da,2026-01-12,2026-01-11,2026-01-11 15:00:00,1,1,1_8,TimeMixer,-50.0,129.2017059326172,,,
2026-01-12 02:00:00,-54.375,-80.0,65181.1275,20460.5125,1.29,21776.5,6362.825,20461.8025,da,2026-01-12,2026-01-11,2026-01-11 15:00:00,2,2,1_8,TimeMixer,-54.375,139.44891357421875,,,
2026-01-12 03:00:00,-60.0,-80.0,66813.5875,20945.75,1.29,21783.75,7502.7975,20947.04,da,2026-01-12,2026-01-11,2026-01-11 15:00:00,3,3,1_8,TimeMixer,-60.0,148.65139770507812,,,
2026-01-12 04:00:00,-60.0,-80.125,65920.5525,21114.8275,1.29,22124.5,6099.935,21116.1175,da,2026-01-12,2026-01-11,2026-01-11 15:00:00,4,4,1_8,TimeMixer,-60.0,131.90370178222656,,,
2026-01-12 05:00:00,-61.0,-60.025,66284.9825,21049.3825,1.29,22786.0,5868.31,21050.6725,da,2026-01-12,2026-01-11,2026-01-11 15:00:00,5,5,1_8,TimeMixer,-61.0,124.97601318359375,,,
2026-01-12 06:00:00,-61.0,-80.0,68823.9775,20730.7825,1.52,25020.75,6490.925,20732.3025,da,2026-01-12,2026-01-11,2026-01-11 15:00:00,6,6,1_8,TimeMixer,-61.0,165.88868713378906,,,
2026-01-12 07:00:00,-61.0,-80.0,73313.355,20097.6125,12.5925,28922.75,7725.4,20110.205,da,2026-01-12,2026-01-11,2026-01-11 15:00:00,7,7,1_8,TimeMixer,-61.0,193.81396484375,,,
2026-01-12 08:00:00,125.5,97.356,79175.53,19048.955,1138.105,28445.75,14052.72,20187.06,da,2026-01-12,2026-01-11,2026-01-11 15:00:00,8,8,1_8,TimeMixer,125.5,313.94219970703125,,,
2026-01-12 09:00:00,143.5,329.792,80609.6775,17391.625,6580.465,25362.25,14899.0875,23972.09,da,2026-01-12,2026-01-11,2026-01-11 15:00:00,9,9,9_16,TimeMixer,143.5,120.61156463623047,,,
2026-01-12 10:00:00,0.0,-57.197,74916.225,14657.3075,12944.43,22071.5,8947.9875,27601.7375,da,2026-01-12,2026-01-11,2026-01-11 15:00:00,10,10,9_16,TimeMixer,0.0,-9.596092224121094,,,
2026-01-12 11:00:00,-75.0,-79.222,71671.2675,11707.31,17231.5675,20026.25,6398.64,28938.8775,da,2026-01-12,2026-01-11,2026-01-11 15:00:00,11,11,9_16,TimeMixer,-75.0,-43.12915802001953,,,
2026-01-12 12:00:00,-75.0,-80.0,67491.575,9502.16,19231.1175,19974.75,2453.5475,28733.2775,da,2026-01-12,2026-01-11,2026-01-11 15:00:00,12,12,9_16,TimeMixer,-75.0,-49.3484001159668,,,
2026-01-12 13:00:00,-75.0,-80.0,62779.6475,7890.6525,19315.715,19720.5,-477.22,27206.3675,da,2026-01-12,2026-01-11,2026-01-11 15:00:00,13,13,9_16,TimeMixer,-75.0,-40.608642578125,,,
2026-01-12 14:00:00,-75.0,-80.0,65381.215,6706.4975,17686.065,20831.5,3827.1525,24392.5625,da,2026-01-12,2026-01-11,2026-01-11 15:00:00,14,14,9_16,TimeMixer,-75.0,-47.195194244384766,,,
2026-01-12 15:00:00,0.0,-90.149,67595.7625,5778.37,14000.6175,22387.5,9099.275,19778.9875,da,2026-01-12,2026-01-11,2026-01-11 15:00:00,15,15,9_16,TimeMixer,0.0,9.819900512695312,,,
2026-01-12 16:00:00,263.065,540.235,72386.995,4977.115,8195.625,23999.75,18850.755,13172.74,da,2026-01-12,2026-01-11,2026-01-11 15:00:00,16,16,9_16,TimeMixer,263.065,297.4187927246094,,,
2026-01-12 17:00:00,458.125,661.765,79816.565,4620.22,2000.1175,26296.5,30459.7275,6620.3375,da,2026-01-12,2026-01-11,2026-01-11 15:00:00,17,17,17_24,TimeMixer,458.125,376.80859375,,,
2026-01-12 18:00:00,504.0,427.61,85477.295,4696.665,25.375,29211.0,35024.255,4722.04,da,2026-01-12,2026-01-11,2026-01-11 15:00:00,18,18,17_24,TimeMixer,504.0,434.6478576660156,,,
2026-01-12 19:00:00,500.375,463.666,83504.3925,4961.6075,1.39,29527.75,32436.145,4962.9975,da,2026-01-12,2026-01-11,2026-01-11 15:00:00,19,19,17_24,TimeMixer,500.375,425.91998291015625,,,
2026-01-12 20:00:00,487.5,420.646,81843.5375,5335.72,1.29,28937.5,30989.0275,5337.01,da,2026-01-12,2026-01-11,2026-01-11 15:00:00,20,20,17_24,TimeMixer,487.5,423.89263916015625,,,
2026-01-12 21:00:00,439.14,363.522,80236.885,5758.8275,1.29,28530.0,29366.7675,5760.1175,da,2026-01-12,2026-01-11,2026-01-11 15:00:00,21,21,17_24,TimeMixer,439.14,423.1907043457031,,,
2026-01-12 22:00:00,400.0,435.19,78086.93,6214.7375,1.29,27136.0,28154.9025,6216.0275,da,2026-01-12,2026-01-11,2026-01-11 15:00:00,22,22,17_24,TimeMixer,400.0,411.7449951171875,,,
2026-01-12 23:00:00,359.5,565.686,72902.0525,6640.63,1.29,24408.0,25272.1325,6641.92,da,2026-01-12,2026-01-11,2026-01-11 15:00:00,23,23,17_24,TimeMixer,359.5,386.1159973144531,,,
2026-01-13 00:00:00,295.5,562.579,69432.2375,7019.8425,1.29,21941.25,23889.855,7021.1325,da,2026-01-13,2026-01-12,2026-01-12 15:00:00,0,24,17_24,TimeMixer,295.5,371.72686767578125,,,
2026-01-13 01:00:00,300.0,363.367,67469.15,7702.5925,1.29,21924.0,21211.2675,7703.8825,da,2026-01-13,2026-01-12,2026-01-12 15:00:00,1,1,1_8,TimeMixer,300.0,316.0773620605469,,,
2026-01-13 02:00:00,236.625,336.258,66231.9525,7897.445,1.29,21923.25,19779.9675,7898.735,da,2026-01-13,2026-01-12,2026-01-12 15:00:00,2,2,1_8,TimeMixer,236.625,316.71234130859375,,,
2026-01-13 03:00:00,289.455,381.475,67781.1025,8267.35,1.29,21923.0,20959.4625,8268.64,da,2026-01-13,2026-01-12,2026-01-12 15:00:00,3,3,1_8,TimeMixer,289.455,307.94781494140625,,,
2026-01-13 04:00:00,221.83,285.548,66437.6825,8718.825,1.29,22272.5,18815.0675,8720.115,da,2026-01-13,2026-01-12,2026-01-12 15:00:00,4,4,1_8,TimeMixer,221.83,296.8944091796875,,,
2026-01-13 05:00:00,233.08,268.775,66639.1225,9007.5125,1.29,22934.0,18066.32,9008.8025,da,2026-01-13,2026-01-12,2026-01-12 15:00:00,5,5,1_8,TimeMixer,233.08,287.0946044921875,,,
2026-01-13 06:00:00,235.0,291.816,69145.585,9008.4,1.52,25168.0,18337.665,9009.92,da,2026-01-13,2026-01-12,2026-01-12 15:00:00,6,6,1_8,TimeMixer,235.0,306.91156005859375,,,
2026-01-13 07:00:00,279.5,316.621,73775.3575,8792.745,13.3225,29070.75,19293.54,8806.0675,da,2026-01-13,2026-01-12,2026-01-12 15:00:00,7,7,1_8,TimeMixer,279.5,321.9490051269531,,,
2026-01-13 08:00:00,374.0,426.16,79764.59,8373.5275,1204.5975,28538.5,25107.965,9578.125,da,2026-01-13,2026-01-12,2026-01-12 15:00:00,8,8,1_8,TimeMixer,374.0,380.8371276855469,,,
2026-01-13 09:00:00,370.5,459.784,81556.4575,7669.5,6332.225,25362.0,25766.4825,14001.725,da,2026-01-13,2026-01-12,2026-01-12 15:00:00,9,9,9_16,TimeMixer,370.5,328.0049743652344,,,
2026-01-13 10:00:00,140.0,135.867,75510.29,6456.75,12457.8225,22728.75,17521.9675,18914.5725,da,2026-01-13,2026-01-12,2026-01-12 15:00:00,10,10,9_16,TimeMixer,140.0,122.653564453125,,,
2026-01-13 11:00:00,35.423,69.636,72383.48,5122.6375,16654.105,21408.25,12840.9875,21776.7425,da,2026-01-13,2026-01-12,2026-01-12 15:00:00,11,11,9_16,TimeMixer,35.423,-0.21342086791992188,,,
2026-01-13 12:00:00,-18.0,73.4,68059.8875,4042.24,18571.2675,21051.5,8014.88,22613.5075,da,2026-01-13,2026-01-12,2026-01-12 15:00:00,12,12,9_16,TimeMixer,-18.0,-40.884334564208984,,,
2026-01-13 13:00:00,-60.0,-24.036,63335.7325,3333.3625,18547.6275,21084.25,3990.4925,21880.99,da,2026-01-13,2026-01-12,2026-01-12 15:00:00,13,13,9_16,TimeMixer,-60.0,-56.79608154296875,,,
2026-01-13 14:00:00,-69.888,-32.683,66094.1,3037.1975,16755.3125,21711.25,8210.34,19792.51,da,2026-01-13,2026-01-12,2026-01-12 15:00:00,14,14,9_16,TimeMixer,-69.888,-40.827579498291016,,,
2026-01-13 15:00:00,13.475,216.584,68496.7675,3137.5825,12933.64,23058.0,12987.545,16071.2225,da,2026-01-13,2026-01-12,2026-01-12 15:00:00,15,15,9_16,TimeMixer,13.475,77.74111938476562,,,
2026-01-13 16:00:00,330.0,348.714,73261.945,3694.1875,7336.53,23997.0,21820.4775,11030.7175,da,2026-01-13,2026-01-12,2026-01-12 15:00:00,16,16,9_16,TimeMixer,330.0,292.619384765625,,,
2026-01-13 17:00:00,422.125,383.393,79992.085,4785.1825,1888.205,26297.5,30531.1975,6673.3875,da,2026-01-13,2026-01-12,2026-01-12 15:00:00,17,17,17_24,TimeMixer,422.125,370.53466796875,,,
2026-01-13 18:00:00,420.0,304.787,85297.0225,6352.67,26.5,29202.75,33145.1025,6379.17,da,2026-01-13,2026-01-12,2026-01-12 15:00:00,18,18,17_24,TimeMixer,420.0,396.81365966796875,,,
2026-01-13 19:00:00,420.0,281.337,83454.3925,7958.5625,1.3575,29504.5,29362.4725,7959.92,da,2026-01-13,2026-01-12,2026-01-12 15:00:00,19,19,17_24,TimeMixer,420.0,372.6666564941406,,,
2026-01-13 20:00:00,396.0,255.291,81793.5375,9297.625,1.29,28903.5,26961.1225,9298.915,da,2026-01-13,2026-01-12,2026-01-12 15:00:00,20,20,17_24,TimeMixer,396.0,379.72406005859375,,,
2026-01-13 21:00:00,367.0,249.346,80186.885,10223.0025,1.29,28478.0,24854.5925,10224.2925,da,2026-01-13,2026-01-12,2026-01-12 15:00:00,21,21,17_24,TimeMixer,367.0,363.17974853515625,,,
2026-01-13 22:00:00,332.9,267.532,78036.93,10748.7075,1.29,27095.5,23561.4325,10749.9975,da,2026-01-13,2026-01-12,2026-01-12 15:00:00,22,22,17_24,TimeMixer,332.9,355.8023681640625,,,
2026-01-13 23:00:00,279.0,229.61,72852.0525,11042.61,1.29,24459.25,20718.9025,11043.9,da,2026-01-13,2026-01-12,2026-01-12 15:00:00,23,23,17_24,TimeMixer,279.0,340.7881774902344,,,
2026-01-14 00:00:00,269.0,223.84,69382.2375,11214.295,1.29,22090.25,19446.4025,11215.585,da,2026-01-14,2026-01-13,2026-01-13 15:00:00,0,24,17_24,TimeMixer,269.0,333.8504333496094,,,
2026-01-14 01:00:00,297.88,279.996,66725.755,9261.92,0.0,21775.0,19058.835,9261.92,da,2026-01-14,2026-01-13,2026-01-13 15:00:00,1,1,1_8,TimeMixer,297.88,282.697265625,,,
2026-01-14 02:00:00,291.35,281.411,65306.1025,9106.6,0.0,21775.0,17794.5025,9106.6,da,2026-01-14,2026-01-13,2026-01-13 15:00:00,2,2,1_8,TimeMixer,291.35,285.96966552734375,,,
2026-01-14 03:00:00,300.0,296.547,66570.9125,8762.3675,0.0,21775.0,19403.545,8762.3675,da,2026-01-14,2026-01-13,2026-01-13 15:00:00,3,3,1_8,TimeMixer,300.0,278.634765625,,,
2026-01-14 04:00:00,295.56,290.445,65444.5175,8307.0025,0.0,22124.5,18383.015,8307.0025,da,2026-01-14,2026-01-13,2026-01-13 15:00:00,4,4,1_8,TimeMixer,295.56,269.8746032714844,,,
2026-01-14 05:00:00,294.82,290.403,65834.1125,7832.7075,0.0,22786.0,18585.405,7832.7075,da,2026-01-14,2026-01-13,2026-01-13 15:00:00,5,5,1_8,TimeMixer,294.82,258.28369140625,,,
2026-01-14 06:00:00,290.0,286.948,67881.3975,7343.1125,0.23,25020.75,18887.305,7343.3425,da,2026-01-14,2026-01-13,2026-01-13 15:00:00,6,6,1_8,TimeMixer,290.0,270.8767395019531,,,
2026-01-14 07:00:00,315.48,273.459,72125.28,6882.1625,10.5775,28922.75,19704.79,6892.74,da,2026-01-14,2026-01-13,2026-01-13 15:00:00,7,7,1_8,TimeMixer,315.48,285.1502990722656,,,
2026-01-14 08:00:00,380.0,324.71,78320.0725,6456.45,713.5475,28445.75,26164.325,7169.9975,da,2026-01-14,2026-01-13,2026-01-13 15:00:00,8,8,1_8,TimeMixer,380.0,284.5448913574219,,,
2026-01-14 09:00:00,400.0,358.242,84362.51,6041.7325,3816.615,25362.75,32715.1625,9858.3475,da,2026-01-14,2026-01-13,2026-01-13 15:00:00,9,9,9_16,TimeMixer,400.0,305.09027099609375,,,
2026-01-14 10:00:00,374.615,370.738,82853.2175,5632.64,7346.295,22730.25,30799.0325,12978.935,da,2026-01-14,2026-01-13,2026-01-13 15:00:00,10,10,9_16,TimeMixer,374.615,303.36810302734375,,,
2026-01-14 11:00:00,335.0,365.072,81813.6475,5186.855,9876.3075,21408.25,28984.735,15063.1625,da,2026-01-14,2026-01-13,2026-01-13 15:00:00,11,11,9_16,TimeMixer,335.0,268.01995849609375,,,
2026-01-14 12:00:00,323.75,362.539,79177.4,4738.9125,10880.57,21051.5,26126.4175,15619.4825,da,2026-01-14,2026-01-13,2026-01-13 15:00:00,12,12,9_16,TimeMixer,323.75,244.96945190429688,,,
2026-01-14 13:00:00,311.5,415.831,75233.1325,4445.8025,10464.6875,21087.75,22854.8925,14910.49,da,2026-01-14,2026-01-13,2026-01-13 15:00:00,13,13,9_16,TimeMixer,311.5,201.05886840820312,,,
2026-01-14 14:00:00,320.0,514.322,78139.0125,4418.8875,8734.855,21718.25,26887.02,13153.7425,da,2026-01-14,2026-01-13,2026-01-13 15:00:00,14,14,9_16,TimeMixer,320.0,245.97952270507812,,,
2026-01-14 15:00:00,337.743,608.805,79029.105,4608.225,6143.365,23060.5,28837.015,10751.59,da,2026-01-14,2026-01-13,2026-01-13 15:00:00,15,15,9_16,TimeMixer,337.743,307.74603271484375,,,
2026-01-14 16:00:00,387.5,611.225,79658.39,5065.06,3329.4575,23999.75,30850.3725,8394.5175,da,2026-01-14,2026-01-13,2026-01-13 15:00:00,16,16,9_16,TimeMixer,387.5,308.96722412109375,,,
2026-01-14 17:00:00,400.0,558.132,81176.375,5949.8425,951.81,26296.5,31488.2225,6901.6525,da,2026-01-14,2026-01-13,2026-01-13 15:00:00,17,17,17_24,TimeMixer,400.0,365.8904113769531,,,
2026-01-14 18:00:00,388.35,360.604,83914.01,7366.7075,20.27,29203.0,30754.0325,7386.9775,da,2026-01-14,2026-01-13,2026-01-13 15:00:00,18,18,17_24,TimeMixer,388.35,370.0009460449219,,,
2026-01-14 19:00:00,350.05,334.315,82231.5925,9155.23,0.1075,29504.5,26944.255,9155.3375,da,2026-01-14,2026-01-13,2026-01-13 15:00:00,19,19,17_24,TimeMixer,350.05,346.71783447265625,,,
2026-01-14 20:00:00,319.47,316.373,80241.7125,10715.4675,0.0,28903.5,23992.745,10715.4675,da,2026-01-14,2026-01-13,2026-01-13 15:00:00,20,20,17_24,TimeMixer,319.47,355.62384033203125,,,
2026-01-14 21:00:00,305.55,304.358,78885.13,11677.37,0.0,28478.0,22099.76,11677.37,da,2026-01-14,2026-01-13,2026-01-13 15:00:00,21,21,17_24,TimeMixer,305.55,330.05950927734375,,,
2026-01-14 22:00:00,300.0,288.832,76943.56,11951.7675,0.0,27095.5,21266.2925,11951.7675,da,2026-01-14,2026-01-13,2026-01-13 15:00:00,22,22,17_24,TimeMixer,300.0,318.10400390625,,,
2026-01-14 23:00:00,258.443,287.466,71840.0925,11707.1325,0.0,24403.75,19099.21,11707.1325,da,2026-01-14,2026-01-13,2026-01-13 15:00:00,23,23,17_24,TimeMixer,258.443,307.4050598144531,,,
2026-01-15 00:00:00,257.35,290.209,68235.2525,11150.6175,0.0,21941.25,18513.385,11150.6175,da,2026-01-15,2026-01-14,2026-01-14 15:00:00,0,24,17_24,TimeMixer,257.35,336.59429931640625,,,
2026-01-15 01:00:00,272.1,331.732,65825.755,10038.88,0.0,21775.0,17481.875,10038.88,da,2026-01-15,2026-01-14,2026-01-14 15:00:00,1,1,1_8,TimeMixer,272.1,290.1114501953125,,,
2026-01-15 02:00:00,262.775,344.979,64552.1525,8868.345,0.0,21774.75,17379.0575,8868.345,da,2026-01-15,2026-01-14,2026-01-14 15:00:00,2,2,1_8,TimeMixer,262.775,294.5067443847656,,,
2026-01-15 03:00:00,340.0,363.065,65670.9125,7693.47,0.0,21774.0,19673.4425,7693.47,da,2026-01-15,2026-01-14,2026-01-14 15:00:00,3,3,1_8,TimeMixer,340.0,285.1232604980469,,,
2026-01-15 04:00:00,350.05,314.987,64544.5175,6587.89,0.0,22123.5,19303.1275,6587.89,da,2026-01-15,2026-01-14,2026-01-14 15:00:00,4,4,1_8,TimeMixer,350.05,275.73529052734375,,,
2026-01-15 05:00:00,333.9,324.555,64934.1125,5602.4725,0.0,22785.0,20016.64,5602.4725,da,2026-01-15,2026-01-14,2026-01-14 15:00:00,5,5,1_8,TimeMixer,333.9,266.04150390625,,,
2026-01-15 06:00:00,350.013,338.683,66981.3975,4774.4325,0.23,25020.5,20656.235,4774.6625,da,2026-01-15,2026-01-14,2026-01-14 15:00:00,6,6,1_8,TimeMixer,350.013,274.83624267578125,,,
2026-01-15 07:00:00,370.05,344.632,71221.4375,4115.63,12.54,28922.75,21665.5175,4128.17,da,2026-01-15,2026-01-14,2026-01-14 15:00:00,7,7,1_8,TimeMixer,370.05,287.1222839355469,,,
2026-01-15 08:00:00,430.0,454.909,76396.06,3595.4775,1168.6325,28445.75,26746.2,4764.11,da,2026-01-15,2026-01-14,2026-01-14 15:00:00,8,8,1_8,TimeMixer,430.0,385.8974609375,,,
2026-01-15 09:00:00,420.5,492.837,77393.325,3133.915,6421.235,25362.5,26149.425,9555.15,da,2026-01-15,2026-01-14,2026-01-14 15:00:00,9,9,9_16,TimeMixer,420.5,314.429443359375,,,
2026-01-15 10:00:00,249.25,188.418,71574.1375,2793.615,12696.3175,22728.75,17110.455,15489.9325,da,2026-01-15,2026-01-14,2026-01-14 15:00:00,10,10,9_16,TimeMixer,249.25,117.16665649414062,,,
2026-01-15 11:00:00,25.0,-72.63,68216.8,2648.0325,17049.88,21406.5,10854.8875,19697.9125,da,2026-01-15,2026-01-14,2026-01-14 15:00:00,11,11,9_16,TimeMixer,25.0,-0.07550811767578125,,,
2026-01-15 12:00:00,-10.948,-66.215,63458.9775,2653.1125,19072.6975,21050.5,4402.6675,21725.81,da,2026-01-15,2026-01-14,2026-01-14 15:00:00,12,12,9_16,TimeMixer,-10.948,-43.27158737182617,,,
2026-01-15 13:00:00,-70.0,-80.0,58874.445,2901.835,19198.65,21086.0,-592.04,22100.485,da,2026-01-15,2026-01-14,2026-01-14 15:00:00,13,13,9_16,TimeMixer,-70.0,-57.56455993652344,,,
2026-01-15 14:00:00,-70.0,-80.0,61440.5225,3476.15,17546.6475,21716.5,2421.225,21022.7975,da,2026-01-15,2026-01-14,2026-01-14 15:00:00,14,14,9_16,TimeMixer,-70.0,-40.76932907104492,,,
2026-01-15 15:00:00,-61.063,-74.505,64006.145,4386.9675,13899.535,23062.75,6376.8925,18286.5025,da,2026-01-15,2026-01-14,2026-01-14 15:00:00,15,15,9_16,TimeMixer,-61.063,72.52592468261719,,,
2026-01-15 16:00:00,224.638,290.549,69220.08,5792.23,8187.0375,24000.75,14926.3125,13979.2675,da,2026-01-15,2026-01-14,2026-01-14 15:00:00,16,16,9_16,TimeMixer,224.638,257.5058898925781,,,
2026-01-15 17:00:00,373.125,374.533,76323.9775,7921.4925,2145.945,26298.25,23568.29,10067.4375,da,2026-01-15,2026-01-14,2026-01-14 15:00:00,17,17,17_24,TimeMixer,373.125,332.07891845703125,,,
2026-01-15 18:00:00,344.688,-78.635,81855.3625,10422.0175,32.51,29202.75,25728.085,10454.5275,da,2026-01-15,2026-01-14,2026-01-14 15:00:00,18,18,17_24,TimeMixer,344.688,344.4953918457031,,,
2026-01-15 19:00:00,250.0,-80.0,80732.175,12516.83,0.0,29505.25,22182.595,12516.83,da,2026-01-15,2026-01-14,2026-01-14 15:00:00,19,19,17_24,TimeMixer,250.0,324.15960693359375,,,
2026-01-15 20:00:00,254.14,-80.0,79114.1325,13981.6775,0.0,28903.5,19698.955,13981.6775,da,2026-01-15,2026-01-14,2026-01-14 15:00:00,20,20,17_24,TimeMixer,254.14,330.24945068359375,,,
2026-01-15 21:00:00,234.97,-80.0,77624.5825,14808.9425,0.0,28478.0,17807.64,14808.9425,da,2026-01-15,2026-01-14,2026-01-14 15:00:00,21,21,17_24,TimeMixer,234.97,307.89154052734375,,,
2026-01-15 22:00:00,203.25,-80.0,75667.655,15142.995,0.0,27095.5,16899.16,15142.995,da,2026-01-15,2026-01-14,2026-01-14 15:00:00,22,22,17_24,TimeMixer,203.25,295.39752197265625,,,
2026-01-15 23:00:00,119.135,-80.0,70593.595,15108.5775,0.0,24403.75,14551.2675,15108.5775,da,2026-01-15,2026-01-14,2026-01-14 15:00:00,23,23,17_24,TimeMixer,119.135,275.8768005371094,,,
2026-01-16 00:00:00,121.62,-80.0,66702.6675,14699.925,0.0,21940.5,13532.2425,14699.925,da,2026-01-16,2026-01-15,2026-01-15 15:00:00,0,24,17_24,TimeMixer,121.62,268.72943115234375,,,
2026-01-16 01:00:00,155.658,-80.0,65623.8925,15063.55,0.0,22816.25,11154.0925,15063.55,da,2026-01-16,2026-01-15,2026-01-15 15:00:00,1,1,1_8,TimeMixer,155.658,213.48443603515625,,,
2026-01-16 02:00:00,157.5,-80.0,64352.6175,13881.7175,0.0,23020.0,10860.9,13881.7175,da,2026-01-16,2026-01-15,2026-01-15 15:00:00,2,2,1_8,TimeMixer,157.5,201.99301147460938,,,
2026-01-16 03:00:00,162.88,-80.0,65574.6175,12688.5775,0.0,23016.0,13280.04,12688.5775,da,2026-01-16,2026-01-15,2026-01-15 15:00:00,3,3,1_8,TimeMixer,162.88,199.46786499023438,,,
2026-01-16 04:00:00,165.0,-80.0,64544.3375,11751.9375,0.0,23363.25,12839.15,11751.9375,da,2026-01-16,2026-01-15,2026-01-15 15:00:00,4,4,1_8,TimeMixer,165.0,189.91697692871094,,,
2026-01-16 05:00:00,169.315,-80.0,64847.02,11407.1875,0.0,24018.75,12831.0825,11407.1875,da,2026-01-16,2026-01-15,2026-01-15 15:00:00,5,5,1_8,TimeMixer,169.315,183.35504150390625,,,
2026-01-16 06:00:00,170.94,-80.0,67093.235,11482.225,0.23,26247.5,12773.28,11482.455,da,2026-01-16,2026-01-15,2026-01-15 15:00:00,6,6,1_8,TimeMixer,170.94,181.54957580566406,,,
2026-01-16 07:00:00,255.5,-80.0,71605.1775,11828.8125,13.84,29764.25,13433.275,11842.6525,da,2026-01-16,2026-01-15,2026-01-15 15:00:00,7,7,1_8,TimeMixer,255.5,207.8185272216797,,,
2026-01-16 08:00:00,407.5,-80.0,77256.7375,12395.0825,847.7125,28673.75,18840.1925,13242.795,da,2026-01-16,2026-01-15,2026-01-15 15:00:00,8,8,1_8,TimeMixer,407.5,270.84332275390625,,,
2026-01-16 09:00:00,412.0,312.855,80758.365,12911.2075,4460.205,25706.5,21294.2025,17371.4125,da,2026-01-16,2026-01-15,2026-01-15 15:00:00,9,9,9_16,TimeMixer,412.0,224.35000610351562,,,
2026-01-16 10:00:00,263.65,619.764,77700.245,13481.8575,8572.825,23079.5,16261.0625,22054.6825,da,2026-01-16,2026-01-15,2026-01-15 15:00:00,10,10,9_16,TimeMixer,263.65,150.3380584716797,,,
2026-01-16 11:00:00,71.15,670.964,75735.905,14321.24,11525.2925,21508.25,12063.6225,25846.5325,da,2026-01-16,2026-01-15,2026-01-15 15:00:00,11,11,9_16,TimeMixer,71.15,65.5992431640625,,,
2026-01-16 12:00:00,7.158,685.94,71962.11,15413.57,12882.685,21151.5,6174.355,28296.255,da,2026-01-16,2026-01-15,2026-01-15 15:00:00,12,12,9_16,TimeMixer,7.158,48.96952819824219,,,
2026-01-16 13:00:00,-30.0,665.472,67374.0775,16646.0925,12636.0925,21188.5,563.3925,29282.185,da,2026-01-16,2026-01-15,2026-01-15 15:00:00,13,13,9_16,TimeMixer,-30.0,21.550029754638672,,,
2026-01-16 14:00:00,-60.0,565.008,70435.88,17940.68,11165.2275,21958.75,3031.2225,29105.9075,da,2026-01-16,2026-01-15,2026-01-15 15:00:00,14,14,9_16,TimeMixer,-60.0,68.2695083618164,,,
2026-01-16 15:00:00,-30.0,50.624,72316.885,19131.9925,8627.6,23465.75,4751.5425,27759.5925,da,2026-01-16,2026-01-15,2026-01-15 15:00:00,15,15,9_16,TimeMixer,-30.0,181.9201202392578,,,
2026-01-16 16:00:00,0.0,58.277,75234.69,20181.56,5148.0075,24226.5,9304.8725,25329.5675,da,2026-01-16,2026-01-15,2026-01-15 15:00:00,16,16,9_16,TimeMixer,0.0,85.28093719482422,,,
2026-01-16 17:00:00,181.55,360.308,79863.305,20987.055,1510.125,26411.75,14504.375,22497.18,da,2026-01-16,2026-01-15,2026-01-15 15:00:00,17,17,17_24,TimeMixer,181.55,171.79293823242188,,,
2026-01-16 18:00:00,269.44,317.842,84122.155,21298.3225,28.6775,29352.25,16912.905,21327.0,da,2026-01-16,2026-01-15,2026-01-15 15:00:00,18,18,17_24,TimeMixer,269.44,244.54405212402344,,,
2026-01-16 19:00:00,172.85,425.487,82213.2925,21225.0775,0.17,29708.75,14691.795,21225.2475,da,2026-01-16,2026-01-15,2026-01-15 15:00:00,19,19,17_24,TimeMixer,172.85,256.34771728515625,,,
2026-01-16 20:00:00,108.0,426.92,80616.5925,21051.1725,0.0,29111.25,13864.17,21051.1725,da,2026-01-16,2026-01-15,2026-01-15 15:00:00,20,20,17_24,TimeMixer,108.0,220.40304565429688,,,
2026-01-16 21:00:00,98.0,407.653,79167.9875,20766.5925,0.0,28609.25,13202.145,20766.5925,da,2026-01-16,2026-01-15,2026-01-15 15:00:00,21,21,17_24,TimeMixer,98.0,211.68800354003906,,,
2026-01-16 22:00:00,67.15,395.707,77116.3,20398.55,0.0,27471.5,12656.25,20398.55,da,2026-01-16,2026-01-15,2026-01-15 15:00:00,22,22,17_24,TimeMixer,67.15,201.78143310546875,,,
2026-01-16 23:00:00,-8.71,370.686,72192.585,19965.7625,0.0,25493.25,10143.5725,19965.7625,da,2026-01-16,2026-01-15,2026-01-15 15:00:00,23,23,17_24,TimeMixer,-8.71,142.42645263671875,,,
2026-01-17 00:00:00,-10.0,353.5,68102.5425,19462.495,0.0,23108.75,8941.2975,19462.495,da,2026-01-17,2026-01-16,2026-01-16 15:00:00,0,24,17_24,TimeMixer,-10.0,174.46170043945312,,,
2026-01-17 01:00:00,-39.95,109.737,66652.275,18522.975,0.0,21383.25,10456.05,18522.975,da,2026-01-17,2026-01-16,2026-01-16 15:00:00,1,1,1_8,TimeMixer,-39.95,85.45742797851562,,,
2026-01-17 02:00:00,-44.963,96.337,65322.7925,17928.4125,0.0,21125.0,9979.38,17928.4125,da,2026-01-17,2026-01-16,2026-01-16 15:00:00,2,2,1_8,TimeMixer,-44.963,58.8201904296875,,,
2026-01-17 03:00:00,-70.0,71.558,66610.51,17490.1475,0.0,21081.0,11749.3625,17490.1475,da,2026-01-17,2026-01-16,2026-01-16 15:00:00,3,3,1_8,TimeMixer,-70.0,51.142791748046875,,,
2026-01-17 04:00:00,-70.0,93.536,65478.5475,17227.11,0.0,21082.0,10879.4375,17227.11,da,2026-01-17,2026-01-16,2026-01-16 15:00:00,4,4,1_8,TimeMixer,-70.0,28.7254638671875,,,
2026-01-17 05:00:00,-70.0,87.728,65650.6925,16966.1075,0.0,21158.75,11235.835,16966.1075,da,2026-01-17,2026-01-16,2026-01-16 15:00:00,5,5,1_8,TimeMixer,-70.0,29.13897705078125,,,
2026-01-17 06:00:00,0.0,88.309,67088.29,16480.63,0.23,23708.25,10609.18,16480.86,da,2026-01-17,2026-01-16,2026-01-16 15:00:00,6,6,1_8,TimeMixer,0.0,37.41070556640625,,,
2026-01-17 07:00:00,-39.95,40.733,69861.3625,15748.8175,6.0025,28431.25,9410.2925,15754.82,da,2026-01-17,2026-01-16,2026-01-16 15:00:00,7,7,1_8,TimeMixer,-39.95,71.80007934570312,,,
2026-01-17 08:00:00,203.563,103.123,76276.91,14879.6,972.615,28446.0,15778.695,15852.215,da,2026-01-17,2026-01-16,2026-01-16 15:00:00,8,8,1_8,TimeMixer,203.563,274.964599609375,,,
2026-01-17 09:00:00,246.0,226.013,80413.95,13889.505,5088.3925,25362.0,19987.8025,18977.8975,da,2026-01-17,2026-01-16,2026-01-16 15:00:00,9,9,9_16,TimeMixer,246.0,258.3801574707031,,,
2026-01-17 10:00:00,230.0,83.928,77876.8575,12711.6125,10021.595,22731.5,16407.15,22733.2075,da,2026-01-17,2026-01-16,2026-01-16 15:00:00,10,10,9_16,TimeMixer,230.0,185.43496704101562,,,
2026-01-17 11:00:00,85.5,-38.612,76128.14,11424.84,13761.01,21408.5,13516.29,25185.85,da,2026-01-17,2026-01-16,2026-01-16 15:00:00,11,11,9_16,TimeMixer,85.5,96.47207641601562,,,
2026-01-17 12:00:00,55.5,15.589,72459.9875,10183.41,15624.8325,21032.5,9579.245,25808.2425,da,2026-01-17,2026-01-16,2026-01-16 15:00:00,12,12,9_16,TimeMixer,55.5,66.62079620361328,,,
2026-01-17 13:00:00,49.275,82.252,68978.255,9208.205,15771.31,21072.5,6886.24,24979.515,da,2026-01-17,2026-01-16,2026-01-16 15:00:00,13,13,9_16,TimeMixer,49.275,39.840232849121094,,,
2026-01-17 14:00:00,0.0,164.958,71801.21,8714.68,14344.045,21308.0,11394.485,23058.725,da,2026-01-17,2026-01-16,2026-01-16 15:00:00,14,14,9_16,TimeMixer,0.0,91.80714416503906,,,
2026-01-17 15:00:00,170.0,361.67,74248.895,8780.2275,11121.595,22411.25,15895.8225,19901.8225,da,2026-01-17,2026-01-16,2026-01-16 15:00:00,15,15,9_16,TimeMixer,170.0,203.8331756591797,,,
2026-01-17 16:00:00,355.0,569.22,77508.8,9238.685,6420.8,24065.75,21709.815,15659.485,da,2026-01-17,2026-01-16,2026-01-16 15:00:00,16,16,9_16,TimeMixer,355.0,268.12371826171875,,,
2026-01-17 17:00:00,493.28,623.805,82010.0825,9795.0975,1691.8725,26302.0,28071.1125,11486.97,da,2026-01-17,2026-01-16,2026-01-16 15:00:00,17,17,17_24,TimeMixer,493.28,360.19122314453125,,,
2026-01-17 18:00:00,386.62,609.996,86305.61,10391.3375,29.76,29202.5,30452.0125,10421.0975,da,2026-01-17,2026-01-16,2026-01-16 15:00:00,18,18,17_24,TimeMixer,386.62,427.06390380859375,,,
2026-01-17 19:00:00,385.55,586.541,84425.78,10858.39,0.225,29177.0,28102.665,10858.615,da,2026-01-17,2026-01-16,2026-01-16 15:00:00,19,19,17_24,TimeMixer,385.55,421.8480224609375,,,
2026-01-17 20:00:00,400.0,576.647,81934.925,10997.7475,0.0,28025.5,26621.6775,10997.7475,da,2026-01-17,2026-01-16,2026-01-16 15:00:00,20,20,17_24,TimeMixer,400.0,420.7951354980469,,,
2026-01-17 21:00:00,386.95,559.835,80369.065,10767.44,0.0,27345.75,25965.875,10767.44,da,2026-01-17,2026-01-16,2026-01-16 15:00:00,21,21,17_24,TimeMixer,386.95,415.9769287109375,,,
2026-01-17 22:00:00,388.23,566.205,78311.865,10294.0025,0.0,25887.0,25840.8625,10294.0025,da,2026-01-17,2026-01-16,2026-01-16 15:00:00,22,22,17_24,TimeMixer,388.23,404.5837707519531,,,
2026-01-17 23:00:00,345.0,549.87,73371.9925,9695.83,0.0,23838.25,23547.9125,9695.83,da,2026-01-17,2026-01-16,2026-01-16 15:00:00,23,23,17_24,TimeMixer,345.0,382.71392822265625,,,
2026-01-18 00:00:00,331.011,538.057,69791.9975,8994.3125,0.0,21507.25,23000.435,8994.3125,da,2026-01-18,2026-01-17,2026-01-17 15:00:00,0,24,17_24,TimeMixer,331.011,347.56414794921875,,,
2026-01-18 01:00:00,316.1,383.196,67499.8225,8232.065,0.0,21149.0,21828.7575,8232.065,da,2026-01-18,2026-01-17,2026-01-17 15:00:00,1,1,1_8,TimeMixer,316.1,316.39886474609375,,,
2026-01-18 02:00:00,304.95,370.172,66297.8,7753.6025,0.0,21149.0,21105.1975,7753.6025,da,2026-01-18,2026-01-17,2026-01-17 15:00:00,2,2,1_8,TimeMixer,304.95,315.6184387207031,,,
2026-01-18 03:00:00,317.4,375.18,67081.27,7599.925,0.0,21149.0,22042.345,7599.925,da,2026-01-18,2026-01-17,2026-01-17 15:00:00,3,3,1_8,TimeMixer,317.4,303.14874267578125,,,
2026-01-18 04:00:00,309.35,373.549,66162.8725,7772.28,0.0,21149.0,20951.5925,7772.28,da,2026-01-18,2026-01-17,2026-01-17 15:00:00,4,4,1_8,TimeMixer,309.35,295.53521728515625,,,
2026-01-18 05:00:00,305.6,380.294,66244.525,8226.73,0.0,21227.0,20500.795,8226.73,da,2026-01-18,2026-01-17,2026-01-17 15:00:00,5,5,1_8,TimeMixer,305.6,292.92938232421875,,,
2026-01-18 06:00:00,317.5,377.262,67579.4875,8906.7175,0.23,23715.25,18667.29,8906.9475,da,2026-01-18,2026-01-17,2026-01-17 15:00:00,6,6,1_8,TimeMixer,317.5,298.6438293457031,,,
2026-01-18 07:00:00,284.125,360.094,69560.2525,9630.9525,5.9475,28372.25,15286.1025,9636.9,da,2026-01-18,2026-01-17,2026-01-17 15:00:00,7,7,1_8,TimeMixer,284.125,298.21685791015625,,,
2026-01-18 08:00:00,317.45,346.468,76786.775,10268.27,287.345,28445.75,21585.41,10555.615,da,2026-01-18,2026-01-17,2026-01-17 15:00:00,8,8,1_8,TimeMixer,317.45,260.6512145996094,,,
2026-01-18 09:00:00,400.0,420.603,84809.4675,10889.5375,969.1625,25362.0,31502.5175,11858.7,da,2026-01-18,2026-01-17,2026-01-17 15:00:00,9,9,9_16,TimeMixer,400.0,287.33709716796875,,,
2026-01-18 10:00:00,425.0,816.01,90133.635,11514.5825,1759.135,22729.0,38125.9175,13273.7175,da,2026-01-18,2026-01-17,2026-01-17 15:00:00,10,10,9_16,TimeMixer,425.0,317.50927734375,,,
2026-01-18 11:00:00,440.0,928.834,93183.9825,12096.665,2483.51,21429.25,41157.0575,14580.175,da,2026-01-18,2026-01-17,2026-01-17 15:00:00,11,11,9_16,TimeMixer,440.0,305.03338623046875,,,
2026-01-18 12:00:00,463.0,1187.507,92333.2275,12624.665,3026.14,21053.5,39588.9225,15650.805,da,2026-01-18,2026-01-17,2026-01-17 15:00:00,12,12,9_16,TimeMixer,463.0,298.75726318359375,,,
2026-01-18 13:00:00,452.5,942.364,89310.925,13282.3175,3135.035,21091.0,35762.5725,16417.3525,da,2026-01-18,2026-01-17,2026-01-17 15:00:00,13,13,9_16,TimeMixer,452.5,256.0090637207031,,,
2026-01-18 14:00:00,440.0,915.564,91379.985,14193.8525,2870.67,21261.25,37014.2125,17064.5225,da,2026-01-18,2026-01-17,2026-01-17 15:00:00,14,14,9_16,TimeMixer,440.0,303.2452697753906,,,
2026-01-18 15:00:00,400.0,763.658,89553.31,15209.0425,2220.76,22292.0,33791.5075,17429.8025,da,2026-01-18,2026-01-17,2026-01-17 15:00:00,15,15,9_16,TimeMixer,400.0,344.17742919921875,,,
2026-01-18 16:00:00,400.0,448.429,87109.4175,16148.145,1339.22,23999.5,29548.8025,17487.365,da,2026-01-18,2026-01-17,2026-01-17 15:00:00,16,16,9_16,TimeMixer,400.0,228.911865234375,,,
2026-01-18 17:00:00,350.5,392.256,86078.6025,17006.455,497.5675,26296.25,26128.33,17504.0225,da,2026-01-18,2026-01-17,2026-01-17 15:00:00,17,17,17_24,TimeMixer,350.5,245.46890258789062,,,
2026-01-18 18:00:00,308.8,367.203,87728.905,17609.02,22.1,29202.75,24665.035,17631.12,da,2026-01-18,2026-01-17,2026-01-17 15:00:00,18,18,17_24,TimeMixer,308.8,239.53102111816406,,,
2026-01-18 19:00:00,259.1,352.152,85536.495,17831.415,0.1875,29176.0,22241.3925,17831.6025,da,2026-01-18,2026-01-17,2026-01-17 15:00:00,19,19,17_24,TimeMixer,259.1,226.85971069335938,,,
2026-01-18 20:00:00,245.85,348.761,84156.935,17822.3875,0.0,28024.5,22020.0475,17822.3875,da,2026-01-18,2026-01-17,2026-01-17 15:00:00,20,20,17_24,TimeMixer,245.85,195.9178466796875,,,
2026-01-18 21:00:00,217.4,334.409,82405.1075,17822.155,0.0,27345.5,20947.4525,17822.155,da,2026-01-18,2026-01-17,2026-01-17 15:00:00,21,21,17_24,TimeMixer,217.4,175.47933959960938,,,
2026-01-18 22:00:00,204.088,293.944,79164.2325,17864.115,0.0,25887.0,19123.1175,17864.115,da,2026-01-18,2026-01-17,2026-01-17 15:00:00,22,22,17_24,TimeMixer,204.088,156.60360717773438,,,
2026-01-18 23:00:00,122.408,13.748,73470.8025,18042.845,0.0,23778.75,15359.2075,18042.845,da,2026-01-18,2026-01-17,2026-01-17 15:00:00,23,23,17_24,TimeMixer,122.408,107.42758178710938,,,
2026-01-19 00:00:00,100.0,93.635,69308.54,18331.5475,0.0,21322.75,13364.2425,18331.5475,da,2026-01-19,2026-01-18,2026-01-18 15:00:00,0,24,17_24,TimeMixer,100.0,187.100830078125,,,
2026-01-19 01:00:00,134.2,65.359,69110.32,17994.53,0.0,21159.5,13566.29,17994.53,da,2026-01-19,2026-01-18,2026-01-18 15:00:00,1,1,1_8,TimeMixer,134.2,119.93544006347656,,,
2026-01-19 02:00:00,109.0,308.34,67649.66,18392.73,0.0,21159.0,11707.93,18392.73,da,2026-01-19,2026-01-18,2026-01-18 15:00:00,2,2,1_8,TimeMixer,109.0,98.21502685546875,,,
2026-01-19 03:00:00,99.75,49.944,69124.255,18907.1375,0.0,21159.25,12667.8675,18907.1375,da,2026-01-19,2026-01-18,2026-01-18 15:00:00,3,3,1_8,TimeMixer,99.75,93.6795654296875,,,
2026-01-19 04:00:00,93.05,225.08,68165.215,19446.4075,0.0,21159.75,11169.0575,19446.4075,da,2026-01-19,2026-01-18,2026-01-18 15:00:00,4,4,1_8,TimeMixer,93.05,84.03274536132812,,,
2026-01-19 05:00:00,45.0,363.789,68397.7275,19966.39,0.0,21237.5,10803.8375,19966.39,da,2026-01-19,2026-01-18,2026-01-18 15:00:00,5,5,1_8,TimeMixer,45.0,82.30928039550781,,,
2026-01-19 06:00:00,29.0,361.031,70682.8475,20371.625,0.53,23715.25,10205.4425,20372.155,da,2026-01-19,2026-01-18,2026-01-18 15:00:00,6,6,1_8,TimeMixer,29.0,84.79402160644531,,,
2026-01-19 07:00:00,20.0,42.186,75038.04,20522.8525,9.0925,28388.0,9753.095,20531.945,da,2026-01-19,2026-01-18,2026-01-18 15:00:00,7,7,1_8,TimeMixer,20.0,116.5665283203125,,,
2026-01-19 08:00:00,230.513,136.777,82331.9025,20473.4425,657.8925,28450.25,16450.3175,21131.335,da,2026-01-19,2026-01-18,2026-01-18 15:00:00,8,8,1_8,TimeMixer,230.513,200.49644470214844,,,
2026-01-19 09:00:00,337.5,494.958,90736.21,20328.2,3789.6375,25380.75,25051.3725,24117.8375,da,2026-01-19,2026-01-18,2026-01-18 15:00:00,9,9,9_16,TimeMixer,337.5,213.161376953125,,,
2026-01-19 10:00:00,350.91,553.55,90275.055,20128.6025,7613.1675,22760.0,23668.285,27741.77,da,2026-01-19,2026-01-18,2026-01-18 15:00:00,10,10,9_16,TimeMixer,350.91,216.42538452148438,,,
2026-01-19 11:00:00,375.0,577.792,90052.7525,19678.8875,10573.7225,21428.0,22254.6425,30252.61,da,2026-01-19,2026-01-18,2026-01-18 15:00:00,11,11,9_16,TimeMixer,375.0,172.43218994140625,,,
2026-01-19 12:00:00,320.0,606.354,87286.025,19057.1675,12230.2625,21060.25,18798.345,31287.43,da,2026-01-19,2026-01-18,2026-01-18 15:00:00,12,12,9_16,TimeMixer,320.0,161.98226928710938,,,
2026-01-19 13:00:00,270.0,534.011,83469.9325,18496.7275,12314.71,21093.0,15425.495,30811.4375,da,2026-01-19,2026-01-18,2026-01-18 15:00:00,13,13,9_16,TimeMixer,270.0,120.9197769165039,,,
2026-01-19 14:00:00,348.375,541.712,86846.6125,18073.2575,10796.74,21261.25,20575.365,28869.9975,da,2026-01-19,2026-01-18,2026-01-18 15:00:00,14,14,9_16,TimeMixer,348.375,190.8310089111328,,,
2026-01-19 15:00:00,359.82,559.151,87815.91,17605.865,7923.9,22293.0,23853.145,25529.765,da,2026-01-19,2026-01-18,2026-01-18 15:00:00,15,15,9_16,TimeMixer,359.82,286.3409423828125,,,
2026-01-19 16:00:00,474.115,614.329,88903.7325,16951.4525,4359.0925,23999.5,27419.9375,21310.545,da,2026-01-19,2026-01-18,2026-01-18 15:00:00,16,16,9_16,TimeMixer,474.115,316.3808288574219,,,
2026-01-19 17:00:00,579.0,569.874,91422.135,16148.395,1244.5875,26297.5,31481.6525,17392.9825,da,2026-01-19,2026-01-18,2026-01-18 15:00:00,17,17,17_24,TimeMixer,579.0,381.96282958984375,,,
2026-01-19 18:00:00,590.0,545.191,93842.74,15370.9575,26.185,29221.0,32894.5975,15397.1425,da,2026-01-19,2026-01-18,2026-01-18 15:00:00,18,18,17_24,TimeMixer,590.0,433.9473571777344,,,
2026-01-19 19:00:00,580.0,522.682,91318.25,14611.8675,0.0725,29198.0,31120.81,14611.94,da,2026-01-19,2026-01-18,2026-01-18 15:00:00,19,19,17_24,TimeMixer,580.0,434.3058776855469,,,
2026-01-19 20:00:00,640.0,521.608,89494.325,13837.6125,0.0,28039.75,31226.9625,13837.6125,da,2026-01-19,2026-01-18,2026-01-18 15:00:00,20,20,17_24,TimeMixer,640.0,441.59521484375,,,
2026-01-19 21:00:00,426.85,505.91,87601.1,13043.75,0.0,27379.25,30788.1,13043.75,da,2026-01-19,2026-01-18,2026-01-18 15:00:00,21,21,17_24,TimeMixer,426.85,430.05792236328125,,,
2026-01-19 22:00:00,500.0,482.918,85467.8725,12287.9625,0.0,25918.75,30871.16,12287.9625,da,2026-01-19,2026-01-18,2026-01-18 15:00:00,22,22,17_24,TimeMixer,500.0,409.4957580566406,,,
2026-01-19 23:00:00,400.62,432.952,80644.4575,11580.935,0.0,23781.75,28891.7725,11580.935,da,2026-01-19,2026-01-18,2026-01-18 15:00:00,23,23,17_24,TimeMixer,400.62,377.4237976074219,,,
2026-01-20 00:00:00,420.5,404.828,76348.9075,10940.4175,0.0,21322.75,27695.74,10940.4175,da,2026-01-20,2026-01-19,2026-01-19 15:00:00,0,24,17_24,TimeMixer,420.5,319.60650634765625,,,
2026-01-20 01:00:00,371.0,286.209,71658.7275,9855.7625,0.0,21155.75,24157.215,9855.7625,da,2026-01-20,2026-01-19,2026-01-19 15:00:00,1,1,1_8,TimeMixer,371.0,288.2816162109375,,,
2026-01-20 02:00:00,355.0,290.473,70326.685,9575.685,0.0,21160.0,23101.0,9575.685,da,2026-01-20,2026-01-19,2026-01-19 15:00:00,2,2,1_8,TimeMixer,355.0,285.63128662109375,,,
2026-01-20 03:00:00,365.895,312.463,71643.0575,9434.5575,0.0,21151.75,24566.75,9434.5575,da,2026-01-20,2026-01-19,2026-01-19 15:00:00,3,3,1_8,TimeMixer,365.895,281.4456481933594,,,
2026-01-20 04:00:00,360.0,286.305,71027.5125,9440.645,0.0,21151.0,23945.8675,9440.645,da,2026-01-20,2026-01-19,2026-01-19 15:00:00,4,4,1_8,TimeMixer,360.0,275.1058349609375,,,
2026-01-20 05:00:00,394.0,279.783,71964.2325,9492.6575,0.0,21228.5,24753.075,9492.6575,da,2026-01-20,2026-01-19,2026-01-19 15:00:00,5,5,1_8,TimeMixer,394.0,271.81103515625,,,
2026-01-20 06:00:00,394.0,289.627,74634.96,9397.205,0.23,23715.25,25032.275,9397.435,da,2026-01-20,2026-01-19,2026-01-19 15:00:00,6,6,1_8,TimeMixer,394.0,267.7690124511719,,,
2026-01-20 07:00:00,410.0,293.643,77892.48,9146.4425,5.115,28373.5,23902.4225,9151.5575,da,2026-01-20,2026-01-19,2026-01-19 15:00:00,7,7,1_8,TimeMixer,410.0,271.02557373046875,,,
2026-01-20 08:00:00,416.0,358.915,83222.18,8767.28,910.29,28451.25,28693.36,9677.57,da,2026-01-20,2026-01-19,2026-01-19 15:00:00,8,8,1_8,TimeMixer,416.0,311.92791748046875,,,
2026-01-20 09:00:00,454.385,419.018,87715.7,8276.7875,5451.8775,25404.5,32296.285,13728.665,da,2026-01-20,2026-01-19,2026-01-19 15:00:00,9,9,9_16,TimeMixer,454.385,328.0399169921875,,,
2026-01-20 10:00:00,394.5,417.909,84339.68,7715.3725,10997.765,22984.25,26437.2925,18713.1375,da,2026-01-20,2026-01-19,2026-01-19 15:00:00,10,10,9_16,TimeMixer,394.5,264.44921875,,,
2026-01-20 11:00:00,327.0,440.75,82569.8125,7402.2925,14705.415,22037.5,22207.105,22107.7075,da,2026-01-20,2026-01-19,2026-01-19 15:00:00,11,11,9_16,TimeMixer,327.0,156.4412841796875,,,
2026-01-20 12:00:00,202.625,318.155,79447.8575,7272.0425,16516.17,21849.25,17570.395,23788.2125,da,2026-01-20,2026-01-19,2026-01-19 15:00:00,12,12,9_16,TimeMixer,202.625,111.20430755615234,,,
2026-01-20 13:00:00,159.375,93.261,75116.5125,7321.33,16785.44,21775.0,12994.7425,24106.77,da,2026-01-20,2026-01-19,2026-01-19 15:00:00,13,13,9_16,TimeMixer,159.375,73.08468627929688,,,
2026-01-20 14:00:00,192.625,268.242,76951.4475,7357.5425,15662.8025,21719.25,15971.8525,23020.345,da,2026-01-20,2026-01-19,2026-01-19 15:00:00,14,14,9_16,TimeMixer,192.625,132.91412353515625,,,
2026-01-20 15:00:00,300.0,300.775,78580.005,7292.3625,12856.7375,22699.75,19491.155,20149.1,da,2026-01-20,2026-01-19,2026-01-19 15:00:00,15,15,9_16,TimeMixer,300.0,239.1670684814453,,,
2026-01-20 16:00:00,401.0,385.639,82462.7825,7030.015,8091.59,24295.0,26772.4275,15121.605,da,2026-01-20,2026-01-19,2026-01-19 15:00:00,16,16,9_16,TimeMixer,401.0,332.0535888671875,,,
2026-01-20 17:00:00,500.0,420.699,89606.08,6696.105,2432.43,26337.75,37789.795,9128.535,da,2026-01-20,2026-01-19,2026-01-19 15:00:00,17,17,17_24,TimeMixer,500.0,393.4866943359375,,,
2026-01-20 18:00:00,469.09,404.492,94778.345,6555.9325,52.8975,29203.25,42536.265,6608.83,da,2026-01-20,2026-01-19,2026-01-19 15:00:00,18,18,17_24,TimeMixer,469.09,455.2839050292969,,,
2026-01-20 19:00:00,460.0,407.862,92588.27,6709.7825,0.095,29177.0,40213.8925,6709.8775,da,2026-01-20,2026-01-19,2026-01-19 15:00:00,19,19,17_24,TimeMixer,460.0,462.45697021484375,,,
2026-01-20 20:00:00,476.625,406.768,90194.425,7004.0825,0.0,28026.0,38674.3425,7004.0825,da,2026-01-20,2026-01-19,2026-01-19 15:00:00,20,20,17_24,TimeMixer,476.625,463.7103576660156,,,
2026-01-20 21:00:00,433.5,400.694,88700.65,7393.9925,0.0,27347.5,37469.1575,7393.9925,da,2026-01-20,2026-01-19,2026-01-19 15:00:00,21,21,17_24,TimeMixer,433.5,462.5455322265625,,,
2026-01-20 22:00:00,465.0,388.281,86700.645,7835.4225,0.0,25888.0,36487.2225,7835.4225,da,2026-01-20,2026-01-19,2026-01-19 15:00:00,22,22,17_24,TimeMixer,465.0,440.1459655761719,,,
2026-01-20 23:00:00,414.78,361.813,81724.97,8230.9425,0.0,23784.5,33219.5275,8230.9425,da,2026-01-20,2026-01-19,2026-01-19 15:00:00,23,23,17_24,TimeMixer,414.78,404.1797180175781,,,
2026-01-21 00:00:00,410.5,342.166,78058.315,8559.14,0.0,21331.0,31678.175,8559.14,da,2026-01-21,2026-01-20,2026-01-20 15:00:00,0,24,17_24,TimeMixer,410.5,323.49090576171875,,,
2026-01-21 01:00:00,332.95,328.386,72122.115,9312.0175,0.0,21059.0,24961.0975,9312.0175,da,2026-01-21,2026-01-20,2026-01-20 15:00:00,1,1,1_8,TimeMixer,332.95,294.4067077636719,,,
2026-01-21 02:00:00,321.45,322.103,70876.2775,9527.4275,0.0,21059.0,23499.85,9527.4275,da,2026-01-21,2026-01-20,2026-01-20 15:00:00,2,2,1_8,TimeMixer,321.45,291.3598327636719,,,
2026-01-21 03:00:00,315.5,338.947,71778.645,9640.7675,0.0,21059.0,24288.8775,9640.7675,da,2026-01-21,2026-01-20,2026-01-20 15:00:00,3,3,1_8,TimeMixer,315.5,289.26593017578125,,,
2026-01-21 04:00:00,324.5,334.819,70908.94,9752.615,0.0,21059.0,23307.325,9752.615,da,2026-01-21,2026-01-20,2026-01-20 15:00:00,4,4,1_8,TimeMixer,324.5,280.93402099609375,,,
2026-01-21 05:00:00,318.8,337.932,71004.4625,9925.3,0.0,21137.0,23152.1625,9925.3,da,2026-01-21,2026-01-20,2026-01-20 15:00:00,5,5,1_8,TimeMixer,318.8,280.4259033203125,,,
2026-01-21 06:00:00,330.0,342.262,73213.1,10049.1875,0.23,22873.0,23500.6825,10049.4175,da,2026-01-21,2026-01-20,2026-01-20 15:00:00,6,6,1_8,TimeMixer,330.0,275.3482666015625,,,
2026-01-21 07:00:00,344.35,354.865,77360.57,10065.5025,6.8025,26275.25,24248.015,10072.305,da,2026-01-21,2026-01-20,2026-01-20 15:00:00,7,7,1_8,TimeMixer,344.35,272.03521728515625,,,
2026-01-21 08:00:00,384.16,403.558,82696.9,9998.5175,1363.75,26898.0,27736.6325,11362.2675,da,2026-01-21,2026-01-20,2026-01-20 15:00:00,8,8,1_8,TimeMixer,384.16,322.3617858886719,,,
2026-01-21 09:00:00,423.25,432.872,85173.075,9761.9175,7252.6125,24914.0,26658.295,17014.53,da,2026-01-21,2026-01-20,2026-01-20 15:00:00,9,9,9_16,TimeMixer,423.25,304.09576416015625,,,
2026-01-21 10:00:00,252.5,376.145,80803.255,9416.18,13709.5525,22547.75,18624.7725,23125.7325,da,2026-01-21,2026-01-20,2026-01-20 15:00:00,10,10,9_16,TimeMixer,252.5,192.79583740234375,,,
2026-01-21 11:00:00,95.0,328.876,79281.325,9119.3375,17624.0,21371.75,14648.7375,26743.3375,da,2026-01-21,2026-01-20,2026-01-20 15:00:00,11,11,9_16,TimeMixer,95.0,63.686092376708984,,,
2026-01-21 12:00:00,51.875,76.285,76499.4375,8963.9125,19234.365,20893.25,10867.91,28198.2775,da,2026-01-21,2026-01-20,2026-01-20 15:00:00,12,12,9_16,TimeMixer,51.875,25.17521858215332,,,
2026-01-21 13:00:00,0.0,-63.626,72166.995,8824.6875,19300.3475,21062.5,6439.46,28125.035,da,2026-01-21,2026-01-20,2026-01-20 15:00:00,13,13,9_16,TimeMixer,0.0,-2.8973121643066406,,,
2026-01-21 14:00:00,29.045,-45.022,74175.2325,8645.91,17992.065,21578.5,9418.7575,26637.975,da,2026-01-21,2026-01-20,2026-01-20 15:00:00,14,14,9_16,TimeMixer,29.045,39.00663375854492,,,
2026-01-21 15:00:00,133.125,-47.247,76714.8075,8420.92,14935.3975,22286.5,14531.99,23356.3175,da,2026-01-21,2026-01-20,2026-01-20 15:00:00,15,15,9_16,TimeMixer,133.125,155.0806884765625,,,
2026-01-21 16:00:00,355.5,353.393,80747.2575,8044.23,9544.025,23668.0,22917.2525,17588.255,da,2026-01-21,2026-01-20,2026-01-20 15:00:00,16,16,9_16,TimeMixer,355.5,329.19586181640625,,,
2026-01-21 17:00:00,463.875,443.195,87444.405,7489.8325,2877.4625,25582.25,34844.86,10367.295,da,2026-01-21,2026-01-20,2026-01-20 15:00:00,17,17,17_24,TimeMixer,463.875,397.20416259765625,,,
2026-01-21 18:00:00,465.5,463.66,92888.82,6972.0,61.9275,27603.25,41521.6425,7033.9275,da,2026-01-21,2026-01-20,2026-01-20 15:00:00,18,18,17_24,TimeMixer,465.5,474.6165771484375,,,
2026-01-21 19:00:00,469.5,454.966,91009.6475,6651.8275,0.0,27079.5,40490.82,6651.8275,da,2026-01-21,2026-01-20,2026-01-20 15:00:00,19,19,17_24,TimeMixer,469.5,495.4852294921875,,,
2026-01-21 20:00:00,487.79,455.928,89006.2375,6492.3325,0.0,25926.5,39797.405,6492.3325,da,2026-01-21,2026-01-20,2026-01-20 15:00:00,20,20,17_24,TimeMixer,487.79,495.2145690917969,,,
2026-01-21 21:00:00,470.0,450.312,86573.3975,6329.9675,0.0,25247.5,38205.93,6329.9675,da,2026-01-21,2026-01-20,2026-01-20 15:00:00,21,21,17_24,TimeMixer,470.0,500.1177062988281,,,
2026-01-21 22:00:00,470.0,454.824,83516.5775,6136.585,0.0,23803.5,36786.4925,6136.585,da,2026-01-21,2026-01-20,2026-01-20 15:00:00,22,22,17_24,TimeMixer,470.0,471.5331726074219,,,
2026-01-21 23:00:00,440.0,447.526,78204.4075,5934.0075,0.0,22434.75,33045.65,5934.0075,da,2026-01-21,2026-01-20,2026-01-20 15:00:00,23,23,17_24,TimeMixer,440.0,425.39031982421875,,,
2026-01-22 00:00:00,420.5,433.137,74180.535,5730.0925,0.0,21226.25,30434.1925,5730.0925,da,2026-01-22,2026-01-21,2026-01-21 15:00:00,0,24,17_24,TimeMixer,420.5,360.25592041015625,,,
2026-01-22 01:00:00,393.5,417.077,71869.15,5679.03,0.0,21059.0,28291.12,5679.03,da,2026-01-22,2026-01-21,2026-01-21 15:00:00,1,1,1_8,TimeMixer,393.5,335.9246826171875,,,
2026-01-22 02:00:00,384.2,409.029,70631.1275,5531.6475,0.0,21059.0,27200.48,5531.6475,da,2026-01-22,2026-01-21,2026-01-21 15:00:00,2,2,1_8,TimeMixer,384.2,332.1678466796875,,,
2026-01-22 03:00:00,361.0,418.834,72181.1025,5566.965,0.0,21059.0,28715.1375,5566.965,da,2026-01-22,2026-01-21,2026-01-21 15:00:00,3,3,1_8,TimeMixer,361.0,323.51025390625,,,
2026-01-22 04:00:00,352.0,406.272,70837.6825,5746.685,0.0,21059.0,27191.9975,5746.685,da,2026-01-22,2026-01-21,2026-01-21 15:00:00,4,4,1_8,TimeMixer,352.0,312.4253845214844,,,
2026-01-22 05:00:00,383.96,403.0,71039.1225,5887.1925,0.0,21137.0,27174.93,5887.1925,da,2026-01-22,2026-01-21,2026-01-21 15:00:00,5,5,1_8,TimeMixer,383.96,313.0345153808594,,,
2026-01-22 06:00:00,384.03,402.458,73546.245,5945.795,0.23,22873.0,27887.22,5946.025,da,2026-01-22,2026-01-21,2026-01-21 15:00:00,6,6,1_8,TimeMixer,384.03,307.90386962890625,,,
2026-01-22 07:00:00,367.33,402.857,78192.59,6086.1475,5.3125,26277.25,29008.88,6091.46,da,2026-01-22,2026-01-21,2026-01-21 15:00:00,7,7,1_8,TimeMixer,367.33,300.8229064941406,,,
2026-01-22 08:00:00,390.158,432.824,83523.33,6133.8125,1479.045,26870.25,32290.2225,7612.8575,da,2026-01-22,2026-01-21,2026-01-21 15:00:00,8,8,1_8,TimeMixer,390.158,354.7917785644531,,,
2026-01-22 09:00:00,419.0,410.622,84209.9125,5831.7725,7530.515,24993.0,29218.375,13362.2875,da,2026-01-22,2026-01-21,2026-01-21 15:00:00,9,9,9_16,TimeMixer,419.0,306.460205078125,,,
2026-01-22 10:00:00,263.5,378.692,77618.45,5116.2075,14096.0725,22550.25,19300.92,19212.28,da,2026-01-22,2026-01-21,2026-01-21 15:00:00,10,10,9_16,TimeMixer,263.5,160.34768676757812,,,
2026-01-22 11:00:00,119.0,326.684,74544.12,4531.245,18116.8,21529.25,13799.325,22648.045,da,2026-01-22,2026-01-21,2026-01-21 15:00:00,11,11,9_16,TimeMixer,119.0,31.118942260742188,,,
2026-01-22 12:00:00,5.0,8.834,70547.3625,4511.8,19776.725,21369.0,8299.8375,24288.525,da,2026-01-22,2026-01-21,2026-01-21 15:00:00,12,12,9_16,TimeMixer,5.0,-10.572505950927734,,,
2026-01-22 13:00:00,15.0,-80.0,66118.3875,4728.155,19744.9875,21371.0,3684.245,24473.1425,da,2026-01-22,2026-01-21,2026-01-21 15:00:00,13,13,9_16,TimeMixer,15.0,-30.282943725585938,,,
2026-01-22 14:00:00,13.5,-80.0,68652.07,4899.2525,18143.365,21293.25,7726.2025,23042.6175,da,2026-01-22,2026-01-21,2026-01-21 15:00:00,14,14,9_16,TimeMixer,13.5,-5.921245574951172,,,
2026-01-22 15:00:00,96.043,-80.0,70717.37,4888.71,14489.465,22223.25,12525.945,19378.175,da,2026-01-22,2026-01-21,2026-01-21 15:00:00,15,15,9_16,TimeMixer,96.043,98.81175231933594,,,
2026-01-22 16:00:00,330.0,227.129,75372.8275,4741.1875,8851.1025,24269.0,20887.7875,13592.29,da,2026-01-22,2026-01-21,2026-01-21 15:00:00,16,16,9_16,TimeMixer,330.0,312.2797546386719,,,
2026-01-22 17:00:00,437.863,472.632,82728.095,4613.835,2628.5375,25957.25,32828.4725,7242.3725,da,2026-01-22,2026-01-21,2026-01-21 15:00:00,17,17,17_24,TimeMixer,437.863,382.3181457519531,,,
2026-01-22 18:00:00,440.0,460.614,89450.94,4842.45,70.3225,27603.25,40154.9175,4912.7725,da,2026-01-22,2026-01-21,2026-01-21 15:00:00,18,18,17_24,TimeMixer,440.0,442.6582946777344,,,
2026-01-22 19:00:00,410.3,460.515,88254.3925,5449.685,0.0,27079.0,38888.2075,5449.685,da,2026-01-22,2026-01-21,2026-01-21 15:00:00,19,19,17_24,TimeMixer,410.3,452.7189025878906,,,
2026-01-22 20:00:00,424.575,463.02,86593.5375,6204.9375,0.0,25927.5,37621.1,6204.9375,da,2026-01-22,2026-01-21,2026-01-21 15:00:00,20,20,17_24,TimeMixer,424.575,454.4356689453125,,,
2026-01-22 21:00:00,421.98,465.233,84986.885,6937.2225,0.0,25436.0,35773.6625,6937.2225,da,2026-01-22,2026-01-21,2026-01-21 15:00:00,21,21,17_24,TimeMixer,421.98,450.58544921875,,,
2026-01-22 22:00:00,400.0,455.908,82836.93,7609.1475,0.0,24006.25,34381.5325,7609.1475,da,2026-01-22,2026-01-21,2026-01-21 15:00:00,22,22,17_24,TimeMixer,400.0,436.96112060546875,,,
2026-01-22 23:00:00,366.78,429.782,77652.0525,8113.8875,0.0,22435.75,30262.415,8113.8875,da,2026-01-22,2026-01-21,2026-01-21 15:00:00,23,23,17_24,TimeMixer,366.78,408.43145751953125,,,
2026-01-23 00:00:00,349.0,404.113,74182.2375,8286.525,0.0,21226.25,27829.4625,8286.525,da,2026-01-23,2026-01-22,2026-01-22 15:00:00,0,24,17_24,TimeMixer,349.0,355.1380920410156,,,
2026-01-23 01:00:00,330.0,309.315,70470.3625,8943.115,0.0,21058.0,23629.2475,8943.115,da,2026-01-23,2026-01-22,2026-01-22 15:00:00,1,1,1_8,TimeMixer,330.0,334.2149963378906,,,
2026-01-23 02:00:00,330.0,305.87,68766.8,8633.4275,0.0,21058.0,22235.3725,8633.4275,da,2026-01-23,2026-01-22,2026-01-22 15:00:00,2,2,1_8,TimeMixer,330.0,328.9881896972656,,,
2026-01-23 03:00:00,331.333,313.16,70099.785,8011.19,0.0,21058.0,24190.595,8011.19,da,2026-01-23,2026-01-22,2026-01-22 15:00:00,3,3,1_8,TimeMixer,331.333,317.82806396484375,,,
2026-01-23 04:00:00,333.525,299.044,68837.2325,7164.26,0.0,21058.0,23774.9725,7164.26,da,2026-01-23,2026-01-22,2026-01-22 15:00:00,4,4,1_8,TimeMixer,333.525,309.5455322265625,,,
2026-01-23 05:00:00,345.0,303.651,68837.48,6277.21,0.0,21136.0,24584.27,6277.21,da,2026-01-23,2026-01-22,2026-01-22 15:00:00,5,5,1_8,TimeMixer,345.0,310.3913269042969,,,
2026-01-23 06:00:00,352.0,333.252,70932.44,5412.62,0.23,22872.0,25807.59,5412.85,da,2026-01-23,2026-01-22,2026-01-22 15:00:00,6,6,1_8,TimeMixer,352.0,303.9410095214844,,,
2026-01-23 07:00:00,379.5,360.505,75576.84,4640.54,5.39,26275.25,27840.66,4645.93,da,2026-01-23,2026-01-22,2026-01-22 15:00:00,7,7,1_8,TimeMixer,379.5,294.1736755371094,,,
2026-01-23 08:00:00,415.0,429.635,80870.9725,3894.07,1335.165,26853.75,32037.9875,5229.235,da,2026-01-23,2026-01-22,2026-01-22 15:00:00,8,8,1_8,TimeMixer,415.0,354.3193054199219,,,
2026-01-23 09:00:00,422.5,641.181,82238.4625,3132.8975,6979.0375,24845.25,30645.0275,10111.935,da,2026-01-23,2026-01-22,2026-01-22 15:00:00,9,9,9_16,TimeMixer,422.5,315.43328857421875,,,
2026-01-23 10:00:00,337.5,347.296,76086.2675,2411.8975,13473.23,22629.5,21016.64,15885.1275,da,2026-01-23,2026-01-22,2026-01-22 15:00:00,10,10,9_16,TimeMixer,337.5,183.1939697265625,,,
2026-01-23 11:00:00,170.25,287.433,72020.96,2078.6975,17765.9025,21135.0,14473.86,19844.6,da,2026-01-23,2026-01-22,2026-01-22 15:00:00,11,11,9_16,TimeMixer,170.25,50.51470184326172,,,
2026-01-23 12:00:00,0.0,110.936,67597.76,2179.965,19838.8425,20801.5,8187.4525,22018.8075,da,2026-01-23,2026-01-22,2026-01-22 15:00:00,12,12,9_16,TimeMixer,0.0,1.9150924682617188,,,
2026-01-23 13:00:00,0.0,-80.0,63626.19,2382.2525,20076.0825,20832.0,3745.855,22458.335,da,2026-01-23,2026-01-22,2026-01-22 15:00:00,13,13,9_16,TimeMixer,0.0,-19.67794418334961,,,
2026-01-23 14:00:00,-6.5,127.051,65929.8775,2596.5475,18590.7325,20976.5,7176.0975,21187.28,da,2026-01-23,2026-01-22,2026-01-22 15:00:00,14,14,9_16,TimeMixer,-6.5,9.731407165527344,,,
2026-01-23 15:00:00,60.0,281.425,68387.0125,2763.3225,15138.7825,21996.75,11898.1575,17902.105,da,2026-01-23,2026-01-22,2026-01-22 15:00:00,15,15,9_16,TimeMixer,60.0,105.71659088134766,,,
2026-01-23 16:00:00,313.375,345.157,73083.65,2927.39,9525.8175,23666.5,20340.1925,12453.2075,da,2026-01-23,2026-01-22,2026-01-22 15:00:00,16,16,9_16,TimeMixer,313.375,316.060302734375,,,
2026-01-23 17:00:00,428.405,505.344,80185.6125,3167.19,2957.265,25581.75,31779.4075,6124.455,da,2026-01-23,2026-01-22,2026-01-22 15:00:00,17,17,17_24,TimeMixer,428.405,382.1977233886719,,,
2026-01-23 18:00:00,445.0,481.315,86951.1175,3432.12,92.5475,27600.75,39045.7,3524.6675,da,2026-01-23,2026-01-22,2026-01-22 15:00:00,18,18,17_24,TimeMixer,445.0,441.8103332519531,,,
2026-01-23 19:00:00,450.0,469.468,86251.76,3550.5975,0.0,27079.25,38784.4125,3550.5975,da,2026-01-23,2026-01-22,2026-01-22 15:00:00,19,19,17_24,TimeMixer,450.0,455.712646484375,,,
2026-01-23 20:00:00,425.625,497.776,84548.14,3481.405,0.0,25926.5,38300.235,3481.405,da,2026-01-23,2026-01-22,2026-01-22 15:00:00,20,20,17_24,TimeMixer,425.625,459.6483459472656,,,
2026-01-23 21:00:00,425.0,464.458,83003.4025,3211.7375,0.0,25247.5,37704.165,3211.7375,da,2026-01-23,2026-01-22,2026-01-22 15:00:00,21,21,17_24,TimeMixer,425.0,454.3049621582031,,,
2026-01-23 22:00:00,474.0,476.957,80939.4525,2787.425,0.0,23789.0,37523.0275,2787.425,da,2026-01-23,2026-01-22,2026-01-22 15:00:00,22,22,17_24,TimeMixer,474.0,441.23419189453125,,,
2026-01-23 23:00:00,418.5,522.464,75978.6425,2374.6625,0.0,22432.75,34331.23,2374.6625,da,2026-01-23,2026-01-22,2026-01-22 15:00:00,23,23,17_24,TimeMixer,418.5,414.5919189453125,,,
2026-01-24 00:00:00,403.0,453.815,71681.555,2001.4475,0.0,21225.25,31614.8575,2001.4475,da,2026-01-24,2026-01-23,2026-01-23 15:00:00,0,24,17_24,TimeMixer,403.0,389.9727478027344,,,
2026-01-24 01:00:00,398.95,371.789,70037.5325,1693.445,0.0,21057.0,30697.0875,1693.445,da,2026-01-24,2026-01-23,2026-01-23 15:00:00,1,1,1_8,TimeMixer,398.95,382.44293212890625,,,
2026-01-24 02:00:00,389.05,360.548,68766.04,1518.87,0.0,21057.0,29600.17,1518.87,da,2026-01-24,2026-01-23,2026-01-23 15:00:00,2,2,1_8,TimeMixer,389.05,376.05731201171875,,,
2026-01-24 03:00:00,399.04,376.692,70217.4925,1442.625,0.0,21057.0,31127.8675,1442.625,da,2026-01-24,2026-01-23,2026-01-23 15:00:00,3,3,1_8,TimeMixer,399.04,356.5018310546875,,,
2026-01-24 04:00:00,393.11,359.931,69234.8125,1462.3175,0.0,21057.0,30125.495,1462.3175,da,2026-01-24,2026-01-23,2026-01-23 15:00:00,4,4,1_8,TimeMixer,393.11,344.5915832519531,,,
2026-01-24 05:00:00,389.43,355.682,69306.465,1598.215,0.0,21135.0,29983.25,1598.215,da,2026-01-24,2026-01-23,2026-01-23 15:00:00,5,5,1_8,TimeMixer,389.43,349.9158630371094,,,
2026-01-24 06:00:00,394.05,352.776,70968.6975,1819.2975,0.23,22871.5,29687.67,1819.5275,da,2026-01-24,2026-01-23,2026-01-23 15:00:00,6,6,1_8,TimeMixer,394.05,339.9040832519531,,,
2026-01-24 07:00:00,394.013,340.769,73014.1675,2085.99,5.5075,26275.25,28082.42,2091.4975,da,2026-01-24,2026-01-23,2026-01-23 15:00:00,7,7,1_8,TimeMixer,394.013,319.39361572265625,,,
2026-01-24 08:00:00,420.87,364.375,78437.795,2306.2975,1277.9925,26854.25,31499.255,3584.29,da,2026-01-24,2026-01-23,2026-01-23 15:00:00,8,8,1_8,TimeMixer,420.87,338.9115295410156,,,
2026-01-24 09:00:00,420.0,381.321,79752.755,2306.6425,6906.5075,24787.75,29365.605,9213.15,da,2026-01-24,2026-01-23,2026-01-23 15:00:00,9,9,9_16,TimeMixer,420.0,294.97698974609375,,,
2026-01-24 10:00:00,313.64,127.435,74754.405,1920.7725,13409.4425,22443.25,20675.94,15330.215,da,2026-01-24,2026-01-23,2026-01-23 15:00:00,10,10,9_16,TimeMixer,313.64,191.8274383544922,,,
2026-01-24 11:00:00,190.0,13.113,72552.115,1479.8875,17788.8525,21124.5,15841.375,19268.74,da,2026-01-24,2026-01-23,2026-01-23 15:00:00,11,11,9_16,TimeMixer,190.0,68.44661712646484,,,
2026-01-24 12:00:00,7.0,-21.122,69120.5325,1277.7275,19817.445,20766.5,10918.86,21095.1725,da,2026-01-24,2026-01-23,2026-01-23 15:00:00,12,12,9_16,TimeMixer,7.0,27.4539794921875,,,
2026-01-24 13:00:00,0.0,-80.0,64760.0075,1204.5275,19981.185,20950.25,6284.045,21185.7125,da,2026-01-24,2026-01-23,2026-01-23 15:00:00,13,13,9_16,TimeMixer,0.0,5.847442626953125,,,
2026-01-24 14:00:00,-58.75,-80.0,67547.92,1187.1675,18446.11,21202.75,10371.8925,19633.2775,da,2026-01-24,2026-01-23,2026-01-23 15:00:00,14,14,9_16,TimeMixer,-58.75,37.27096176147461,,,
2026-01-24 15:00:00,155.5,-16.44,69858.375,1231.93,14928.44,22046.75,15311.255,16160.37,da,2026-01-24,2026-01-23,2026-01-23 15:00:00,15,15,9_16,TimeMixer,155.5,114.09748840332031,,,
2026-01-24 16:00:00,350.0,325.714,73932.7375,1404.6175,9274.055,23785.75,23094.565,10678.6725,da,2026-01-24,2026-01-23,2026-01-23 15:00:00,16,16,9_16,TimeMixer,350.0,311.3110656738281,,,
2026-01-24 17:00:00,434.375,377.889,80939.8725,1934.76,2851.9625,25557.5,34145.65,4786.7225,da,2026-01-24,2026-01-23,2026-01-23 15:00:00,17,17,17_24,TimeMixer,434.375,375.9582824707031,,,
2026-01-24 18:00:00,452.5,369.178,87793.8975,2969.3425,90.4775,27591.5,40612.5775,3059.82,da,2026-01-24,2026-01-23,2026-01-23 15:00:00,18,18,17_24,TimeMixer,452.5,430.9610900878906,,,
2026-01-24 19:00:00,431.225,372.745,86384.6,4324.835,0.0,27079.5,38392.765,4324.835,da,2026-01-24,2026-01-23,2026-01-23 15:00:00,19,19,17_24,TimeMixer,431.225,448.50067138671875,,,
2026-01-24 20:00:00,422.82,376.067,84530.01,5677.265,0.0,25926.75,36335.995,5677.265,da,2026-01-24,2026-01-23,2026-01-23 15:00:00,20,20,17_24,TimeMixer,422.82,456.3606872558594,,,
2026-01-24 21:00:00,410.0,422.433,82898.515,6655.1975,0.0,25246.0,34407.3175,6655.1975,da,2026-01-24,2026-01-23,2026-01-23 15:00:00,21,21,17_24,TimeMixer,410.0,451.4894714355469,,,
2026-01-24 22:00:00,400.0,402.396,81354.785,7227.5875,0.0,23788.75,33748.4475,7227.5875,da,2026-01-24,2026-01-23,2026-01-23 15:00:00,22,22,17_24,TimeMixer,400.0,434.95233154296875,,,
2026-01-24 23:00:00,400.0,370.88,76707.43,7567.5175,0.0,22432.75,30117.1625,7567.5175,da,2026-01-24,2026-01-23,2026-01-23 15:00:00,23,23,17_24,TimeMixer,400.0,412.6401062011719,,,
2026-01-25 00:00:00,387.09,335.225,72938.7425,7759.815,0.0,21223.5,27365.4275,7759.815,da,2026-01-25,2026-01-24,2026-01-24 15:00:00,0,24,17_24,TimeMixer,387.09,328.22308349609375,,,
2026-01-25 01:00:00,329.5,301.561,69218.4625,8986.17,0.0,21072.75,22388.5425,8986.17,da,2026-01-25,2026-01-24,2026-01-24 15:00:00,1,1,1_8,TimeMixer,329.5,310.00701904296875,,,
2026-01-25 02:00:00,330.0,282.316,67873.0075,9803.1675,0.0,21085.25,20213.59,9803.1675,da,2026-01-25,2026-01-24,2026-01-24 15:00:00,2,2,1_8,TimeMixer,330.0,306.3124694824219,,,
2026-01-25 03:00:00,330.0,273.141,69218.9,10761.265,0.0,21089.75,20596.885,10761.265,da,2026-01-25,2026-01-24,2026-01-24 15:00:00,3,3,1_8,TimeMixer,330.0,284.0743408203125,,,
2026-01-25 04:00:00,315.0,85.363,68078.7825,11632.695,0.0,21084.0,18591.0875,11632.695,da,2026-01-25,2026-01-24,2026-01-24 15:00:00,4,4,1_8,TimeMixer,315.0,278.6338806152344,,,
2026-01-25 05:00:00,315.0,86.544,67672.5975,12330.36,0.0,21163.25,17407.9875,12330.36,da,2026-01-25,2026-01-24,2026-01-24 15:00:00,5,5,1_8,TimeMixer,315.0,274.9522399902344,,,
2026-01-25 06:00:00,299.5,26.423,69103.3125,12833.97,0.23,22887.75,16610.3625,12834.2,da,2026-01-25,2026-01-24,2026-01-24 15:00:00,6,6,1_8,TimeMixer,299.5,275.22723388671875,,,
2026-01-25 07:00:00,241.5,-80.0,71331.8225,13131.7375,5.0475,26303.25,15145.7875,13136.785,da,2026-01-25,2026-01-24,2026-01-24 15:00:00,7,7,1_8,TimeMixer,241.5,246.3262176513672,,,
2026-01-25 08:00:00,340.0,67.228,77414.21,13126.4725,902.3275,26857.0,19847.41,14028.8,da,2026-01-25,2026-01-24,2026-01-24 15:00:00,8,8,1_8,TimeMixer,340.0,286.73760986328125,,,
2026-01-25 09:00:00,358.225,192.092,81769.615,12616.4275,4502.435,24798.25,23285.2525,17118.8625,da,2026-01-25,2026-01-24,2026-01-24 15:00:00,9,9,9_16,TimeMixer,358.225,294.5096435546875,,,
2026-01-25 10:00:00,328.5,-80.0,80876.8425,11741.285,8615.34,22444.0,21590.2175,20356.625,da,2026-01-25,2026-01-24,2026-01-24 15:00:00,10,10,9_16,TimeMixer,328.5,305.32257080078125,,,
2026-01-25 11:00:00,330.0,-80.0,80012.13,10930.4275,11924.9625,21125.25,19532.99,22855.39,da,2026-01-25,2026-01-24,2026-01-24 15:00:00,11,11,9_16,TimeMixer,330.0,256.9658203125,,,
2026-01-25 12:00:00,243.375,-80.0,77163.1,10170.955,13721.335,20768.5,15981.31,23892.29,da,2026-01-25,2026-01-24,2026-01-24 15:00:00,12,12,9_16,TimeMixer,243.375,257.526123046875,,,
2026-01-25 13:00:00,234.375,-80.0,74387.7775,9299.7875,13858.3025,20806.0,13902.6875,23158.09,da,2026-01-25,2026-01-24,2026-01-24 15:00:00,13,13,9_16,TimeMixer,234.375,227.16375732421875,,,
2026-01-25 14:00:00,276.5,160.21,77574.7675,8466.9525,12346.78,20976.25,19263.785,20813.7325,da,2026-01-25,2026-01-24,2026-01-24 15:00:00,14,14,9_16,TimeMixer,276.5,270.8620910644531,,,
2026-01-25 15:00:00,348.0,303.185,80032.365,7771.77,9142.5725,21997.5,24599.5225,16914.3425,da,2026-01-25,2026-01-24,2026-01-24 15:00:00,15,15,9_16,TimeMixer,348.0,291.2658386230469,,,
2026-01-25 16:00:00,420.0,337.436,81466.0475,7253.2825,5301.1675,23673.25,28683.5975,12554.45,da,2026-01-25,2026-01-24,2026-01-24 15:00:00,16,16,9_16,TimeMixer,420.0,328.76708984375,,,
2026-01-25 17:00:00,452.43,414.759,83829.97,6976.335,1651.7225,25580.5,32990.4125,8628.0575,da,2026-01-25,2026-01-24,2026-01-24 15:00:00,17,17,17_24,TimeMixer,452.43,385.39642333984375,,,
2026-01-25 18:00:00,460.0,393.081,87947.2225,7105.51,42.27,27600.75,36487.6925,7147.78,da,2026-01-25,2026-01-24,2026-01-24 15:00:00,18,18,17_24,TimeMixer,460.0,433.2838134765625,,,
2026-01-25 19:00:00,462.925,357.897,86553.6375,7269.4725,0.0,27112.5,35403.165,7269.4725,da,2026-01-25,2026-01-24,2026-01-24 15:00:00,19,19,17_24,TimeMixer,462.925,456.5936584472656,,,
2026-01-25 20:00:00,451.335,390.47,85022.1075,6980.1725,0.0,25991.25,35279.685,6980.1725,da,2026-01-25,2026-01-24,2026-01-24 15:00:00,20,20,17_24,TimeMixer,451.335,464.5793762207031,,,
2026-01-25 21:00:00,450.0,457.861,83508.99,6097.2175,0.0,25254.5,35386.2725,6097.2175,da,2026-01-25,2026-01-24,2026-01-24 15:00:00,21,21,17_24,TimeMixer,450.0,459.43695068359375,,,
2026-01-25 22:00:00,406.06,490.202,80689.7975,4932.6925,0.0,23814.0,35172.105,4932.6925,da,2026-01-25,2026-01-24,2026-01-24 15:00:00,22,22,17_24,TimeMixer,406.06,438.7547912597656,,,
2026-01-25 23:00:00,447.3,386.387,75689.1025,3879.67,0.0,22485.5,32552.9325,3879.67,da,2026-01-25,2026-01-24,2026-01-24 15:00:00,23,23,17_24,TimeMixer,447.3,416.9935302734375,,,
2026-01-26 00:00:00,435.0,333.527,72002.9175,3037.865,0.0,21229.0,30965.0525,3037.865,da,2026-01-26,2026-01-25,2026-01-25 15:00:00,0,24,17_24,TimeMixer,435.0,439.8663635253906,,,
2026-01-26 01:00:00,416.75,331.888,67910.7675,2516.37,0.0,21161.75,27601.6475,2516.37,da,2026-01-26,2026-01-25,2026-01-25 15:00:00,1,1,1_8,TimeMixer,416.75,418.6570739746094,,,
2026-01-26 02:00:00,448.5,334.93,66385.345,2019.5575,0.0,21180.75,26554.0375,2019.5575,da,2026-01-26,2026-01-25,2026-01-25 15:00:00,2,2,1_8,TimeMixer,448.5,406.29931640625,,,
2026-01-26 03:00:00,430.0,334.594,67580.6775,1649.255,0.0,21169.75,28130.6725,1649.255,da,2026-01-26,2026-01-25,2026-01-25 15:00:00,3,3,1_8,TimeMixer,430.0,378.10626220703125,,,
2026-01-26 04:00:00,430.0,334.254,66564.805,1378.01,0.0,21156.0,27399.795,1378.01,da,2026-01-26,2026-01-25,2026-01-25 15:00:00,4,4,1_8,TimeMixer,430.0,367.7947082519531,,,
2026-01-26 05:00:00,418.75,329.854,66863.9075,1205.325,0.0,21241.5,27786.0825,1205.325,da,2026-01-26,2026-01-25,2026-01-25 15:00:00,5,5,1_8,TimeMixer,418.75,369.4544677734375,,,
2026-01-26 06:00:00,420.0,329.201,69121.3275,1111.2425,0.23,23721.25,27657.605,1111.4725,da,2026-01-26,2026-01-25,2026-01-25 15:00:00,6,6,1_8,TimeMixer,420.0,357.0621337890625,,,
2026-01-26 07:00:00,425.0,324.586,73523.16,1076.2125,5.1925,28382.25,27453.505,1081.405,da,2026-01-26,2026-01-25,2026-01-25 15:00:00,7,7,1_8,TimeMixer,425.0,321.9599914550781,,,
2026-01-26 08:00:00,464.238,332.64,80430.0075,1014.41,718.705,28495.0,33660.8925,1733.115,da,2026-01-26,2026-01-25,2026-01-25 15:00:00,8,8,1_8,TimeMixer,464.238,312.924560546875,,,
2026-01-26 09:00:00,550.0,813.45,86597.66,875.29,3931.885,25478.0,39885.235,4807.175,da,2026-01-26,2026-01-25,2026-01-25 15:00:00,9,9,9_16,TimeMixer,550.0,328.11346435546875,,,
2026-01-26 10:00:00,530.0,1291.302,85780.66,730.7625,8046.04,22799.0,37858.8575,8776.8025,da,2026-01-26,2026-01-25,2026-01-25 15:00:00,10,10,9_16,TimeMixer,530.0,328.08575439453125,,,
2026-01-26 11:00:00,500.0,1275.122,84687.1725,735.4375,11666.605,21614.5,34312.13,12402.0425,da,2026-01-26,2026-01-25,2026-01-25 15:00:00,11,11,9_16,TimeMixer,500.0,267.4129638671875,,,
2026-01-26 12:00:00,396.0,1051.962,81008.65,1006.0375,14154.3425,21258.75,28208.52,15160.38,da,2026-01-26,2026-01-25,2026-01-25 15:00:00,12,12,9_16,TimeMixer,396.0,248.66094970703125,,,
2026-01-26 13:00:00,329.15,442.419,76109.4775,1564.1275,14896.42,21287.75,21980.18,16460.5475,da,2026-01-26,2026-01-25,2026-01-25 15:00:00,13,13,9_16,TimeMixer,329.15,212.91708374023438,,,
2026-01-26 14:00:00,324.175,394.373,77775.755,2231.0025,13935.9825,21473.5,23754.27,16166.985,da,2026-01-26,2026-01-25,2026-01-25 15:00:00,14,14,9_16,TimeMixer,324.175,259.3213806152344,,,
2026-01-26 15:00:00,232.48,356.98,78336.635,2807.7575,11539.0575,22450.5,25158.32,14346.815,da,2026-01-26,2026-01-25,2026-01-25 15:00:00,15,15,9_16,TimeMixer,232.48,290.241455078125,,,
2026-01-26 16:00:00,405.75,373.916,79314.47,3140.4925,7519.3175,24129.75,28110.16,10659.81,da,2026-01-26,2026-01-25,2026-01-25 15:00:00,16,16,9_16,TimeMixer,405.75,349.9646301269531,,,
2026-01-26 17:00:00,491.44,486.036,82896.6,3312.4075,2520.7125,26355.0,34217.48,5833.12,da,2026-01-26,2026-01-25,2026-01-25 15:00:00,17,17,17_24,TimeMixer,491.44,392.6911926269531,,,
2026-01-26 18:00:00,480.0,534.75,87868.1075,3563.875,89.2375,29261.75,38382.245,3653.1125,da,2026-01-26,2026-01-25,2026-01-25 15:00:00,18,18,17_24,TimeMixer,480.0,437.00482177734375,,,
2026-01-26 19:00:00,478.0,463.411,86331.4325,3982.4125,0.0,29241.5,36479.02,3982.4125,da,2026-01-26,2026-01-25,2026-01-25 15:00:00,19,19,17_24,TimeMixer,478.0,462.6481628417969,,,
2026-01-26 20:00:00,433.72,401.106,84959.6225,4428.4,0.0,28032.25,35867.9725,4428.4,da,2026-01-26,2026-01-25,2026-01-25 15:00:00,20,20,17_24,TimeMixer,433.72,471.1973876953125,,,
2026-01-26 21:00:00,426.32,354.098,83075.275,4583.23,0.0,27358.5,34502.545,4583.23,da,2026-01-26,2026-01-25,2026-01-25 15:00:00,21,21,17_24,TimeMixer,426.32,464.48260498046875,,,
2026-01-26 22:00:00,400.0,356.098,80562.81,4528.295,0.0,25890.25,33513.265,4528.295,da,2026-01-26,2026-01-25,2026-01-25 15:00:00,22,22,17_24,TimeMixer,400.0,438.6698913574219,,,
2026-01-26 23:00:00,402.5,323.133,75298.605,4476.8875,0.0,23778.75,30411.9675,4476.8875,da,2026-01-26,2026-01-25,2026-01-25 15:00:00,23,23,17_24,TimeMixer,402.5,414.74566650390625,,,
2026-01-27 00:00:00,403.0,315.845,71014.3325,4433.855,0.0,21316.25,28633.2275,4433.855,da,2026-01-27,2026-01-26,2026-01-26 15:00:00,0,24,17_24,TimeMixer,403.0,421.39129638671875,,,
2026-01-27 01:00:00,367.5,327.456,69392.985,4486.46,4.0,21748.5,26473.025,4490.46,da,2026-01-27,2026-01-26,2026-01-26 15:00:00,1,1,1_8,TimeMixer,367.5,388.6883850097656,,,
2026-01-27 02:00:00,355.0,322.468,68053.5175,4429.6525,4.0,21150.0,25788.865,4433.6525,da,2026-01-27,2026-01-26,2026-01-26 15:00:00,2,2,1_8,TimeMixer,355.0,388.05035400390625,,,
2026-01-27 03:00:00,368.62,331.928,69312.7725,4408.8025,4.0,21149.75,27069.22,4412.8025,da,2026-01-27,2026-01-26,2026-01-26 15:00:00,3,3,1_8,TimeMixer,368.62,361.5975341796875,,,
2026-01-27 04:00:00,374.82,328.429,67899.27,4404.85,4.0,21150.0,25659.42,4408.85,da,2026-01-27,2026-01-26,2026-01-26 15:00:00,4,4,1_8,TimeMixer,374.82,345.38702392578125,,,
2026-01-27 05:00:00,355.0,328.237,67769.145,4423.68,4.0,21228.25,25432.215,4427.68,da,2026-01-27,2026-01-26,2026-01-26 15:00:00,5,5,1_8,TimeMixer,355.0,343.6451416015625,,,
2026-01-27 06:00:00,355.0,325.141,69900.5625,4370.075,4.23,23716.25,25129.0075,4374.305,da,2026-01-27,2026-01-26,2026-01-26 15:00:00,6,6,1_8,TimeMixer,355.0,330.4405822753906,,,
2026-01-27 07:00:00,367.5,324.288,74208.76,4335.0,17.325,28373.25,24827.185,4352.325,da,2026-01-27,2026-01-26,2026-01-26 15:00:00,7,7,1_8,TimeMixer,367.5,292.9525146484375,,,
2026-01-27 08:00:00,391.288,362.605,79607.83,4333.3625,1375.36,28446.0,28862.1075,5708.7225,da,2026-01-27,2026-01-26,2026-01-26 15:00:00,8,8,1_8,TimeMixer,391.288,331.7433166503906,,,
2026-01-27 09:00:00,416.25,461.351,81468.425,4175.315,6995.12,25362.75,28457.99,11170.435,da,2026-01-27,2026-01-26,2026-01-26 15:00:00,9,9,9_16,TimeMixer,416.25,317.44580078125,,,
2026-01-27 10:00:00,300.0,276.831,76742.4025,3640.655,13128.3,22730.25,20847.1975,16768.955,da,2026-01-27,2026-01-26,2026-01-26 15:00:00,10,10,9_16,TimeMixer,300.0,286.881591796875,,,
2026-01-27 11:00:00,197.5,244.008,73748.2425,3050.84,17318.0575,21409.75,15561.095,20368.8975,da,2026-01-27,2026-01-26,2026-01-26 15:00:00,11,11,9_16,TimeMixer,197.5,212.37124633789062,,,
2026-01-27 12:00:00,0.0,103.769,69989.61,2555.4125,19400.8075,21053.75,10548.64,21956.22,da,2026-01-27,2026-01-26,2026-01-26 15:00:00,12,12,9_16,TimeMixer,0.0,167.87074279785156,,,
2026-01-27 13:00:00,-23.0,-6.38,65915.6525,2134.1125,19421.575,21091.5,6837.465,21555.6875,da,2026-01-27,2026-01-26,2026-01-26 15:00:00,13,13,9_16,TimeMixer,-23.0,144.6269989013672,,,
2026-01-27 14:00:00,1.0,259.493,69141.605,1882.555,17436.585,21262.25,12129.215,19319.14,da,2026-01-27,2026-01-26,2026-01-26 15:00:00,14,14,9_16,TimeMixer,1.0,185.4273223876953,,,
2026-01-27 15:00:00,158.0,293.262,71997.79,1748.9,13508.135,22293.25,18016.505,15257.035,da,2026-01-27,2026-01-26,2026-01-26 15:00:00,15,15,9_16,TimeMixer,158.0,235.5502471923828,,,
2026-01-27 16:00:00,355.0,355.313,76701.4125,1709.48,8113.4575,24005.0,26408.725,9822.9375,da,2026-01-27,2026-01-26,2026-01-26 15:00:00,16,16,9_16,TimeMixer,355.0,344.55322265625,,,
2026-01-27 17:00:00,435.84,396.675,82748.4475,1876.4375,2626.7375,26303.75,35400.5225,4503.175,da,2026-01-27,2026-01-26,2026-01-26 15:00:00,17,17,17_24,TimeMixer,435.84,398.29345703125,,,
2026-01-27 18:00:00,427.075,362.823,88276.935,2418.855,99.96,29207.75,39929.37,2518.815,da,2026-01-27,2026-01-26,2026-01-26 15:00:00,18,18,17_24,TimeMixer,427.075,442.746826171875,,,
2026-01-27 19:00:00,442.91,369.22,87169.4775,3168.19,4.0,29175.75,38143.0375,3172.19,da,2026-01-27,2026-01-26,2026-01-26 15:00:00,19,19,17_24,TimeMixer,442.91,472.2004699707031,,,
2026-01-27 20:00:00,421.5,382.194,85067.4525,3885.1275,4.0,28024.5,36472.825,3889.1275,da,2026-01-27,2026-01-26,2026-01-26 15:00:00,20,20,17_24,TimeMixer,421.5,475.922607421875,,,
2026-01-27 21:00:00,417.57,375.904,83599.635,4442.285,4.0,27345.5,35126.85,4446.285,da,2026-01-27,2026-01-26,2026-01-26 15:00:00,21,21,17_24,TimeMixer,417.57,473.8086242675781,,,
2026-01-27 22:00:00,401.79,368.057,81198.6275,4847.89,4.0,25887.0,33778.7375,4851.89,da,2026-01-27,2026-01-26,2026-01-26 15:00:00,22,22,17_24,TimeMixer,401.79,444.4285583496094,,,
2026-01-27 23:00:00,397.5,339.641,76242.9375,5147.66,4.0,23779.75,30630.5275,5151.66,da,2026-01-27,2026-01-26,2026-01-26 15:00:00,23,23,17_24,TimeMixer,397.5,417.90863037109375,,,
2026-01-28 00:00:00,387.0,328.505,72568.055,5432.5075,4.0,21317.25,29133.2975,5436.5075,da,2026-01-28,2026-01-27,2026-01-27 15:00:00,0,24,17_24,TimeMixer,387.0,403.3399658203125,,,
2026-01-28 01:00:00,322.662,307.809,68974.15,6235.2775,0.0,21150.25,24957.6225,6235.2775,da,2026-01-28,2026-01-27,2026-01-27 15:00:00,1,1,1_8,TimeMixer,322.662,380.2040100097656,,,
2026-01-28 02:00:00,319.0,300.599,67682.6925,6280.035,0.0,21150.75,23620.9075,6280.035,da,2026-01-28,2026-01-27,2026-01-27 15:00:00,2,2,1_8,TimeMixer,319.0,378.2236633300781,,,
2026-01-28 03:00:00,329.0,307.591,68942.39,6028.3375,0.0,21150.5,25132.5525,6028.3375,da,2026-01-28,2026-01-27,2026-01-27 15:00:00,3,3,1_8,TimeMixer,329.0,349.88525390625,,,
2026-01-28 04:00:00,328.5,299.844,67545.825,5603.3475,0.0,21152.0,24203.7275,5603.3475,da,2026-01-28,2026-01-27,2026-01-27 15:00:00,4,4,1_8,TimeMixer,328.5,335.823486328125,,,
2026-01-28 05:00:00,335.0,302.857,67786.185,5261.86,0.0,21229.25,24808.075,5261.86,da,2026-01-28,2026-01-27,2026-01-27 15:00:00,5,5,1_8,TimeMixer,335.0,332.8857421875,,,
2026-01-28 06:00:00,327.5,303.19,69809.1125,5095.1475,0.23,23717.25,24629.735,5095.3775,da,2026-01-28,2026-01-27,2026-01-27 15:00:00,6,6,1_8,TimeMixer,327.5,320.9250793457031,,,
2026-01-28 07:00:00,338.125,302.427,74155.5125,5035.96,14.27,28373.75,24435.5325,5050.23,da,2026-01-28,2026-01-27,2026-01-27 15:00:00,7,7,1_8,TimeMixer,338.125,282.8663635253906,,,
2026-01-28 08:00:00,385.0,327.586,79878.9425,4848.565,1203.645,28447.0,29148.7325,6052.21,da,2026-01-28,2026-01-27,2026-01-27 15:00:00,8,8,1_8,TimeMixer,385.0,326.43634033203125,,,
2026-01-28 09:00:00,443.025,360.272,82906.135,4430.6,5911.535,25362.25,31084.5,10342.135,da,2026-01-28,2026-01-27,2026-01-27 15:00:00,9,9,9_16,TimeMixer,443.025,339.22955322265625,,,
2026-01-28 10:00:00,370.0,328.581,79492.2125,3585.62,11092.27,22728.75,26049.5725,14677.89,da,2026-01-28,2026-01-27,2026-01-27 15:00:00,10,10,9_16,TimeMixer,370.0,336.2415466308594,,,
2026-01-28 11:00:00,308.96,317.725,76985.84,2851.7775,14820.7275,21411.0,21853.835,17672.505,da,2026-01-28,2026-01-27,2026-01-27 15:00:00,11,11,9_16,TimeMixer,308.96,291.0498962402344,,,
2026-01-28 12:00:00,231.75,307.019,73131.26,2526.0525,16614.29,21053.25,16866.6675,19140.3425,da,2026-01-28,2026-01-27,2026-01-27 15:00:00,12,12,9_16,TimeMixer,231.75,266.228515625,,,
2026-01-28 13:00:00,81.0,264.582,68845.2975,2342.445,16625.2825,21090.5,12716.07,18967.7275,da,2026-01-28,2026-01-27,2026-01-27 15:00:00,13,13,9_16,TimeMixer,81.0,235.94732666015625,,,
2026-01-28 14:00:00,236.0,305.702,71907.1925,2241.835,14883.385,21261.5,17449.4725,17125.22,da,2026-01-28,2026-01-27,2026-01-27 15:00:00,14,14,9_16,TimeMixer,236.0,272.2354431152344,,,
2026-01-28 15:00:00,298.5,322.207,74023.15,2295.58,11502.325,22289.75,21864.495,13797.905,da,2026-01-28,2026-01-27,2026-01-27 15:00:00,15,15,9_16,TimeMixer,298.5,296.6512451171875,,,
2026-01-28 16:00:00,369.0,349.929,76906.9625,2528.35,7121.7125,23996.75,27155.4,9650.0625,da,2026-01-28,2026-01-27,2026-01-27 15:00:00,16,16,9_16,TimeMixer,369.0,345.0722961425781,,,
2026-01-28 17:00:00,420.0,366.493,82352.765,2991.5275,2450.61,26301.25,34428.3775,5442.1375,da,2026-01-28,2026-01-27,2026-01-27 15:00:00,17,17,17_24,TimeMixer,420.0,397.50872802734375,,,
2026-01-28 18:00:00,503.38,350.387,87859.66,3627.2625,112.9225,29206.25,38652.225,3740.185,da,2026-01-28,2026-01-27,2026-01-27 15:00:00,18,18,17_24,TimeMixer,503.38,434.35211181640625,,,
2026-01-28 19:00:00,430.0,355.658,86519.4775,4236.3075,0.0,29176.0,36788.67,4236.3075,da,2026-01-28,2026-01-27,2026-01-27 15:00:00,19,19,17_24,TimeMixer,430.0,459.8871765136719,,,
2026-01-28 20:00:00,408.75,355.044,84157.9175,4706.78,0.0,28024.75,35105.3875,4706.78,da,2026-01-28,2026-01-27,2026-01-27 15:00:00,20,20,17_24,TimeMixer,408.75,463.8848876953125,,,
2026-01-28 21:00:00,395.0,347.462,82552.3725,4852.3325,0.0,27345.25,34033.79,4852.3325,da,2026-01-28,2026-01-27,2026-01-27 15:00:00,21,21,17_24,TimeMixer,395.0,460.4812316894531,,,
2026-01-28 22:00:00,396.0,350.397,80548.6275,4779.6325,0.0,25887.5,33560.495,4779.6325,da,2026-01-28,2026-01-27,2026-01-27 15:00:00,22,22,17_24,TimeMixer,396.0,430.2848815917969,,,
2026-01-28 23:00:00,370.0,335.955,75592.9375,4626.0225,0.0,23779.5,30866.415,4626.0225,da,2026-01-28,2026-01-27,2026-01-27 15:00:00,23,23,17_24,TimeMixer,370.0,405.8358459472656,,,
2026-01-29 00:00:00,360.0,328.687,71918.055,4378.585,0.0,21310.0,29908.47,4378.585,da,2026-01-29,2026-01-28,2026-01-28 15:00:00,0,24,17_24,TimeMixer,360.0,398.385498046875,,,
2026-01-29 01:00:00,328.0,327.123,68478.3725,4656.62,0.0,20908.0,26692.7525,4656.62,da,2026-01-29,2026-01-28,2026-01-28 15:00:00,1,1,1_8,TimeMixer,328.0,376.20263671875,,,
2026-01-29 02:00:00,328.0,331.888,67089.4725,4597.5475,0.0,20907.0,25363.925,4597.5475,da,2026-01-29,2026-01-28,2026-01-28 15:00:00,2,2,1_8,TimeMixer,328.0,374.78668212890625,,,
2026-01-29 03:00:00,318.4,330.81,68317.96,4722.355,0.0,20907.25,26467.355,4722.355,da,2026-01-29,2026-01-28,2026-01-28 15:00:00,3,3,1_8,TimeMixer,318.4,347.7425231933594,,,
2026-01-29 04:00:00,318.24,326.405,67078.9575,5004.6475,0.0,20905.0,24948.31,5004.6475,da,2026-01-29,2026-01-28,2026-01-28 15:00:00,4,4,1_8,TimeMixer,318.24,335.45074462890625,,,
2026-01-29 05:00:00,315.85,324.865,67160.765,5479.3275,0.0,20982.75,24477.6875,5479.3275,da,2026-01-29,2026-01-28,2026-01-28 15:00:00,5,5,1_8,TimeMixer,315.85,332.20849609375,,,
2026-01-29 06:00:00,315.0,325.09,69408.2275,6109.6675,0.23,23474.0,23603.33,6109.8975,da,2026-01-29,2026-01-28,2026-01-28 15:00:00,6,6,1_8,TimeMixer,315.0,318.9599914550781,,,
2026-01-29 07:00:00,291.0,322.403,73720.135,6783.45,17.69,28131.25,22591.745,6801.14,da,2026-01-29,2026-01-28,2026-01-28 15:00:00,7,7,1_8,TimeMixer,291.0,285.3594055175781,,,
2026-01-29 08:00:00,345.0,324.584,80069.09,7313.8775,829.29,28150.5,27644.4225,8143.1675,da,2026-01-29,2026-01-28,2026-01-28 15:00:00,8,8,1_8,TimeMixer,345.0,318.24822998046875,,,
2026-01-29 09:00:00,461.11,338.219,87052.5,7440.7075,3817.0575,24906.0,34871.485,11257.765,da,2026-01-29,2026-01-28,2026-01-28 15:00:00,9,9,9_16,TimeMixer,461.11,351.98907470703125,,,
2026-01-29 10:00:00,500.0,325.224,87270.525,7090.21,7291.315,22369.5,34583.5,14381.525,da,2026-01-29,2026-01-28,2026-01-28 15:00:00,10,10,9_16,TimeMixer,500.0,367.0631408691406,,,
2026-01-29 11:00:00,426.25,311.089,86744.26,6512.49,10274.9375,21329.75,32678.5825,16787.4275,da,2026-01-29,2026-01-28,2026-01-28 15:00:00,11,11,9_16,TimeMixer,426.25,354.5739440917969,,,
2026-01-29 12:00:00,390.0,322.114,83465.8675,5970.2975,12073.3775,20838.5,28612.6925,18043.675,da,2026-01-29,2026-01-28,2026-01-28 15:00:00,12,12,9_16,TimeMixer,390.0,354.4239501953125,,,
2026-01-29 13:00:00,382.0,316.567,78492.9225,5767.1075,12391.5425,20756.5,23606.7725,18158.65,da,2026-01-29,2026-01-28,2026-01-28 15:00:00,13,13,9_16,TimeMixer,382.0,315.4862365722656,,,
2026-01-29 14:00:00,360.0,312.127,80711.4475,5925.715,11123.1375,20926.0,26765.595,17048.8525,da,2026-01-29,2026-01-28,2026-01-28 15:00:00,14,14,9_16,TimeMixer,360.0,345.3580627441406,,,
2026-01-29 15:00:00,360.0,315.491,81753.1375,6498.8225,8545.5625,22092.5,28645.2525,15044.385,da,2026-01-29,2026-01-28,2026-01-28 15:00:00,15,15,9_16,TimeMixer,360.0,346.4533996582031,,,
2026-01-29 16:00:00,380.0,338.239,82514.0525,7294.155,5212.3025,23510.5,30492.345,12506.4575,da,2026-01-29,2026-01-28,2026-01-28 15:00:00,16,16,9_16,TimeMixer,380.0,349.11297607421875,,,
2026-01-29 17:00:00,400.0,357.699,84636.465,8005.145,1823.1825,25880.25,32846.8875,9828.3275,da,2026-01-29,2026-01-28,2026-01-28 15:00:00,17,17,17_24,TimeMixer,400.0,402.875732421875,,,
2026-01-29 18:00:00,414.55,353.771,88010.2825,8630.7475,88.8225,28792.25,34337.4625,8719.57,da,2026-01-29,2026-01-28,2026-01-28 15:00:00,18,18,17_24,TimeMixer,414.55,428.1094970703125,,,
2026-01-29 19:00:00,378.45,335.223,87358.6925,9090.5225,0.0275,28793.25,33256.3925,9090.55,da,2026-01-29,2026-01-28,2026-01-28 15:00:00,19,19,17_24,TimeMixer,378.45,451.57708740234375,,,
2026-01-29 20:00:00,370.0,331.923,85465.25,9243.0925,0.0,27640.25,32360.9075,9243.0925,da,2026-01-29,2026-01-28,2026-01-28 15:00:00,20,20,17_24,TimeMixer,370.0,456.4483337402344,,,
2026-01-29 21:00:00,364.0,330.0,83689.9125,9015.8825,0.0,26961.5,31491.53,9015.8825,da,2026-01-29,2026-01-28,2026-01-28 15:00:00,21,21,17_24,TimeMixer,364.0,450.0279235839844,,,
2026-01-29 22:00:00,368.0,332.565,81332.81,8459.9025,0.0,25557.0,31094.9075,8459.9025,da,2026-01-29,2026-01-28,2026-01-28 15:00:00,22,22,17_24,TimeMixer,368.0,415.7146301269531,,,
2026-01-29 23:00:00,325.0,319.071,76008.9775,7778.11,0.0,23538.0,28471.8675,7778.11,da,2026-01-29,2026-01-28,2026-01-28 15:00:00,23,23,17_24,TimeMixer,325.0,389.72308349609375,,,
2026-01-30 00:00:00,323.5,312.553,71943.8375,7172.7725,0.0,21083.75,27466.315,7172.7725,da,2026-01-30,2026-01-29,2026-01-29 15:00:00,0,24,17_24,TimeMixer,323.5,398.4843444824219,,,
2026-01-30 01:00:00,324.375,338.337,68942.985,6128.4425,0.0,21148.5,25445.0425,6128.4425,da,2026-01-30,2026-01-29,2026-01-29 15:00:00,1,1,1_8,TimeMixer,324.375,374.5618591308594,,,
2026-01-30 02:00:00,315.625,340.402,67585.27,5690.24,0.0,21148.5,24525.53,5690.24,da,2026-01-30,2026-01-29,2026-01-29 15:00:00,2,2,1_8,TimeMixer,315.625,374.7733459472656,,,
2026-01-30 03:00:00,347.16,344.076,68180.2925,5295.1975,0.0,21148.5,25515.595,5295.1975,da,2026-01-30,2026-01-29,2026-01-29 15:00:00,3,3,1_8,TimeMixer,347.16,348.5242004394531,,,
2026-01-30 04:00:00,324.0,340.974,67278.8325,5005.2625,0.0,21147.25,24905.32,5005.2625,da,2026-01-30,2026-01-29,2026-01-29 15:00:00,4,4,1_8,TimeMixer,324.0,336.30419921875,,,
2026-01-30 05:00:00,345.84,336.943,67541.605,4844.905,0.0,21226.25,25249.45,4844.905,da,2026-01-30,2026-01-29,2026-01-29 15:00:00,5,5,1_8,TimeMixer,345.84,332.6719970703125,,,
2026-01-30 06:00:00,325.5,332.74,69949.2675,4697.1125,0.23,23714.25,25316.675,4697.3425,da,2026-01-30,2026-01-29,2026-01-29 15:00:00,6,6,1_8,TimeMixer,325.5,318.30731201171875,,,
2026-01-30 07:00:00,360.0,331.233,74402.6125,4500.97,24.4275,28372.25,25308.965,4525.3975,da,2026-01-30,2026-01-29,2026-01-29 15:00:00,7,7,1_8,TimeMixer,360.0,287.6887512207031,,,
2026-01-30 08:00:00,364.976,335.575,81461.895,4188.2725,747.69,28444.25,31950.6825,4935.9625,da,2026-01-30,2026-01-29,2026-01-29 15:00:00,8,8,1_8,TimeMixer,364.976,326.49847412109375,,,
2026-01-30 09:00:00,637.5,349.791,89526.645,3670.3125,3315.59,25359.5,41163.9925,6985.9025,da,2026-01-30,2026-01-29,2026-01-29 15:00:00,9,9,9_16,TimeMixer,637.5,363.951171875,,,
2026-01-30 10:00:00,523.0,332.772,89620.2875,3079.91,6511.6775,22726.25,41366.45,9591.5875,da,2026-01-30,2026-01-29,2026-01-29 15:00:00,10,10,9_16,TimeMixer,523.0,375.8977355957031,,,
2026-01-30 11:00:00,500.0,17.177,88787.8975,2590.505,9653.615,21408.75,39186.5275,12244.12,da,2026-01-30,2026-01-29,2026-01-29 15:00:00,11,11,9_16,TimeMixer,500.0,359.4468994140625,,,
2026-01-30 12:00:00,500.0,-74.77,85075.4925,2123.615,11989.1325,21049.25,33942.495,14112.7475,da,2026-01-30,2026-01-29,2026-01-29 15:00:00,12,12,9_16,TimeMixer,500.0,356.4895935058594,,,
2026-01-30 13:00:00,436.84,-80.0,78698.19,1696.34,12822.6075,21149.0,27059.2425,14518.9475,da,2026-01-30,2026-01-29,2026-01-29 15:00:00,13,13,9_16,TimeMixer,436.84,315.04315185546875,,,
2026-01-30 14:00:00,392.725,140.158,79757.465,1396.11,11875.99,21362.25,29152.115,13272.1,da,2026-01-30,2026-01-29,2026-01-29 15:00:00,14,14,9_16,TimeMixer,392.725,344.1424560546875,,,
2026-01-30 15:00:00,417.68,342.394,80178.715,1270.945,9474.2775,22290.75,31171.7425,10745.2225,da,2026-01-30,2026-01-29,2026-01-29 15:00:00,15,15,9_16,TimeMixer,417.68,347.66705322265625,,,
2026-01-30 16:00:00,417.02,355.427,81124.395,1262.475,6011.8425,24006.0,33839.3275,7274.3175,da,2026-01-30,2026-01-29,2026-01-29 15:00:00,16,16,9_16,TimeMixer,417.02,355.09014892578125,,,
2026-01-30 17:00:00,435.79,365.734,84150.54,1296.9125,2184.4875,26307.75,38280.39,3481.4,da,2026-01-30,2026-01-29,2026-01-29 15:00:00,17,17,17_24,TimeMixer,435.79,411.54071044921875,,,
2026-01-30 18:00:00,467.08,373.575,88856.0175,1473.7525,106.055,29204.75,41910.46,1579.8075,da,2026-01-30,2026-01-29,2026-01-29 15:00:00,18,18,17_24,TimeMixer,467.08,442.5533447265625,,,
2026-01-30 19:00:00,440.5,366.11,87619.4775,1775.6725,0.0425,29176.0,40449.2625,1775.715,da,2026-01-30,2026-01-29,2026-01-29 15:00:00,19,19,17_24,TimeMixer,440.5,469.9659423828125,,,
2026-01-30 20:00:00,433.34,361.049,85257.9175,2105.435,0.0,28023.75,38907.7325,2105.435,da,2026-01-30,2026-01-29,2026-01-29 15:00:00,20,20,17_24,TimeMixer,433.34,467.74969482421875,,,
2026-01-30 21:00:00,422.31,356.611,83652.3725,2358.0625,0.0,27344.25,37729.06,2358.0625,da,2026-01-30,2026-01-29,2026-01-29 15:00:00,21,21,17_24,TimeMixer,422.31,466.2266540527344,,,
2026-01-30 22:00:00,406.86,357.841,81648.6275,2556.22,0.0,25885.5,36985.9075,2556.22,da,2026-01-30,2026-01-29,2026-01-29 15:00:00,22,22,17_24,TimeMixer,406.86,427.13482666015625,,,
2026-01-30 23:00:00,397.5,341.383,76692.9375,2685.2275,0.0,23779.25,34007.46,2685.2275,da,2026-01-30,2026-01-29,2026-01-29 15:00:00,23,23,17_24,TimeMixer,397.5,395.268798828125,,,
2026-01-31 00:00:00,390.0,334.715,73018.055,2613.3025,0.0,20803.75,33380.0025,2613.3025,da,2026-01-31,2026-01-30,2026-01-30 15:00:00,0,24,17_24,TimeMixer,390.0,437.0859680175781,,,
2026-01-31 01:00:00,377.5,328.152,69208.19,2587.4175,0.0,19754.5,30785.2725,2587.4175,da,2026-01-31,2026-01-30,2026-01-30 15:00:00,1,1,1_8,TimeMixer,377.5,407.00933837890625,,,
2026-01-31 02:00:00,371.5,323.691,67488.8425,2358.8825,0.0,19765.0,29283.96,2358.8825,da,2026-01-31,2026-01-30,2026-01-30 15:00:00,2,2,1_8,TimeMixer,371.5,405.78955078125,,,
2026-01-31 03:00:00,350.0,327.755,68700.09,2111.7075,0.0,19777.5,30729.8825,2111.7075,da,2026-01-31,2026-01-30,2026-01-30 15:00:00,3,3,1_8,TimeMixer,350.0,379.0804443359375,,,
2026-01-31 04:00:00,345.875,322.014,67338.6625,1903.71,0.0,19800.5,29553.4525,1903.71,da,2026-01-31,2026-01-30,2026-01-30 15:00:00,4,4,1_8,TimeMixer,345.875,363.529052734375,,,
2026-01-31 05:00:00,350.0,320.572,67243.535,1818.4125,0.0,19856.75,29487.3725,1818.4125,da,2026-01-31,2026-01-30,2026-01-30 15:00:00,5,5,1_8,TimeMixer,350.0,362.0723876953125,,,
2026-01-31 06:00:00,327.0,314.049,68663.0925,1846.5425,0.23,22270.0,28465.32,1846.7725,da,2026-01-31,2026-01-30,2026-01-30 15:00:00,6,6,1_8,TimeMixer,327.0,350.15277099609375,,,
2026-01-31 07:00:00,357.5,294.907,70607.72,1929.6625,7.8575,27110.5,25503.7,1937.52,da,2026-01-31,2026-01-30,2026-01-30 15:00:00,7,7,1_8,TimeMixer,357.5,315.52764892578125,,,
2026-01-31 08:00:00,366.6,327.533,77205.575,1950.9975,872.825,27921.25,30469.5025,2823.8225,da,2026-01-31,2026-01-30,2026-01-30 15:00:00,8,8,1_8,TimeMixer,366.6,331.49163818359375,,,
2026-01-31 09:00:00,396.5,357.006,82754.7875,1896.6075,4410.145,25291.75,35245.285,6306.7525,da,2026-01-31,2026-01-30,2026-01-30 15:00:00,9,9,9_16,TimeMixer,396.5,369.4703063964844,,,
2026-01-31 10:00:00,366.388,356.588,81248.2925,1795.225,8591.01,22089.0,32932.0575,10386.235,da,2026-01-31,2026-01-30,2026-01-30 15:00:00,10,10,9_16,TimeMixer,366.388,375.51580810546875,,,
2026-01-31 11:00:00,380.0,354.713,79966.775,1846.6,11979.8475,20373.75,29935.5775,13826.4475,da,2026-01-31,2026-01-30,2026-01-30 15:00:00,11,11,9_16,TimeMixer,380.0,352.24298095703125,,,
2026-01-31 12:00:00,314.3,348.906,77254.5125,2090.385,13990.9675,20606.0,24736.16,16081.3525,da,2026-01-31,2026-01-30,2026-01-30 15:00:00,12,12,9_16,TimeMixer,314.3,344.67193603515625,,,
2026-01-31 13:00:00,220.473,327.792,73420.2225,2335.8925,14383.075,20212.0,20658.255,16718.9675,da,2026-01-31,2026-01-30,2026-01-30 15:00:00,13,13,9_16,TimeMixer,220.473,305.1368408203125,,,
2026-01-31 14:00:00,239.15,340.368,75380.9475,2489.1175,13350.26,19777.0,23933.57,15839.3775,da,2026-01-31,2026-01-30,2026-01-30 15:00:00,14,14,9_16,TimeMixer,239.15,338.5527648925781,,,
2026-01-31 15:00:00,242.5,335.554,75726.1375,2483.16,10866.735,21067.5,25477.7425,13349.895,da,2026-01-31,2026-01-30,2026-01-30 15:00:00,15,15,9_16,TimeMixer,242.5,345.60321044921875,,,
2026-01-31 16:00:00,291.875,343.596,76760.9475,2413.6775,7126.31,23279.0,28077.21,9539.9875,da,2026-01-31,2026-01-30,2026-01-30 15:00:00,16,16,9_16,TimeMixer,291.875,300.4271545410156,,,
2026-01-31 17:00:00,395.35,353.649,80573.53,2253.1225,2577.8725,26263.25,33538.285,4830.995,da,2026-01-31,2026-01-30,2026-01-30 15:00:00,17,17,17_24,TimeMixer,395.35,403.9236145019531,,,
2026-01-31 18:00:00,416.07,358.488,85680.1725,2151.8975,130.2275,29208.25,38168.7975,2282.125,da,2026-01-31,2026-01-30,2026-01-30 15:00:00,18,18,17_24,TimeMixer,416.07,465.06524658203125,,,
2026-01-31 19:00:00,406.83,353.737,84962.23,2047.9725,0.0625,29176.0,37659.695,2048.035,da,2026-01-31,2026-01-30,2026-01-30 15:00:00,19,19,17_24,TimeMixer,406.83,499.9528503417969,,,
2026-01-31 20:00:00,400.0,350.507,83461.1925,1938.9325,0.0,28024.5,37416.76,1938.9325,da,2026-01-31,2026-01-30,2026-01-30 15:00:00,20,20,17_24,TimeMixer,400.0,489.9845275878906,,,
2026-01-31 21:00:00,403.18,347.644,82140.2075,1845.4525,0.0,27345.5,36868.255,1845.4525,da,2026-01-31,2026-01-30,2026-01-30 15:00:00,21,21,17_24,TimeMixer,403.18,498.9921875,,,
2026-01-31 22:00:00,394.34,343.571,80261.77,1817.5125,0.0,25634.25,36729.0075,1817.5125,da,2026-01-31,2026-01-30,2026-01-30 15:00:00,22,22,17_24,TimeMixer,394.34,455.7607421875,,,
2026-01-31 23:00:00,380.0,331.08,75195.555,1940.2375,0.0,22756.0,34418.3175,1940.2375,da,2026-01-31,2026-01-30,2026-01-30 15:00:00,23,23,17_24,TimeMixer,380.0,419.74169921875,,,
2026-01-02 00:00:00,245.0,265.849,65237.4125,9576.8625,82.9875,22621.5,16380.0625,9659.85,rt,2026-01-02,2026-01-01,2026-01-01 15:00:00,0,24,17_24,TimeMixer,265.849,305.01824951171875,292.625244140625,1.0,20.84899999999999
2026-01-02 01:00:00,347.5,435.449,62720.41,9978.64,91.665,21326.5,14496.605,10070.305,rt,2026-01-02,2026-01-01,2026-01-01 15:00:00,1,1,1_8,TimeMixer,435.449,284.71673583984375,276.9907531738281,0.0,0.0
2026-01-02 02:00:00,360.0,275.603,61476.5875,9128.13,82.2675,21339.0,14100.19,9210.3975,rt,2026-01-02,2026-01-01,2026-01-01 15:00:00,2,2,1_8,TimeMixer,275.603,270.0997009277344,267.6065979003906,0.0,-0.0
2026-01-02 03:00:00,360.0,501.461,62380.18,8428.565,80.8175,21340.5,15703.2975,8509.3825,rt,2026-01-02,2026-01-01,2026-01-01 15:00:00,3,3,1_8,TimeMixer,501.461,275.87823486328125,254.15158081054688,0.0,0.0
2026-01-02 04:00:00,357.0,377.456,61225.9775,7896.3275,85.88,21689.25,14727.52,7982.2075,rt,2026-01-02,2026-01-01,2026-01-01 15:00:00,4,4,1_8,TimeMixer,377.456,267.05914306640625,265.78094482421875,0.0,0.0
2026-01-02 05:00:00,348.0,341.952,61666.21,7630.1675,89.495,22350.0,14769.5475,7719.6625,rt,2026-01-02,2026-01-01,2026-01-01 15:00:00,5,5,1_8,TimeMixer,341.952,279.2447204589844,263.9522705078125,0.0,-0.0
2026-01-02 06:00:00,360.0,323.574,63207.8025,7509.18,87.4525,24206.75,14577.42,7596.6325,rt,2026-01-02,2026-01-01,2026-01-01 15:00:00,6,6,1_8,TimeMixer,323.574,289.6483154296875,261.2378234863281,0.0,-0.0
2026-01-02 07:00:00,332.6,299.097,65179.5025,7385.4425,88.4725,27475.0,13428.5875,7473.915,rt,2026-01-02,2026-01-01,2026-01-01 15:00:00,7,7,1_8,TimeMixer,299.097,288.4855041503906,250.40928649902344,0.0,-0.0
2026-01-02 08:00:00,345.75,382.073,71259.66,7274.02,1054.4675,27370.75,18823.4225,8328.4875,rt,2026-01-02,2026-01-01,2026-01-01 15:00:00,8,8,1_8,TimeMixer,382.073,254.819091796875,390.42724609375,0.0,0.0
2026-01-02 09:00:00,330.5,417.821,71732.9925,7209.135,6211.8425,24973.0,16715.765,13420.9775,rt,2026-01-02,2026-01-01,2026-01-01 15:00:00,9,9,9_16,TimeMixer,417.821,163.00148010253906,217.72592163085938,0.0,0.0
2026-01-02 10:00:00,84.913,-80.0,65096.8525,7130.385,12493.1025,22429.75,6501.615,19623.4875,rt,2026-01-02,2026-01-01,2026-01-01 15:00:00,10,10,9_16,TimeMixer,-80.0,55.11013412475586,9.930706024169922,0.0,-0.0
2026-01-02 11:00:00,23.56,-80.0,60077.775,7104.4875,16609.8425,20495.25,-686.305,23714.33,rt,2026-01-02,2026-01-01,2026-01-01 15:00:00,11,11,9_16,TimeMixer,-80.0,15.575214385986328,-46.01404571533203,0.0,-0.0
2026-01-02 12:00:00,0.0,-80.0,55548.91,7174.46,18500.995,18777.0,-5480.545,25675.455,rt,2026-01-02,2026-01-01,2026-01-01 15:00:00,12,12,9_16,TimeMixer,-80.0,3.377239227294922,-71.18966674804688,1.0,-80.0
2026-01-02 13:00:00,-21.72,-80.0,51388.0775,7237.9825,18536.1325,18607.25,-9570.2875,25774.115,rt,2026-01-02,2026-01-01,2026-01-01 15:00:00,13,13,9_16,TimeMixer,-80.0,-4.343189239501953,-58.52735137939453,1.0,-58.28
2026-01-02 14:00:00,0.0,-80.0,53600.165,7272.9675,16856.5575,19336.25,-6442.61,24129.525,rt,2026-01-02,2026-01-01,2026-01-01 15:00:00,14,14,9_16,TimeMixer,-80.0,3.3690414428710938,-67.55735778808594,1.0,-80.0
2026-01-02 15:00:00,79.375,-45.961,56207.155,7257.005,13149.9275,21203.5,-1980.2775,20406.9325,rt,2026-01-02,2026-01-01,2026-01-01 15:00:00,15,15,9_16,TimeMixer,-45.961,62.10573196411133,-0.04095458984375,0.0,-0.0
2026-01-02 16:00:00,309.0,303.78,62411.1825,7090.07,7185.355,23661.25,7863.7575,14275.425,rt,2026-01-02,2026-01-01,2026-01-01 15:00:00,16,16,9_16,TimeMixer,303.78,239.39266967773438,258.6492614746094,0.0,-0.0
2026-01-02 17:00:00,378.86,502.928,72530.0075,6963.675,1413.7425,25770.75,21694.84,8377.4175,rt,2026-01-02,2026-01-01,2026-01-01 15:00:00,17,17,17_24,TimeMixer,502.928,338.6085205078125,366.0090026855469,0.0,0.0
2026-01-02 18:00:00,405.0,480.462,78491.6025,7330.6,97.1625,28139.5,26157.34,7427.7625,rt,2026-01-02,2026-01-01,2026-01-01 15:00:00,18,18,17_24,TimeMixer,480.462,418.081787109375,421.17474365234375,1.0,75.46199999999999
2026-01-02 19:00:00,390.1,407.123,76672.4475,8221.3275,81.28,27966.5,23578.84,8302.6075,rt,2026-01-02,2026-01-01,2026-01-01 15:00:00,19,19,17_24,TimeMixer,407.123,439.1356506347656,418.4288635253906,1.0,17.022999999999968
2026-01-02 20:00:00,390.0,447.553,75715.915,9313.965,87.3275,27368.5,22119.1225,9401.2925,rt,2026-01-02,2026-01-01,2026-01-01 15:00:00,20,20,17_24,TimeMixer,447.553,432.17303466796875,429.9942626953125,1.0,57.553
2026-01-02 21:00:00,370.0,429.196,74596.7,10380.205,88.0475,26946.0,20355.4475,10468.2525,rt,2026-01-02,2026-01-01,2026-01-01 15:00:00,21,21,17_24,TimeMixer,429.196,415.3679504394531,414.8310852050781,1.0,59.196000000000026
2026-01-02 22:00:00,347.5,403.057,72529.6275,11368.2875,87.325,25562.0,18685.015,11455.6125,rt,2026-01-02,2026-01-01,2026-01-01 15:00:00,22,22,17_24,TimeMixer,403.057,414.1709899902344,390.11700439453125,1.0,55.557000000000016
2026-01-02 23:00:00,330.0,301.564,67497.2625,12238.0375,88.7725,23211.0,15132.4525,12326.81,rt,2026-01-02,2026-01-01,2026-01-01 15:00:00,23,23,17_24,TimeMixer,301.564,359.2622375488281,359.1352233886719,1.0,-28.43599999999998
2026-01-03 00:00:00,330.0,78.417,64460.065,12884.0675,88.05,21412.25,13248.6975,12972.1175,rt,2026-01-03,2026-01-02,2026-01-02 15:00:00,0,24,17_24,TimeMixer,78.417,263.78338623046875,229.2942352294922,0.0,-0.0
2026-01-03 01:00:00,364.94,-59.924,65060.75,13051.58,87.325,21325.0,13669.845,13138.905,rt,2026-01-03,2026-01-02,2026-01-02 15:00:00,1,1,1_8,TimeMixer,-59.924,240.91664123535156,204.10842895507812,0.0,-0.0
2026-01-03 02:00:00,350.0,-80.0,63778.335,12870.2175,88.05,21329.0,12564.0675,12958.2675,rt,2026-01-03,2026-01-02,2026-01-02 15:00:00,2,2,1_8,TimeMixer,-80.0,224.44882202148438,194.81919860839844,0.0,-0.0
2026-01-03 03:00:00,366.81,-80.0,64884.6725,12404.4575,90.9425,21332.0,14130.2725,12495.4,rt,2026-01-03,2026-01-02,2026-01-02 15:00:00,3,3,1_8,TimeMixer,-80.0,223.01507568359375,192.44436645507812,0.0,-0.0
2026-01-03 04:00:00,359.5,-80.0,63893.7275,11758.5675,81.5425,21678.5,13448.1175,11840.11,rt,2026-01-03,2026-01-02,2026-01-02 15:00:00,4,4,1_8,TimeMixer,-80.0,222.07034301757812,205.13104248046875,0.0,-0.0
2026-01-03 05:00:00,359.5,-80.0,64057.7225,10968.265,88.0525,22339.75,13734.655,11056.3175,rt,2026-01-03,2026-01-02,2026-01-02 15:00:00,5,5,1_8,TimeMixer,-80.0,237.62924194335938,203.11143493652344,0.0,-0.0
2026-01-03 06:00:00,360.0,-80.0,65367.065,10088.495,91.7925,24195.75,14064.0275,10180.2875,rt,2026-01-03,2026-01-02,2026-01-02 15:00:00,6,6,1_8,TimeMixer,-80.0,237.68746948242188,203.63316345214844,0.0,-0.0
2026-01-03 07:00:00,375.0,-80.0,67908.695,9186.57,89.1475,27472.75,14258.2275,9275.7175,rt,2026-01-03,2026-01-02,2026-01-02 15:00:00,7,7,1_8,TimeMixer,-80.0,244.6195831298828,200.3392333984375,0.0,-0.0
2026-01-03 08:00:00,461.3,67.279,73824.9075,8163.8575,1053.3875,27370.75,20399.9125,9217.245,rt,2026-01-03,2026-01-02,2026-01-02 15:00:00,8,8,1_8,TimeMixer,67.279,254.1972198486328,423.52423095703125,0.0,-0.0
2026-01-03 09:00:00,489.0,288.16,75841.37,6858.19,5980.3675,24972.0,21307.5625,12838.5575,rt,2026-01-03,2026-01-02,2026-01-02 15:00:00,9,9,9_16,TimeMixer,288.16,240.3656005859375,342.368408203125,0.0,-0.0
2026-01-03 10:00:00,255.0,187.113,69275.6525,5031.4125,11971.61,22423.75,13206.88,17003.0225,rt,2026-01-03,2026-01-02,2026-01-02 15:00:00,10,10,9_16,TimeMixer,187.113,125.66285705566406,105.95075988769531,0.0,-0.0
2026-01-03 11:00:00,125.0,76.767,64960.2,3508.725,16106.935,20839.75,7850.29,19615.66,rt,2026-01-03,2026-01-02,2026-01-02 15:00:00,11,11,9_16,TimeMixer,76.767,76.7723617553711,-14.488426208496094,0.0,-0.0
2026-01-03 12:00:00,60.0,210.706,60562.155,2722.375,18061.485,20285.75,2815.545,20783.86,rt,2026-01-03,2026-01-02,2026-01-02 15:00:00,12,12,9_16,TimeMixer,210.706,67.28826904296875,-66.00860595703125,1.0,150.706
2026-01-03 13:00:00,33.0,-59.766,56074.525,2281.9825,18062.355,20200.0,-1146.8125,20344.3375,rt,2026-01-03,2026-01-02,2026-01-02 15:00:00,13,13,9_16,TimeMixer,-59.766,49.143959045410156,-71.20013427734375,1.0,-92.76599999999999
2026-01-03 14:00:00,133.75,-33.473,58731.3325,1946.4225,16168.5675,20976.5,2962.8425,18114.99,rt,2026-01-03,2026-01-02,2026-01-02 15:00:00,14,14,9_16,TimeMixer,-33.473,91.53046417236328,-64.26068115234375,0.0,-0.0
2026-01-03 15:00:00,213.125,137.721,61532.21,1694.235,12362.8975,22636.0,8162.0775,14057.1325,rt,2026-01-03,2026-01-02,2026-01-02 15:00:00,15,15,9_16,TimeMixer,137.721,158.39320373535156,45.47322082519531,0.0,-0.0
2026-01-03 16:00:00,372.5,457.255,67344.7975,1537.295,6593.6775,23664.5,18838.575,8130.9725,rt,2026-01-03,2026-01-02,2026-01-02 15:00:00,16,16,9_16,TimeMixer,457.255,232.10675048828125,297.4942626953125,0.0,0.0
2026-01-03 17:00:00,500.0,519.918,76196.345,1552.2125,1291.895,25772.25,30792.9875,2844.1075,rt,2026-01-03,2026-01-02,2026-01-02 15:00:00,17,17,17_24,TimeMixer,519.918,338.5512390136719,374.8992919921875,0.0,0.0
2026-01-03 18:00:00,500.0,522.487,82229.095,1741.7125,92.95,28115.25,35412.1825,1834.6625,rt,2026-01-03,2026-01-02,2026-01-02 15:00:00,18,18,17_24,TimeMixer,522.487,417.9569091796875,430.5755615234375,0.0,0.0
2026-01-03 19:00:00,500.0,518.953,80641.59,2021.9225,88.7725,27924.5,33681.895,2110.695,rt,2026-01-03,2026-01-02,2026-01-02 15:00:00,19,19,17_24,TimeMixer,518.953,439.85125732421875,426.78814697265625,0.0,0.0
2026-01-03 20:00:00,500.0,519.344,79289.8725,2314.75,91.665,27323.5,32632.9575,2406.415,rt,2026-01-03,2026-01-02,2026-01-02 15:00:00,20,20,17_24,TimeMixer,519.344,431.58935546875,432.287109375,0.0,0.0
2026-01-03 21:00:00,500.0,529.38,78038.85,2570.74,81.54,26898.0,31561.57,2652.28,rt,2026-01-03,2026-01-02,2026-01-02 15:00:00,21,21,17_24,TimeMixer,529.38,421.8475646972656,428.04388427734375,0.0,0.0
2026-01-03 22:00:00,500.0,526.759,75920.295,2755.1625,93.1125,25515.5,30629.52,2848.275,rt,2026-01-03,2026-01-02,2026-01-02 15:00:00,22,22,17_24,TimeMixer,526.759,420.2707824707031,407.6734313964844,0.0,0.0
2026-01-03 23:00:00,472.5,503.641,71835.985,2849.9275,89.4975,23198.75,28770.81,2939.425,rt,2026-01-03,2026-01-02,2026-01-02 15:00:00,23,23,17_24,TimeMixer,503.641,367.3922424316406,381.490478515625,0.0,0.0
2026-01-04 00:00:00,450.0,480.454,68377.0175,2824.075,95.2825,21578.75,26951.91,2919.3575,rt,2026-01-04,2026-01-03,2026-01-03 15:00:00,0,24,17_24,TimeMixer,480.454,372.2895812988281,342.56402587890625,0.0,0.0
2026-01-04 01:00:00,380.0,359.912,66636.7475,2779.015,91.665,21775.0,25094.0675,2870.68,rt,2026-01-04,2026-01-03,2026-01-03 15:00:00,1,1,1_8,TimeMixer,359.912,334.0240783691406,329.3215637207031,0.0,-0.0
2026-01-04 02:00:00,380.0,356.164,65360.135,2638.58,87.3275,21775.0,23962.2275,2725.9075,rt,2026-01-04,2026-01-03,2026-01-03 15:00:00,2,2,1_8,TimeMixer,356.164,319.7440185546875,326.8108215332031,0.0,-0.0
2026-01-04 03:00:00,393.0,356.106,66707.985,2392.6875,85.1575,21775.0,25558.14,2477.845,rt,2026-01-04,2026-01-03,2026-01-03 15:00:00,3,3,1_8,TimeMixer,356.106,330.8170471191406,307.29998779296875,0.0,-0.0
2026-01-04 04:00:00,391.0,357.947,65639.38,2116.9125,96.7275,22126.5,24402.24,2213.64,rt,2026-01-04,2026-01-03,2026-01-03 15:00:00,4,4,1_8,TimeMixer,357.947,315.4696350097656,310.37457275390625,0.0,-0.0
2026-01-04 05:00:00,384.0,355.099,65889.025,1854.1425,85.1575,22786.5,24266.225,1939.3,rt,2026-01-04,2026-01-03,2026-01-03 15:00:00,5,5,1_8,TimeMixer,355.099,328.1163635253906,313.05023193359375,0.0,-0.0
2026-01-04 06:00:00,379.0,347.658,68358.9125,1576.965,87.4525,25022.75,24774.745,1664.4175,rt,2026-01-04,2026-01-03,2026-01-03 15:00:00,6,6,1_8,TimeMixer,347.658,335.721923828125,309.88482666015625,0.0,-0.0
2026-01-04 07:00:00,384.0,346.182,72948.545,1302.3525,80.3025,28941.75,25752.14,1382.655,rt,2026-01-04,2026-01-03,2026-01-03 15:00:00,7,7,1_8,TimeMixer,346.182,353.9811706542969,289.4520568847656,0.0,-0.0
2026-01-04 08:00:00,395.5,367.368,79401.7025,1046.725,507.8825,28456.0,32584.095,1554.6075,rt,2026-01-04,2026-01-03,2026-01-03 15:00:00,8,8,1_8,TimeMixer,367.368,321.40106201171875,301.240478515625,0.0,-0.0
2026-01-04 09:00:00,454.94,392.297,86194.125,809.2425,2288.4325,25362.0,41041.2,3097.675,rt,2026-01-04,2026-01-03,2026-01-03 15:00:00,9,9,9_16,TimeMixer,392.297,429.6288146972656,338.0982971191406,0.0,-0.0
2026-01-04 10:00:00,457.0,372.5,87526.985,596.9625,4299.32,22733.25,43285.4525,4896.2825,rt,2026-01-04,2026-01-03,2026-01-03 15:00:00,10,10,9_16,TimeMixer,372.5,421.90679931640625,353.42083740234375,0.0,-0.0
2026-01-04 11:00:00,454.35,382.543,88599.0775,433.89,5797.615,21408.75,44334.3225,6231.505,rt,2026-01-04,2026-01-03,2026-01-03 15:00:00,11,11,9_16,TimeMixer,382.543,429.8038024902344,327.3913879394531,0.0,-0.0
2026-01-04 12:00:00,444.95,392.233,85974.765,348.3825,6570.05,21051.5,41357.8325,6918.4325,rt,2026-01-04,2026-01-03,2026-01-03 15:00:00,12,12,9_16,TimeMixer,392.233,417.24761962890625,326.96295166015625,0.0,-0.0
2026-01-04 13:00:00,427.0,376.776,82092.73,339.4375,6425.5675,21089.0,37591.725,6765.005,rt,2026-01-04,2026-01-03,2026-01-03 15:00:00,13,13,9_16,TimeMixer,376.776,371.79095458984375,279.8803405761719,0.0,-0.0
2026-01-04 14:00:00,436.95,391.387,83866.85,395.865,5463.4775,21722.75,39637.7575,5859.3425,rt,2026-01-04,2026-01-03,2026-01-03 15:00:00,14,14,9_16,TimeMixer,391.387,433.0381164550781,314.75469970703125,0.0,-0.0
2026-01-04 15:00:00,423.5,434.804,83445.915,527.085,3932.1975,23055.0,39284.6325,4459.2825,rt,2026-01-04,2026-01-03,2026-01-03 15:00:00,15,15,9_16,TimeMixer,434.804,474.6549987792969,341.0080261230469,1.0,11.303999999999974
2026-01-04 16:00:00,429.0,418.175,83393.3425,723.5225,2127.7875,23954.5,39906.7825,2851.31,rt,2026-01-04,2026-01-03,2026-01-03 15:00:00,16,16,9_16,TimeMixer,418.175,218.14178466796875,324.1756591796875,0.0,-0.0
2026-01-04 17:00:00,431.0,414.401,84537.27,973.16,553.0875,26247.75,40006.2725,1526.2475,rt,2026-01-04,2026-01-03,2026-01-03 15:00:00,17,17,17_24,TimeMixer,414.401,337.08929443359375,383.9839172363281,0.0,-0.0
2026-01-04 18:00:00,438.0,392.632,86234.235,1226.6475,94.9475,29230.0,38845.64,1321.595,rt,2026-01-04,2026-01-03,2026-01-03 15:00:00,18,18,17_24,TimeMixer,392.632,416.7957458496094,419.6456298828125,0.0,-0.0
2026-01-04 19:00:00,414.88,367.327,84291.6175,1448.36,88.77,29535.5,36324.4875,1537.13,rt,2026-01-04,2026-01-03,2026-01-03 15:00:00,19,19,17_24,TimeMixer,367.327,437.92828369140625,412.46435546875,1.0,-47.553
2026-01-04 20:00:00,407.5,358.622,82556.475,1636.78,90.94,28935.25,34996.505,1727.72,rt,2026-01-04,2026-01-03,2026-01-03 15:00:00,20,20,17_24,TimeMixer,358.622,427.5572509765625,420.3533935546875,1.0,-48.877999999999986
2026-01-04 21:00:00,400.0,346.347,80864.53,1816.855,89.495,28525.75,33535.43,1906.35,rt,2026-01-04,2026-01-03,2026-01-03 15:00:00,21,21,17_24,TimeMixer,346.347,425.4747009277344,408.853515625,1.0,-53.65300000000002
2026-01-04 22:00:00,389.5,338.004,78684.3,2016.0925,88.05,27127.0,32556.1575,2104.1425,rt,2026-01-04,2026-01-03,2026-01-03 15:00:00,22,22,17_24,TimeMixer,338.004,418.30328369140625,390.5830383300781,1.0,-51.49599999999998
2026-01-04 23:00:00,375.0,326.174,73493.4425,2341.55,90.2175,24410.0,29754.675,2431.7675,rt,2026-01-04,2026-01-03,2026-01-03 15:00:00,23,23,17_24,TimeMixer,326.174,367.9028015136719,368.3800048828125,0.0,-0.0
2026-01-05 00:00:00,365.0,312.167,69500.8725,2816.5025,89.495,21941.75,27756.125,2905.9975,rt,2026-01-05,2026-01-04,2026-01-04 15:00:00,0,24,17_24,TimeMixer,312.167,315.6693115234375,317.8985900878906,0.0,-0.0
2026-01-05 01:00:00,379.7,270.403,66541.76,4205.735,85.88,21779.0,23574.145,4291.615,rt,2026-01-05,2026-01-04,2026-01-04 15:00:00,1,1,1_8,TimeMixer,270.403,286.4616394042969,308.8804931640625,0.0,-0.0
2026-01-05 02:00:00,374.0,254.794,65190.9475,5077.2975,85.8825,21779.0,21351.7675,5163.18,rt,2026-01-05,2026-01-04,2026-01-04 15:00:00,2,2,1_8,TimeMixer,254.794,274.1736145019531,297.7187194824219,0.0,-0.0
2026-01-05 03:00:00,390.0,289.784,66716.6225,5908.2975,82.9875,21779.0,22049.3375,5991.285,rt,2026-01-05,2026-01-04,2026-01-04 15:00:00,3,3,1_8,TimeMixer,289.784,281.688720703125,278.3215026855469,0.0,-0.0
2026-01-05 04:00:00,380.0,250.969,65739.4725,6488.005,85.16,22128.5,20140.8075,6573.165,rt,2026-01-05,2026-01-04,2026-01-04 15:00:00,4,4,1_8,TimeMixer,250.969,269.1967468261719,286.0608825683594,0.0,-0.0
2026-01-05 05:00:00,380.0,225.869,66008.89,6836.565,90.22,22790.0,19395.105,6926.785,rt,2026-01-05,2026-01-04,2026-01-04 15:00:00,5,5,1_8,TimeMixer,225.869,278.27532958984375,283.2519836425781,0.0,-0.0
2026-01-05 06:00:00,380.0,233.053,68463.915,6850.5175,86.73,25024.75,19604.9175,6937.2475,rt,2026-01-05,2026-01-04,2026-01-04 15:00:00,6,6,1_8,TimeMixer,233.053,290.01800537109375,278.9624328613281,0.0,-0.0
2026-01-05 07:00:00,397.713,242.762,72604.6425,6485.5175,94.2375,28926.75,20226.1375,6579.755,rt,2026-01-05,2026-01-04,2026-01-04 15:00:00,7,7,1_8,TimeMixer,242.762,289.3750915527344,261.4096374511719,0.0,-0.0
2026-01-05 08:00:00,400.0,330.341,78563.37,5861.1925,948.32,28450.25,26496.6075,6809.5125,rt,2026-01-05,2026-01-04,2026-01-04 15:00:00,8,8,1_8,TimeMixer,330.341,273.609130859375,364.877685546875,0.0,-0.0
2026-01-05 09:00:00,403.875,400.477,80770.8175,5070.1425,5354.8525,25367.5,28285.0725,10424.995,rt,2026-01-05,2026-01-04,2026-01-04 15:00:00,9,9,9_16,TimeMixer,400.477,258.52459716796875,369.89385986328125,0.0,-0.0
2026-01-05 10:00:00,355.0,314.463,74681.4675,4302.7425,11030.6325,22734.25,20001.8425,15333.375,rt,2026-01-05,2026-01-04,2026-01-04 15:00:00,10,10,9_16,TimeMixer,314.463,135.85543823242188,259.95904541015625,0.0,-0.0
2026-01-05 11:00:00,330.0,243.604,70940.435,3710.48,15207.335,21413.25,13984.87,18917.815,rt,2026-01-05,2026-01-04,2026-01-04 15:00:00,11,11,9_16,TimeMixer,243.604,67.45916748046875,130.22537231445312,0.0,-0.0
2026-01-05 12:00:00,329.5,162.408,66512.1325,3198.05,17315.9525,21056.5,8294.63,20514.0025,rt,2026-01-05,2026-01-04,2026-01-04 15:00:00,12,12,9_16,TimeMixer,162.408,47.53115463256836,71.40316772460938,0.0,-0.0
2026-01-05 13:00:00,313.75,-47.859,62268.94,2726.5525,17416.79,21094.0,4384.5975,20143.3425,rt,2026-01-05,2026-01-04,2026-01-04 15:00:00,13,13,9_16,TimeMixer,-47.859,28.057327270507812,37.1830940246582,0.0,-0.0
2026-01-05 14:00:00,332.5,-35.689,65459.3475,2340.7725,15682.815,21727.75,9061.01,18023.5875,rt,2026-01-05,2026-01-04,2026-01-04 15:00:00,14,14,9_16,TimeMixer,-35.689,73.97518920898438,87.51200866699219,0.0,-0.0
2026-01-05 15:00:00,389.35,6.171,68335.12,2003.3725,11968.905,23060.0,14655.8425,13972.2775,rt,2026-01-05,2026-01-04,2026-01-04 15:00:00,15,15,9_16,TimeMixer,6.171,138.90257263183594,205.39730834960938,0.0,-0.0
2026-01-05 16:00:00,396.588,348.994,74393.2775,1674.5525,6414.0775,23960.5,25663.3975,8088.63,rt,2026-01-05,2026-01-04,2026-01-04 15:00:00,16,16,9_16,TimeMixer,348.994,224.48358154296875,352.8008728027344,0.0,-0.0
2026-01-05 17:00:00,450.0,414.177,81894.2325,1398.9725,1296.68,26253.0,36188.58,2695.6525,rt,2026-01-05,2026-01-04,2026-01-04 15:00:00,17,17,17_24,TimeMixer,414.177,338.1044006347656,392.3909912109375,0.0,-0.0
2026-01-05 18:00:00,483.75,402.448,85340.2825,1191.3025,93.2225,29208.5,38010.2575,1284.525,rt,2026-01-05,2026-01-04,2026-01-04 15:00:00,18,18,17_24,TimeMixer,402.448,418.5686340332031,429.9491882324219,0.0,-0.0
2026-01-05 19:00:00,486.5,415.166,83123.2725,1076.8825,85.16,29511.0,35555.73,1162.0425,rt,2026-01-05,2026-01-04,2026-01-04 15:00:00,19,19,17_24,TimeMixer,415.166,441.3110656738281,434.978271484375,0.0,-0.0
2026-01-05 20:00:00,480.5,415.294,81624.2475,1154.3925,89.495,28910.5,34572.86,1243.8875,rt,2026-01-05,2026-01-04,2026-01-04 15:00:00,20,20,17_24,TimeMixer,415.294,429.6758117675781,440.6703796386719,0.0,-0.0
2026-01-05 21:00:00,476.5,421.4,80165.1575,1465.235,85.155,28485.0,33232.7675,1550.39,rt,2026-01-05,2026-01-04,2026-01-04 15:00:00,21,21,17_24,TimeMixer,421.4,420.5544738769531,434.6993713378906,0.0,-0.0
2026-01-05 22:00:00,459.0,405.692,78226.7375,1949.075,85.1575,27101.5,32194.005,2034.2325,rt,2026-01-05,2026-01-04,2026-01-04 15:00:00,22,22,17_24,TimeMixer,405.692,422.0614013671875,406.47760009765625,0.0,-0.0
2026-01-05 23:00:00,450.0,387.506,73149.3625,2502.2725,89.4975,24407.75,29252.8425,2591.77,rt,2026-01-05,2026-01-04,2026-01-04 15:00:00,23,23,17_24,TimeMixer,387.506,366.7269287109375,378.6965026855469,0.0,-0.0
2026-01-06 00:00:00,425.0,357.823,69391.375,2965.9875,89.495,21945.25,27493.6425,3055.4825,rt,2026-01-06,2026-01-05,2026-01-05 15:00:00,0,24,17_24,TimeMixer,357.823,328.1402282714844,335.2003173828125,0.0,-0.0
2026-01-06 01:00:00,360.0,357.168,65771.7,4020.4475,86.6025,21775.0,22989.65,4107.05,rt,2026-01-06,2026-01-05,2026-01-05 15:00:00,1,1,1_8,TimeMixer,357.168,298.8123474121094,325.90264892578125,0.0,-0.0
2026-01-06 02:00:00,357.5,340.364,64508.71,4327.505,86.605,21775.0,21419.6,4414.11,rt,2026-01-06,2026-01-05,2026-01-05 15:00:00,2,2,1_8,TimeMixer,340.364,289.055419921875,317.815185546875,0.0,-0.0
2026-01-06 03:00:00,359.5,355.321,65649.52,4395.275,80.0975,21775.0,22499.1475,4475.3725,rt,2026-01-06,2026-01-05,2026-01-05 15:00:00,3,3,1_8,TimeMixer,355.321,300.0787658691406,295.04522705078125,0.0,-0.0
2026-01-06 04:00:00,350.0,331.55,64652.8625,4341.12,87.325,22124.5,21199.9175,4428.445,rt,2026-01-06,2026-01-05,2026-01-05 15:00:00,4,4,1_8,TimeMixer,331.55,284.689453125,299.36212158203125,0.0,-0.0
2026-01-06 05:00:00,349.0,325.39,64937.2875,4315.845,95.2825,22786.0,20840.16,4411.1275,rt,2026-01-06,2026-01-05,2026-01-05 15:00:00,5,5,1_8,TimeMixer,325.39,292.53009033203125,297.5956115722656,0.0,-0.0
2026-01-06 06:00:00,349.5,321.281,67282.355,4298.9475,95.51,25020.75,20967.1475,4394.4575,rt,2026-01-06,2026-01-05,2026-01-05 15:00:00,6,6,1_8,TimeMixer,321.281,308.1041564941406,292.1755065917969,0.0,-0.0
2026-01-06 07:00:00,355.5,328.162,71975.62,4279.485,87.4,28922.75,21810.985,4366.885,rt,2026-01-06,2026-01-05,2026-01-05 15:00:00,7,7,1_8,TimeMixer,328.162,305.0867919921875,272.2958984375,0.0,-0.0
2026-01-06 08:00:00,383.0,383.963,77939.7425,4258.24,709.17,28445.75,27716.5825,4967.41,rt,2026-01-06,2026-01-05,2026-01-05 15:00:00,8,8,1_8,TimeMixer,383.963,282.7152404785156,345.822998046875,0.0,0.0
2026-01-06 09:00:00,387.0,462.204,82158.1375,4100.7325,4098.4775,25362.5,31900.1775,8199.21,rt,2026-01-06,2026-01-05,2026-01-05 15:00:00,9,9,9_16,TimeMixer,462.204,331.7325439453125,360.10076904296875,0.0,0.0
2026-01-06 10:00:00,384.0,493.524,78197.495,3660.915,8666.155,22730.0,26525.425,12327.07,rt,2026-01-06,2026-01-05,2026-01-05 15:00:00,10,10,9_16,TimeMixer,493.524,228.4384765625,303.70843505859375,0.0,0.0
2026-01-06 11:00:00,300.0,424.823,75215.8775,3333.625,12713.925,21409.25,21131.5775,16047.55,rt,2026-01-06,2026-01-05,2026-01-05 15:00:00,11,11,9_16,TimeMixer,424.823,175.4026336669922,199.97598266601562,0.0,0.0
2026-01-06 12:00:00,182.0,392.95,69752.6625,3443.7675,15516.58,21052.5,13089.815,18960.3475,rt,2026-01-06,2026-01-05,2026-01-05 15:00:00,12,12,9_16,TimeMixer,392.95,136.4405059814453,156.9452667236328,0.0,0.0
2026-01-06 13:00:00,100.0,351.108,64598.7225,3783.685,16158.105,21090.0,6916.9325,19941.79,rt,2026-01-06,2026-01-05,2026-01-05 15:00:00,13,13,9_16,TimeMixer,351.108,116.65498352050781,119.50350189208984,1.0,251.108
2026-01-06 14:00:00,140.8,341.34,66847.1075,4199.38,14931.345,21723.75,9342.6325,19130.725,rt,2026-01-06,2026-01-05,2026-01-05 15:00:00,14,14,9_16,TimeMixer,341.34,185.5007781982422,172.56149291992188,1.0,200.53999999999996
2026-01-06 15:00:00,215.0,340.021,69325.575,4718.3925,11706.5675,23065.5,13185.115,16424.96,rt,2026-01-06,2026-01-05,2026-01-05 15:00:00,15,15,9_16,TimeMixer,340.021,250.42425537109375,258.5965576171875,1.0,125.02100000000002
2026-01-06 16:00:00,357.5,376.439,74296.265,5361.445,6463.68,23995.0,21792.39,11825.125,rt,2026-01-06,2026-01-05,2026-01-05 15:00:00,16,16,9_16,TimeMixer,376.439,221.7195281982422,338.3833923339844,0.0,0.0
2026-01-06 17:00:00,372.313,380.985,81608.415,6377.5775,1380.9,26292.75,30797.1875,7758.4775,rt,2026-01-06,2026-01-05,2026-01-05 15:00:00,17,17,17_24,TimeMixer,380.985,336.3049621582031,382.4698486328125,0.0,0.0
2026-01-06 18:00:00,379.5,366.714,85399.3125,7754.3675,98.29,29211.0,31495.655,7852.6575,rt,2026-01-06,2026-01-05,2026-01-05 15:00:00,18,18,17_24,TimeMixer,366.714,418.24774169921875,372.275146484375,1.0,-12.786000000000001
2026-01-06 19:00:00,364.65,379.682,83026.715,9102.055,88.05,29504.5,27434.61,9190.105,rt,2026-01-06,2026-01-05,2026-01-05 15:00:00,19,19,17_24,TimeMixer,379.682,438.45941162109375,360.70123291015625,1.0,15.032000000000039
2026-01-06 20:00:00,345.5,369.707,81428.1725,10254.6225,87.3275,28903.5,25282.7225,10341.95,rt,2026-01-06,2026-01-05,2026-01-05 15:00:00,20,20,17_24,TimeMixer,369.707,427.50140380859375,383.9991149902344,1.0,24.206999999999994
2026-01-06 21:00:00,341.875,341.749,79917.225,11113.335,90.945,28478.0,23334.945,11204.28,rt,2026-01-06,2026-01-05,2026-01-05 15:00:00,21,21,17_24,TimeMixer,341.749,416.0498352050781,357.42095947265625,1.0,-0.12599999999997635
2026-01-06 22:00:00,333.0,327.758,77231.5475,11590.465,93.8325,27095.5,21551.75,11684.2975,rt,2026-01-06,2026-01-05,2026-01-05 15:00:00,22,22,17_24,TimeMixer,327.758,413.58258056640625,327.31976318359375,1.0,-5.242000000000019
2026-01-06 23:00:00,300.0,272.582,72035.5325,11847.0475,90.9425,24403.75,18793.7925,11937.99,rt,2026-01-06,2026-01-05,2026-01-05 15:00:00,23,23,17_24,TimeMixer,272.582,358.3175354003906,306.8896484375,1.0,-27.418000000000006
2026-01-07 00:00:00,300.0,40.617,68605.6,12151.595,90.9425,21941.25,17521.8125,12242.5375,rt,2026-01-07,2026-01-06,2026-01-06 15:00:00,0,24,17_24,TimeMixer,40.617,219.78524780273438,255.24295043945312,0.0,-0.0
2026-01-07 01:00:00,200.0,93.446,66525.755,13504.3575,1.29,21871.75,14318.3575,13505.6475,rt,2026-01-07,2026-01-06,2026-01-06 15:00:00,1,1,1_8,TimeMixer,93.446,196.5513153076172,244.713623046875,0.0,-0.0
2026-01-07 02:00:00,125.75,101.659,65106.1025,14140.7325,1.29,21877.75,12256.33,14142.0225,rt,2026-01-07,2026-01-06,2026-01-06 15:00:00,2,2,1_8,TimeMixer,101.659,196.25918579101562,229.3853759765625,1.0,-24.090999999999994
2026-01-07 03:00:00,153.5,-59.993,66370.9125,14178.0525,1.29,21890.75,13470.82,14179.3425,rt,2026-01-07,2026-01-06,2026-01-06 15:00:00,3,3,1_8,TimeMixer,-59.993,189.92835998535156,215.7891082763672,1.0,-213.493
2026-01-07 04:00:00,196.905,23.587,65045.525,13566.875,1.29,22230.0,12417.36,13568.165,rt,2026-01-07,2026-01-06,2026-01-06 15:00:00,4,4,1_8,TimeMixer,23.587,187.37318420410156,233.2037353515625,0.0,-0.0
2026-01-07 05:00:00,200.0,0.0,65347.87,12497.0075,1.29,22870.75,13148.8225,12498.2975,rt,2026-01-07,2026-01-06,2026-01-06 15:00:00,5,5,1_8,TimeMixer,0.0,208.47702026367188,227.47218322753906,1.0,-200.0
2026-01-07 06:00:00,207.5,17.477,67680.63,10990.645,1.52,25102.75,14755.715,10992.165,rt,2026-01-07,2026-01-06,2026-01-06 15:00:00,6,6,1_8,TimeMixer,17.477,209.08445739746094,232.93771362304688,1.0,-190.023
2026-01-07 07:00:00,228.0,158.878,71933.36,9290.665,7.4825,28993.75,16836.4625,9298.1475,rt,2026-01-07,2026-01-06,2026-01-06 15:00:00,7,7,1_8,TimeMixer,158.878,216.9454345703125,222.6561737060547,0.0,-0.0
2026-01-07 08:00:00,340.313,330.85,77741.1825,7584.59,983.8625,28479.5,23953.23,8568.4525,rt,2026-01-07,2026-01-06,2026-01-06 15:00:00,8,8,1_8,TimeMixer,330.85,263.6383972167969,376.67138671875,0.0,-0.0
2026-01-07 09:00:00,325.19,430.829,79884.6775,5966.4225,5981.9675,25437.0,25873.0375,11948.39,rt,2026-01-07,2026-01-06,2026-01-06 15:00:00,9,9,9_16,TimeMixer,430.829,216.4750518798828,352.08807373046875,0.0,0.0
2026-01-07 10:00:00,200.0,87.212,72496.7975,4579.3775,12190.6075,22929.0,16252.8125,16769.985,rt,2026-01-07,2026-01-06,2026-01-06 15:00:00,10,10,9_16,TimeMixer,87.212,101.25436401367188,213.21072387695312,0.0,-0.0
2026-01-07 11:00:00,94.3,-80.0,68474.215,3560.195,16487.42,21533.25,10335.85,20047.615,rt,2026-01-07,2026-01-06,2026-01-06 15:00:00,11,11,9_16,TimeMixer,-80.0,39.86936950683594,71.6899185180664,0.0,-0.0
2026-01-07 12:00:00,15.205,-80.0,63436.5025,2947.6225,18442.225,21051.5,4415.155,21389.8475,rt,2026-01-07,2026-01-06,2026-01-06 15:00:00,12,12,9_16,TimeMixer,-80.0,33.08897399902344,13.532413482666016,1.0,-95.205
2026-01-07 13:00:00,57.5,-80.0,59155.925,2609.8225,18499.935,21108.5,357.6675,21109.7575,rt,2026-01-07,2026-01-06,2026-01-06 15:00:00,13,13,9_16,TimeMixer,-80.0,12.800647735595703,-16.256637573242188,0.0,-0.0
2026-01-07 14:00:00,30.09,-80.0,62462.4725,2443.505,16764.935,21830.5,4843.5325,19208.44,rt,2026-01-07,2026-01-06,2026-01-06 15:00:00,14,14,9_16,TimeMixer,-80.0,42.487239837646484,24.278261184692383,1.0,-110.09
2026-01-07 15:00:00,120.0,-90.169,66052.6175,2350.9475,13025.5325,23264.5,10831.6375,15376.48,rt,2026-01-07,2026-01-06,2026-01-06 15:00:00,15,15,9_16,TimeMixer,-90.169,108.52788543701172,144.61929321289062,0.0,-0.0
2026-01-07 16:00:00,313.75,303.403,73191.3375,2245.4375,7171.01,24160.5,23000.64,9416.4475,rt,2026-01-07,2026-01-06,2026-01-06 15:00:00,16,16,9_16,TimeMixer,303.403,234.18592834472656,353.00982666015625,0.0,-0.0
2026-01-07 17:00:00,405.5,475.179,81990.8175,2165.605,1470.0025,26360.5,35304.71,3635.6075,rt,2026-01-07,2026-01-06,2026-01-06 15:00:00,17,17,17_24,TimeMixer,475.179,339.1451721191406,390.1877136230469,0.0,0.0
2026-01-07 18:00:00,426.0,468.093,86729.83,2160.4425,9.715,29232.75,38556.9225,2170.1575,rt,2026-01-07,2026-01-06,2026-01-06 15:00:00,18,18,17_24,TimeMixer,468.093,418.8401794433594,416.7236022949219,0.0,0.0
2026-01-07 19:00:00,404.5,463.295,84661.835,2182.3475,1.29,29560.5,36090.1975,2183.6375,rt,2026-01-07,2026-01-06,2026-01-06 15:00:00,19,19,17_24,TimeMixer,463.295,440.86761474609375,424.8851013183594,1.0,58.795000000000016
2026-01-07 20:00:00,402.5,459.735,83207.55,2164.7875,1.29,28953.5,35257.9725,2166.0775,rt,2026-01-07,2026-01-06,2026-01-06 15:00:00,20,20,17_24,TimeMixer,459.735,432.93585205078125,429.553466796875,1.0,57.235000000000014
2026-01-07 21:00:00,400.0,459.508,81590.26,1997.5025,1.29,28509.0,34252.4675,1998.7925,rt,2026-01-07,2026-01-06,2026-01-06 15:00:00,21,21,17_24,TimeMixer,459.508,417.5853271484375,422.393310546875,1.0,59.50799999999998
2026-01-07 22:00:00,400.0,456.707,79336.45,1752.9375,1.29,27095.5,33656.7225,1754.2275,rt,2026-01-07,2026-01-06,2026-01-06 15:00:00,22,22,17_24,TimeMixer,456.707,421.45867919921875,396.0718688964844,1.0,56.706999999999994
2026-01-07 23:00:00,390.0,465.215,74253.8325,1528.6775,1.29,24403.75,31490.115,1529.9675,rt,2026-01-07,2026-01-06,2026-01-06 15:00:00,23,23,17_24,TimeMixer,465.215,366.6648254394531,372.1006164550781,0.0,0.0
2026-01-08 00:00:00,373.5,456.3,70363.0,1363.295,1.29,21977.25,30191.165,1364.585,rt,2026-01-08,2026-01-07,2026-01-07 15:00:00,0,24,17_24,TimeMixer,456.3,362.8189697265625,397.02337646484375,0.0,0.0
2026-01-08 01:00:00,360.0,437.606,67351.5725,1454.1525,1.29,21775.0,27341.63,1455.4425,rt,2026-01-08,2026-01-07,2026-01-07 15:00:00,1,1,1_8,TimeMixer,437.606,337.8329772949219,389.1134033203125,0.0,0.0
2026-01-08 02:00:00,350.25,430.249,66077.8475,1337.9125,1.29,21775.0,26184.145,1339.2025,rt,2026-01-08,2026-01-07,2026-01-07 15:00:00,2,2,1_8,TimeMixer,430.249,328.17144775390625,380.2643127441406,0.0,0.0
2026-01-08 03:00:00,352.24,474.081,67347.6625,1280.05,1.29,21775.0,27511.8225,1281.34,rt,2026-01-08,2026-01-07,2026-01-07 15:00:00,3,3,1_8,TimeMixer,474.081,345.5279235839844,352.6029052734375,0.0,0.0
2026-01-08 04:00:00,350.0,452.372,66385.3425,1254.45,1.29,22124.5,26225.6025,1255.74,rt,2026-01-08,2026-01-07,2026-01-07 15:00:00,4,4,1_8,TimeMixer,452.372,329.68206787109375,346.62548828125,0.0,0.0
2026-01-08 05:00:00,350.0,442.113,66529.2,1250.305,1.29,22786.0,25712.105,1251.595,rt,2026-01-08,2026-01-07,2026-01-07 15:00:00,5,5,1_8,TimeMixer,442.113,334.27581787109375,349.5634765625,0.0,0.0
2026-01-08 06:00:00,351.13,438.086,68913.725,1298.9975,1.52,25020.75,25812.9575,1300.5175,rt,2026-01-08,2026-01-07,2026-01-07 15:00:00,6,6,1_8,TimeMixer,438.086,342.91552734375,339.5722351074219,0.0,0.0
2026-01-08 07:00:00,351.0,442.129,73529.25,1456.855,7.2725,28922.75,26387.8725,1464.1275,rt,2026-01-08,2026-01-07,2026-01-07 15:00:00,7,7,1_8,TimeMixer,442.129,354.7142028808594,307.31488037109375,1.0,91.12900000000002
2026-01-08 08:00:00,392.25,515.079,78840.3075,1754.9525,1059.945,28445.75,30890.16,2814.8975,rt,2026-01-08,2026-01-07,2026-01-07 15:00:00,8,8,1_8,TimeMixer,515.079,280.535888671875,399.3795166015625,0.0,0.0
2026-01-08 09:00:00,372.048,539.874,79205.07,2182.8075,6423.415,25362.0,28661.0975,8606.2225,rt,2026-01-08,2026-01-07,2026-01-07 15:00:00,9,9,9_16,TimeMixer,539.874,249.79632568359375,331.774658203125,0.0,0.0
2026-01-08 10:00:00,209.113,286.227,72496.245,2649.8925,12881.6725,22729.0,17741.18,15531.565,rt,2026-01-08,2026-01-07,2026-01-07 15:00:00,10,10,9_16,TimeMixer,286.227,123.74424743652344,149.47235107421875,0.0,0.0
2026-01-08 11:00:00,-20.0,195.738,68419.5425,3054.725,17147.5425,21408.25,10302.025,20202.2675,rt,2026-01-08,2026-01-07,2026-01-07 15:00:00,11,11,9_16,TimeMixer,195.738,63.02109146118164,26.78274154663086,1.0,215.738
2026-01-08 12:00:00,-38.5,-45.473,64301.325,3719.725,19080.715,21051.5,3919.885,22800.44,rt,2026-01-08,2026-01-07,2026-01-07 15:00:00,12,12,9_16,TimeMixer,-45.473,44.569602966308594,-30.610233306884766,1.0,-6.972999999999999
2026-01-08 13:00:00,-32.125,-73.794,60067.55,4651.89,19053.53,21089.0,-1256.37,23705.42,rt,2026-01-08,2026-01-07,2026-01-07 15:00:00,13,13,9_16,TimeMixer,-73.794,24.665334701538086,-51.13884735107422,1.0,-41.669
2026-01-08 14:00:00,-38.5,-74.922,63409.8775,5597.575,17306.81,21722.75,2253.2425,22904.385,rt,2026-01-08,2026-01-07,2026-01-07 15:00:00,14,14,9_16,TimeMixer,-74.922,65.47576141357422,-25.492733001708984,1.0,-36.422
2026-01-08 15:00:00,28.088,-26.518,66525.505,6558.4625,13542.415,23064.5,6830.6275,20100.8775,rt,2026-01-08,2026-01-07,2026-01-07 15:00:00,15,15,9_16,TimeMixer,-26.518,131.80882263183594,98.79051208496094,1.0,-54.606
2026-01-08 16:00:00,211.0,319.934,73434.3,7595.87,7649.06,23995.0,17631.12,15244.93,rt,2026-01-08,2026-01-07,2026-01-07 15:00:00,16,16,9_16,TimeMixer,319.934,217.57733154296875,289.32769775390625,1.0,108.93400000000003
2026-01-08 17:00:00,305.0,437.855,82178.5925,9131.8225,1654.1175,26292.75,28460.4025,10785.94,rt,2026-01-08,2026-01-07,2026-01-07 15:00:00,17,17,17_24,TimeMixer,437.855,336.2646484375,331.4248962402344,1.0,132.85500000000002
2026-01-08 18:00:00,305.25,150.188,86198.715,11394.05,11.1625,29210.25,28863.7525,11405.2125,rt,2026-01-08,2026-01-07,2026-01-07 15:00:00,18,18,17_24,TimeMixer,150.188,418.12774658203125,295.53131103515625,1.0,-155.062
2026-01-08 19:00:00,276.0,-31.709,83954.1075,13816.8075,1.29,29504.5,23854.51,13818.0975,rt,2026-01-08,2026-01-07,2026-01-07 15:00:00,19,19,17_24,TimeMixer,-31.709,436.11859130859375,275.74591064453125,1.0,-307.709
2026-01-08 20:00:00,255.0,100.271,82302.4775,15850.715,1.29,28903.5,20767.4725,15852.005,rt,2026-01-08,2026-01-07,2026-01-07 15:00:00,20,20,17_24,TimeMixer,100.271,425.99652099609375,284.62506103515625,1.0,-154.72899999999998
2026-01-08 21:00:00,165.05,-19.482,80571.51,17232.815,1.29,28478.0,18079.905,17234.105,rt,2026-01-08,2026-01-07,2026-01-07 15:00:00,21,21,17_24,TimeMixer,-19.482,415.87408447265625,256.8198547363281,1.0,-184.532
2026-01-08 22:00:00,151.4,-58.666,78407.385,18106.9075,1.29,27095.5,16424.1875,18108.1975,rt,2026-01-08,2026-01-07,2026-01-07 15:00:00,22,22,17_24,TimeMixer,-58.666,409.200927734375,224.29449462890625,1.0,-210.066
2026-01-08 23:00:00,50.0,-80.0,73136.2,18613.0,1.29,24403.75,13338.66,18614.29,rt,2026-01-08,2026-01-07,2026-01-07 15:00:00,23,23,17_24,TimeMixer,-80.0,355.10357666015625,183.61184692382812,1.0,-130.0
2026-01-09 00:00:00,43.64,-80.0,69451.675,18882.0775,1.29,21941.25,11847.5575,18883.3675,rt,2026-01-09,2026-01-08,2026-01-08 15:00:00,0,24,17_24,TimeMixer,-80.0,159.99085998535156,171.73287963867188,1.0,-123.64
2026-01-09 01:00:00,0.0,-31.022,66909.8275,19623.835,1.29,21775.0,10214.2025,19625.125,rt,2026-01-09,2026-01-08,2026-01-08 15:00:00,1,1,1_8,TimeMixer,-31.022,132.1263427734375,139.8511199951172,1.0,-31.022
2026-01-09 02:00:00,0.0,138.831,65674.445,19439.71,1.29,21775.0,9162.945,19441.0,rt,2026-01-09,2026-01-08,2026-01-08 15:00:00,2,2,1_8,TimeMixer,138.831,135.60401916503906,142.64453125,1.0,138.831
2026-01-09 03:00:00,-3.26,116.893,66769.455,19201.445,1.29,21775.0,10496.22,19202.735,rt,2026-01-09,2026-01-08,2026-01-08 15:00:00,3,3,1_8,TimeMixer,116.893,113.51959228515625,126.66152954101562,1.0,120.153
2026-01-09 04:00:00,-3.5,61.897,65928.885,18980.9975,1.29,22125.0,9526.0975,18982.2875,rt,2026-01-09,2026-01-08,2026-01-08 15:00:00,4,4,1_8,TimeMixer,61.897,107.07293701171875,133.3829803466797,1.0,65.39699999999999
2026-01-09 05:00:00,-5.01,-80.0,66284.7875,18768.6975,1.29,22787.0,9432.3,18769.9875,rt,2026-01-09,2026-01-08,2026-01-08 15:00:00,5,5,1_8,TimeMixer,-80.0,139.58062744140625,126.87156677246094,1.0,-74.99
2026-01-09 06:00:00,0.0,-80.0,69039.795,18585.98,1.52,25022.5,10134.295,18587.5,rt,2026-01-09,2026-01-08,2026-01-08 15:00:00,6,6,1_8,TimeMixer,-80.0,153.7885284423828,150.23370361328125,1.0,-80.0
2026-01-09 07:00:00,20.0,-80.0,73462.8725,18463.9025,6.6075,28924.5,10797.3625,18470.51,rt,2026-01-09,2026-01-08,2026-01-08 15:00:00,7,7,1_8,TimeMixer,-80.0,172.83438110351562,145.09828186035156,1.0,-100.0
2026-01-09 08:00:00,236.55,13.22,79332.72,18253.33,769.3125,28445.75,16658.8275,19022.6425,rt,2026-01-09,2026-01-08,2026-01-08 15:00:00,8,8,1_8,TimeMixer,13.22,121.23780059814453,236.52838134765625,0.0,-0.0
2026-01-09 09:00:00,246.363,510.09,80219.17,17780.9175,5115.7225,25362.0,16868.78,22896.64,rt,2026-01-09,2026-01-08,2026-01-08 15:00:00,9,9,9_16,TimeMixer,510.09,0.35821533203125,46.57172393798828,0.0,0.0
2026-01-09 10:00:00,125.435,414.222,73942.3125,16744.7275,10712.375,22729.0,8745.71,27457.1025,rt,2026-01-09,2026-01-08,2026-01-08 15:00:00,10,10,9_16,TimeMixer,414.222,-50.369728088378906,-5.0705108642578125,0.0,0.0
2026-01-09 11:00:00,-71.0,62.492,69275.485,15488.475,15162.775,21408.25,2192.985,30651.25,rt,2026-01-09,2026-01-08,2026-01-08 15:00:00,11,11,9_16,TimeMixer,62.492,-34.534732818603516,-17.333900451660156,1.0,133.492
2026-01-09 12:00:00,-71.0,-76.741,63874.7875,14616.865,17604.2475,21051.5,-4443.325,32221.1125,rt,2026-01-09,2026-01-08,2026-01-08 15:00:00,12,12,9_16,TimeMixer,-76.741,-40.4861946105957,-24.48360824584961,1.0,-5.741
2026-01-09 13:00:00,-71.0,-80.0,58787.01,14261.7475,17893.12,21089.0,-9502.3575,32154.8675,rt,2026-01-09,2026-01-08,2026-01-08 15:00:00,13,13,9_16,TimeMixer,-80.0,-19.23113250732422,-22.432083129882812,1.0,-9.0
2026-01-09 14:00:00,-71.0,-80.0,61160.605,14370.4375,16404.06,21722.5,-6381.8925,30774.4975,rt,2026-01-09,2026-01-08,2026-01-08 15:00:00,14,14,9_16,TimeMixer,-80.0,-48.27470016479492,-21.304805755615234,1.0,-9.0
2026-01-09 15:00:00,-50.0,-80.0,64182.7425,14815.1775,12858.3275,23064.75,-1601.0125,27673.505,rt,2026-01-09,2026-01-08,2026-01-08 15:00:00,15,15,9_16,TimeMixer,-80.0,-11.608406066894531,31.548423767089844,1.0,-30.0
2026-01-09 16:00:00,12.75,53.731,70667.63,15419.145,7241.9925,23995.75,8931.4925,22661.1375,rt,2026-01-09,2026-01-08,2026-01-08 15:00:00,16,16,9_16,TimeMixer,53.731,209.0111083984375,57.2901611328125,1.0,40.981
2026-01-09 17:00:00,251.25,592.13,78970.0875,16356.955,1591.76,26292.75,19573.1225,17948.715,rt,2026-01-09,2026-01-08,2026-01-08 15:00:00,17,17,17_24,TimeMixer,592.13,335.2546691894531,197.09397888183594,1.0,340.88
2026-01-09 18:00:00,300.0,218.899,83074.38,17545.4625,13.5025,29210.25,21069.665,17558.965,rt,2026-01-09,2026-01-08,2026-01-08 15:00:00,18,18,17_24,TimeMixer,218.899,415.42193603515625,277.177001953125,1.0,-81.101
2026-01-09 19:00:00,224.375,277.553,80560.2625,18683.08,1.29,29504.5,17078.3925,18684.37,rt,2026-01-09,2026-01-08,2026-01-08 15:00:00,19,19,17_24,TimeMixer,277.553,432.7332458496094,291.933837890625,1.0,53.178
2026-01-09 20:00:00,100.0,125.159,78751.0375,19562.145,1.29,28903.5,14988.6025,19563.435,rt,2026-01-09,2026-01-08,2026-01-08 15:00:00,20,20,17_24,TimeMixer,125.159,422.3377990722656,264.59930419921875,1.0,25.159000000000006
2026-01-09 21:00:00,73.5,-80.0,77511.905,20074.625,1.29,28478.0,13662.49,20075.915,rt,2026-01-09,2026-01-08,2026-01-08 15:00:00,21,21,17_24,TimeMixer,-80.0,414.95367431640625,247.3275146484375,1.0,-153.5
2026-01-09 22:00:00,50.0,-80.0,75550.21,20424.2,1.29,27095.5,12733.72,20425.49,rt,2026-01-09,2026-01-08,2026-01-08 15:00:00,22,22,17_24,TimeMixer,-80.0,403.45770263671875,238.3302001953125,1.0,-130.0
2026-01-09 23:00:00,0.0,-80.0,70831.55,20720.65,1.29,24403.75,10410.36,20721.94,rt,2026-01-09,2026-01-08,2026-01-08 15:00:00,23,23,17_24,TimeMixer,-80.0,349.06103515625,167.0548095703125,1.0,-80.0
2026-01-10 00:00:00,-30.0,-80.0,67512.5175,20974.53,1.29,21979.25,9261.9475,20975.82,rt,2026-01-10,2026-01-09,2026-01-09 15:00:00,0,24,17_24,TimeMixer,-80.0,182.23558044433594,147.5383758544922,1.0,-50.0
2026-01-10 01:00:00,-27.2,-80.0,66997.2875,21380.515,1.29,22524.75,7944.7325,21381.805,rt,2026-01-10,2026-01-09,2026-01-09 15:00:00,1,1,1_8,TimeMixer,-80.0,157.19973754882812,85.3232421875,1.0,-52.8
2026-01-10 02:00:00,-29.625,-80.0,65779.3925,21139.7625,1.29,22592.75,6899.59,21141.0525,rt,2026-01-10,2026-01-09,2026-01-09 15:00:00,2,2,1_8,TimeMixer,-80.0,152.88087463378906,100.42019653320312,1.0,-50.375
2026-01-10 03:00:00,-30.0,-80.0,66452.03,21024.405,1.29,22641.5,7638.835,21025.695,rt,2026-01-10,2026-01-09,2026-01-09 15:00:00,3,3,1_8,TimeMixer,-80.0,131.03363037109375,80.65478515625,1.0,-50.0
2026-01-10 04:00:00,-52.5,-80.0,65447.6575,20978.4525,1.29,22998.0,6323.915,20979.7425,rt,2026-01-10,2026-01-09,2026-01-09 15:00:00,4,4,1_8,TimeMixer,-80.0,130.2564239501953,48.44439697265625,1.0,-27.5
2026-01-10 05:00:00,-60.0,-80.0,65463.21,20927.3225,1.29,23665.5,5723.0975,20928.6125,rt,2026-01-10,2026-01-09,2026-01-09 15:00:00,5,5,1_8,TimeMixer,-80.0,158.01568603515625,49.1871337890625,1.0,-20.0
2026-01-10 06:00:00,-46.07,-80.0,67019.0925,20870.5925,1.52,25845.5,5155.48,20872.1125,rt,2026-01-10,2026-01-09,2026-01-09 15:00:00,6,6,1_8,TimeMixer,-80.0,164.19058227539062,91.852783203125,1.0,-33.93
2026-01-10 07:00:00,-20.4,-77.09,69844.4625,20758.6575,7.3525,29633.0,4324.4525,20766.01,rt,2026-01-10,2026-01-09,2026-01-09 15:00:00,7,7,1_8,TimeMixer,-77.09,184.71868896484375,71.26992797851562,1.0,-56.690000000000005
2026-01-10 08:00:00,100.0,-57.126,76276.5625,20427.245,1027.425,28929.25,10836.6425,21454.67,rt,2026-01-10,2026-01-09,2026-01-09 15:00:00,8,8,1_8,TimeMixer,-57.126,116.90746307373047,143.52926635742188,1.0,-157.126
2026-01-10 09:00:00,200.0,-10.921,76969.53,19806.185,6119.915,25481.75,10619.43,25926.1,rt,2026-01-10,2026-01-09,2026-01-09 15:00:00,9,9,9_16,TimeMixer,-10.921,-18.92047119140625,-3.6052017211914062,0.0,-0.0
2026-01-10 10:00:00,0.0,-80.0,70743.9425,19026.11,12006.7325,23232.75,1617.35,31032.8425,rt,2026-01-10,2026-01-09,2026-01-09 15:00:00,10,10,9_16,TimeMixer,-80.0,-65.9260025024414,-8.11865234375,0.0,-0.0
2026-01-10 11:00:00,-79.45,-80.0,68011.895,18466.785,15812.05,22548.75,-3689.19,34278.835,rt,2026-01-10,2026-01-09,2026-01-09 15:00:00,11,11,9_16,TimeMixer,-80.0,-48.262752532958984,-23.497833251953125,1.0,-0.5499999999999972
2026-01-10 12:00:00,-79.0,-74.79,64398.335,17996.58,17573.9075,22188.5,-8256.6525,35570.4875,rt,2026-01-10,2026-01-09,2026-01-09 15:00:00,12,12,9_16,TimeMixer,-74.79,-56.40877151489258,-35.309688568115234,1.0,4.209999999999994
2026-01-10 13:00:00,-79.0,-80.0,60712.42,17418.945,17615.8525,21994.25,-11212.6275,35034.7975,rt,2026-01-10,2026-01-09,2026-01-09 15:00:00,13,13,9_16,TimeMixer,-80.0,-25.508655548095703,-24.199195861816406,1.0,-1.0
2026-01-10 14:00:00,-79.0,-80.0,63461.155,17007.1425,16200.775,22458.25,-7101.0125,33207.9175,rt,2026-01-10,2026-01-09,2026-01-09 15:00:00,14,14,9_16,TimeMixer,-80.0,-63.3418083190918,-20.919109344482422,1.0,-1.0
2026-01-10 15:00:00,-77.5,-80.0,66580.6975,16899.3375,12947.7725,24192.75,-2355.1625,29847.11,rt,2026-01-10,2026-01-09,2026-01-09 15:00:00,15,15,9_16,TimeMixer,-80.0,-42.74115753173828,-5.388511657714844,1.0,-2.5
2026-01-10 16:00:00,90.29,-80.0,72937.4175,16965.3875,7536.4525,25097.5,8408.3275,24501.84,rt,2026-01-10,2026-01-09,2026-01-09 15:00:00,16,16,9_16,TimeMixer,-80.0,210.4114990234375,29.307708740234375,1.0,-170.29000000000002
2026-01-10 17:00:00,277.22,294.387,81817.5475,16631.845,1768.875,26987.25,21423.5775,18400.72,rt,2026-01-10,2026-01-09,2026-01-09 15:00:00,17,17,17_24,TimeMixer,294.387,336.9004211425781,242.789794921875,1.0,17.166999999999973
2026-01-10 18:00:00,358.205,398.406,86915.7425,15955.175,20.8575,29406.75,26446.96,15976.0325,rt,2026-01-10,2026-01-09,2026-01-09 15:00:00,18,18,17_24,TimeMixer,398.406,416.82708740234375,386.3636474609375,1.0,40.20100000000002
2026-01-10 19:00:00,360.22,443.424,84582.48,15349.76,1.29,29608.5,24479.43,15351.05,rt,2026-01-10,2026-01-09,2026-01-09 15:00:00,19,19,17_24,TimeMixer,443.424,433.5162658691406,394.2782287597656,1.0,83.20399999999995
2026-01-10 20:00:00,350.0,413.698,82915.345,14944.4725,1.29,28964.5,23859.0825,14945.7625,rt,2026-01-10,2026-01-09,2026-01-09 15:00:00,20,20,17_24,TimeMixer,413.698,423.7663269042969,383.1972961425781,1.0,63.69799999999998
2026-01-10 21:00:00,300.0,350.166,81306.7875,14747.48,1.29,28538.25,22873.7675,14748.77,rt,2026-01-10,2026-01-09,2026-01-09 15:00:00,21,21,17_24,TimeMixer,350.166,420.3504943847656,384.8349304199219,1.0,50.166
2026-01-10 22:00:00,255.0,375.263,78938.89,14781.3425,1.29,27172.25,21838.0075,14782.6325,rt,2026-01-10,2026-01-09,2026-01-09 15:00:00,22,22,17_24,TimeMixer,375.263,409.3283386230469,382.8804931640625,1.0,120.26299999999998
2026-01-10 23:00:00,200.0,355.44,74140.045,15063.2325,1.29,24727.75,19201.7725,15064.5225,rt,2026-01-10,2026-01-09,2026-01-09 15:00:00,23,23,17_24,TimeMixer,355.44,356.4417724609375,340.719482421875,1.0,155.44
2026-01-11 00:00:00,166.0,27.03,70163.33,15450.9525,1.29,22628.75,16936.3375,15452.2425,rt,2026-01-11,2026-01-10,2026-01-10 15:00:00,0,24,17_24,TimeMixer,27.03,255.29322814941406,236.89337158203125,1.0,-138.97
2026-01-11 01:00:00,-27.7,-80.0,67953.015,17921.0125,1.29,21775.0,11625.7125,17922.3025,rt,2026-01-11,2026-01-10,2026-01-10 15:00:00,1,1,1_8,TimeMixer,-80.0,238.13742065429688,175.08111572265625,1.0,-52.3
2026-01-11 02:00:00,-25.125,-80.0,66329.075,17866.7175,1.29,21775.0,10056.0675,17868.0075,rt,2026-01-11,2026-01-10,2026-01-10 15:00:00,2,2,1_8,TimeMixer,-80.0,226.72390747070312,189.69793701171875,1.0,-54.875
2026-01-11 03:00:00,-25.0,-80.0,67120.915,17667.095,1.29,21783.75,11038.78,17668.385,rt,2026-01-11,2026-01-10,2026-01-10 15:00:00,3,3,1_8,TimeMixer,-80.0,220.19297790527344,187.91529846191406,1.0,-55.0
2026-01-11 04:00:00,-30.0,-80.0,66446.3175,17396.455,1.29,22134.5,10284.0725,17397.745,rt,2026-01-11,2026-01-10,2026-01-10 15:00:00,4,4,1_8,TimeMixer,-80.0,219.98410034179688,170.56922912597656,1.0,-50.0
2026-01-11 05:00:00,-26.5,-80.0,66441.1475,16980.9375,1.29,22796.75,10032.17,16982.2275,rt,2026-01-11,2026-01-10,2026-01-10 15:00:00,5,5,1_8,TimeMixer,-80.0,237.38900756835938,177.30621337890625,1.0,-53.5
2026-01-11 06:00:00,-26.0,-80.0,68261.2375,16378.395,1.52,25023.75,10227.5725,16379.915,rt,2026-01-11,2026-01-10,2026-01-10 15:00:00,6,6,1_8,TimeMixer,-80.0,242.68907165527344,209.74130249023438,1.0,-54.0
2026-01-11 07:00:00,-26.0,-80.0,70691.53,15489.9175,31.88,28958.25,9606.4825,15521.7975,rt,2026-01-11,2026-01-10,2026-01-10 15:00:00,7,7,1_8,TimeMixer,-80.0,248.40301513671875,199.2476348876953,1.0,-54.0
2026-01-11 08:00:00,150.0,196.794,76272.495,14236.8575,1339.2325,28469.0,15687.405,15576.09,rt,2026-01-11,2026-01-10,2026-01-10 15:00:00,8,8,1_8,TimeMixer,196.794,268.16680908203125,358.8954772949219,1.0,46.79400000000001
2026-01-11 09:00:00,100.0,156.469,75559.6025,12802.61,7054.2575,25377.25,13899.235,19856.8675,rt,2026-01-11,2026-01-10,2026-01-10 15:00:00,9,9,9_16,TimeMixer,156.469,119.94114685058594,160.936767578125,1.0,56.468999999999994
2026-01-11 10:00:00,2.655,-80.0,69183.535,11356.3925,13500.805,21976.75,6004.5875,24857.1975,rt,2026-01-11,2026-01-10,2026-01-10 15:00:00,10,10,9_16,TimeMixer,-80.0,4.715431213378906,-13.669120788574219,1.0,-82.655
2026-01-11 11:00:00,-74.5,-80.0,66352.0425,9921.17,17448.5825,19924.5,2700.29,27369.7525,rt,2026-01-11,2026-01-10,2026-01-10 15:00:00,11,11,9_16,TimeMixer,-80.0,-21.729137420654297,-48.391090393066406,1.0,-5.5
2026-01-11 12:00:00,-75.0,-80.0,63297.935,8498.6825,19139.785,20120.0,-840.5325,27638.4675,rt,2026-01-11,2026-01-10,2026-01-10 15:00:00,12,12,9_16,TimeMixer,-80.0,-28.85439682006836,-65.92495727539062,1.0,-5.0
2026-01-11 13:00:00,-75.0,-80.0,59111.24,7225.52,19165.095,20021.0,-3680.375,26390.615,rt,2026-01-11,2026-01-10,2026-01-10 15:00:00,13,13,9_16,TimeMixer,-80.0,-22.802570343017578,-53.79706573486328,1.0,-5.0
2026-01-11 14:00:00,-75.0,-80.0,61332.5175,6163.645,17688.38,20853.0,247.4925,23852.025,rt,2026-01-11,2026-01-10,2026-01-10 15:00:00,14,14,9_16,TimeMixer,-80.0,-28.69052505493164,-63.9555778503418,1.0,-5.0
2026-01-11 15:00:00,-50.5,-80.0,64391.1075,5304.4975,14275.925,22414.0,6016.685,19580.4225,rt,2026-01-11,2026-01-10,2026-01-10 15:00:00,15,15,9_16,TimeMixer,-80.0,13.748481750488281,-21.551177978515625,1.0,-29.5
2026-01-11 16:00:00,225.5,173.951,70708.8825,4790.735,8475.8475,23999.75,17028.8,13266.5825,rt,2026-01-11,2026-01-10,2026-01-10 15:00:00,16,16,9_16,TimeMixer,173.951,215.34710693359375,246.7247314453125,0.0,-0.0
2026-01-11 17:00:00,410.25,619.514,80553.0975,5019.7275,2076.985,26296.5,30669.885,7096.7125,rt,2026-01-11,2026-01-10,2026-01-10 15:00:00,17,17,17_24,TimeMixer,619.514,338.28912353515625,348.4149169921875,0.0,0.0
2026-01-11 18:00:00,433.58,628.284,86930.875,6497.515,34.625,29202.75,34625.985,6532.14,rt,2026-01-11,2026-01-10,2026-01-10 15:00:00,18,18,17_24,TimeMixer,628.284,418.9308776855469,365.02850341796875,0.0,0.0
2026-01-11 19:00:00,406.5,618.758,85109.2075,8977.2575,1.39,29504.5,29998.56,8978.6475,rt,2026-01-11,2026-01-10,2026-01-10 15:00:00,19,19,17_24,TimeMixer,618.758,437.5918273925781,339.2601318359375,1.0,212.25800000000004
2026-01-11 20:00:00,358.0,602.708,83998.8425,11790.8675,1.29,28903.5,26673.185,11792.1575,rt,2026-01-11,2026-01-10,2026-01-10 15:00:00,20,20,17_24,TimeMixer,602.708,426.3757629394531,354.8226623535156,1.0,244.70799999999997
2026-01-11 21:00:00,262.5,521.916,82520.365,14327.355,1.29,28478.75,23082.97,14328.645,rt,2026-01-11,2026-01-10,2026-01-10 15:00:00,21,21,17_24,TimeMixer,521.916,425.5185852050781,338.80718994140625,1.0,259.41600000000005
2026-01-11 22:00:00,248.82,286.184,79620.525,16327.8075,1.29,27100.5,19560.9275,16329.0975,rt,2026-01-11,2026-01-10,2026-01-10 15:00:00,22,22,17_24,TimeMixer,286.184,416.4136962890625,321.5376281738281,1.0,37.36400000000003
2026-01-11 23:00:00,171.42,-80.0,74129.82,17840.0225,1.29,24403.75,15254.7575,17841.3125,rt,2026-01-11,2026-01-10,2026-01-10 15:00:00,23,23,17_24,TimeMixer,-80.0,366.09063720703125,287.90655517578125,1.0,-251.42
2026-01-12 00:00:00,95.65,-80.0,70579.7425,18990.6025,1.29,21941.25,13016.6,18991.8925,rt,2026-01-12,2026-01-11,2026-01-11 15:00:00,0,24,17_24,TimeMixer,-80.0,243.63365173339844,216.33187866210938,1.0,-175.65
2026-01-12 01:00:00,-50.0,-80.0,66419.15,19720.485,1.29,21775.0,8342.375,19721.775,rt,2026-01-12,2026-01-11,2026-01-11 15:00:00,1,1,1_8,TimeMixer,-80.0,208.63328552246094,129.2017059326172,1.0,-30.0
2026-01-12 02:00:00,-54.375,-80.0,65181.1275,20460.5125,1.29,21776.5,6362.825,20461.8025,rt,2026-01-12,2026-01-11,2026-01-11 15:00:00,2,2,1_8,TimeMixer,-80.0,171.80274963378906,139.44891357421875,1.0,-25.625
2026-01-12 03:00:00,-60.0,-80.0,66813.5875,20945.75,1.29,21783.75,7502.7975,20947.04,rt,2026-01-12,2026-01-11,2026-01-11 15:00:00,3,3,1_8,TimeMixer,-80.0,161.25538635253906,148.65139770507812,1.0,-20.0
2026-01-12 04:00:00,-60.0,-80.125,65920.5525,21114.8275,1.29,22124.5,6099.935,21116.1175,rt,2026-01-12,2026-01-11,2026-01-11 15:00:00,4,4,1_8,TimeMixer,-80.125,168.92835998535156,131.90370178222656,1.0,-20.125
2026-01-12 05:00:00,-61.0,-60.025,66284.9825,21049.3825,1.29,22786.0,5868.31,21050.6725,rt,2026-01-12,2026-01-11,2026-01-11 15:00:00,5,5,1_8,TimeMixer,-60.025,189.5827178955078,124.97601318359375,1.0,0.9750000000000014
2026-01-12 06:00:00,-61.0,-80.0,68823.9775,20730.7825,1.52,25020.75,6490.925,20732.3025,rt,2026-01-12,2026-01-11,2026-01-11 15:00:00,6,6,1_8,TimeMixer,-80.0,197.27935791015625,165.88868713378906,1.0,-19.0
2026-01-12 07:00:00,-61.0,-80.0,73313.355,20097.6125,12.5925,28922.75,7725.4,20110.205,rt,2026-01-12,2026-01-11,2026-01-11 15:00:00,7,7,1_8,TimeMixer,-80.0,215.24856567382812,193.81396484375,1.0,-19.0
2026-01-12 08:00:00,125.5,97.356,79175.53,19048.955,1138.105,28445.75,14052.72,20187.06,rt,2026-01-12,2026-01-11,2026-01-11 15:00:00,8,8,1_8,TimeMixer,97.356,270.1743469238281,313.94219970703125,1.0,-28.144000000000005
2026-01-12 09:00:00,143.5,329.792,80609.6775,17391.625,6580.465,25362.25,14899.0875,23972.09,rt,2026-01-12,2026-01-11,2026-01-11 15:00:00,9,9,9_16,TimeMixer,329.792,146.81985473632812,120.61156463623047,1.0,186.29199999999997
2026-01-12 10:00:00,0.0,-57.197,74916.225,14657.3075,12944.43,22071.5,8947.9875,27601.7375,rt,2026-01-12,2026-01-11,2026-01-11 15:00:00,10,10,9_16,TimeMixer,-57.197,34.37886047363281,-9.596092224121094,1.0,-57.197
2026-01-12 11:00:00,-75.0,-79.222,71671.2675,11707.31,17231.5675,20026.25,6398.64,28938.8775,rt,2026-01-12,2026-01-11,2026-01-11 15:00:00,11,11,9_16,TimeMixer,-79.222,-4.789878845214844,-43.12915802001953,1.0,-4.221999999999994
2026-01-12 12:00:00,-75.0,-80.0,67491.575,9502.16,19231.1175,19974.75,2453.5475,28733.2775,rt,2026-01-12,2026-01-11,2026-01-11 15:00:00,12,12,9_16,TimeMixer,-80.0,-21.82571029663086,-49.3484001159668,1.0,-5.0
2026-01-12 13:00:00,-75.0,-80.0,62779.6475,7890.6525,19315.715,19720.5,-477.22,27206.3675,rt,2026-01-12,2026-01-11,2026-01-11 15:00:00,13,13,9_16,TimeMixer,-80.0,-28.381183624267578,-40.608642578125,1.0,-5.0
2026-01-12 14:00:00,-75.0,-80.0,65381.215,6706.4975,17686.065,20831.5,3827.1525,24392.5625,rt,2026-01-12,2026-01-11,2026-01-11 15:00:00,14,14,9_16,TimeMixer,-80.0,-26.424877166748047,-47.195194244384766,1.0,-5.0
2026-01-12 15:00:00,0.0,-90.149,67595.7625,5778.37,14000.6175,22387.5,9099.275,19778.9875,rt,2026-01-12,2026-01-11,2026-01-11 15:00:00,15,15,9_16,TimeMixer,-90.149,25.269607543945312,9.819900512695312,1.0,-90.149
2026-01-12 16:00:00,263.065,540.235,72386.995,4977.115,8195.625,23999.75,18850.755,13172.74,rt,2026-01-12,2026-01-11,2026-01-11 15:00:00,16,16,9_16,TimeMixer,540.235,211.5878448486328,297.4187927246094,0.0,0.0
2026-01-12 17:00:00,458.125,661.765,79816.565,4620.22,2000.1175,26296.5,30459.7275,6620.3375,rt,2026-01-12,2026-01-11,2026-01-11 15:00:00,17,17,17_24,TimeMixer,661.765,337.9609680175781,376.80859375,0.0,0.0
2026-01-12 18:00:00,504.0,427.61,85477.295,4696.665,25.375,29211.0,35024.255,4722.04,rt,2026-01-12,2026-01-11,2026-01-11 15:00:00,18,18,17_24,TimeMixer,427.61,422.9732666015625,434.6478576660156,0.0,-0.0
2026-01-12 19:00:00,500.375,463.666,83504.3925,4961.6075,1.39,29527.75,32436.145,4962.9975,rt,2026-01-12,2026-01-11,2026-01-11 15:00:00,19,19,17_24,TimeMixer,463.666,449.7099304199219,425.91998291015625,0.0,-0.0
2026-01-12 20:00:00,487.5,420.646,81843.5375,5335.72,1.29,28937.5,30989.0275,5337.01,rt,2026-01-12,2026-01-11,2026-01-11 15:00:00,20,20,17_24,TimeMixer,420.646,430.37152099609375,423.89263916015625,0.0,-0.0
2026-01-12 21:00:00,439.14,363.522,80236.885,5758.8275,1.29,28530.0,29366.7675,5760.1175,rt,2026-01-12,2026-01-11,2026-01-11 15:00:00,21,21,17_24,TimeMixer,363.522,432.7897033691406,423.1907043457031,0.0,-0.0
2026-01-12 22:00:00,400.0,435.19,78086.93,6214.7375,1.29,27136.0,28154.9025,6216.0275,rt,2026-01-12,2026-01-11,2026-01-11 15:00:00,22,22,17_24,TimeMixer,435.19,430.83587646484375,411.7449951171875,1.0,35.19
2026-01-12 23:00:00,359.5,565.686,72902.0525,6640.63,1.29,24408.0,25272.1325,6641.92,rt,2026-01-12,2026-01-11,2026-01-11 15:00:00,23,23,17_24,TimeMixer,565.686,381.15972900390625,386.1159973144531,1.0,206.18600000000004
2026-01-13 00:00:00,295.5,562.579,69432.2375,7019.8425,1.29,21941.25,23889.855,7021.1325,rt,2026-01-13,2026-01-12,2026-01-12 15:00:00,0,24,17_24,TimeMixer,562.579,379.5203857421875,371.72686767578125,1.0,267.07899999999995
2026-01-13 01:00:00,300.0,363.367,67469.15,7702.5925,1.29,21924.0,21211.2675,7703.8825,rt,2026-01-13,2026-01-12,2026-01-12 15:00:00,1,1,1_8,TimeMixer,363.367,330.9465026855469,316.0773620605469,1.0,63.36700000000002
2026-01-13 02:00:00,236.625,336.258,66231.9525,7897.445,1.29,21923.25,19779.9675,7898.735,rt,2026-01-13,2026-01-12,2026-01-12 15:00:00,2,2,1_8,TimeMixer,336.258,318.2792053222656,316.71234130859375,1.0,99.63299999999998
2026-01-13 03:00:00,289.455,381.475,67781.1025,8267.35,1.29,21923.0,20959.4625,8268.64,rt,2026-01-13,2026-01-12,2026-01-12 15:00:00,3,3,1_8,TimeMixer,381.475,327.4507751464844,307.94781494140625,1.0,92.02000000000004
2026-01-13 04:00:00,221.83,285.548,66437.6825,8718.825,1.29,22272.5,18815.0675,8720.115,rt,2026-01-13,2026-01-12,2026-01-12 15:00:00,4,4,1_8,TimeMixer,285.548,311.386962890625,296.8944091796875,1.0,63.71799999999999
2026-01-13 05:00:00,233.08,268.775,66639.1225,9007.5125,1.29,22934.0,18066.32,9008.8025,rt,2026-01-13,2026-01-12,2026-01-12 15:00:00,5,5,1_8,TimeMixer,268.775,330.0759582519531,287.0946044921875,1.0,35.694999999999965
2026-01-13 06:00:00,235.0,291.816,69145.585,9008.4,1.52,25168.0,18337.665,9009.92,rt,2026-01-13,2026-01-12,2026-01-12 15:00:00,6,6,1_8,TimeMixer,291.816,338.362548828125,306.91156005859375,1.0,56.815999999999974
2026-01-13 07:00:00,279.5,316.621,73775.3575,8792.745,13.3225,29070.75,19293.54,8806.0675,rt,2026-01-13,2026-01-12,2026-01-12 15:00:00,7,7,1_8,TimeMixer,316.621,366.9732666015625,321.9490051269531,1.0,37.12099999999998
2026-01-13 08:00:00,374.0,426.16,79764.59,8373.5275,1204.5975,28538.5,25107.965,9578.125,rt,2026-01-13,2026-01-12,2026-01-12 15:00:00,8,8,1_8,TimeMixer,426.16,313.3817138671875,380.8371276855469,0.0,0.0
2026-01-13 09:00:00,370.5,459.784,81556.4575,7669.5,6332.225,25362.0,25766.4825,14001.725,rt,2026-01-13,2026-01-12,2026-01-12 15:00:00,9,9,9_16,TimeMixer,459.784,323.6062316894531,328.0049743652344,0.0,0.0
2026-01-13 10:00:00,140.0,135.867,75510.29,6456.75,12457.8225,22728.75,17521.9675,18914.5725,rt,2026-01-13,2026-01-12,2026-01-12 15:00:00,10,10,9_16,TimeMixer,135.867,175.8028564453125,122.653564453125,1.0,-4.13300000000001
2026-01-13 11:00:00,35.423,69.636,72383.48,5122.6375,16654.105,21408.25,12840.9875,21776.7425,rt,2026-01-13,2026-01-12,2026-01-12 15:00:00,11,11,9_16,TimeMixer,69.636,86.18472290039062,-0.21342086791992188,1.0,34.212999999999994
2026-01-13 12:00:00,-18.0,73.4,68059.8875,4042.24,18571.2675,21051.5,8014.88,22613.5075,rt,2026-01-13,2026-01-12,2026-01-12 15:00:00,12,12,9_16,TimeMixer,73.4,53.269466400146484,-40.884334564208984,1.0,91.4
2026-01-13 13:00:00,-60.0,-24.036,63335.7325,3333.3625,18547.6275,21084.25,3990.4925,21880.99,rt,2026-01-13,2026-01-12,2026-01-12 15:00:00,13,13,9_16,TimeMixer,-24.036,26.217998504638672,-56.79608154296875,1.0,35.964
2026-01-13 14:00:00,-69.888,-32.683,66094.1,3037.1975,16755.3125,21711.25,8210.34,19792.51,rt,2026-01-13,2026-01-12,2026-01-12 15:00:00,14,14,9_16,TimeMixer,-32.683,92.43907165527344,-40.827579498291016,1.0,37.205000000000005
2026-01-13 15:00:00,13.475,216.584,68496.7675,3137.5825,12933.64,23058.0,12987.545,16071.2225,rt,2026-01-13,2026-01-12,2026-01-12 15:00:00,15,15,9_16,TimeMixer,216.584,156.05738830566406,77.74111938476562,1.0,203.109
2026-01-13 16:00:00,330.0,348.714,73261.945,3694.1875,7336.53,23997.0,21820.4775,11030.7175,rt,2026-01-13,2026-01-12,2026-01-12 15:00:00,16,16,9_16,TimeMixer,348.714,192.8273162841797,292.619384765625,0.0,0.0
2026-01-13 17:00:00,422.125,383.393,79992.085,4785.1825,1888.205,26297.5,30531.1975,6673.3875,rt,2026-01-13,2026-01-12,2026-01-12 15:00:00,17,17,17_24,TimeMixer,383.393,333.9223327636719,370.53466796875,0.0,-0.0
2026-01-13 18:00:00,420.0,304.787,85297.0225,6352.67,26.5,29202.75,33145.1025,6379.17,rt,2026-01-13,2026-01-12,2026-01-12 15:00:00,18,18,17_24,TimeMixer,304.787,422.46343994140625,396.81365966796875,1.0,-115.21300000000002
2026-01-13 19:00:00,420.0,281.337,83454.3925,7958.5625,1.3575,29504.5,29362.4725,7959.92,rt,2026-01-13,2026-01-12,2026-01-12 15:00:00,19,19,17_24,TimeMixer,281.337,448.6317443847656,372.6666564941406,1.0,-138.663
2026-01-13 20:00:00,396.0,255.291,81793.5375,9297.625,1.29,28903.5,26961.1225,9298.915,rt,2026-01-13,2026-01-12,2026-01-12 15:00:00,20,20,17_24,TimeMixer,255.291,425.15948486328125,379.72406005859375,1.0,-140.709
2026-01-13 21:00:00,367.0,249.346,80186.885,10223.0025,1.29,28478.0,24854.5925,10224.2925,rt,2026-01-13,2026-01-12,2026-01-12 15:00:00,21,21,17_24,TimeMixer,249.346,437.9449768066406,363.17974853515625,1.0,-117.654
2026-01-13 22:00:00,332.9,267.532,78036.93,10748.7075,1.29,27095.5,23561.4325,10749.9975,rt,2026-01-13,2026-01-12,2026-01-12 15:00:00,22,22,17_24,TimeMixer,267.532,426.8526306152344,355.8023681640625,1.0,-65.368
2026-01-13 23:00:00,279.0,229.61,72852.0525,11042.61,1.29,24459.25,20718.9025,11043.9,rt,2026-01-13,2026-01-12,2026-01-12 15:00:00,23,23,17_24,TimeMixer,229.61,384.23382568359375,340.7881774902344,1.0,-49.389999999999986
2026-01-14 00:00:00,269.0,223.84,69382.2375,11214.295,1.29,22090.25,19446.4025,11215.585,rt,2026-01-14,2026-01-13,2026-01-13 15:00:00,0,24,17_24,TimeMixer,223.84,358.1268615722656,333.8504333496094,1.0,-45.16
2026-01-14 01:00:00,297.88,279.996,66725.755,9261.92,0.0,21775.0,19058.835,9261.92,rt,2026-01-14,2026-01-13,2026-01-13 15:00:00,1,1,1_8,TimeMixer,279.996,310.5924987792969,282.697265625,1.0,-17.884000000000015
2026-01-14 02:00:00,291.35,281.411,65306.1025,9106.6,0.0,21775.0,17794.5025,9106.6,rt,2026-01-14,2026-01-13,2026-01-13 15:00:00,2,2,1_8,TimeMixer,281.411,291.9173889160156,285.96966552734375,1.0,-9.939000000000021
2026-01-14 03:00:00,300.0,296.547,66570.9125,8762.3675,0.0,21775.0,19403.545,8762.3675,rt,2026-01-14,2026-01-13,2026-01-13 15:00:00,3,3,1_8,TimeMixer,296.547,296.5936584472656,278.634765625,0.0,-0.0
2026-01-14 04:00:00,295.56,290.445,65444.5175,8307.0025,0.0,22124.5,18383.015,8307.0025,rt,2026-01-14,2026-01-13,2026-01-13 15:00:00,4,4,1_8,TimeMixer,290.445,279.62579345703125,269.8746032714844,0.0,-0.0
2026-01-14 05:00:00,294.82,290.403,65834.1125,7832.7075,0.0,22786.0,18585.405,7832.7075,rt,2026-01-14,2026-01-13,2026-01-13 15:00:00,5,5,1_8,TimeMixer,290.403,298.61181640625,258.28369140625,1.0,-4.416999999999973
2026-01-14 06:00:00,290.0,286.948,67881.3975,7343.1125,0.23,25020.75,18887.305,7343.3425,rt,2026-01-14,2026-01-13,2026-01-13 15:00:00,6,6,1_8,TimeMixer,286.948,309.5315246582031,270.8767395019531,1.0,-3.052000000000021
2026-01-14 07:00:00,315.48,273.459,72125.28,6882.1625,10.5775,28922.75,19704.79,6892.74,rt,2026-01-14,2026-01-13,2026-01-13 15:00:00,7,7,1_8,TimeMixer,273.459,326.5126037597656,285.1502990722656,1.0,-42.021000000000015
2026-01-14 08:00:00,380.0,324.71,78320.0725,6456.45,713.5475,28445.75,26164.325,7169.9975,rt,2026-01-14,2026-01-13,2026-01-13 15:00:00,8,8,1_8,TimeMixer,324.71,311.0716857910156,284.5448913574219,0.0,-0.0
2026-01-14 09:00:00,400.0,358.242,84362.51,6041.7325,3816.615,25362.75,32715.1625,9858.3475,rt,2026-01-14,2026-01-13,2026-01-13 15:00:00,9,9,9_16,TimeMixer,358.242,451.1918640136719,305.09027099609375,1.0,-41.75799999999998
2026-01-14 10:00:00,374.615,370.738,82853.2175,5632.64,7346.295,22730.25,30799.0325,12978.935,rt,2026-01-14,2026-01-13,2026-01-13 15:00:00,10,10,9_16,TimeMixer,370.738,406.2178039550781,303.36810302734375,1.0,-3.8770000000000095
2026-01-14 11:00:00,335.0,365.072,81813.6475,5186.855,9876.3075,21408.25,28984.735,15063.1625,rt,2026-01-14,2026-01-13,2026-01-13 15:00:00,11,11,9_16,TimeMixer,365.072,394.1759033203125,268.01995849609375,1.0,30.072000000000003
2026-01-14 12:00:00,323.75,362.539,79177.4,4738.9125,10880.57,21051.5,26126.4175,15619.4825,rt,2026-01-14,2026-01-13,2026-01-13 15:00:00,12,12,9_16,TimeMixer,362.539,369.39569091796875,244.96945190429688,1.0,38.78899999999999
2026-01-14 13:00:00,311.5,415.831,75233.1325,4445.8025,10464.6875,21087.75,22854.8925,14910.49,rt,2026-01-14,2026-01-13,2026-01-13 15:00:00,13,13,9_16,TimeMixer,415.831,336.9075927734375,201.05886840820312,1.0,104.33100000000002
2026-01-14 14:00:00,320.0,514.322,78139.0125,4418.8875,8734.855,21718.25,26887.02,13153.7425,rt,2026-01-14,2026-01-13,2026-01-13 15:00:00,14,14,9_16,TimeMixer,514.322,420.5020751953125,245.97952270507812,1.0,194.322
2026-01-14 15:00:00,337.743,608.805,79029.105,4608.225,6143.365,23060.5,28837.015,10751.59,rt,2026-01-14,2026-01-13,2026-01-13 15:00:00,15,15,9_16,TimeMixer,608.805,465.5628662109375,307.74603271484375,1.0,271.06199999999995
2026-01-14 16:00:00,387.5,611.225,79658.39,5065.06,3329.4575,23999.75,30850.3725,8394.5175,rt,2026-01-14,2026-01-13,2026-01-13 15:00:00,16,16,9_16,TimeMixer,611.225,176.0591278076172,308.96722412109375,0.0,0.0
2026-01-14 17:00:00,400.0,558.132,81176.375,5949.8425,951.81,26296.5,31488.2225,6901.6525,rt,2026-01-14,2026-01-13,2026-01-13 15:00:00,17,17,17_24,TimeMixer,558.132,332.8748779296875,365.8904113769531,0.0,0.0
2026-01-14 18:00:00,388.35,360.604,83914.01,7366.7075,20.27,29203.0,30754.0325,7386.9775,rt,2026-01-14,2026-01-13,2026-01-13 15:00:00,18,18,17_24,TimeMixer,360.604,420.357666015625,370.0009460449219,1.0,-27.746000000000038
2026-01-14 19:00:00,350.05,334.315,82231.5925,9155.23,0.1075,29504.5,26944.255,9155.3375,rt,2026-01-14,2026-01-13,2026-01-13 15:00:00,19,19,17_24,TimeMixer,334.315,444.3850402832031,346.71783447265625,1.0,-15.735000000000014
2026-01-14 20:00:00,319.47,316.373,80241.7125,10715.4675,0.0,28903.5,23992.745,10715.4675,rt,2026-01-14,2026-01-13,2026-01-13 15:00:00,20,20,17_24,TimeMixer,316.373,419.5342102050781,355.62384033203125,1.0,-3.097000000000037
2026-01-14 21:00:00,305.55,304.358,78885.13,11677.37,0.0,28478.0,22099.76,11677.37,rt,2026-01-14,2026-01-13,2026-01-13 15:00:00,21,21,17_24,TimeMixer,304.358,438.4795227050781,330.05950927734375,1.0,-1.1920000000000073
2026-01-14 22:00:00,300.0,288.832,76943.56,11951.7675,0.0,27095.5,21266.2925,11951.7675,rt,2026-01-14,2026-01-13,2026-01-13 15:00:00,22,22,17_24,TimeMixer,288.832,420.6308288574219,318.10400390625,1.0,-11.168000000000006
2026-01-14 23:00:00,258.443,287.466,71840.0925,11707.1325,0.0,24403.75,19099.21,11707.1325,rt,2026-01-14,2026-01-13,2026-01-13 15:00:00,23,23,17_24,TimeMixer,287.466,381.0068054199219,307.4050598144531,1.0,29.023000000000025
2026-01-15 00:00:00,257.35,290.209,68235.2525,11150.6175,0.0,21941.25,18513.385,11150.6175,rt,2026-01-15,2026-01-14,2026-01-14 15:00:00,0,24,17_24,TimeMixer,290.209,351.7104187011719,336.59429931640625,1.0,32.85899999999998
2026-01-15 01:00:00,272.1,331.732,65825.755,10038.88,0.0,21775.0,17481.875,10038.88,rt,2026-01-15,2026-01-14,2026-01-14 15:00:00,1,1,1_8,TimeMixer,331.732,308.597412109375,290.1114501953125,1.0,59.632000000000005
2026-01-15 02:00:00,262.775,344.979,64552.1525,8868.345,0.0,21774.75,17379.0575,8868.345,rt,2026-01-15,2026-01-14,2026-01-14 15:00:00,2,2,1_8,TimeMixer,344.979,292.7594909667969,294.5067443847656,1.0,82.20400000000001
2026-01-15 03:00:00,340.0,363.065,65670.9125,7693.47,0.0,21774.0,19673.4425,7693.47,rt,2026-01-15,2026-01-14,2026-01-14 15:00:00,3,3,1_8,TimeMixer,363.065,298.4159851074219,285.1232604980469,0.0,0.0
2026-01-15 04:00:00,350.05,314.987,64544.5175,6587.89,0.0,22123.5,19303.1275,6587.89,rt,2026-01-15,2026-01-14,2026-01-14 15:00:00,4,4,1_8,TimeMixer,314.987,283.05157470703125,275.73529052734375,0.0,-0.0
2026-01-15 05:00:00,333.9,324.555,64934.1125,5602.4725,0.0,22785.0,20016.64,5602.4725,rt,2026-01-15,2026-01-14,2026-01-14 15:00:00,5,5,1_8,TimeMixer,324.555,301.0117492675781,266.04150390625,0.0,-0.0
2026-01-15 06:00:00,350.013,338.683,66981.3975,4774.4325,0.23,25020.5,20656.235,4774.6625,rt,2026-01-15,2026-01-14,2026-01-14 15:00:00,6,6,1_8,TimeMixer,338.683,313.85113525390625,274.83624267578125,0.0,-0.0
2026-01-15 07:00:00,370.05,344.632,71221.4375,4115.63,12.54,28922.75,21665.5175,4128.17,rt,2026-01-15,2026-01-14,2026-01-14 15:00:00,7,7,1_8,TimeMixer,344.632,326.646484375,287.1222839355469,0.0,-0.0
2026-01-15 08:00:00,430.0,454.909,76396.06,3595.4775,1168.6325,28445.75,26746.2,4764.11,rt,2026-01-15,2026-01-14,2026-01-14 15:00:00,8,8,1_8,TimeMixer,454.909,299.14739990234375,385.8974609375,0.0,0.0
2026-01-15 09:00:00,420.5,492.837,77393.325,3133.915,6421.235,25362.5,26149.425,9555.15,rt,2026-01-15,2026-01-14,2026-01-14 15:00:00,9,9,9_16,TimeMixer,492.837,268.5650634765625,314.429443359375,0.0,0.0
2026-01-15 10:00:00,249.25,188.418,71574.1375,2793.615,12696.3175,22728.75,17110.455,15489.9325,rt,2026-01-15,2026-01-14,2026-01-14 15:00:00,10,10,9_16,TimeMixer,188.418,126.9896469116211,117.16665649414062,0.0,-0.0
2026-01-15 11:00:00,25.0,-72.63,68216.8,2648.0325,17049.88,21406.5,10854.8875,19697.9125,rt,2026-01-15,2026-01-14,2026-01-14 15:00:00,11,11,9_16,TimeMixer,-72.63,50.047882080078125,-0.07550811767578125,1.0,-97.63
2026-01-15 12:00:00,-10.948,-66.215,63458.9775,2653.1125,19072.6975,21050.5,4402.6675,21725.81,rt,2026-01-15,2026-01-14,2026-01-14 15:00:00,12,12,9_16,TimeMixer,-66.215,32.21675491333008,-43.27158737182617,1.0,-55.267
2026-01-15 13:00:00,-70.0,-80.0,58874.445,2901.835,19198.65,21086.0,-592.04,22100.485,rt,2026-01-15,2026-01-14,2026-01-14 15:00:00,13,13,9_16,TimeMixer,-80.0,8.002119064331055,-57.56455993652344,1.0,-10.0
2026-01-15 14:00:00,-70.0,-80.0,61440.5225,3476.15,17546.6475,21716.5,2421.225,21022.7975,rt,2026-01-15,2026-01-14,2026-01-14 15:00:00,14,14,9_16,TimeMixer,-80.0,53.38129806518555,-40.76932907104492,1.0,-10.0
2026-01-15 15:00:00,-61.063,-74.505,64006.145,4386.9675,13899.535,23062.75,6376.8925,18286.5025,rt,2026-01-15,2026-01-14,2026-01-14 15:00:00,15,15,9_16,TimeMixer,-74.505,116.1443862915039,72.52592468261719,1.0,-13.441999999999993
2026-01-15 16:00:00,224.638,290.549,69220.08,5792.23,8187.0375,24000.75,14926.3125,13979.2675,rt,2026-01-15,2026-01-14,2026-01-14 15:00:00,16,16,9_16,TimeMixer,290.549,186.33116149902344,257.5058898925781,0.0,0.0
2026-01-15 17:00:00,373.125,374.533,76323.9775,7921.4925,2145.945,26298.25,23568.29,10067.4375,rt,2026-01-15,2026-01-14,2026-01-14 15:00:00,17,17,17_24,TimeMixer,374.533,334.2105407714844,332.07891845703125,0.0,0.0
2026-01-15 18:00:00,344.688,-78.635,81855.3625,10422.0175,32.51,29202.75,25728.085,10454.5275,rt,2026-01-15,2026-01-14,2026-01-14 15:00:00,18,18,17_24,TimeMixer,-78.635,420.1342468261719,344.4953918457031,1.0,-423.323
2026-01-15 19:00:00,250.0,-80.0,80732.175,12516.83,0.0,29505.25,22182.595,12516.83,rt,2026-01-15,2026-01-14,2026-01-14 15:00:00,19,19,17_24,TimeMixer,-80.0,441.70159912109375,324.15960693359375,1.0,-330.0
2026-01-15 20:00:00,254.14,-80.0,79114.1325,13981.6775,0.0,28903.5,19698.955,13981.6775,rt,2026-01-15,2026-01-14,2026-01-14 15:00:00,20,20,17_24,TimeMixer,-80.0,420.77703857421875,330.24945068359375,1.0,-334.14
2026-01-15 21:00:00,234.97,-80.0,77624.5825,14808.9425,0.0,28478.0,17807.64,14808.9425,rt,2026-01-15,2026-01-14,2026-01-14 15:00:00,21,21,17_24,TimeMixer,-80.0,434.04193115234375,307.89154052734375,1.0,-314.97
2026-01-15 22:00:00,203.25,-80.0,75667.655,15142.995,0.0,27095.5,16899.16,15142.995,rt,2026-01-15,2026-01-14,2026-01-14 15:00:00,22,22,17_24,TimeMixer,-80.0,418.119140625,295.39752197265625,1.0,-283.25
2026-01-15 23:00:00,119.135,-80.0,70593.595,15108.5775,0.0,24403.75,14551.2675,15108.5775,rt,2026-01-15,2026-01-14,2026-01-14 15:00:00,23,23,17_24,TimeMixer,-80.0,374.1557922363281,275.8768005371094,1.0,-199.135
2026-01-16 00:00:00,121.62,-80.0,66702.6675,14699.925,0.0,21940.5,13532.2425,14699.925,rt,2026-01-16,2026-01-15,2026-01-15 15:00:00,0,24,17_24,TimeMixer,-80.0,282.873046875,268.72943115234375,1.0,-201.62
2026-01-16 01:00:00,155.658,-80.0,65623.8925,15063.55,0.0,22816.25,11154.0925,15063.55,rt,2026-01-16,2026-01-15,2026-01-15 15:00:00,1,1,1_8,TimeMixer,-80.0,240.04917907714844,213.48443603515625,1.0,-235.658
2026-01-16 02:00:00,157.5,-80.0,64352.6175,13881.7175,0.0,23020.0,10860.9,13881.7175,rt,2026-01-16,2026-01-15,2026-01-15 15:00:00,2,2,1_8,TimeMixer,-80.0,207.0934295654297,201.99301147460938,1.0,-237.5
2026-01-16 03:00:00,162.88,-80.0,65574.6175,12688.5775,0.0,23016.0,13280.04,12688.5775,rt,2026-01-16,2026-01-15,2026-01-15 15:00:00,3,3,1_8,TimeMixer,-80.0,200.59596252441406,199.46786499023438,1.0,-242.88
2026-01-16 04:00:00,165.0,-80.0,64544.3375,11751.9375,0.0,23363.25,12839.15,11751.9375,rt,2026-01-16,2026-01-15,2026-01-15 15:00:00,4,4,1_8,TimeMixer,-80.0,206.13075256347656,189.91697692871094,1.0,-245.0
2026-01-16 05:00:00,169.315,-80.0,64847.02,11407.1875,0.0,24018.75,12831.0825,11407.1875,rt,2026-01-16,2026-01-15,2026-01-15 15:00:00,5,5,1_8,TimeMixer,-80.0,229.5482177734375,183.35504150390625,1.0,-249.315
2026-01-16 06:00:00,170.94,-80.0,67093.235,11482.225,0.23,26247.5,12773.28,11482.455,rt,2026-01-16,2026-01-15,2026-01-15 15:00:00,6,6,1_8,TimeMixer,-80.0,237.68170166015625,181.54957580566406,1.0,-250.94
2026-01-16 07:00:00,255.5,-80.0,71605.1775,11828.8125,13.84,29764.25,13433.275,11842.6525,rt,2026-01-16,2026-01-15,2026-01-15 15:00:00,7,7,1_8,TimeMixer,-80.0,250.9700469970703,207.8185272216797,0.0,-0.0
2026-01-16 08:00:00,407.5,-80.0,77256.7375,12395.0825,847.7125,28673.75,18840.1925,13242.795,rt,2026-01-16,2026-01-15,2026-01-15 15:00:00,8,8,1_8,TimeMixer,-80.0,227.0386199951172,270.84332275390625,0.0,-0.0
2026-01-16 09:00:00,412.0,312.855,80758.365,12911.2075,4460.205,25706.5,21294.2025,17371.4125,rt,2026-01-16,2026-01-15,2026-01-15 15:00:00,9,9,9_16,TimeMixer,312.855,307.95269775390625,224.35000610351562,0.0,-0.0
2026-01-16 10:00:00,263.65,619.764,77700.245,13481.8575,8572.825,23079.5,16261.0625,22054.6825,rt,2026-01-16,2026-01-15,2026-01-15 15:00:00,10,10,9_16,TimeMixer,619.764,207.09100341796875,150.3380584716797,0.0,0.0
2026-01-16 11:00:00,71.15,670.964,75735.905,14321.24,11525.2925,21508.25,12063.6225,25846.5325,rt,2026-01-16,2026-01-15,2026-01-15 15:00:00,11,11,9_16,TimeMixer,670.964,176.7923583984375,65.5992431640625,1.0,599.8140000000001
2026-01-16 12:00:00,7.158,685.94,71962.11,15413.57,12882.685,21151.5,6174.355,28296.255,rt,2026-01-16,2026-01-15,2026-01-15 15:00:00,12,12,9_16,TimeMixer,685.94,192.64459228515625,48.96952819824219,1.0,678.782
2026-01-16 13:00:00,-30.0,665.472,67374.0775,16646.0925,12636.0925,21188.5,563.3925,29282.185,rt,2026-01-16,2026-01-15,2026-01-15 15:00:00,13,13,9_16,TimeMixer,665.472,173.3534393310547,21.550029754638672,1.0,695.472
2026-01-16 14:00:00,-60.0,565.008,70435.88,17940.68,11165.2275,21958.75,3031.2225,29105.9075,rt,2026-01-16,2026-01-15,2026-01-15 15:00:00,14,14,9_16,TimeMixer,565.008,276.3896484375,68.2695083618164,1.0,625.008
2026-01-16 15:00:00,-30.0,50.624,72316.885,19131.9925,8627.6,23465.75,4751.5425,27759.5925,rt,2026-01-16,2026-01-15,2026-01-15 15:00:00,15,15,9_16,TimeMixer,50.624,347.4239196777344,181.9201202392578,1.0,80.624
2026-01-16 16:00:00,0.0,58.277,75234.69,20181.56,5148.0075,24226.5,9304.8725,25329.5675,rt,2026-01-16,2026-01-15,2026-01-15 15:00:00,16,16,9_16,TimeMixer,58.277,185.70358276367188,85.28093719482422,1.0,58.277
2026-01-16 17:00:00,181.55,360.308,79863.305,20987.055,1510.125,26411.75,14504.375,22497.18,rt,2026-01-16,2026-01-15,2026-01-15 15:00:00,17,17,17_24,TimeMixer,360.308,334.2622985839844,171.79293823242188,1.0,178.75799999999998
2026-01-16 18:00:00,269.44,317.842,84122.155,21298.3225,28.6775,29352.25,16912.905,21327.0,rt,2026-01-16,2026-01-15,2026-01-15 15:00:00,18,18,17_24,TimeMixer,317.842,419.5943908691406,244.54405212402344,1.0,48.40199999999999
2026-01-16 19:00:00,172.85,425.487,82213.2925,21225.0775,0.17,29708.75,14691.795,21225.2475,rt,2026-01-16,2026-01-15,2026-01-15 15:00:00,19,19,17_24,TimeMixer,425.487,438.1717529296875,256.34771728515625,1.0,252.63700000000003
2026-01-16 20:00:00,108.0,426.92,80616.5925,21051.1725,0.0,29111.25,13864.17,21051.1725,rt,2026-01-16,2026-01-15,2026-01-15 15:00:00,20,20,17_24,TimeMixer,426.92,420.76531982421875,220.40304565429688,1.0,318.92
2026-01-16 21:00:00,98.0,407.653,79167.9875,20766.5925,0.0,28609.25,13202.145,20766.5925,rt,2026-01-16,2026-01-15,2026-01-15 15:00:00,21,21,17_24,TimeMixer,407.653,431.81976318359375,211.68800354003906,1.0,309.653
2026-01-16 22:00:00,67.15,395.707,77116.3,20398.55,0.0,27471.5,12656.25,20398.55,rt,2026-01-16,2026-01-15,2026-01-15 15:00:00,22,22,17_24,TimeMixer,395.707,414.7317810058594,201.78143310546875,1.0,328.557
2026-01-16 23:00:00,-8.71,370.686,72192.585,19965.7625,0.0,25493.25,10143.5725,19965.7625,rt,2026-01-16,2026-01-15,2026-01-15 15:00:00,23,23,17_24,TimeMixer,370.686,370.83807373046875,142.42645263671875,1.0,379.39599999999996
2026-01-17 00:00:00,-10.0,353.5,68102.5425,19462.495,0.0,23108.75,8941.2975,19462.495,rt,2026-01-17,2026-01-16,2026-01-16 15:00:00,0,24,17_24,TimeMixer,353.5,277.9967041015625,174.46170043945312,1.0,363.5
2026-01-17 01:00:00,-39.95,109.737,66652.275,18522.975,0.0,21383.25,10456.05,18522.975,rt,2026-01-17,2026-01-16,2026-01-16 15:00:00,1,1,1_8,TimeMixer,109.737,233.19308471679688,85.45742797851562,1.0,149.687
2026-01-17 02:00:00,-44.963,96.337,65322.7925,17928.4125,0.0,21125.0,9979.38,17928.4125,rt,2026-01-17,2026-01-16,2026-01-16 15:00:00,2,2,1_8,TimeMixer,96.337,191.82005310058594,58.8201904296875,1.0,141.3
2026-01-17 03:00:00,-70.0,71.558,66610.51,17490.1475,0.0,21081.0,11749.3625,17490.1475,rt,2026-01-17,2026-01-16,2026-01-16 15:00:00,3,3,1_8,TimeMixer,71.558,186.22491455078125,51.142791748046875,1.0,141.558
2026-01-17 04:00:00,-70.0,93.536,65478.5475,17227.11,0.0,21082.0,10879.4375,17227.11,rt,2026-01-17,2026-01-16,2026-01-16 15:00:00,4,4,1_8,TimeMixer,93.536,189.57452392578125,28.7254638671875,1.0,163.536
2026-01-17 05:00:00,-70.0,87.728,65650.6925,16966.1075,0.0,21158.75,11235.835,16966.1075,rt,2026-01-17,2026-01-16,2026-01-16 15:00:00,5,5,1_8,TimeMixer,87.728,207.5521240234375,29.13897705078125,1.0,157.728
2026-01-17 06:00:00,0.0,88.309,67088.29,16480.63,0.23,23708.25,10609.18,16480.86,rt,2026-01-17,2026-01-16,2026-01-16 15:00:00,6,6,1_8,TimeMixer,88.309,211.2548065185547,37.41070556640625,1.0,88.309
2026-01-17 07:00:00,-39.95,40.733,69861.3625,15748.8175,6.0025,28431.25,9410.2925,15754.82,rt,2026-01-17,2026-01-16,2026-01-16 15:00:00,7,7,1_8,TimeMixer,40.733,227.58570861816406,71.80007934570312,1.0,80.68299999999999
2026-01-17 08:00:00,203.563,103.123,76276.91,14879.6,972.615,28446.0,15778.695,15852.215,rt,2026-01-17,2026-01-16,2026-01-16 15:00:00,8,8,1_8,TimeMixer,103.123,232.5207061767578,274.964599609375,1.0,-100.43999999999998
2026-01-17 09:00:00,246.0,226.013,80413.95,13889.505,5088.3925,25362.0,19987.8025,18977.8975,rt,2026-01-17,2026-01-16,2026-01-16 15:00:00,9,9,9_16,TimeMixer,226.013,261.1086120605469,258.3801574707031,1.0,-19.986999999999995
2026-01-17 10:00:00,230.0,83.928,77876.8575,12711.6125,10021.595,22731.5,16407.15,22733.2075,rt,2026-01-17,2026-01-16,2026-01-16 15:00:00,10,10,9_16,TimeMixer,83.928,140.5330810546875,185.43496704101562,0.0,-0.0
2026-01-17 11:00:00,85.5,-38.612,76128.14,11424.84,13761.01,21408.5,13516.29,25185.85,rt,2026-01-17,2026-01-16,2026-01-16 15:00:00,11,11,9_16,TimeMixer,-38.612,95.60986328125,96.47207641601562,1.0,-124.112
2026-01-17 12:00:00,55.5,15.589,72459.9875,10183.41,15624.8325,21032.5,9579.245,25808.2425,rt,2026-01-17,2026-01-16,2026-01-16 15:00:00,12,12,9_16,TimeMixer,15.589,108.13627624511719,66.62079620361328,1.0,-39.911
2026-01-17 13:00:00,49.275,82.252,68978.255,9208.205,15771.31,21072.5,6886.24,24979.515,rt,2026-01-17,2026-01-16,2026-01-16 15:00:00,13,13,9_16,TimeMixer,82.252,90.15249633789062,39.840232849121094,1.0,32.977
2026-01-17 14:00:00,0.0,164.958,71801.21,8714.68,14344.045,21308.0,11394.485,23058.725,rt,2026-01-17,2026-01-16,2026-01-16 15:00:00,14,14,9_16,TimeMixer,164.958,158.14002990722656,91.80714416503906,1.0,164.958
2026-01-17 15:00:00,170.0,361.67,74248.895,8780.2275,11121.595,22411.25,15895.8225,19901.8225,rt,2026-01-17,2026-01-16,2026-01-16 15:00:00,15,15,9_16,TimeMixer,361.67,223.9521484375,203.8331756591797,1.0,191.67000000000002
2026-01-17 16:00:00,355.0,569.22,77508.8,9238.685,6420.8,24065.75,21709.815,15659.485,rt,2026-01-17,2026-01-16,2026-01-16 15:00:00,16,16,9_16,TimeMixer,569.22,185.6158905029297,268.12371826171875,0.0,0.0
2026-01-17 17:00:00,493.28,623.805,82010.0825,9795.0975,1691.8725,26302.0,28071.1125,11486.97,rt,2026-01-17,2026-01-16,2026-01-16 15:00:00,17,17,17_24,TimeMixer,623.805,333.92425537109375,360.19122314453125,0.0,0.0
2026-01-17 18:00:00,386.62,609.996,86305.61,10391.3375,29.76,29202.5,30452.0125,10421.0975,rt,2026-01-17,2026-01-16,2026-01-16 15:00:00,18,18,17_24,TimeMixer,609.996,418.61456298828125,427.06390380859375,1.0,223.37599999999998
2026-01-17 19:00:00,385.55,586.541,84425.78,10858.39,0.225,29177.0,28102.665,10858.615,rt,2026-01-17,2026-01-16,2026-01-16 15:00:00,19,19,17_24,TimeMixer,586.541,438.0476379394531,421.8480224609375,1.0,200.99100000000004
2026-01-17 20:00:00,400.0,576.647,81934.925,10997.7475,0.0,28025.5,26621.6775,10997.7475,rt,2026-01-17,2026-01-16,2026-01-16 15:00:00,20,20,17_24,TimeMixer,576.647,421.37628173828125,420.7951354980469,1.0,176.64700000000005
2026-01-17 21:00:00,386.95,559.835,80369.065,10767.44,0.0,27345.75,25965.875,10767.44,rt,2026-01-17,2026-01-16,2026-01-16 15:00:00,21,21,17_24,TimeMixer,559.835,435.9716796875,415.9769287109375,1.0,172.88500000000005
2026-01-17 22:00:00,388.23,566.205,78311.865,10294.0025,0.0,25887.0,25840.8625,10294.0025,rt,2026-01-17,2026-01-16,2026-01-16 15:00:00,22,22,17_24,TimeMixer,566.205,418.2156982421875,404.5837707519531,1.0,177.97500000000002
2026-01-17 23:00:00,345.0,549.87,73371.9925,9695.83,0.0,23838.25,23547.9125,9695.83,rt,2026-01-17,2026-01-16,2026-01-16 15:00:00,23,23,17_24,TimeMixer,549.87,373.5462951660156,382.71392822265625,1.0,204.87
2026-01-18 00:00:00,331.011,538.057,69791.9975,8994.3125,0.0,21507.25,23000.435,8994.3125,rt,2026-01-18,2026-01-17,2026-01-17 15:00:00,0,24,17_24,TimeMixer,538.057,371.82257080078125,347.56414794921875,1.0,207.046
2026-01-18 01:00:00,316.1,383.196,67499.8225,8232.065,0.0,21149.0,21828.7575,8232.065,rt,2026-01-18,2026-01-17,2026-01-17 15:00:00,1,1,1_8,TimeMixer,383.196,329.2483825683594,316.39886474609375,1.0,67.096
2026-01-18 02:00:00,304.95,370.172,66297.8,7753.6025,0.0,21149.0,21105.1975,7753.6025,rt,2026-01-18,2026-01-17,2026-01-17 15:00:00,2,2,1_8,TimeMixer,370.172,313.9190673828125,315.6184387207031,1.0,65.22200000000004
2026-01-18 03:00:00,317.4,375.18,67081.27,7599.925,0.0,21149.0,22042.345,7599.925,rt,2026-01-18,2026-01-17,2026-01-17 15:00:00,3,3,1_8,TimeMixer,375.18,321.31903076171875,303.14874267578125,1.0,57.78000000000003
2026-01-18 04:00:00,309.35,373.549,66162.8725,7772.28,0.0,21149.0,20951.5925,7772.28,rt,2026-01-18,2026-01-17,2026-01-17 15:00:00,4,4,1_8,TimeMixer,373.549,306.5158996582031,295.53521728515625,0.0,0.0
2026-01-18 05:00:00,305.6,380.294,66244.525,8226.73,0.0,21227.0,20500.795,8226.73,rt,2026-01-18,2026-01-17,2026-01-17 15:00:00,5,5,1_8,TimeMixer,380.294,324.40765380859375,292.92938232421875,1.0,74.69399999999996
2026-01-18 06:00:00,317.5,377.262,67579.4875,8906.7175,0.23,23715.25,18667.29,8906.9475,rt,2026-01-18,2026-01-17,2026-01-17 15:00:00,6,6,1_8,TimeMixer,377.262,332.16705322265625,298.6438293457031,1.0,59.762
2026-01-18 07:00:00,284.125,360.094,69560.2525,9630.9525,5.9475,28372.25,15286.1025,9636.9,rt,2026-01-18,2026-01-17,2026-01-17 15:00:00,7,7,1_8,TimeMixer,360.094,351.7391662597656,298.21685791015625,1.0,75.969
2026-01-18 08:00:00,317.45,346.468,76786.775,10268.27,287.345,28445.75,21585.41,10555.615,rt,2026-01-18,2026-01-17,2026-01-17 15:00:00,8,8,1_8,TimeMixer,346.468,319.437255859375,260.6512145996094,1.0,29.01800000000003
2026-01-18 09:00:00,400.0,420.603,84809.4675,10889.5375,969.1625,25362.0,31502.5175,11858.7,rt,2026-01-18,2026-01-17,2026-01-17 15:00:00,9,9,9_16,TimeMixer,420.603,454.3657531738281,287.33709716796875,1.0,20.60300000000001
2026-01-18 10:00:00,425.0,816.01,90133.635,11514.5825,1759.135,22729.0,38125.9175,13273.7175,rt,2026-01-18,2026-01-17,2026-01-17 15:00:00,10,10,9_16,TimeMixer,816.01,443.7984313964844,317.50927734375,1.0,391.01
2026-01-18 11:00:00,440.0,928.834,93183.9825,12096.665,2483.51,21429.25,41157.0575,14580.175,rt,2026-01-18,2026-01-17,2026-01-17 15:00:00,11,11,9_16,TimeMixer,928.834,448.98699951171875,305.03338623046875,1.0,488.83399999999995
2026-01-18 12:00:00,463.0,1187.507,92333.2275,12624.665,3026.14,21053.5,39588.9225,15650.805,rt,2026-01-18,2026-01-17,2026-01-17 15:00:00,12,12,9_16,TimeMixer,1187.507,439.08660888671875,298.75726318359375,0.0,0.0
2026-01-18 13:00:00,452.5,942.364,89310.925,13282.3175,3135.035,21091.0,35762.5725,16417.3525,rt,2026-01-18,2026-01-17,2026-01-17 15:00:00,13,13,9_16,TimeMixer,942.364,404.0523986816406,256.0090637207031,0.0,0.0
2026-01-18 14:00:00,440.0,915.564,91379.985,14193.8525,2870.67,21261.25,37014.2125,17064.5225,rt,2026-01-18,2026-01-17,2026-01-17 15:00:00,14,14,9_16,TimeMixer,915.564,478.5871276855469,303.2452697753906,1.0,475.56399999999996
2026-01-18 15:00:00,400.0,763.658,89553.31,15209.0425,2220.76,22292.0,33791.5075,17429.8025,rt,2026-01-18,2026-01-17,2026-01-17 15:00:00,15,15,9_16,TimeMixer,763.658,515.934326171875,344.17742919921875,1.0,363.658
2026-01-18 16:00:00,400.0,448.429,87109.4175,16148.145,1339.22,23999.5,29548.8025,17487.365,rt,2026-01-18,2026-01-17,2026-01-17 15:00:00,16,16,9_16,TimeMixer,448.429,183.25645446777344,228.911865234375,0.0,0.0
2026-01-18 17:00:00,350.5,392.256,86078.6025,17006.455,497.5675,26296.25,26128.33,17504.0225,rt,2026-01-18,2026-01-17,2026-01-17 15:00:00,17,17,17_24,TimeMixer,392.256,334.5639953613281,245.46890258789062,0.0,0.0
2026-01-18 18:00:00,308.8,367.203,87728.905,17609.02,22.1,29202.75,24665.035,17631.12,rt,2026-01-18,2026-01-17,2026-01-17 15:00:00,18,18,17_24,TimeMixer,367.203,419.0462951660156,239.53102111816406,1.0,58.40299999999996
2026-01-18 19:00:00,259.1,352.152,85536.495,17831.415,0.1875,29176.0,22241.3925,17831.6025,rt,2026-01-18,2026-01-17,2026-01-17 15:00:00,19,19,17_24,TimeMixer,352.152,433.4871520996094,226.85971069335938,1.0,93.05199999999996
2026-01-18 20:00:00,245.85,348.761,84156.935,17822.3875,0.0,28024.5,22020.0475,17822.3875,rt,2026-01-18,2026-01-17,2026-01-17 15:00:00,20,20,17_24,TimeMixer,348.761,416.508056640625,195.9178466796875,1.0,102.91100000000003
2026-01-18 21:00:00,217.4,334.409,82405.1075,17822.155,0.0,27345.5,20947.4525,17822.155,rt,2026-01-18,2026-01-17,2026-01-17 15:00:00,21,21,17_24,TimeMixer,334.409,430.8675231933594,175.47933959960938,1.0,117.00899999999999
2026-01-18 22:00:00,204.088,293.944,79164.2325,17864.115,0.0,25887.0,19123.1175,17864.115,rt,2026-01-18,2026-01-17,2026-01-17 15:00:00,22,22,17_24,TimeMixer,293.944,412.5205993652344,156.60360717773438,1.0,89.85600000000002
2026-01-18 23:00:00,122.408,13.748,73470.8025,18042.845,0.0,23778.75,15359.2075,18042.845,rt,2026-01-18,2026-01-17,2026-01-17 15:00:00,23,23,17_24,TimeMixer,13.748,364.3801574707031,107.42758178710938,1.0,-108.66
2026-01-19 00:00:00,100.0,93.635,69308.54,18331.5475,0.0,21322.75,13364.2425,18331.5475,rt,2026-01-19,2026-01-18,2026-01-18 15:00:00,0,24,17_24,TimeMixer,93.635,206.91934204101562,187.100830078125,1.0,-6.364999999999995
2026-01-19 01:00:00,134.2,65.359,69110.32,17994.53,0.0,21159.5,13566.29,17994.53,rt,2026-01-19,2026-01-18,2026-01-18 15:00:00,1,1,1_8,TimeMixer,65.359,172.44224548339844,119.93544006347656,1.0,-68.841
2026-01-19 02:00:00,109.0,308.34,67649.66,18392.73,0.0,21159.0,11707.93,18392.73,rt,2026-01-19,2026-01-18,2026-01-18 15:00:00,2,2,1_8,TimeMixer,308.34,140.20028686523438,98.21502685546875,1.0,199.33999999999997
2026-01-19 03:00:00,99.75,49.944,69124.255,18907.1375,0.0,21159.25,12667.8675,18907.1375,rt,2026-01-19,2026-01-18,2026-01-18 15:00:00,3,3,1_8,TimeMixer,49.944,127.58648681640625,93.6795654296875,1.0,-49.806
2026-01-19 04:00:00,93.05,225.08,68165.215,19446.4075,0.0,21159.75,11169.0575,19446.4075,rt,2026-01-19,2026-01-18,2026-01-18 15:00:00,4,4,1_8,TimeMixer,225.08,132.43731689453125,84.03274536132812,1.0,132.03000000000003
2026-01-19 05:00:00,45.0,363.789,68397.7275,19966.39,0.0,21237.5,10803.8375,19966.39,rt,2026-01-19,2026-01-18,2026-01-18 15:00:00,5,5,1_8,TimeMixer,363.789,163.80950927734375,82.30928039550781,1.0,318.789
2026-01-19 06:00:00,29.0,361.031,70682.8475,20371.625,0.53,23715.25,10205.4425,20372.155,rt,2026-01-19,2026-01-18,2026-01-18 15:00:00,6,6,1_8,TimeMixer,361.031,181.7164306640625,84.79402160644531,1.0,332.031
2026-01-19 07:00:00,20.0,42.186,75038.04,20522.8525,9.0925,28388.0,9753.095,20531.945,rt,2026-01-19,2026-01-18,2026-01-18 15:00:00,7,7,1_8,TimeMixer,42.186,200.60952758789062,116.5665283203125,1.0,22.186
2026-01-19 08:00:00,230.513,136.777,82331.9025,20473.4425,657.8925,28450.25,16450.3175,21131.335,rt,2026-01-19,2026-01-18,2026-01-18 15:00:00,8,8,1_8,TimeMixer,136.777,236.58921813964844,200.49644470214844,1.0,-93.73600000000002
2026-01-19 09:00:00,337.5,494.958,90736.21,20328.2,3789.6375,25380.75,25051.3725,24117.8375,rt,2026-01-19,2026-01-18,2026-01-18 15:00:00,9,9,9_16,TimeMixer,494.958,155.82652282714844,213.161376953125,0.0,0.0
2026-01-19 10:00:00,350.91,553.55,90275.055,20128.6025,7613.1675,22760.0,23668.285,27741.77,rt,2026-01-19,2026-01-18,2026-01-18 15:00:00,10,10,9_16,TimeMixer,553.55,52.49726104736328,216.42538452148438,0.0,0.0
2026-01-19 11:00:00,375.0,577.792,90052.7525,19678.8875,10573.7225,21428.0,22254.6425,30252.61,rt,2026-01-19,2026-01-18,2026-01-18 15:00:00,11,11,9_16,TimeMixer,577.792,14.191951751708984,172.43218994140625,0.0,0.0
2026-01-19 12:00:00,320.0,606.354,87286.025,19057.1675,12230.2625,21060.25,18798.345,31287.43,rt,2026-01-19,2026-01-18,2026-01-18 15:00:00,12,12,9_16,TimeMixer,606.354,15.870813369750977,161.98226928710938,0.0,0.0
2026-01-19 13:00:00,270.0,534.011,83469.9325,18496.7275,12314.71,21093.0,15425.495,30811.4375,rt,2026-01-19,2026-01-18,2026-01-18 15:00:00,13,13,9_16,TimeMixer,534.011,-0.9160537719726562,120.9197769165039,0.0,0.0
2026-01-19 14:00:00,348.375,541.712,86846.6125,18073.2575,10796.74,21261.25,20575.365,28869.9975,rt,2026-01-19,2026-01-18,2026-01-18 15:00:00,14,14,9_16,TimeMixer,541.712,17.747501373291016,190.8310089111328,0.0,0.0
2026-01-19 15:00:00,359.82,559.151,87815.91,17605.865,7923.9,22293.0,23853.145,25529.765,rt,2026-01-19,2026-01-18,2026-01-18 15:00:00,15,15,9_16,TimeMixer,559.151,76.05416107177734,286.3409423828125,0.0,0.0
2026-01-19 16:00:00,474.115,614.329,88903.7325,16951.4525,4359.0925,23999.5,27419.9375,21310.545,rt,2026-01-19,2026-01-18,2026-01-18 15:00:00,16,16,9_16,TimeMixer,614.329,203.37457275390625,316.3808288574219,0.0,0.0
2026-01-19 17:00:00,579.0,569.874,91422.135,16148.395,1244.5875,26297.5,31481.6525,17392.9825,rt,2026-01-19,2026-01-18,2026-01-18 15:00:00,17,17,17_24,TimeMixer,569.874,336.3889465332031,381.96282958984375,0.0,-0.0
2026-01-19 18:00:00,590.0,545.191,93842.74,15370.9575,26.185,29221.0,32894.5975,15397.1425,rt,2026-01-19,2026-01-18,2026-01-18 15:00:00,18,18,17_24,TimeMixer,545.191,422.9535217285156,433.9473571777344,0.0,-0.0
2026-01-19 19:00:00,580.0,522.682,91318.25,14611.8675,0.0725,29198.0,31120.81,14611.94,rt,2026-01-19,2026-01-18,2026-01-18 15:00:00,19,19,17_24,TimeMixer,522.682,443.0675048828125,434.3058776855469,0.0,-0.0
2026-01-19 20:00:00,640.0,521.608,89494.325,13837.6125,0.0,28039.75,31226.9625,13837.6125,rt,2026-01-19,2026-01-18,2026-01-18 15:00:00,20,20,17_24,TimeMixer,521.608,422.9591369628906,441.59521484375,0.0,-0.0
2026-01-19 21:00:00,426.85,505.91,87601.1,13043.75,0.0,27379.25,30788.1,13043.75,rt,2026-01-19,2026-01-18,2026-01-18 15:00:00,21,21,17_24,TimeMixer,505.91,424.76983642578125,430.05792236328125,0.0,0.0
2026-01-19 22:00:00,500.0,482.918,85467.8725,12287.9625,0.0,25918.75,30871.16,12287.9625,rt,2026-01-19,2026-01-18,2026-01-18 15:00:00,22,22,17_24,TimeMixer,482.918,421.17779541015625,409.4957580566406,0.0,-0.0
2026-01-19 23:00:00,400.62,432.952,80644.4575,11580.935,0.0,23781.75,28891.7725,11580.935,rt,2026-01-19,2026-01-18,2026-01-18 15:00:00,23,23,17_24,TimeMixer,432.952,369.0417785644531,377.4237976074219,0.0,0.0
2026-01-20 00:00:00,420.5,404.828,76348.9075,10940.4175,0.0,21322.75,27695.74,10940.4175,rt,2026-01-20,2026-01-19,2026-01-19 15:00:00,0,24,17_24,TimeMixer,404.828,336.35614013671875,319.60650634765625,0.0,-0.0
2026-01-20 01:00:00,371.0,286.209,71658.7275,9855.7625,0.0,21155.75,24157.215,9855.7625,rt,2026-01-20,2026-01-19,2026-01-19 15:00:00,1,1,1_8,TimeMixer,286.209,308.4857177734375,288.2816162109375,0.0,-0.0
2026-01-20 02:00:00,355.0,290.473,70326.685,9575.685,0.0,21160.0,23101.0,9575.685,rt,2026-01-20,2026-01-19,2026-01-19 15:00:00,2,2,1_8,TimeMixer,290.473,292.8260498046875,285.63128662109375,0.0,-0.0
2026-01-20 03:00:00,365.895,312.463,71643.0575,9434.5575,0.0,21151.75,24566.75,9434.5575,rt,2026-01-20,2026-01-19,2026-01-19 15:00:00,3,3,1_8,TimeMixer,312.463,305.7471923828125,281.4456481933594,0.0,-0.0
2026-01-20 04:00:00,360.0,286.305,71027.5125,9440.645,0.0,21151.0,23945.8675,9440.645,rt,2026-01-20,2026-01-19,2026-01-19 15:00:00,4,4,1_8,TimeMixer,286.305,292.3175048828125,275.1058349609375,0.0,-0.0
2026-01-20 05:00:00,394.0,279.783,71964.2325,9492.6575,0.0,21228.5,24753.075,9492.6575,rt,2026-01-20,2026-01-19,2026-01-19 15:00:00,5,5,1_8,TimeMixer,279.783,302.003662109375,271.81103515625,0.0,-0.0
2026-01-20 06:00:00,394.0,289.627,74634.96,9397.205,0.23,23715.25,25032.275,9397.435,rt,2026-01-20,2026-01-19,2026-01-19 15:00:00,6,6,1_8,TimeMixer,289.627,323.6310729980469,267.7690124511719,0.0,-0.0
2026-01-20 07:00:00,410.0,293.643,77892.48,9146.4425,5.115,28373.5,23902.4225,9151.5575,rt,2026-01-20,2026-01-19,2026-01-19 15:00:00,7,7,1_8,TimeMixer,293.643,315.78961181640625,271.02557373046875,0.0,-0.0
2026-01-20 08:00:00,416.0,358.915,83222.18,8767.28,910.29,28451.25,28693.36,9677.57,rt,2026-01-20,2026-01-19,2026-01-19 15:00:00,8,8,1_8,TimeMixer,358.915,303.63128662109375,311.92791748046875,0.0,-0.0
2026-01-20 09:00:00,454.385,419.018,87715.7,8276.7875,5451.8775,25404.5,32296.285,13728.665,rt,2026-01-20,2026-01-19,2026-01-19 15:00:00,9,9,9_16,TimeMixer,419.018,269.579833984375,328.0399169921875,0.0,-0.0
2026-01-20 10:00:00,394.5,417.909,84339.68,7715.3725,10997.765,22984.25,26437.2925,18713.1375,rt,2026-01-20,2026-01-19,2026-01-19 15:00:00,10,10,9_16,TimeMixer,417.909,129.0118408203125,264.44921875,0.0,0.0
2026-01-20 11:00:00,327.0,440.75,82569.8125,7402.2925,14705.415,22037.5,22207.105,22107.7075,rt,2026-01-20,2026-01-19,2026-01-19 15:00:00,11,11,9_16,TimeMixer,440.75,52.944732666015625,156.4412841796875,0.0,0.0
2026-01-20 12:00:00,202.625,318.155,79447.8575,7272.0425,16516.17,21849.25,17570.395,23788.2125,rt,2026-01-20,2026-01-19,2026-01-19 15:00:00,12,12,9_16,TimeMixer,318.155,35.815330505371094,111.20430755615234,0.0,0.0
2026-01-20 13:00:00,159.375,93.261,75116.5125,7321.33,16785.44,21775.0,12994.7425,24106.77,rt,2026-01-20,2026-01-19,2026-01-19 15:00:00,13,13,9_16,TimeMixer,93.261,9.75859260559082,73.08468627929688,0.0,-0.0
2026-01-20 14:00:00,192.625,268.242,76951.4475,7357.5425,15662.8025,21719.25,15971.8525,23020.345,rt,2026-01-20,2026-01-19,2026-01-19 15:00:00,14,14,9_16,TimeMixer,268.242,53.733055114746094,132.91412353515625,0.0,0.0
2026-01-20 15:00:00,300.0,300.775,78580.005,7292.3625,12856.7375,22699.75,19491.155,20149.1,rt,2026-01-20,2026-01-19,2026-01-19 15:00:00,15,15,9_16,TimeMixer,300.775,116.44356536865234,239.1670684814453,0.0,0.0
2026-01-20 16:00:00,401.0,385.639,82462.7825,7030.015,8091.59,24295.0,26772.4275,15121.605,rt,2026-01-20,2026-01-19,2026-01-19 15:00:00,16,16,9_16,TimeMixer,385.639,223.68238830566406,332.0535888671875,0.0,-0.0
2026-01-20 17:00:00,500.0,420.699,89606.08,6696.105,2432.43,26337.75,37789.795,9128.535,rt,2026-01-20,2026-01-19,2026-01-19 15:00:00,17,17,17_24,TimeMixer,420.699,339.9102478027344,393.4866943359375,0.0,-0.0
2026-01-20 18:00:00,469.09,404.492,94778.345,6555.9325,52.8975,29203.25,42536.265,6608.83,rt,2026-01-20,2026-01-19,2026-01-19 15:00:00,18,18,17_24,TimeMixer,404.492,425.30584716796875,455.2839050292969,0.0,-0.0
2026-01-20 19:00:00,460.0,407.862,92588.27,6709.7825,0.095,29177.0,40213.8925,6709.8775,rt,2026-01-20,2026-01-19,2026-01-19 15:00:00,19,19,17_24,TimeMixer,407.862,449.1529235839844,462.45697021484375,0.0,-0.0
2026-01-20 20:00:00,476.625,406.768,90194.425,7004.0825,0.0,28026.0,38674.3425,7004.0825,rt,2026-01-20,2026-01-19,2026-01-19 15:00:00,20,20,17_24,TimeMixer,406.768,433.6322937011719,463.7103576660156,0.0,-0.0
2026-01-20 21:00:00,433.5,400.694,88700.65,7393.9925,0.0,27347.5,37469.1575,7393.9925,rt,2026-01-20,2026-01-19,2026-01-19 15:00:00,21,21,17_24,TimeMixer,400.694,428.190185546875,462.5455322265625,0.0,-0.0
2026-01-20 22:00:00,465.0,388.281,86700.645,7835.4225,0.0,25888.0,36487.2225,7835.4225,rt,2026-01-20,2026-01-19,2026-01-19 15:00:00,22,22,17_24,TimeMixer,388.281,433.63836669921875,440.1459655761719,0.0,-0.0
2026-01-20 23:00:00,414.78,361.813,81724.97,8230.9425,0.0,23784.5,33219.5275,8230.9425,rt,2026-01-20,2026-01-19,2026-01-19 15:00:00,23,23,17_24,TimeMixer,361.813,381.9940490722656,404.1797180175781,0.0,-0.0
2026-01-21 00:00:00,410.5,342.166,78058.315,8559.14,0.0,21331.0,31678.175,8559.14,rt,2026-01-21,2026-01-20,2026-01-20 15:00:00,0,24,17_24,TimeMixer,342.166,337.1869812011719,323.49090576171875,0.0,-0.0
2026-01-21 01:00:00,332.95,328.386,72122.115,9312.0175,0.0,21059.0,24961.0975,9312.0175,rt,2026-01-21,2026-01-20,2026-01-20 15:00:00,1,1,1_8,TimeMixer,328.386,310.9947814941406,294.4067077636719,0.0,-0.0
2026-01-21 02:00:00,321.45,322.103,70876.2775,9527.4275,0.0,21059.0,23499.85,9527.4275,rt,2026-01-21,2026-01-20,2026-01-20 15:00:00,2,2,1_8,TimeMixer,322.103,294.814208984375,291.3598327636719,0.0,0.0
2026-01-21 03:00:00,315.5,338.947,71778.645,9640.7675,0.0,21059.0,24288.8775,9640.7675,rt,2026-01-21,2026-01-20,2026-01-20 15:00:00,3,3,1_8,TimeMixer,338.947,306.7186584472656,289.26593017578125,0.0,0.0
2026-01-21 04:00:00,324.5,334.819,70908.94,9752.615,0.0,21059.0,23307.325,9752.615,rt,2026-01-21,2026-01-20,2026-01-20 15:00:00,4,4,1_8,TimeMixer,334.819,294.7769470214844,280.93402099609375,0.0,0.0
2026-01-21 05:00:00,318.8,337.932,71004.4625,9925.3,0.0,21137.0,23152.1625,9925.3,rt,2026-01-21,2026-01-20,2026-01-20 15:00:00,5,5,1_8,TimeMixer,337.932,301.69537353515625,280.4259033203125,0.0,0.0
2026-01-21 06:00:00,330.0,342.262,73213.1,10049.1875,0.23,22873.0,23500.6825,10049.4175,rt,2026-01-21,2026-01-20,2026-01-20 15:00:00,6,6,1_8,TimeMixer,342.262,324.8398742675781,275.3482666015625,0.0,0.0
2026-01-21 07:00:00,344.35,354.865,77360.57,10065.5025,6.8025,26275.25,24248.015,10072.305,rt,2026-01-21,2026-01-20,2026-01-20 15:00:00,7,7,1_8,TimeMixer,354.865,312.672607421875,272.03521728515625,0.0,0.0
2026-01-21 08:00:00,384.16,403.558,82696.9,9998.5175,1363.75,26898.0,27736.6325,11362.2675,rt,2026-01-21,2026-01-20,2026-01-20 15:00:00,8,8,1_8,TimeMixer,403.558,260.581298828125,322.3617858886719,0.0,0.0
2026-01-21 09:00:00,423.25,432.872,85173.075,9761.9175,7252.6125,24914.0,26658.295,17014.53,rt,2026-01-21,2026-01-20,2026-01-20 15:00:00,9,9,9_16,TimeMixer,432.872,136.9845733642578,304.09576416015625,0.0,0.0
2026-01-21 10:00:00,252.5,376.145,80803.255,9416.18,13709.5525,22547.75,18624.7725,23125.7325,rt,2026-01-21,2026-01-20,2026-01-20 15:00:00,10,10,9_16,TimeMixer,376.145,30.003578186035156,192.79583740234375,0.0,0.0
2026-01-21 11:00:00,95.0,328.876,79281.325,9119.3375,17624.0,21371.75,14648.7375,26743.3375,rt,2026-01-21,2026-01-20,2026-01-20 15:00:00,11,11,9_16,TimeMixer,328.876,-11.166572570800781,63.686092376708984,0.0,0.0
2026-01-21 12:00:00,51.875,76.285,76499.4375,8963.9125,19234.365,20893.25,10867.91,28198.2775,rt,2026-01-21,2026-01-20,2026-01-20 15:00:00,12,12,9_16,TimeMixer,76.285,-5.046619415283203,25.17521858215332,0.0,0.0
2026-01-21 13:00:00,0.0,-63.626,72166.995,8824.6875,19300.3475,21062.5,6439.46,28125.035,rt,2026-01-21,2026-01-20,2026-01-20 15:00:00,13,13,9_16,TimeMixer,-63.626,-25.67353057861328,-2.8973121643066406,0.0,-0.0
2026-01-21 14:00:00,29.045,-45.022,74175.2325,8645.91,17992.065,21578.5,9418.7575,26637.975,rt,2026-01-21,2026-01-20,2026-01-20 15:00:00,14,14,9_16,TimeMixer,-45.022,-20.426464080810547,39.00663375854492,0.0,-0.0
2026-01-21 15:00:00,133.125,-47.247,76714.8075,8420.92,14935.3975,22286.5,14531.99,23356.3175,rt,2026-01-21,2026-01-20,2026-01-20 15:00:00,15,15,9_16,TimeMixer,-47.247,31.800796508789062,155.0806884765625,0.0,-0.0
2026-01-21 16:00:00,355.5,353.393,80747.2575,8044.23,9544.025,23668.0,22917.2525,17588.255,rt,2026-01-21,2026-01-20,2026-01-20 15:00:00,16,16,9_16,TimeMixer,353.393,232.44679260253906,329.19586181640625,0.0,-0.0
2026-01-21 17:00:00,463.875,443.195,87444.405,7489.8325,2877.4625,25582.25,34844.86,10367.295,rt,2026-01-21,2026-01-20,2026-01-20 15:00:00,17,17,17_24,TimeMixer,443.195,341.6172180175781,397.20416259765625,0.0,-0.0
2026-01-21 18:00:00,465.5,463.66,92888.82,6972.0,61.9275,27603.25,41521.6425,7033.9275,rt,2026-01-21,2026-01-20,2026-01-20 15:00:00,18,18,17_24,TimeMixer,463.66,425.5840759277344,474.6165771484375,0.0,-0.0
2026-01-21 19:00:00,469.5,454.966,91009.6475,6651.8275,0.0,27079.5,40490.82,6651.8275,rt,2026-01-21,2026-01-20,2026-01-20 15:00:00,19,19,17_24,TimeMixer,454.966,449.52960205078125,495.4852294921875,0.0,-0.0
2026-01-21 20:00:00,487.79,455.928,89006.2375,6492.3325,0.0,25926.5,39797.405,6492.3325,rt,2026-01-21,2026-01-20,2026-01-20 15:00:00,20,20,17_24,TimeMixer,455.928,437.710693359375,495.2145690917969,0.0,-0.0
2026-01-21 21:00:00,470.0,450.312,86573.3975,6329.9675,0.0,25247.5,38205.93,6329.9675,rt,2026-01-21,2026-01-20,2026-01-20 15:00:00,21,21,17_24,TimeMixer,450.312,427.5870361328125,500.1177062988281,0.0,-0.0
2026-01-21 22:00:00,470.0,454.824,83516.5775,6136.585,0.0,23803.5,36786.4925,6136.585,rt,2026-01-21,2026-01-20,2026-01-20 15:00:00,22,22,17_24,TimeMixer,454.824,434.8687744140625,471.5331726074219,0.0,-0.0
2026-01-21 23:00:00,440.0,447.526,78204.4075,5934.0075,0.0,22434.75,33045.65,5934.0075,rt,2026-01-21,2026-01-20,2026-01-20 15:00:00,23,23,17_24,TimeMixer,447.526,383.5811462402344,425.39031982421875,0.0,0.0
2026-01-22 00:00:00,420.5,433.137,74180.535,5730.0925,0.0,21226.25,30434.1925,5730.0925,rt,2026-01-22,2026-01-21,2026-01-21 15:00:00,0,24,17_24,TimeMixer,433.137,351.84991455078125,360.25592041015625,0.0,0.0
2026-01-22 01:00:00,393.5,417.077,71869.15,5679.03,0.0,21059.0,28291.12,5679.03,rt,2026-01-22,2026-01-21,2026-01-21 15:00:00,1,1,1_8,TimeMixer,417.077,329.1311340332031,335.9246826171875,0.0,0.0
2026-01-22 02:00:00,384.2,409.029,70631.1275,5531.6475,0.0,21059.0,27200.48,5531.6475,rt,2026-01-22,2026-01-21,2026-01-21 15:00:00,2,2,1_8,TimeMixer,409.029,315.1225891113281,332.1678466796875,0.0,0.0
2026-01-22 03:00:00,361.0,418.834,72181.1025,5566.965,0.0,21059.0,28715.1375,5566.965,rt,2026-01-22,2026-01-21,2026-01-21 15:00:00,3,3,1_8,TimeMixer,418.834,330.3269348144531,323.51025390625,0.0,0.0
2026-01-22 04:00:00,352.0,406.272,70837.6825,5746.685,0.0,21059.0,27191.9975,5746.685,rt,2026-01-22,2026-01-21,2026-01-21 15:00:00,4,4,1_8,TimeMixer,406.272,318.0506896972656,312.4253845214844,0.0,0.0
2026-01-22 05:00:00,383.96,403.0,71039.1225,5887.1925,0.0,21137.0,27174.93,5887.1925,rt,2026-01-22,2026-01-21,2026-01-21 15:00:00,5,5,1_8,TimeMixer,403.0,316.6006774902344,313.0345153808594,0.0,0.0
2026-01-22 06:00:00,384.03,402.458,73546.245,5945.795,0.23,22873.0,27887.22,5946.025,rt,2026-01-22,2026-01-21,2026-01-21 15:00:00,6,6,1_8,TimeMixer,402.458,336.9066467285156,307.90386962890625,0.0,0.0
2026-01-22 07:00:00,367.33,402.857,78192.59,6086.1475,5.3125,26277.25,29008.88,6091.46,rt,2026-01-22,2026-01-21,2026-01-21 15:00:00,7,7,1_8,TimeMixer,402.857,327.73455810546875,300.8229064941406,0.0,0.0
2026-01-22 08:00:00,390.158,432.824,83523.33,6133.8125,1479.045,26870.25,32290.2225,7612.8575,rt,2026-01-22,2026-01-21,2026-01-21 15:00:00,8,8,1_8,TimeMixer,432.824,265.7507019042969,354.7917785644531,0.0,0.0
2026-01-22 09:00:00,419.0,410.622,84209.9125,5831.7725,7530.515,24993.0,29218.375,13362.2875,rt,2026-01-22,2026-01-21,2026-01-21 15:00:00,9,9,9_16,TimeMixer,410.622,181.7277069091797,306.460205078125,0.0,-0.0
2026-01-22 10:00:00,263.5,378.692,77618.45,5116.2075,14096.0725,22550.25,19300.92,19212.28,rt,2026-01-22,2026-01-21,2026-01-21 15:00:00,10,10,9_16,TimeMixer,378.692,70.43875122070312,160.34768676757812,0.0,0.0
2026-01-22 11:00:00,119.0,326.684,74544.12,4531.245,18116.8,21529.25,13799.325,22648.045,rt,2026-01-22,2026-01-21,2026-01-21 15:00:00,11,11,9_16,TimeMixer,326.684,18.812053680419922,31.118942260742188,0.0,0.0
2026-01-22 12:00:00,5.0,8.834,70547.3625,4511.8,19776.725,21369.0,8299.8375,24288.525,rt,2026-01-22,2026-01-21,2026-01-21 15:00:00,12,12,9_16,TimeMixer,8.834,22.7468204498291,-10.572505950927734,1.0,3.8339999999999996
2026-01-22 13:00:00,15.0,-80.0,66118.3875,4728.155,19744.9875,21371.0,3684.245,24473.1425,rt,2026-01-22,2026-01-21,2026-01-21 15:00:00,13,13,9_16,TimeMixer,-80.0,-0.1563720703125,-30.282943725585938,0.0,-0.0
2026-01-22 14:00:00,13.5,-80.0,68652.07,4899.2525,18143.365,21293.25,7726.2025,23042.6175,rt,2026-01-22,2026-01-21,2026-01-21 15:00:00,14,14,9_16,TimeMixer,-80.0,20.57864761352539,-5.921245574951172,1.0,-93.5
2026-01-22 15:00:00,96.043,-80.0,70717.37,4888.71,14489.465,22223.25,12525.945,19378.175,rt,2026-01-22,2026-01-21,2026-01-21 15:00:00,15,15,9_16,TimeMixer,-80.0,80.15409851074219,98.81175231933594,0.0,-0.0
2026-01-22 16:00:00,330.0,227.129,75372.8275,4741.1875,8851.1025,24269.0,20887.7875,13592.29,rt,2026-01-22,2026-01-21,2026-01-21 15:00:00,16,16,9_16,TimeMixer,227.129,230.4267578125,312.2797546386719,0.0,-0.0
2026-01-22 17:00:00,437.863,472.632,82728.095,4613.835,2628.5375,25957.25,32828.4725,7242.3725,rt,2026-01-22,2026-01-21,2026-01-21 15:00:00,17,17,17_24,TimeMixer,472.632,341.571044921875,382.3181457519531,0.0,0.0
2026-01-22 18:00:00,440.0,460.614,89450.94,4842.45,70.3225,27603.25,40154.9175,4912.7725,rt,2026-01-22,2026-01-21,2026-01-21 15:00:00,18,18,17_24,TimeMixer,460.614,424.54962158203125,442.6582946777344,0.0,0.0
2026-01-22 19:00:00,410.3,460.515,88254.3925,5449.685,0.0,27079.0,38888.2075,5449.685,rt,2026-01-22,2026-01-21,2026-01-21 15:00:00,19,19,17_24,TimeMixer,460.515,449.1967468261719,452.7189025878906,1.0,50.214999999999975
2026-01-22 20:00:00,424.575,463.02,86593.5375,6204.9375,0.0,25927.5,37621.1,6204.9375,rt,2026-01-22,2026-01-21,2026-01-21 15:00:00,20,20,17_24,TimeMixer,463.02,436.92755126953125,454.4356689453125,1.0,38.44499999999999
2026-01-22 21:00:00,421.98,465.233,84986.885,6937.2225,0.0,25436.0,35773.6625,6937.2225,rt,2026-01-22,2026-01-21,2026-01-21 15:00:00,21,21,17_24,TimeMixer,465.233,430.01470947265625,450.58544921875,1.0,43.252999999999986
2026-01-22 22:00:00,400.0,455.908,82836.93,7609.1475,0.0,24006.25,34381.5325,7609.1475,rt,2026-01-22,2026-01-21,2026-01-21 15:00:00,22,22,17_24,TimeMixer,455.908,433.8896179199219,436.96112060546875,1.0,55.908000000000015
2026-01-22 23:00:00,366.78,429.782,77652.0525,8113.8875,0.0,22435.75,30262.415,8113.8875,rt,2026-01-22,2026-01-21,2026-01-21 15:00:00,23,23,17_24,TimeMixer,429.782,384.2054443359375,408.43145751953125,1.0,63.00200000000001
2026-01-23 00:00:00,349.0,404.113,74182.2375,8286.525,0.0,21226.25,27829.4625,8286.525,rt,2026-01-23,2026-01-22,2026-01-22 15:00:00,0,24,17_24,TimeMixer,404.113,368.6510009765625,355.1380920410156,1.0,55.113
2026-01-23 01:00:00,330.0,309.315,70470.3625,8943.115,0.0,21058.0,23629.2475,8943.115,rt,2026-01-23,2026-01-22,2026-01-22 15:00:00,1,1,1_8,TimeMixer,309.315,345.58587646484375,334.2149963378906,1.0,-20.685000000000002
2026-01-23 02:00:00,330.0,305.87,68766.8,8633.4275,0.0,21058.0,22235.3725,8633.4275,rt,2026-01-23,2026-01-22,2026-01-22 15:00:00,2,2,1_8,TimeMixer,305.87,333.8604736328125,328.9881896972656,1.0,-24.129999999999995
2026-01-23 03:00:00,331.333,313.16,70099.785,8011.19,0.0,21058.0,24190.595,8011.19,rt,2026-01-23,2026-01-22,2026-01-22 15:00:00,3,3,1_8,TimeMixer,313.16,345.9183044433594,317.82806396484375,1.0,-18.173000000000002
2026-01-23 04:00:00,333.525,299.044,68837.2325,7164.26,0.0,21058.0,23774.9725,7164.26,rt,2026-01-23,2026-01-22,2026-01-22 15:00:00,4,4,1_8,TimeMixer,299.044,335.6246337890625,309.5455322265625,1.0,-34.480999999999995
2026-01-23 05:00:00,345.0,303.651,68837.48,6277.21,0.0,21136.0,24584.27,6277.21,rt,2026-01-23,2026-01-22,2026-01-22 15:00:00,5,5,1_8,TimeMixer,303.651,331.24072265625,310.3913269042969,0.0,-0.0
2026-01-23 06:00:00,352.0,333.252,70932.44,5412.62,0.23,22872.0,25807.59,5412.85,rt,2026-01-23,2026-01-22,2026-01-22 15:00:00,6,6,1_8,TimeMixer,333.252,346.9524841308594,303.9410095214844,0.0,-0.0
2026-01-23 07:00:00,379.5,360.505,75576.84,4640.54,5.39,26275.25,27840.66,4645.93,rt,2026-01-23,2026-01-22,2026-01-22 15:00:00,7,7,1_8,TimeMixer,360.505,339.7521667480469,294.1736755371094,0.0,-0.0
2026-01-23 08:00:00,415.0,429.635,80870.9725,3894.07,1335.165,26853.75,32037.9875,5229.235,rt,2026-01-23,2026-01-22,2026-01-22 15:00:00,8,8,1_8,TimeMixer,429.635,260.2764892578125,354.3193054199219,0.0,0.0
2026-01-23 09:00:00,422.5,641.181,82238.4625,3132.8975,6979.0375,24845.25,30645.0275,10111.935,rt,2026-01-23,2026-01-22,2026-01-22 15:00:00,9,9,9_16,TimeMixer,641.181,207.0414581298828,315.43328857421875,0.0,0.0
2026-01-23 10:00:00,337.5,347.296,76086.2675,2411.8975,13473.23,22629.5,21016.64,15885.1275,rt,2026-01-23,2026-01-22,2026-01-22 15:00:00,10,10,9_16,TimeMixer,347.296,98.59603881835938,183.1939697265625,0.0,0.0
2026-01-23 11:00:00,170.25,287.433,72020.96,2078.6975,17765.9025,21135.0,14473.86,19844.6,rt,2026-01-23,2026-01-22,2026-01-22 15:00:00,11,11,9_16,TimeMixer,287.433,43.56785583496094,50.51470184326172,0.0,0.0
2026-01-23 12:00:00,0.0,110.936,67597.76,2179.965,19838.8425,20801.5,8187.4525,22018.8075,rt,2026-01-23,2026-01-22,2026-01-22 15:00:00,12,12,9_16,TimeMixer,110.936,46.699092864990234,1.9150924682617188,1.0,110.936
2026-01-23 13:00:00,0.0,-80.0,63626.19,2382.2525,20076.0825,20832.0,3745.855,22458.335,rt,2026-01-23,2026-01-22,2026-01-22 15:00:00,13,13,9_16,TimeMixer,-80.0,20.41161346435547,-19.67794418334961,1.0,-80.0
2026-01-23 14:00:00,-6.5,127.051,65929.8775,2596.5475,18590.7325,20976.5,7176.0975,21187.28,rt,2026-01-23,2026-01-22,2026-01-22 15:00:00,14,14,9_16,TimeMixer,127.051,55.50922393798828,9.731407165527344,1.0,133.551
2026-01-23 15:00:00,60.0,281.425,68387.0125,2763.3225,15138.7825,21996.75,11898.1575,17902.105,rt,2026-01-23,2026-01-22,2026-01-22 15:00:00,15,15,9_16,TimeMixer,281.425,118.98417663574219,105.71659088134766,1.0,221.425
2026-01-23 16:00:00,313.375,345.157,73083.65,2927.39,9525.8175,23666.5,20340.1925,12453.2075,rt,2026-01-23,2026-01-22,2026-01-22 15:00:00,16,16,9_16,TimeMixer,345.157,240.15924072265625,316.060302734375,0.0,0.0
2026-01-23 17:00:00,428.405,505.344,80185.6125,3167.19,2957.265,25581.75,31779.4075,6124.455,rt,2026-01-23,2026-01-22,2026-01-22 15:00:00,17,17,17_24,TimeMixer,505.344,343.1422119140625,382.1977233886719,0.0,0.0
2026-01-23 18:00:00,445.0,481.315,86951.1175,3432.12,92.5475,27600.75,39045.7,3524.6675,rt,2026-01-23,2026-01-22,2026-01-22 15:00:00,18,18,17_24,TimeMixer,481.315,424.5111999511719,441.8103332519531,0.0,0.0
2026-01-23 19:00:00,450.0,469.468,86251.76,3550.5975,0.0,27079.25,38784.4125,3550.5975,rt,2026-01-23,2026-01-22,2026-01-22 15:00:00,19,19,17_24,TimeMixer,469.468,449.9561767578125,455.712646484375,0.0,0.0
2026-01-23 20:00:00,425.625,497.776,84548.14,3481.405,0.0,25926.5,38300.235,3481.405,rt,2026-01-23,2026-01-22,2026-01-22 15:00:00,20,20,17_24,TimeMixer,497.776,441.18157958984375,459.6483459472656,1.0,72.15100000000001
2026-01-23 21:00:00,425.0,464.458,83003.4025,3211.7375,0.0,25247.5,37704.165,3211.7375,rt,2026-01-23,2026-01-22,2026-01-22 15:00:00,21,21,17_24,TimeMixer,464.458,429.8282775878906,454.3049621582031,1.0,39.45800000000003
2026-01-23 22:00:00,474.0,476.957,80939.4525,2787.425,0.0,23789.0,37523.0275,2787.425,rt,2026-01-23,2026-01-22,2026-01-22 15:00:00,22,22,17_24,TimeMixer,476.957,435.6388244628906,441.23419189453125,0.0,0.0
2026-01-23 23:00:00,418.5,522.464,75978.6425,2374.6625,0.0,22432.75,34331.23,2374.6625,rt,2026-01-23,2026-01-22,2026-01-22 15:00:00,23,23,17_24,TimeMixer,522.464,385.3291015625,414.5919189453125,0.0,0.0
2026-01-24 00:00:00,403.0,453.815,71681.555,2001.4475,0.0,21225.25,31614.8575,2001.4475,rt,2026-01-24,2026-01-23,2026-01-23 15:00:00,0,24,17_24,TimeMixer,453.815,392.23236083984375,389.9727478027344,0.0,0.0
2026-01-24 01:00:00,398.95,371.789,70037.5325,1693.445,0.0,21057.0,30697.0875,1693.445,rt,2026-01-24,2026-01-23,2026-01-23 15:00:00,1,1,1_8,TimeMixer,371.789,378.48004150390625,382.44293212890625,0.0,-0.0
2026-01-24 02:00:00,389.05,360.548,68766.04,1518.87,0.0,21057.0,29600.17,1518.87,rt,2026-01-24,2026-01-23,2026-01-23 15:00:00,2,2,1_8,TimeMixer,360.548,373.3294372558594,376.05731201171875,0.0,-0.0
2026-01-24 03:00:00,399.04,376.692,70217.4925,1442.625,0.0,21057.0,31127.8675,1442.625,rt,2026-01-24,2026-01-23,2026-01-23 15:00:00,3,3,1_8,TimeMixer,376.692,375.91693115234375,356.5018310546875,0.0,-0.0
2026-01-24 04:00:00,393.11,359.931,69234.8125,1462.3175,0.0,21057.0,30125.495,1462.3175,rt,2026-01-24,2026-01-23,2026-01-23 15:00:00,4,4,1_8,TimeMixer,359.931,363.19317626953125,344.5915832519531,0.0,-0.0
2026-01-24 05:00:00,389.43,355.682,69306.465,1598.215,0.0,21135.0,29983.25,1598.215,rt,2026-01-24,2026-01-23,2026-01-23 15:00:00,5,5,1_8,TimeMixer,355.682,356.3441162109375,349.9158630371094,0.0,-0.0
2026-01-24 06:00:00,394.05,352.776,70968.6975,1819.2975,0.23,22871.5,29687.67,1819.5275,rt,2026-01-24,2026-01-23,2026-01-23 15:00:00,6,6,1_8,TimeMixer,352.776,363.33294677734375,339.9040832519531,0.0,-0.0
2026-01-24 07:00:00,394.013,340.769,73014.1675,2085.99,5.5075,26275.25,28082.42,2091.4975,rt,2026-01-24,2026-01-23,2026-01-23 15:00:00,7,7,1_8,TimeMixer,340.769,347.1849670410156,319.39361572265625,0.0,-0.0
2026-01-24 08:00:00,420.87,364.375,78437.795,2306.2975,1277.9925,26854.25,31499.255,3584.29,rt,2026-01-24,2026-01-23,2026-01-23 15:00:00,8,8,1_8,TimeMixer,364.375,259.3594970703125,338.9115295410156,0.0,-0.0
2026-01-24 09:00:00,420.0,381.321,79752.755,2306.6425,6906.5075,24787.75,29365.605,9213.15,rt,2026-01-24,2026-01-23,2026-01-23 15:00:00,9,9,9_16,TimeMixer,381.321,185.87059020996094,294.97698974609375,0.0,-0.0
2026-01-24 10:00:00,313.64,127.435,74754.405,1920.7725,13409.4425,22443.25,20675.94,15330.215,rt,2026-01-24,2026-01-23,2026-01-23 15:00:00,10,10,9_16,TimeMixer,127.435,91.5189437866211,191.8274383544922,0.0,-0.0
2026-01-24 11:00:00,190.0,13.113,72552.115,1479.8875,17788.8525,21124.5,15841.375,19268.74,rt,2026-01-24,2026-01-23,2026-01-23 15:00:00,11,11,9_16,TimeMixer,13.113,44.834991455078125,68.44661712646484,0.0,-0.0
2026-01-24 12:00:00,7.0,-21.122,69120.5325,1277.7275,19817.445,20766.5,10918.86,21095.1725,rt,2026-01-24,2026-01-23,2026-01-23 15:00:00,12,12,9_16,TimeMixer,-21.122,40.7401008605957,27.4539794921875,1.0,-28.122
2026-01-24 13:00:00,0.0,-80.0,64760.0075,1204.5275,19981.185,20950.25,6284.045,21185.7125,rt,2026-01-24,2026-01-23,2026-01-23 15:00:00,13,13,9_16,TimeMixer,-80.0,24.415706634521484,5.847442626953125,1.0,-80.0
2026-01-24 14:00:00,-58.75,-80.0,67547.92,1187.1675,18446.11,21202.75,10371.8925,19633.2775,rt,2026-01-24,2026-01-23,2026-01-23 15:00:00,14,14,9_16,TimeMixer,-80.0,51.05232620239258,37.27096176147461,1.0,-21.25
2026-01-24 15:00:00,155.5,-16.44,69858.375,1231.93,14928.44,22046.75,15311.255,16160.37,rt,2026-01-24,2026-01-23,2026-01-23 15:00:00,15,15,9_16,TimeMixer,-16.44,112.26056671142578,114.09748840332031,0.0,-0.0
2026-01-24 16:00:00,350.0,325.714,73932.7375,1404.6175,9274.055,23785.75,23094.565,10678.6725,rt,2026-01-24,2026-01-23,2026-01-23 15:00:00,16,16,9_16,TimeMixer,325.714,243.98487854003906,311.3110656738281,0.0,-0.0
2026-01-24 17:00:00,434.375,377.889,80939.8725,1934.76,2851.9625,25557.5,34145.65,4786.7225,rt,2026-01-24,2026-01-23,2026-01-23 15:00:00,17,17,17_24,TimeMixer,377.889,344.37030029296875,375.9582824707031,0.0,-0.0
2026-01-24 18:00:00,452.5,369.178,87793.8975,2969.3425,90.4775,27591.5,40612.5775,3059.82,rt,2026-01-24,2026-01-23,2026-01-23 15:00:00,18,18,17_24,TimeMixer,369.178,424.2690124511719,430.9610900878906,0.0,-0.0
2026-01-24 19:00:00,431.225,372.745,86384.6,4324.835,0.0,27079.5,38392.765,4324.835,rt,2026-01-24,2026-01-23,2026-01-23 15:00:00,19,19,17_24,TimeMixer,372.745,447.6358337402344,448.50067138671875,1.0,-58.48000000000002
2026-01-24 20:00:00,422.82,376.067,84530.01,5677.265,0.0,25926.75,36335.995,5677.265,rt,2026-01-24,2026-01-23,2026-01-23 15:00:00,20,20,17_24,TimeMixer,376.067,441.26873779296875,456.3606872558594,1.0,-46.752999999999986
2026-01-24 21:00:00,410.0,422.433,82898.515,6655.1975,0.0,25246.0,34407.3175,6655.1975,rt,2026-01-24,2026-01-23,2026-01-23 15:00:00,21,21,17_24,TimeMixer,422.433,431.1005554199219,451.4894714355469,1.0,12.432999999999993
2026-01-24 22:00:00,400.0,402.396,81354.785,7227.5875,0.0,23788.75,33748.4475,7227.5875,rt,2026-01-24,2026-01-23,2026-01-23 15:00:00,22,22,17_24,TimeMixer,402.396,433.5845642089844,434.95233154296875,1.0,2.396000000000015
2026-01-24 23:00:00,400.0,370.88,76707.43,7567.5175,0.0,22432.75,30117.1625,7567.5175,rt,2026-01-24,2026-01-23,2026-01-23 15:00:00,23,23,17_24,TimeMixer,370.88,384.2635192871094,412.6401062011719,0.0,-0.0
2026-01-25 00:00:00,387.09,335.225,72938.7425,7759.815,0.0,21223.5,27365.4275,7759.815,rt,2026-01-25,2026-01-24,2026-01-24 15:00:00,0,24,17_24,TimeMixer,335.225,329.2651672363281,328.22308349609375,0.0,-0.0
2026-01-25 01:00:00,329.5,301.561,69218.4625,8986.17,0.0,21072.75,22388.5425,8986.17,rt,2026-01-25,2026-01-24,2026-01-24 15:00:00,1,1,1_8,TimeMixer,301.561,323.7410888671875,310.00701904296875,0.0,-0.0
2026-01-25 02:00:00,330.0,282.316,67873.0075,9803.1675,0.0,21085.25,20213.59,9803.1675,rt,2026-01-25,2026-01-24,2026-01-24 15:00:00,2,2,1_8,TimeMixer,282.316,317.5144958496094,306.3124694824219,0.0,-0.0
2026-01-25 03:00:00,330.0,273.141,69218.9,10761.265,0.0,21089.75,20596.885,10761.265,rt,2026-01-25,2026-01-24,2026-01-24 15:00:00,3,3,1_8,TimeMixer,273.141,311.180908203125,284.0743408203125,0.0,-0.0
2026-01-25 04:00:00,315.0,85.363,68078.7825,11632.695,0.0,21084.0,18591.0875,11632.695,rt,2026-01-25,2026-01-24,2026-01-24 15:00:00,4,4,1_8,TimeMixer,85.363,303.2022705078125,278.6338806152344,0.0,-0.0
2026-01-25 05:00:00,315.0,86.544,67672.5975,12330.36,0.0,21163.25,17407.9875,12330.36,rt,2026-01-25,2026-01-24,2026-01-24 15:00:00,5,5,1_8,TimeMixer,86.544,302.159912109375,274.9522399902344,0.0,-0.0
2026-01-25 06:00:00,299.5,26.423,69103.3125,12833.97,0.23,22887.75,16610.3625,12834.2,rt,2026-01-25,2026-01-24,2026-01-24 15:00:00,6,6,1_8,TimeMixer,26.423,324.44580078125,275.22723388671875,1.0,-273.077
2026-01-25 07:00:00,241.5,-80.0,71331.8225,13131.7375,5.0475,26303.25,15145.7875,13136.785,rt,2026-01-25,2026-01-24,2026-01-24 15:00:00,7,7,1_8,TimeMixer,-80.0,275.5685729980469,246.3262176513672,1.0,-321.5
2026-01-25 08:00:00,340.0,67.228,77414.21,13126.4725,902.3275,26857.0,19847.41,14028.8,rt,2026-01-25,2026-01-24,2026-01-24 15:00:00,8,8,1_8,TimeMixer,67.228,270.4749755859375,286.73760986328125,0.0,-0.0
2026-01-25 09:00:00,358.225,192.092,81769.615,12616.4275,4502.435,24798.25,23285.2525,17118.8625,rt,2026-01-25,2026-01-24,2026-01-24 15:00:00,9,9,9_16,TimeMixer,192.092,278.5860290527344,294.5096435546875,0.0,-0.0
2026-01-25 10:00:00,328.5,-80.0,80876.8425,11741.285,8615.34,22444.0,21590.2175,20356.625,rt,2026-01-25,2026-01-24,2026-01-24 15:00:00,10,10,9_16,TimeMixer,-80.0,228.84112548828125,305.32257080078125,0.0,-0.0
2026-01-25 11:00:00,330.0,-80.0,80012.13,10930.4275,11924.9625,21125.25,19532.99,22855.39,rt,2026-01-25,2026-01-24,2026-01-24 15:00:00,11,11,9_16,TimeMixer,-80.0,218.3343963623047,256.9658203125,0.0,-0.0
2026-01-25 12:00:00,243.375,-80.0,77163.1,10170.955,13721.335,20768.5,15981.31,23892.29,rt,2026-01-25,2026-01-24,2026-01-24 15:00:00,12,12,9_16,TimeMixer,-80.0,194.97048950195312,257.526123046875,0.0,-0.0
2026-01-25 13:00:00,234.375,-80.0,74387.7775,9299.7875,13858.3025,20806.0,13902.6875,23158.09,rt,2026-01-25,2026-01-24,2026-01-24 15:00:00,13,13,9_16,TimeMixer,-80.0,184.35671997070312,227.16375732421875,0.0,-0.0
2026-01-25 14:00:00,276.5,160.21,77574.7675,8466.9525,12346.78,20976.25,19263.785,20813.7325,rt,2026-01-25,2026-01-24,2026-01-24 15:00:00,14,14,9_16,TimeMixer,160.21,215.5562744140625,270.8620910644531,0.0,-0.0
2026-01-25 15:00:00,348.0,303.185,80032.365,7771.77,9142.5725,21997.5,24599.5225,16914.3425,rt,2026-01-25,2026-01-24,2026-01-24 15:00:00,15,15,9_16,TimeMixer,303.185,283.2904357910156,291.2658386230469,0.0,-0.0
2026-01-25 16:00:00,420.0,337.436,81466.0475,7253.2825,5301.1675,23673.25,28683.5975,12554.45,rt,2026-01-25,2026-01-24,2026-01-24 15:00:00,16,16,9_16,TimeMixer,337.436,250.94149780273438,328.76708984375,0.0,-0.0
2026-01-25 17:00:00,452.43,414.759,83829.97,6976.335,1651.7225,25580.5,32990.4125,8628.0575,rt,2026-01-25,2026-01-24,2026-01-24 15:00:00,17,17,17_24,TimeMixer,414.759,345.3271789550781,385.39642333984375,0.0,-0.0
2026-01-25 18:00:00,460.0,393.081,87947.2225,7105.51,42.27,27600.75,36487.6925,7147.78,rt,2026-01-25,2026-01-24,2026-01-24 15:00:00,18,18,17_24,TimeMixer,393.081,423.9056396484375,433.2838134765625,0.0,-0.0
2026-01-25 19:00:00,462.925,357.897,86553.6375,7269.4725,0.0,27112.5,35403.165,7269.4725,rt,2026-01-25,2026-01-24,2026-01-24 15:00:00,19,19,17_24,TimeMixer,357.897,446.3930358886719,456.5936584472656,0.0,-0.0
2026-01-25 20:00:00,451.335,390.47,85022.1075,6980.1725,0.0,25991.25,35279.685,6980.1725,rt,2026-01-25,2026-01-24,2026-01-24 15:00:00,20,20,17_24,TimeMixer,390.47,442.115966796875,464.5793762207031,0.0,-0.0
2026-01-25 21:00:00,450.0,457.861,83508.99,6097.2175,0.0,25254.5,35386.2725,6097.2175,rt,2026-01-25,2026-01-24,2026-01-24 15:00:00,21,21,17_24,TimeMixer,457.861,429.9947814941406,459.43695068359375,0.0,0.0
2026-01-25 22:00:00,406.06,490.202,80689.7975,4932.6925,0.0,23814.0,35172.105,4932.6925,rt,2026-01-25,2026-01-24,2026-01-24 15:00:00,22,22,17_24,TimeMixer,490.202,431.1841735839844,438.7547912597656,1.0,84.142
2026-01-25 23:00:00,447.3,386.387,75689.1025,3879.67,0.0,22485.5,32552.9325,3879.67,rt,2026-01-25,2026-01-24,2026-01-24 15:00:00,23,23,17_24,TimeMixer,386.387,382.578369140625,416.9935302734375,0.0,-0.0
2026-01-26 00:00:00,435.0,333.527,72002.9175,3037.865,0.0,21229.0,30965.0525,3037.865,rt,2026-01-26,2026-01-25,2026-01-25 15:00:00,0,24,17_24,TimeMixer,333.527,411.3419494628906,439.8663635253906,0.0,-0.0
2026-01-26 01:00:00,416.75,331.888,67910.7675,2516.37,0.0,21161.75,27601.6475,2516.37,rt,2026-01-26,2026-01-25,2026-01-25 15:00:00,1,1,1_8,TimeMixer,331.888,396.7117919921875,418.6570739746094,0.0,-0.0
2026-01-26 02:00:00,448.5,334.93,66385.345,2019.5575,0.0,21180.75,26554.0375,2019.5575,rt,2026-01-26,2026-01-25,2026-01-25 15:00:00,2,2,1_8,TimeMixer,334.93,394.04278564453125,406.29931640625,0.0,-0.0
2026-01-26 03:00:00,430.0,334.594,67580.6775,1649.255,0.0,21169.75,28130.6725,1649.255,rt,2026-01-26,2026-01-25,2026-01-25 15:00:00,3,3,1_8,TimeMixer,334.594,392.82574462890625,378.10626220703125,0.0,-0.0
2026-01-26 04:00:00,430.0,334.254,66564.805,1378.01,0.0,21156.0,27399.795,1378.01,rt,2026-01-26,2026-01-25,2026-01-25 15:00:00,4,4,1_8,TimeMixer,334.254,380.68341064453125,367.7947082519531,0.0,-0.0
2026-01-26 05:00:00,418.75,329.854,66863.9075,1205.325,0.0,21241.5,27786.0825,1205.325,rt,2026-01-26,2026-01-25,2026-01-25 15:00:00,5,5,1_8,TimeMixer,329.854,377.7020263671875,369.4544677734375,0.0,-0.0
2026-01-26 06:00:00,420.0,329.201,69121.3275,1111.2425,0.23,23721.25,27657.605,1111.4725,rt,2026-01-26,2026-01-25,2026-01-25 15:00:00,6,6,1_8,TimeMixer,329.201,376.57000732421875,357.0621337890625,0.0,-0.0
2026-01-26 07:00:00,425.0,324.586,73523.16,1076.2125,5.1925,28382.25,27453.505,1081.405,rt,2026-01-26,2026-01-25,2026-01-25 15:00:00,7,7,1_8,TimeMixer,324.586,377.838134765625,321.9599914550781,0.0,-0.0
2026-01-26 08:00:00,464.238,332.64,80430.0075,1014.41,718.705,28495.0,33660.8925,1733.115,rt,2026-01-26,2026-01-25,2026-01-25 15:00:00,8,8,1_8,TimeMixer,332.64,320.1929016113281,312.924560546875,0.0,-0.0
2026-01-26 09:00:00,550.0,813.45,86597.66,875.29,3931.885,25478.0,39885.235,4807.175,rt,2026-01-26,2026-01-25,2026-01-25 15:00:00,9,9,9_16,TimeMixer,813.45,377.92559814453125,328.11346435546875,0.0,0.0
2026-01-26 10:00:00,530.0,1291.302,85780.66,730.7625,8046.04,22799.0,37858.8575,8776.8025,rt,2026-01-26,2026-01-25,2026-01-25 15:00:00,10,10,9_16,TimeMixer,1291.302,308.2080078125,328.08575439453125,0.0,0.0
2026-01-26 11:00:00,500.0,1275.122,84687.1725,735.4375,11666.605,21614.5,34312.13,12402.0425,rt,2026-01-26,2026-01-25,2026-01-25 15:00:00,11,11,9_16,TimeMixer,1275.122,277.0081481933594,267.4129638671875,0.0,0.0
2026-01-26 12:00:00,396.0,1051.962,81008.65,1006.0375,14154.3425,21258.75,28208.52,15160.38,rt,2026-01-26,2026-01-25,2026-01-25 15:00:00,12,12,9_16,TimeMixer,1051.962,237.26522827148438,248.66094970703125,0.0,0.0
2026-01-26 13:00:00,329.15,442.419,76109.4775,1564.1275,14896.42,21287.75,21980.18,16460.5475,rt,2026-01-26,2026-01-25,2026-01-25 15:00:00,13,13,9_16,TimeMixer,442.419,211.9492950439453,212.91708374023438,0.0,0.0
2026-01-26 14:00:00,324.175,394.373,77775.755,2231.0025,13935.9825,21473.5,23754.27,16166.985,rt,2026-01-26,2026-01-25,2026-01-25 15:00:00,14,14,9_16,TimeMixer,394.373,263.8548278808594,259.3213806152344,0.0,0.0
2026-01-26 15:00:00,232.48,356.98,78336.635,2807.7575,11539.0575,22450.5,25158.32,14346.815,rt,2026-01-26,2026-01-25,2026-01-25 15:00:00,15,15,9_16,TimeMixer,356.98,327.7550964355469,290.241455078125,1.0,124.50000000000003
2026-01-26 16:00:00,405.75,373.916,79314.47,3140.4925,7519.3175,24129.75,28110.16,10659.81,rt,2026-01-26,2026-01-25,2026-01-25 15:00:00,16,16,9_16,TimeMixer,373.916,257.8843078613281,349.9646301269531,0.0,-0.0
2026-01-26 17:00:00,491.44,486.036,82896.6,3312.4075,2520.7125,26355.0,34217.48,5833.12,rt,2026-01-26,2026-01-25,2026-01-25 15:00:00,17,17,17_24,TimeMixer,486.036,344.4140930175781,392.6911926269531,0.0,-0.0
2026-01-26 18:00:00,480.0,534.75,87868.1075,3563.875,89.2375,29261.75,38382.245,3653.1125,rt,2026-01-26,2026-01-25,2026-01-25 15:00:00,18,18,17_24,TimeMixer,534.75,426.95611572265625,437.00482177734375,0.0,0.0
2026-01-26 19:00:00,478.0,463.411,86331.4325,3982.4125,0.0,29241.5,36479.02,3982.4125,rt,2026-01-26,2026-01-25,2026-01-25 15:00:00,19,19,17_24,TimeMixer,463.411,451.17144775390625,462.6481628417969,0.0,-0.0
2026-01-26 20:00:00,433.72,401.106,84959.6225,4428.4,0.0,28032.25,35867.9725,4428.4,rt,2026-01-26,2026-01-25,2026-01-25 15:00:00,20,20,17_24,TimeMixer,401.106,446.9709167480469,471.1973876953125,1.0,-32.61400000000003
2026-01-26 21:00:00,426.32,354.098,83075.275,4583.23,0.0,27358.5,34502.545,4583.23,rt,2026-01-26,2026-01-25,2026-01-25 15:00:00,21,21,17_24,TimeMixer,354.098,424.2037353515625,464.48260498046875,0.0,-0.0
2026-01-26 22:00:00,400.0,356.098,80562.81,4528.295,0.0,25890.25,33513.265,4528.295,rt,2026-01-26,2026-01-25,2026-01-25 15:00:00,22,22,17_24,TimeMixer,356.098,437.0260314941406,438.6698913574219,1.0,-43.90199999999999
2026-01-26 23:00:00,402.5,323.133,75298.605,4476.8875,0.0,23778.75,30411.9675,4476.8875,rt,2026-01-26,2026-01-25,2026-01-25 15:00:00,23,23,17_24,TimeMixer,323.133,384.11346435546875,414.74566650390625,0.0,-0.0
2026-01-27 00:00:00,403.0,315.845,71014.3325,4433.855,0.0,21316.25,28633.2275,4433.855,rt,2026-01-27,2026-01-26,2026-01-26 15:00:00,0,24,17_24,TimeMixer,315.845,380.4013671875,421.39129638671875,0.0,-0.0
2026-01-27 01:00:00,367.5,327.456,69392.985,4486.46,4.0,21748.5,26473.025,4490.46,rt,2026-01-27,2026-01-26,2026-01-26 15:00:00,1,1,1_8,TimeMixer,327.456,372.6331481933594,388.6883850097656,1.0,-40.04399999999998
2026-01-27 02:00:00,355.0,322.468,68053.5175,4429.6525,4.0,21150.0,25788.865,4433.6525,rt,2026-01-27,2026-01-26,2026-01-26 15:00:00,2,2,1_8,TimeMixer,322.468,365.0299377441406,388.05035400390625,1.0,-32.53199999999998
2026-01-27 03:00:00,368.62,331.928,69312.7725,4408.8025,4.0,21149.75,27069.22,4412.8025,rt,2026-01-27,2026-01-26,2026-01-26 15:00:00,3,3,1_8,TimeMixer,331.928,372.014892578125,361.5975341796875,1.0,-36.69200000000001
2026-01-27 04:00:00,374.82,328.429,67899.27,4404.85,4.0,21150.0,25659.42,4408.85,rt,2026-01-27,2026-01-26,2026-01-26 15:00:00,4,4,1_8,TimeMixer,328.429,357.851318359375,345.38702392578125,0.0,-0.0
2026-01-27 05:00:00,355.0,328.237,67769.145,4423.68,4.0,21228.25,25432.215,4427.68,rt,2026-01-27,2026-01-26,2026-01-26 15:00:00,5,5,1_8,TimeMixer,328.237,351.7463684082031,343.6451416015625,0.0,-0.0
2026-01-27 06:00:00,355.0,325.141,69900.5625,4370.075,4.23,23716.25,25129.0075,4374.305,rt,2026-01-27,2026-01-26,2026-01-26 15:00:00,6,6,1_8,TimeMixer,325.141,358.5750427246094,330.4405822753906,1.0,-29.85899999999998
2026-01-27 07:00:00,367.5,324.288,74208.76,4335.0,17.325,28373.25,24827.185,4352.325,rt,2026-01-27,2026-01-26,2026-01-26 15:00:00,7,7,1_8,TimeMixer,324.288,342.7264404296875,292.9525146484375,0.0,-0.0
2026-01-27 08:00:00,391.288,362.605,79607.83,4333.3625,1375.36,28446.0,28862.1075,5708.7225,rt,2026-01-27,2026-01-26,2026-01-26 15:00:00,8,8,1_8,TimeMixer,362.605,323.5662536621094,331.7433166503906,0.0,-0.0
2026-01-27 09:00:00,416.25,461.351,81468.425,4175.315,6995.12,25362.75,28457.99,11170.435,rt,2026-01-27,2026-01-26,2026-01-26 15:00:00,9,9,9_16,TimeMixer,461.351,236.478759765625,317.44580078125,0.0,0.0
2026-01-27 10:00:00,300.0,276.831,76742.4025,3640.655,13128.3,22730.25,20847.1975,16768.955,rt,2026-01-27,2026-01-26,2026-01-26 15:00:00,10,10,9_16,TimeMixer,276.831,96.73426818847656,286.881591796875,0.0,-0.0
2026-01-27 11:00:00,197.5,244.008,73748.2425,3050.84,17318.0575,21409.75,15561.095,20368.8975,rt,2026-01-27,2026-01-26,2026-01-26 15:00:00,11,11,9_16,TimeMixer,244.008,20.38348960876465,212.37124633789062,0.0,0.0
2026-01-27 12:00:00,0.0,103.769,69989.61,2555.4125,19400.8075,21053.75,10548.64,21956.22,rt,2026-01-27,2026-01-26,2026-01-26 15:00:00,12,12,9_16,TimeMixer,103.769,-11.181171417236328,167.87074279785156,0.0,0.0
2026-01-27 13:00:00,-23.0,-6.38,65915.6525,2134.1125,19421.575,21091.5,6837.465,21555.6875,rt,2026-01-27,2026-01-26,2026-01-26 15:00:00,13,13,9_16,TimeMixer,-6.38,-18.757553100585938,144.6269989013672,1.0,16.62
2026-01-27 14:00:00,1.0,259.493,69141.605,1882.555,17436.585,21262.25,12129.215,19319.14,rt,2026-01-27,2026-01-26,2026-01-26 15:00:00,14,14,9_16,TimeMixer,259.493,-7.630283355712891,185.4273223876953,0.0,0.0
2026-01-27 15:00:00,158.0,293.262,71997.79,1748.9,13508.135,22293.25,18016.505,15257.035,rt,2026-01-27,2026-01-26,2026-01-26 15:00:00,15,15,9_16,TimeMixer,293.262,57.2476921081543,235.5502471923828,0.0,0.0
2026-01-27 16:00:00,355.0,355.313,76701.4125,1709.48,8113.4575,24005.0,26408.725,9822.9375,rt,2026-01-27,2026-01-26,2026-01-26 15:00:00,16,16,9_16,TimeMixer,355.313,260.39208984375,344.55322265625,0.0,0.0
2026-01-27 17:00:00,435.84,396.675,82748.4475,1876.4375,2626.7375,26303.75,35400.5225,4503.175,rt,2026-01-27,2026-01-26,2026-01-26 15:00:00,17,17,17_24,TimeMixer,396.675,344.31561279296875,398.29345703125,0.0,-0.0
2026-01-27 18:00:00,427.075,362.823,88276.935,2418.855,99.96,29207.75,39929.37,2518.815,rt,2026-01-27,2026-01-26,2026-01-26 15:00:00,18,18,17_24,TimeMixer,362.823,425.7737121582031,442.746826171875,0.0,-0.0
2026-01-27 19:00:00,442.91,369.22,87169.4775,3168.19,4.0,29175.75,38143.0375,3172.19,rt,2026-01-27,2026-01-26,2026-01-26 15:00:00,19,19,17_24,TimeMixer,369.22,448.6630859375,472.2004699707031,1.0,-73.69
2026-01-27 20:00:00,421.5,382.194,85067.4525,3885.1275,4.0,28024.5,36472.825,3889.1275,rt,2026-01-27,2026-01-26,2026-01-26 15:00:00,20,20,17_24,TimeMixer,382.194,445.287841796875,475.922607421875,1.0,-39.30599999999998
2026-01-27 21:00:00,417.57,375.904,83599.635,4442.285,4.0,27345.5,35126.85,4446.285,rt,2026-01-27,2026-01-26,2026-01-26 15:00:00,21,21,17_24,TimeMixer,375.904,422.2671813964844,473.8086242675781,1.0,-41.666
2026-01-27 22:00:00,401.79,368.057,81198.6275,4847.89,4.0,25887.0,33778.7375,4851.89,rt,2026-01-27,2026-01-26,2026-01-26 15:00:00,22,22,17_24,TimeMixer,368.057,433.80126953125,444.4285583496094,1.0,-33.733000000000004
2026-01-27 23:00:00,397.5,339.641,76242.9375,5147.66,4.0,23779.75,30630.5275,5151.66,rt,2026-01-27,2026-01-26,2026-01-26 15:00:00,23,23,17_24,TimeMixer,339.641,379.3616638183594,417.90863037109375,0.0,-0.0
2026-01-28 00:00:00,387.0,328.505,72568.055,5432.5075,4.0,21317.25,29133.2975,5436.5075,rt,2026-01-28,2026-01-27,2026-01-27 15:00:00,0,24,17_24,TimeMixer,328.505,375.02850341796875,403.3399658203125,0.0,-0.0
2026-01-28 01:00:00,322.662,307.809,68974.15,6235.2775,0.0,21150.25,24957.6225,6235.2775,rt,2026-01-28,2026-01-27,2026-01-27 15:00:00,1,1,1_8,TimeMixer,307.809,369.7533264160156,380.2040100097656,1.0,-14.852999999999952
2026-01-28 02:00:00,319.0,300.599,67682.6925,6280.035,0.0,21150.75,23620.9075,6280.035,rt,2026-01-28,2026-01-27,2026-01-27 15:00:00,2,2,1_8,TimeMixer,300.599,360.8960266113281,378.2236633300781,1.0,-18.40100000000001
2026-01-28 03:00:00,329.0,307.591,68942.39,6028.3375,0.0,21150.5,25132.5525,6028.3375,rt,2026-01-28,2026-01-27,2026-01-27 15:00:00,3,3,1_8,TimeMixer,307.591,367.2896423339844,349.88525390625,1.0,-21.408999999999992
2026-01-28 04:00:00,328.5,299.844,67545.825,5603.3475,0.0,21152.0,24203.7275,5603.3475,rt,2026-01-28,2026-01-27,2026-01-27 15:00:00,4,4,1_8,TimeMixer,299.844,352.5007019042969,335.823486328125,1.0,-28.656000000000006
2026-01-28 05:00:00,335.0,302.857,67786.185,5261.86,0.0,21229.25,24808.075,5261.86,rt,2026-01-28,2026-01-27,2026-01-27 15:00:00,5,5,1_8,TimeMixer,302.857,345.8717041015625,332.8857421875,1.0,-32.14299999999997
2026-01-28 06:00:00,327.5,303.19,69809.1125,5095.1475,0.23,23717.25,24629.735,5095.3775,rt,2026-01-28,2026-01-27,2026-01-27 15:00:00,6,6,1_8,TimeMixer,303.19,354.2747497558594,320.9250793457031,1.0,-24.310000000000002
2026-01-28 07:00:00,338.125,302.427,74155.5125,5035.96,14.27,28373.75,24435.5325,5050.23,rt,2026-01-28,2026-01-27,2026-01-27 15:00:00,7,7,1_8,TimeMixer,302.427,330.4771423339844,282.8663635253906,0.0,-0.0
2026-01-28 08:00:00,385.0,327.586,79878.9425,4848.565,1203.645,28447.0,29148.7325,6052.21,rt,2026-01-28,2026-01-27,2026-01-27 15:00:00,8,8,1_8,TimeMixer,327.586,300.25439453125,326.43634033203125,0.0,-0.0
2026-01-28 09:00:00,443.025,360.272,82906.135,4430.6,5911.535,25362.25,31084.5,10342.135,rt,2026-01-28,2026-01-27,2026-01-27 15:00:00,9,9,9_16,TimeMixer,360.272,305.43524169921875,339.22955322265625,0.0,-0.0
2026-01-28 10:00:00,370.0,328.581,79492.2125,3585.62,11092.27,22728.75,26049.5725,14677.89,rt,2026-01-28,2026-01-27,2026-01-27 15:00:00,10,10,9_16,TimeMixer,328.581,210.07510375976562,336.2415466308594,0.0,-0.0
2026-01-28 11:00:00,308.96,317.725,76985.84,2851.7775,14820.7275,21411.0,21853.835,17672.505,rt,2026-01-28,2026-01-27,2026-01-27 15:00:00,11,11,9_16,TimeMixer,317.725,163.35617065429688,291.0498962402344,0.0,0.0
2026-01-28 12:00:00,231.75,307.019,73131.26,2526.0525,16614.29,21053.25,16866.6675,19140.3425,rt,2026-01-28,2026-01-27,2026-01-27 15:00:00,12,12,9_16,TimeMixer,307.019,126.4156494140625,266.228515625,0.0,0.0
2026-01-28 13:00:00,81.0,264.582,68845.2975,2342.445,16625.2825,21090.5,12716.07,18967.7275,rt,2026-01-28,2026-01-27,2026-01-27 15:00:00,13,13,9_16,TimeMixer,264.582,114.26080322265625,235.94732666015625,1.0,183.582
2026-01-28 14:00:00,236.0,305.702,71907.1925,2241.835,14883.385,21261.5,17449.4725,17125.22,rt,2026-01-28,2026-01-27,2026-01-27 15:00:00,14,14,9_16,TimeMixer,305.702,148.4417266845703,272.2354431152344,0.0,0.0
2026-01-28 15:00:00,298.5,322.207,74023.15,2295.58,11502.325,22289.75,21864.495,13797.905,rt,2026-01-28,2026-01-27,2026-01-27 15:00:00,15,15,9_16,TimeMixer,322.207,216.33294677734375,296.6512451171875,0.0,0.0
2026-01-28 16:00:00,369.0,349.929,76906.9625,2528.35,7121.7125,23996.75,27155.4,9650.0625,rt,2026-01-28,2026-01-27,2026-01-27 15:00:00,16,16,9_16,TimeMixer,349.929,257.53021240234375,345.0722961425781,0.0,-0.0
2026-01-28 17:00:00,420.0,366.493,82352.765,2991.5275,2450.61,26301.25,34428.3775,5442.1375,rt,2026-01-28,2026-01-27,2026-01-27 15:00:00,17,17,17_24,TimeMixer,366.493,343.9969787597656,397.50872802734375,0.0,-0.0
2026-01-28 18:00:00,503.38,350.387,87859.66,3627.2625,112.9225,29206.25,38652.225,3740.185,rt,2026-01-28,2026-01-27,2026-01-27 15:00:00,18,18,17_24,TimeMixer,350.387,424.9571533203125,434.35211181640625,0.0,-0.0
2026-01-28 19:00:00,430.0,355.658,86519.4775,4236.3075,0.0,29176.0,36788.67,4236.3075,rt,2026-01-28,2026-01-27,2026-01-27 15:00:00,19,19,17_24,TimeMixer,355.658,446.7503967285156,459.8871765136719,1.0,-74.34199999999998
2026-01-28 20:00:00,408.75,355.044,84157.9175,4706.78,0.0,28024.75,35105.3875,4706.78,rt,2026-01-28,2026-01-27,2026-01-27 15:00:00,20,20,17_24,TimeMixer,355.044,442.7738952636719,463.8848876953125,1.0,-53.70600000000002
2026-01-28 21:00:00,395.0,347.462,82552.3725,4852.3325,0.0,27345.25,34033.79,4852.3325,rt,2026-01-28,2026-01-27,2026-01-27 15:00:00,21,21,17_24,TimeMixer,347.462,421.3946228027344,460.4812316894531,1.0,-47.53800000000001
2026-01-28 22:00:00,396.0,350.397,80548.6275,4779.6325,0.0,25887.5,33560.495,4779.6325,rt,2026-01-28,2026-01-27,2026-01-27 15:00:00,22,22,17_24,TimeMixer,350.397,431.1310729980469,430.2848815917969,1.0,-45.60300000000001
2026-01-28 23:00:00,370.0,335.955,75592.9375,4626.0225,0.0,23779.5,30866.415,4626.0225,rt,2026-01-28,2026-01-27,2026-01-27 15:00:00,23,23,17_24,TimeMixer,335.955,376.2022705078125,405.8358459472656,1.0,-34.045000000000016
2026-01-29 00:00:00,360.0,328.687,71918.055,4378.585,0.0,21310.0,29908.47,4378.585,rt,2026-01-29,2026-01-28,2026-01-28 15:00:00,0,24,17_24,TimeMixer,328.687,369.8255615234375,398.385498046875,1.0,-31.312999999999988
2026-01-29 01:00:00,328.0,327.123,68478.3725,4656.62,0.0,20908.0,26692.7525,4656.62,rt,2026-01-29,2026-01-28,2026-01-28 15:00:00,1,1,1_8,TimeMixer,327.123,364.5561218261719,376.20263671875,1.0,-0.8770000000000095
2026-01-29 02:00:00,328.0,331.888,67089.4725,4597.5475,0.0,20907.0,25363.925,4597.5475,rt,2026-01-29,2026-01-28,2026-01-28 15:00:00,2,2,1_8,TimeMixer,331.888,357.04241943359375,374.78668212890625,1.0,3.887999999999977
2026-01-29 03:00:00,318.4,330.81,68317.96,4722.355,0.0,20907.25,26467.355,4722.355,rt,2026-01-29,2026-01-28,2026-01-28 15:00:00,3,3,1_8,TimeMixer,330.81,365.0089111328125,347.7425231933594,1.0,12.410000000000025
2026-01-29 04:00:00,318.24,326.405,67078.9575,5004.6475,0.0,20905.0,24948.31,5004.6475,rt,2026-01-29,2026-01-28,2026-01-28 15:00:00,4,4,1_8,TimeMixer,326.405,349.515380859375,335.45074462890625,1.0,8.164999999999964
2026-01-29 05:00:00,315.85,324.865,67160.765,5479.3275,0.0,20982.75,24477.6875,5479.3275,rt,2026-01-29,2026-01-28,2026-01-28 15:00:00,5,5,1_8,TimeMixer,324.865,341.9564208984375,332.20849609375,1.0,9.014999999999986
2026-01-29 06:00:00,315.0,325.09,69408.2275,6109.6675,0.23,23474.0,23603.33,6109.8975,rt,2026-01-29,2026-01-28,2026-01-28 15:00:00,6,6,1_8,TimeMixer,325.09,352.4322204589844,318.9599914550781,1.0,10.089999999999975
2026-01-29 07:00:00,291.0,322.403,73720.135,6783.45,17.69,28131.25,22591.745,6801.14,rt,2026-01-29,2026-01-28,2026-01-28 15:00:00,7,7,1_8,TimeMixer,322.403,329.7856140136719,285.3594055175781,1.0,31.40300000000002
2026-01-29 08:00:00,345.0,324.584,80069.09,7313.8775,829.29,28150.5,27644.4225,8143.1675,rt,2026-01-29,2026-01-28,2026-01-28 15:00:00,8,8,1_8,TimeMixer,324.584,324.3799743652344,318.24822998046875,0.0,-0.0
2026-01-29 09:00:00,461.11,338.219,87052.5,7440.7075,3817.0575,24906.0,34871.485,11257.765,rt,2026-01-29,2026-01-28,2026-01-28 15:00:00,9,9,9_16,TimeMixer,338.219,363.5379943847656,351.98907470703125,0.0,-0.0
2026-01-29 10:00:00,500.0,325.224,87270.525,7090.21,7291.315,22369.5,34583.5,14381.525,rt,2026-01-29,2026-01-28,2026-01-28 15:00:00,10,10,9_16,TimeMixer,325.224,337.5418701171875,367.0631408691406,0.0,-0.0
2026-01-29 11:00:00,426.25,311.089,86744.26,6512.49,10274.9375,21329.75,32678.5825,16787.4275,rt,2026-01-29,2026-01-28,2026-01-28 15:00:00,11,11,9_16,TimeMixer,311.089,338.51531982421875,354.5739440917969,0.0,-0.0
2026-01-29 12:00:00,390.0,322.114,83465.8675,5970.2975,12073.3775,20838.5,28612.6925,18043.675,rt,2026-01-29,2026-01-28,2026-01-28 15:00:00,12,12,9_16,TimeMixer,322.114,319.4602966308594,354.4239501953125,0.0,-0.0
2026-01-29 13:00:00,382.0,316.567,78492.9225,5767.1075,12391.5425,20756.5,23606.7725,18158.65,rt,2026-01-29,2026-01-28,2026-01-28 15:00:00,13,13,9_16,TimeMixer,316.567,291.6488952636719,315.4862365722656,0.0,-0.0
2026-01-29 14:00:00,360.0,312.127,80711.4475,5925.715,11123.1375,20926.0,26765.595,17048.8525,rt,2026-01-29,2026-01-28,2026-01-28 15:00:00,14,14,9_16,TimeMixer,312.127,315.8127746582031,345.3580627441406,0.0,-0.0
2026-01-29 15:00:00,360.0,315.491,81753.1375,6498.8225,8545.5625,22092.5,28645.2525,15044.385,rt,2026-01-29,2026-01-28,2026-01-28 15:00:00,15,15,9_16,TimeMixer,315.491,366.58807373046875,346.4533996582031,1.0,-44.509000000000015
2026-01-29 16:00:00,380.0,338.239,82514.0525,7294.155,5212.3025,23510.5,30492.345,12506.4575,rt,2026-01-29,2026-01-28,2026-01-28 15:00:00,16,16,9_16,TimeMixer,338.239,253.1273193359375,349.11297607421875,0.0,-0.0
2026-01-29 17:00:00,400.0,357.699,84636.465,8005.145,1823.1825,25880.25,32846.8875,9828.3275,rt,2026-01-29,2026-01-28,2026-01-28 15:00:00,17,17,17_24,TimeMixer,357.699,343.64630126953125,402.875732421875,0.0,-0.0
2026-01-29 18:00:00,414.55,353.771,88010.2825,8630.7475,88.8225,28792.25,34337.4625,8719.57,rt,2026-01-29,2026-01-28,2026-01-28 15:00:00,18,18,17_24,TimeMixer,353.771,424.106689453125,428.1094970703125,1.0,-60.778999999999996
2026-01-29 19:00:00,378.45,335.223,87358.6925,9090.5225,0.0275,28793.25,33256.3925,9090.55,rt,2026-01-29,2026-01-28,2026-01-28 15:00:00,19,19,17_24,TimeMixer,335.223,443.48199462890625,451.57708740234375,1.0,-43.226999999999975
2026-01-29 20:00:00,370.0,331.923,85465.25,9243.0925,0.0,27640.25,32360.9075,9243.0925,rt,2026-01-29,2026-01-28,2026-01-28 15:00:00,20,20,17_24,TimeMixer,331.923,438.977294921875,456.4483337402344,1.0,-38.077
2026-01-29 21:00:00,364.0,330.0,83689.9125,9015.8825,0.0,26961.5,31491.53,9015.8825,rt,2026-01-29,2026-01-28,2026-01-28 15:00:00,21,21,17_24,TimeMixer,330.0,418.38397216796875,450.0279235839844,1.0,-34.0
2026-01-29 22:00:00,368.0,332.565,81332.81,8459.9025,0.0,25557.0,31094.9075,8459.9025,rt,2026-01-29,2026-01-28,2026-01-28 15:00:00,22,22,17_24,TimeMixer,332.565,423.82025146484375,415.7146301269531,1.0,-35.435
2026-01-29 23:00:00,325.0,319.071,76008.9775,7778.11,0.0,23538.0,28471.8675,7778.11,rt,2026-01-29,2026-01-28,2026-01-28 15:00:00,23,23,17_24,TimeMixer,319.071,368.67926025390625,389.72308349609375,1.0,-5.928999999999974
2026-01-30 00:00:00,323.5,312.553,71943.8375,7172.7725,0.0,21083.75,27466.315,7172.7725,rt,2026-01-30,2026-01-29,2026-01-29 15:00:00,0,24,17_24,TimeMixer,312.553,384.6933898925781,398.4843444824219,1.0,-10.947000000000003
2026-01-30 01:00:00,324.375,338.337,68942.985,6128.4425,0.0,21148.5,25445.0425,6128.4425,rt,2026-01-30,2026-01-29,2026-01-29 15:00:00,1,1,1_8,TimeMixer,338.337,380.7894592285156,374.5618591308594,1.0,13.961999999999989
2026-01-30 02:00:00,315.625,340.402,67585.27,5690.24,0.0,21148.5,24525.53,5690.24,rt,2026-01-30,2026-01-29,2026-01-29 15:00:00,2,2,1_8,TimeMixer,340.402,373.8724060058594,374.7733459472656,1.0,24.776999999999987
2026-01-30 03:00:00,347.16,344.076,68180.2925,5295.1975,0.0,21148.5,25515.595,5295.1975,rt,2026-01-30,2026-01-29,2026-01-29 15:00:00,3,3,1_8,TimeMixer,344.076,378.5509033203125,348.5242004394531,1.0,-3.084000000000003
2026-01-30 04:00:00,324.0,340.974,67278.8325,5005.2625,0.0,21147.25,24905.32,5005.2625,rt,2026-01-30,2026-01-29,2026-01-29 15:00:00,4,4,1_8,TimeMixer,340.974,363.2976379394531,336.30419921875,1.0,16.97399999999999
2026-01-30 05:00:00,345.84,336.943,67541.605,4844.905,0.0,21226.25,25249.45,4844.905,rt,2026-01-30,2026-01-29,2026-01-29 15:00:00,5,5,1_8,TimeMixer,336.943,356.3701171875,332.6719970703125,1.0,-8.896999999999991
2026-01-30 06:00:00,325.5,332.74,69949.2675,4697.1125,0.23,23714.25,25316.675,4697.3425,rt,2026-01-30,2026-01-29,2026-01-29 15:00:00,6,6,1_8,TimeMixer,332.74,362.43988037109375,318.30731201171875,1.0,7.240000000000009
2026-01-30 07:00:00,360.0,331.233,74402.6125,4500.97,24.4275,28372.25,25308.965,4525.3975,rt,2026-01-30,2026-01-29,2026-01-29 15:00:00,7,7,1_8,TimeMixer,331.233,348.5925598144531,287.6887512207031,0.0,-0.0
2026-01-30 08:00:00,364.976,335.575,81461.895,4188.2725,747.69,28444.25,31950.6825,4935.9625,rt,2026-01-30,2026-01-29,2026-01-29 15:00:00,8,8,1_8,TimeMixer,335.575,333.2491149902344,326.49847412109375,0.0,-0.0
2026-01-30 09:00:00,637.5,349.791,89526.645,3670.3125,3315.59,25359.5,41163.9925,6985.9025,rt,2026-01-30,2026-01-29,2026-01-29 15:00:00,9,9,9_16,TimeMixer,349.791,374.76190185546875,363.951171875,0.0,-0.0
2026-01-30 10:00:00,523.0,332.772,89620.2875,3079.91,6511.6775,22726.25,41366.45,9591.5875,rt,2026-01-30,2026-01-29,2026-01-29 15:00:00,10,10,9_16,TimeMixer,332.772,356.3777160644531,375.8977355957031,0.0,-0.0
2026-01-30 11:00:00,500.0,17.177,88787.8975,2590.505,9653.615,21408.75,39186.5275,12244.12,rt,2026-01-30,2026-01-29,2026-01-29 15:00:00,11,11,9_16,TimeMixer,17.177,355.202392578125,359.4468994140625,0.0,-0.0
2026-01-30 12:00:00,500.0,-74.77,85075.4925,2123.615,11989.1325,21049.25,33942.495,14112.7475,rt,2026-01-30,2026-01-29,2026-01-29 15:00:00,12,12,9_16,TimeMixer,-74.77,339.7876281738281,356.4895935058594,0.0,-0.0
2026-01-30 13:00:00,436.84,-80.0,78698.19,1696.34,12822.6075,21149.0,27059.2425,14518.9475,rt,2026-01-30,2026-01-29,2026-01-29 15:00:00,13,13,9_16,TimeMixer,-80.0,301.99249267578125,315.04315185546875,0.0,-0.0
2026-01-30 14:00:00,392.725,140.158,79757.465,1396.11,11875.99,21362.25,29152.115,13272.1,rt,2026-01-30,2026-01-29,2026-01-29 15:00:00,14,14,9_16,TimeMixer,140.158,327.49786376953125,344.1424560546875,0.0,-0.0
2026-01-30 15:00:00,417.68,342.394,80178.715,1270.945,9474.2775,22290.75,31171.7425,10745.2225,rt,2026-01-30,2026-01-29,2026-01-29 15:00:00,15,15,9_16,TimeMixer,342.394,375.8815002441406,347.66705322265625,0.0,-0.0
2026-01-30 16:00:00,417.02,355.427,81124.395,1262.475,6011.8425,24006.0,33839.3275,7274.3175,rt,2026-01-30,2026-01-29,2026-01-29 15:00:00,16,16,9_16,TimeMixer,355.427,262.42669677734375,355.09014892578125,0.0,-0.0
2026-01-30 17:00:00,435.79,365.734,84150.54,1296.9125,2184.4875,26307.75,38280.39,3481.4,rt,2026-01-30,2026-01-29,2026-01-29 15:00:00,17,17,17_24,TimeMixer,365.734,344.75640869140625,411.54071044921875,0.0,-0.0
2026-01-30 18:00:00,467.08,373.575,88856.0175,1473.7525,106.055,29204.75,41910.46,1579.8075,rt,2026-01-30,2026-01-29,2026-01-29 15:00:00,18,18,17_24,TimeMixer,373.575,424.60260009765625,442.5533447265625,0.0,-0.0
2026-01-30 19:00:00,440.5,366.11,87619.4775,1775.6725,0.0425,29176.0,40449.2625,1775.715,rt,2026-01-30,2026-01-29,2026-01-29 15:00:00,19,19,17_24,TimeMixer,366.11,445.34429931640625,469.9659423828125,1.0,-74.38999999999999
2026-01-30 20:00:00,433.34,361.049,85257.9175,2105.435,0.0,28023.75,38907.7325,2105.435,rt,2026-01-30,2026-01-29,2026-01-29 15:00:00,20,20,17_24,TimeMixer,361.049,443.6167297363281,467.74969482421875,1.0,-72.291
2026-01-30 21:00:00,422.31,356.611,83652.3725,2358.0625,0.0,27344.25,37729.06,2358.0625,rt,2026-01-30,2026-01-29,2026-01-29 15:00:00,21,21,17_24,TimeMixer,356.611,420.85528564453125,466.2266540527344,0.0,-0.0
2026-01-30 22:00:00,406.86,357.841,81648.6275,2556.22,0.0,25885.5,36985.9075,2556.22,rt,2026-01-30,2026-01-29,2026-01-29 15:00:00,22,22,17_24,TimeMixer,357.841,428.7733154296875,427.13482666015625,1.0,-49.019000000000005
2026-01-30 23:00:00,397.5,341.383,76692.9375,2685.2275,0.0,23779.25,34007.46,2685.2275,rt,2026-01-30,2026-01-29,2026-01-29 15:00:00,23,23,17_24,TimeMixer,341.383,375.46978759765625,395.268798828125,0.0,-0.0
2026-01-31 00:00:00,390.0,334.715,73018.055,2613.3025,0.0,20803.75,33380.0025,2613.3025,rt,2026-01-31,2026-01-30,2026-01-30 15:00:00,0,24,17_24,TimeMixer,334.715,390.0736083984375,437.0859680175781,1.0,-55.285000000000025
2026-01-31 01:00:00,377.5,328.152,69208.19,2587.4175,0.0,19754.5,30785.2725,2587.4175,rt,2026-01-31,2026-01-30,2026-01-30 15:00:00,1,1,1_8,TimeMixer,328.152,385.7044677734375,407.00933837890625,1.0,-49.34800000000001
2026-01-31 02:00:00,371.5,323.691,67488.8425,2358.8825,0.0,19765.0,29283.96,2358.8825,rt,2026-01-31,2026-01-30,2026-01-30 15:00:00,2,2,1_8,TimeMixer,323.691,379.57440185546875,405.78955078125,1.0,-47.809000000000026
2026-01-31 03:00:00,350.0,327.755,68700.09,2111.7075,0.0,19777.5,30729.8825,2111.7075,rt,2026-01-31,2026-01-30,2026-01-30 15:00:00,3,3,1_8,TimeMixer,327.755,380.4826965332031,379.0804443359375,1.0,-22.245000000000005
2026-01-31 04:00:00,345.875,322.014,67338.6625,1903.71,0.0,19800.5,29553.4525,1903.71,rt,2026-01-31,2026-01-30,2026-01-30 15:00:00,4,4,1_8,TimeMixer,322.014,366.31915283203125,363.529052734375,1.0,-23.86099999999999
2026-01-31 05:00:00,350.0,320.572,67243.535,1818.4125,0.0,19856.75,29487.3725,1818.4125,rt,2026-01-31,2026-01-30,2026-01-30 15:00:00,5,5,1_8,TimeMixer,320.572,361.032470703125,362.0723876953125,1.0,-29.427999999999997
2026-01-31 06:00:00,327.0,314.049,68663.0925,1846.5425,0.23,22270.0,28465.32,1846.7725,rt,2026-01-31,2026-01-30,2026-01-30 15:00:00,6,6,1_8,TimeMixer,314.049,363.90155029296875,350.15277099609375,1.0,-12.951000000000022
2026-01-31 07:00:00,357.5,294.907,70607.72,1929.6625,7.8575,27110.5,25503.7,1937.52,rt,2026-01-31,2026-01-30,2026-01-30 15:00:00,7,7,1_8,TimeMixer,294.907,354.1898193359375,315.52764892578125,0.0,-0.0
2026-01-31 08:00:00,366.6,327.533,77205.575,1950.9975,872.825,27921.25,30469.5025,2823.8225,rt,2026-01-31,2026-01-30,2026-01-30 15:00:00,8,8,1_8,TimeMixer,327.533,333.6326904296875,331.49163818359375,0.0,-0.0
2026-01-31 09:00:00,396.5,357.006,82754.7875,1896.6075,4410.145,25291.75,35245.285,6306.7525,rt,2026-01-31,2026-01-30,2026-01-30 15:00:00,9,9,9_16,TimeMixer,357.006,369.3735656738281,369.4703063964844,0.0,-0.0
2026-01-31 10:00:00,366.388,356.588,81248.2925,1795.225,8591.01,22089.0,32932.0575,10386.235,rt,2026-01-31,2026-01-30,2026-01-30 15:00:00,10,10,9_16,TimeMixer,356.588,363.8643798828125,375.51580810546875,0.0,-0.0
2026-01-31 11:00:00,380.0,354.713,79966.775,1846.6,11979.8475,20373.75,29935.5775,13826.4475,rt,2026-01-31,2026-01-30,2026-01-30 15:00:00,11,11,9_16,TimeMixer,354.713,364.68548583984375,352.24298095703125,0.0,-0.0
2026-01-31 12:00:00,314.3,348.906,77254.5125,2090.385,13990.9675,20606.0,24736.16,16081.3525,rt,2026-01-31,2026-01-30,2026-01-30 15:00:00,12,12,9_16,TimeMixer,348.906,357.442138671875,344.67193603515625,1.0,34.605999999999995
2026-01-31 13:00:00,220.473,327.792,73420.2225,2335.8925,14383.075,20212.0,20658.255,16718.9675,rt,2026-01-31,2026-01-30,2026-01-30 15:00:00,13,13,9_16,TimeMixer,327.792,311.077880859375,305.1368408203125,1.0,107.31899999999996
2026-01-31 14:00:00,239.15,340.368,75380.9475,2489.1175,13350.26,19777.0,23933.57,15839.3775,rt,2026-01-31,2026-01-30,2026-01-30 15:00:00,14,14,9_16,TimeMixer,340.368,334.73553466796875,338.5527648925781,1.0,101.21799999999999
2026-01-31 15:00:00,242.5,335.554,75726.1375,2483.16,10866.735,21067.5,25477.7425,13349.895,rt,2026-01-31,2026-01-30,2026-01-30 15:00:00,15,15,9_16,TimeMixer,335.554,382.6259765625,345.60321044921875,1.0,93.05399999999997
2026-01-31 16:00:00,291.875,343.596,76760.9475,2413.6775,7126.31,23279.0,28077.21,9539.9875,rt,2026-01-31,2026-01-30,2026-01-30 15:00:00,16,16,9_16,TimeMixer,343.596,262.3949890136719,300.4271545410156,0.0,0.0
2026-01-31 17:00:00,395.35,353.649,80573.53,2253.1225,2577.8725,26263.25,33538.285,4830.995,rt,2026-01-31,2026-01-30,2026-01-30 15:00:00,17,17,17_24,TimeMixer,353.649,344.9949645996094,403.9236145019531,0.0,-0.0
2026-01-31 18:00:00,416.07,358.488,85680.1725,2151.8975,130.2275,29208.25,38168.7975,2282.125,rt,2026-01-31,2026-01-30,2026-01-30 15:00:00,18,18,17_24,TimeMixer,358.488,423.1937255859375,465.06524658203125,1.0,-57.581999999999994
2026-01-31 19:00:00,406.83,353.737,84962.23,2047.9725,0.0625,29176.0,37659.695,2048.035,rt,2026-01-31,2026-01-30,2026-01-30 15:00:00,19,19,17_24,TimeMixer,353.737,444.370361328125,499.9528503417969,1.0,-53.09299999999996
2026-01-31 20:00:00,400.0,350.507,83461.1925,1938.9325,0.0,28024.5,37416.76,1938.9325,rt,2026-01-31,2026-01-30,2026-01-30 15:00:00,20,20,17_24,TimeMixer,350.507,443.6302185058594,489.9845275878906,1.0,-49.492999999999995
2026-01-31 21:00:00,403.18,347.644,82140.2075,1845.4525,0.0,27345.5,36868.255,1845.4525,rt,2026-01-31,2026-01-30,2026-01-30 15:00:00,21,21,17_24,TimeMixer,347.644,421.34710693359375,498.9921875,1.0,-55.536
2026-01-31 22:00:00,394.34,343.571,80261.77,1817.5125,0.0,25634.25,36729.0075,1817.5125,rt,2026-01-31,2026-01-30,2026-01-30 15:00:00,22,22,17_24,TimeMixer,343.571,426.72210693359375,455.7607421875,1.0,-50.76899999999995
2026-01-31 23:00:00,380.0,331.08,75195.555,1940.2375,0.0,22756.0,34418.3175,1940.2375,rt,2026-01-31,2026-01-30,2026-01-30 15:00:00,23,23,17_24,TimeMixer,331.08,375.1189880371094,419.74169921875,0.0,-0.0
