task,model_name,fold_id,train_start,train_end,test_start,test_end,target_day,business_day,ds,period,hour_business,y_true,y_pred,source,run_mode,created_at
dayahead,lightgbm,0,2023-01-01,2025-08-31,2025-09-01,2025-09-30,2025-09-01,2025-09-01,2025-09-01 01:00:00,1_8,1,436.51,402.7458452447348,,,2026-06-25T19:26:23.969956
dayahead,lightgbm,0,2023-01-01,2025-08-31,2025-09-01,2025-09-30,2025-09-01,2025-09-01,2025-09-01 02:00:00,1_8,2,424.88,404.0623313164785,,,2026-06-25T19:26:23.969956
dayahead,lightgbm,0,2023-01-01,2025-08-31,2025-09-01,2025-09-30,2025-09-01,2025-09-01,2025-09-01 03:00:00,1_8,3,410.62,391.6798351984294,,,2026-06-25T19:26:23.969956
dayahead,lightgbm,0,2023-01-01,2025-08-31,2025-09-01,2025-09-30,2025-09-01,2025-09-01,2025-09-01 04:00:00,1_8,4,404.5,381.6907993580646,,,2026-06-25T19:26:23.969956
dayahead,lightgbm,0,2023-01-01,2025-08-31,2025-09-01,2025-09-30,2025-09-01,2025-09-01,2025-09-01 05:00:00,1_8,5,406.51,381.6907993580646,,,2026-06-25T19:26:23.969956
dayahead,lightgbm,0,2023-01-01,2025-08-31,2025-09-01,2025-09-30,2025-09-01,2025-09-01,2025-09-01 06:00:00,1_8,6,431.39,387.7380133513689,,,2026-06-25T19:26:23.969956
dayahead,lightgbm,0,2023-01-01,2025-08-31,2025-09-01,2025-09-30,2025-09-01,2025-09-01,2025-09-01 07:00:00,1_8,7,403.18,365.71219342397484,,,2026-06-25T19:26:23.969956
dayahead,lightgbm,0,2023-01-01,2025-08-31,2025-09-01,2025-09-30,2025-09-01,2025-09-01,2025-09-01 08:00:00,1_8,8,344.13,267.8308805433466,,,2026-06-25T19:26:23.969956
dayahead,lightgbm,0,2023-01-01,2025-08-31,2025-09-01,2025-09-30,2025-09-01,2025-09-01,2025-09-01 09:00:00,9_16,9,110.82,97.86624025605867,,,2026-06-25T19:26:23.969956
dayahead,lightgbm,0,2023-01-01,2025-08-31,2025-09-01,2025-09-30,2025-09-01,2025-09-01,2025-09-01 10:00:00,9_16,10,-74.76,-50.45819768682017,,,2026-06-25T19:26:23.969956
dayahead,lightgbm,0,2023-01-01,2025-08-31,2025-09-01,2025-09-30,2025-09-01,2025-09-01,2025-09-01 11:00:00,9_16,11,-29.82,-22.106048481989156,,,2026-06-25T19:26:23.969956
dayahead,lightgbm,0,2023-01-01,2025-08-31,2025-09-01,2025-09-30,2025-09-01,2025-09-01,2025-09-01 12:00:00,9_16,12,-30.48,-26.25821454037882,,,2026-06-25T19:26:23.969956
dayahead,lightgbm,0,2023-01-01,2025-08-31,2025-09-01,2025-09-30,2025-09-01,2025-09-01,2025-09-01 13:00:00,9_16,13,-45.8,-28.425076016851467,,,2026-06-25T19:26:23.969956
dayahead,lightgbm,0,2023-01-01,2025-08-31,2025-09-01,2025-09-30,2025-09-01,2025-09-01,2025-09-01 14:00:00,9_16,14,-49.34,-18.272952743847696,,,2026-06-25T19:26:23.969956
dayahead,lightgbm,0,2023-01-01,2025-08-31,2025-09-01,2025-09-30,2025-09-01,2025-09-01,2025-09-01 15:00:00,9_16,15,75.02,105.74623096259147,,,2026-06-25T19:26:23.969956
dayahead,lightgbm,0,2023-01-01,2025-08-31,2025-09-01,2025-09-30,2025-09-01,2025-09-01,2025-09-01 16:00:00,9_16,16,309.21,196.30572248563672,,,2026-06-25T19:26:23.969956
dayahead,lightgbm,0,2023-01-01,2025-08-31,2025-09-01,2025-09-30,2025-09-01,2025-09-01,2025-09-01 17:00:00,17_24,17,406.46,422.67783851328113,,,2026-06-25T19:26:23.969956
dayahead,lightgbm,0,2023-01-01,2025-08-31,2025-09-01,2025-09-30,2025-09-01,2025-09-01,2025-09-01 18:00:00,17_24,18,437.82,422.67783851328113,,,2026-06-25T19:26:23.969956
dayahead,lightgbm,0,2023-01-01,2025-08-31,2025-09-01,2025-09-30,2025-09-01,2025-09-01,2025-09-01 19:00:00,17_24,19,484.39,433.26534900618395,,,2026-06-25T19:26:23.969956
dayahead,lightgbm,0,2023-01-01,2025-08-31,2025-09-01,2025-09-30,2025-09-01,2025-09-01,2025-09-01 20:00:00,17_24,20,457.37,433.26534900618395,,,2026-06-25T19:26:23.969956
dayahead,lightgbm,0,2023-01-01,2025-08-31,2025-09-01,2025-09-30,2025-09-01,2025-09-01,2025-09-01 21:00:00,17_24,21,452.1,428.8307918160683,,,2026-06-25T19:26:23.969956
dayahead,lightgbm,0,2023-01-01,2025-08-31,2025-09-01,2025-09-30,2025-09-01,2025-09-01,2025-09-01 22:00:00,17_24,22,451.46,418.2432813231655,,,2026-06-25T19:26:23.969956
dayahead,lightgbm,0,2023-01-01,2025-08-31,2025-09-01,2025-09-30,2025-09-01,2025-09-01,2025-09-01 23:00:00,17_24,23,436.59,410.00925838846575,,,2026-06-25T19:26:23.969956
dayahead,lightgbm,0,2023-01-01,2025-08-31,2025-09-01,2025-09-30,2025-09-01,2025-09-01,2025-09-02 00:00:00,17_24,24,427.61,410.00925838846575,,,2026-06-25T19:26:23.969956
dayahead,lightgbm,0,2023-01-01,2025-08-31,2025-09-01,2025-09-30,2025-09-02,2025-09-02,2025-09-02 01:00:00,1_8,1,385.31,414.01072217387065,,,2026-06-25T19:26:23.969956
dayahead,lightgbm,0,2023-01-01,2025-08-31,2025-09-01,2025-09-30,2025-09-02,2025-09-02,2025-09-02 02:00:00,1_8,2,387.08,400.5014110976457,,,2026-06-25T19:26:23.969956
dayahead,lightgbm,0,2023-01-01,2025-08-31,2025-09-01,2025-09-30,2025-09-02,2025-09-02,2025-09-02 03:00:00,1_8,3,387.01,398.32736146143236,,,2026-06-25T19:26:23.969956
dayahead,lightgbm,0,2023-01-01,2025-08-31,2025-09-01,2025-09-30,2025-09-02,2025-09-02,2025-09-02 04:00:00,1_8,4,385.8,398.32736146143236,,,2026-06-25T19:26:23.969956
dayahead,lightgbm,0,2023-01-01,2025-08-31,2025-09-01,2025-09-30,2025-09-02,2025-09-02,2025-09-02 05:00:00,1_8,5,387.5,398.32736146143236,,,2026-06-25T19:26:23.969956
dayahead,lightgbm,0,2023-01-01,2025-08-31,2025-09-01,2025-09-30,2025-09-02,2025-09-02,2025-09-02 06:00:00,1_8,6,388.33,414.01072217387065,,,2026-06-25T19:26:23.969956
dayahead,lightgbm,0,2023-01-01,2025-08-31,2025-09-01,2025-09-30,2025-09-02,2025-09-02,2025-09-02 07:00:00,1_8,7,376.68,389.61838059990475,,,2026-06-25T19:26:23.969956
dayahead,lightgbm,0,2023-01-01,2025-08-31,2025-09-01,2025-09-30,2025-09-02,2025-09-02,2025-09-02 08:00:00,1_8,8,201.44,224.8232637462231,,,2026-06-25T19:26:23.969956
dayahead,lightgbm,0,2023-01-01,2025-08-31,2025-09-01,2025-09-30,2025-09-02,2025-09-02,2025-09-02 09:00:00,9_16,9,-63.81,28.017438766307556,,,2026-06-25T19:26:23.969956
dayahead,lightgbm,0,2023-01-01,2025-08-31,2025-09-01,2025-09-30,2025-09-02,2025-09-02,2025-09-02 10:00:00,9_16,10,-10.36,-26.5637927872762,,,2026-06-25T19:26:23.969956
dayahead,lightgbm,0,2023-01-01,2025-08-31,2025-09-01,2025-09-30,2025-09-02,2025-09-02,2025-09-02 11:00:00,9_16,11,62.7,-32.44387345721901,,,2026-06-25T19:26:23.969956
dayahead,lightgbm,0,2023-01-01,2025-08-31,2025-09-01,2025-09-30,2025-09-02,2025-09-02,2025-09-02 12:00:00,9_16,12,29.15,-36.7761060214016,,,2026-06-25T19:26:23.969956
dayahead,lightgbm,0,2023-01-01,2025-08-31,2025-09-01,2025-09-30,2025-09-02,2025-09-02,2025-09-02 13:00:00,9_16,13,-10.31,-35.095151934707616,,,2026-06-25T19:26:23.969956
dayahead,lightgbm,0,2023-01-01,2025-08-31,2025-09-01,2025-09-30,2025-09-02,2025-09-02,2025-09-02 14:00:00,9_16,14,14.23,-28.407521921697793,,,2026-06-25T19:26:23.969956
dayahead,lightgbm,0,2023-01-01,2025-08-31,2025-09-01,2025-09-30,2025-09-02,2025-09-02,2025-09-02 15:00:00,9_16,15,15.13,-65.04666021095858,,,2026-06-25T19:26:23.969956
dayahead,lightgbm,0,2023-01-01,2025-08-31,2025-09-01,2025-09-30,2025-09-02,2025-09-02,2025-09-02 16:00:00,9_16,16,235.93,160.47093286764138,,,2026-06-25T19:26:23.969956
dayahead,lightgbm,0,2023-01-01,2025-08-31,2025-09-01,2025-09-30,2025-09-02,2025-09-02,2025-09-02 17:00:00,17_24,17,425.51,433.19767823307365,,,2026-06-25T19:26:23.969956
dayahead,lightgbm,0,2023-01-01,2025-08-31,2025-09-01,2025-09-30,2025-09-02,2025-09-02,2025-09-02 18:00:00,17_24,18,450.49,437.9317088044274,,,2026-06-25T19:26:23.969956
dayahead,lightgbm,0,2023-01-01,2025-08-31,2025-09-01,2025-09-30,2025-09-02,2025-09-02,2025-09-02 19:00:00,17_24,19,452.73,468.70321469004904,,,2026-06-25T19:26:23.969956
dayahead,lightgbm,0,2023-01-01,2025-08-31,2025-09-01,2025-09-30,2025-09-02,2025-09-02,2025-09-02 20:00:00,17_24,20,456.71,437.5340125761249,,,2026-06-25T19:26:23.969956
dayahead,lightgbm,0,2023-01-01,2025-08-31,2025-09-01,2025-09-30,2025-09-02,2025-09-02,2025-09-02 21:00:00,17_24,21,433.19,435.6379551107231,,,2026-06-25T19:26:23.969956
dayahead,lightgbm,0,2023-01-01,2025-08-31,2025-09-01,2025-09-30,2025-09-02,2025-09-02,2025-09-02 22:00:00,17_24,22,420.4,435.6379551107231,,,2026-06-25T19:26:23.969956
dayahead,lightgbm,0,2023-01-01,2025-08-31,2025-09-01,2025-09-30,2025-09-02,2025-09-02,2025-09-02 23:00:00,17_24,23,410.13,427.5965972068678,,,2026-06-25T19:26:23.969956
dayahead,lightgbm,0,2023-01-01,2025-08-31,2025-09-01,2025-09-30,2025-09-02,2025-09-02,2025-09-03 00:00:00,17_24,24,400.33,427.5965972068678,,,2026-06-25T19:26:23.969956
dayahead,lightgbm,0,2023-01-01,2025-08-31,2025-09-01,2025-09-30,2025-09-03,2025-09-03,2025-09-03 01:00:00,1_8,1,336.93,387.1309362355057,,,2026-06-25T19:26:23.969956
dayahead,lightgbm,0,2023-01-01,2025-08-31,2025-09-01,2025-09-30,2025-09-03,2025-09-03,2025-09-03 02:00:00,1_8,2,310.58,387.1309362355057,,,2026-06-25T19:26:23.969956
dayahead,lightgbm,0,2023-01-01,2025-08-31,2025-09-01,2025-09-30,2025-09-03,2025-09-03,2025-09-03 03:00:00,1_8,3,278.1,387.1309362355057,,,2026-06-25T19:26:23.969956
dayahead,lightgbm,0,2023-01-01,2025-08-31,2025-09-01,2025-09-30,2025-09-03,2025-09-03,2025-09-03 04:00:00,1_8,4,273.89,387.1309362355057,,,2026-06-25T19:26:23.969956
dayahead,lightgbm,0,2023-01-01,2025-08-31,2025-09-01,2025-09-30,2025-09-03,2025-09-03,2025-09-03 05:00:00,1_8,5,294.92,387.1309362355057,,,2026-06-25T19:26:23.969956
dayahead,lightgbm,0,2023-01-01,2025-08-31,2025-09-01,2025-09-30,2025-09-03,2025-09-03,2025-09-03 06:00:00,1_8,6,322.95,395.1191990335202,,,2026-06-25T19:26:23.969956
dayahead,lightgbm,0,2023-01-01,2025-08-31,2025-09-01,2025-09-30,2025-09-03,2025-09-03,2025-09-03 07:00:00,1_8,7,301.25,377.80153980678773,,,2026-06-25T19:26:23.969956
dayahead,lightgbm,0,2023-01-01,2025-08-31,2025-09-01,2025-09-30,2025-09-03,2025-09-03,2025-09-03 08:00:00,1_8,8,272.89,308.77929237770815,,,2026-06-25T19:26:23.969956
dayahead,lightgbm,0,2023-01-01,2025-08-31,2025-09-01,2025-09-30,2025-09-03,2025-09-03,2025-09-03 09:00:00,9_16,9,292.38,277.14352132395896,,,2026-06-25T19:26:23.969956
dayahead,lightgbm,0,2023-01-01,2025-08-31,2025-09-01,2025-09-30,2025-09-03,2025-09-03,2025-09-03 10:00:00,9_16,10,311.29,223.30951166895412,,,2026-06-25T19:26:23.969956
dayahead,lightgbm,0,2023-01-01,2025-08-31,2025-09-01,2025-09-30,2025-09-03,2025-09-03,2025-09-03 11:00:00,9_16,11,331.69,188.10384753264984,,,2026-06-25T19:26:23.969956
dayahead,lightgbm,0,2023-01-01,2025-08-31,2025-09-01,2025-09-30,2025-09-03,2025-09-03,2025-09-03 12:00:00,9_16,12,331.82,145.82849785648847,,,2026-06-25T19:26:23.969956
dayahead,lightgbm,0,2023-01-01,2025-08-31,2025-09-01,2025-09-30,2025-09-03,2025-09-03,2025-09-03 13:00:00,9_16,13,317.88,150.98212773218552,,,2026-06-25T19:26:23.969956
dayahead,lightgbm,0,2023-01-01,2025-08-31,2025-09-01,2025-09-30,2025-09-03,2025-09-03,2025-09-03 14:00:00,9_16,14,321.13,170.44859632521877,,,2026-06-25T19:26:23.969956
dayahead,lightgbm,0,2023-01-01,2025-08-31,2025-09-01,2025-09-30,2025-09-03,2025-09-03,2025-09-03 15:00:00,9_16,15,308.05,198.16005500819344,,,2026-06-25T19:26:23.969956
dayahead,lightgbm,0,2023-01-01,2025-08-31,2025-09-01,2025-09-30,2025-09-03,2025-09-03,2025-09-03 16:00:00,9_16,16,305.09,292.8826693277557,,,2026-06-25T19:26:23.969956
dayahead,lightgbm,0,2023-01-01,2025-08-31,2025-09-01,2025-09-30,2025-09-03,2025-09-03,2025-09-03 17:00:00,17_24,17,367.51,434.4171738967607,,,2026-06-25T19:26:23.969956
dayahead,lightgbm,0,2023-01-01,2025-08-31,2025-09-01,2025-09-30,2025-09-03,2025-09-03,2025-09-03 18:00:00,17_24,18,398.37,436.1384238864127,,,2026-06-25T19:26:23.969956
dayahead,lightgbm,0,2023-01-01,2025-08-31,2025-09-01,2025-09-30,2025-09-03,2025-09-03,2025-09-03 19:00:00,17_24,19,401.69,436.1384238864127,,,2026-06-25T19:26:23.969956
dayahead,lightgbm,0,2023-01-01,2025-08-31,2025-09-01,2025-09-30,2025-09-03,2025-09-03,2025-09-03 20:00:00,17_24,20,402.12,436.1384238864127,,,2026-06-25T19:26:23.969956
dayahead,lightgbm,0,2023-01-01,2025-08-31,2025-09-01,2025-09-30,2025-09-03,2025-09-03,2025-09-03 21:00:00,17_24,21,397.54,434.79708144096895,,,2026-06-25T19:26:23.969956
dayahead,lightgbm,0,2023-01-01,2025-08-31,2025-09-01,2025-09-30,2025-09-03,2025-09-03,2025-09-03 22:00:00,17_24,22,387.66,435.02246264082237,,,2026-06-25T19:26:23.969956
dayahead,lightgbm,0,2023-01-01,2025-08-31,2025-09-01,2025-09-30,2025-09-03,2025-09-03,2025-09-03 23:00:00,17_24,23,373.22,426.02553227177594,,,2026-06-25T19:26:23.969956
dayahead,lightgbm,0,2023-01-01,2025-08-31,2025-09-01,2025-09-30,2025-09-03,2025-09-03,2025-09-04 00:00:00,17_24,24,366.89,421.9499443332763,,,2026-06-25T19:26:23.969956
dayahead,lightgbm,0,2023-01-01,2025-08-31,2025-09-01,2025-09-30,2025-09-04,2025-09-04,2025-09-04 01:00:00,1_8,1,385.16,370.47682581857697,,,2026-06-25T19:26:23.969956
dayahead,lightgbm,0,2023-01-01,2025-08-31,2025-09-01,2025-09-30,2025-09-04,2025-09-04,2025-09-04 02:00:00,1_8,2,382.2,370.47682581857697,,,2026-06-25T19:26:23.969956
dayahead,lightgbm,0,2023-01-01,2025-08-31,2025-09-01,2025-09-30,2025-09-04,2025-09-04,2025-09-04 03:00:00,1_8,3,377.51,366.34490988210797,,,2026-06-25T19:26:23.969956
dayahead,lightgbm,0,2023-01-01,2025-08-31,2025-09-01,2025-09-30,2025-09-04,2025-09-04,2025-09-04 04:00:00,1_8,4,373.92,366.34490988210797,,,2026-06-25T19:26:23.969956
dayahead,lightgbm,0,2023-01-01,2025-08-31,2025-09-01,2025-09-30,2025-09-04,2025-09-04,2025-09-04 05:00:00,1_8,5,375.0,366.34490988210797,,,2026-06-25T19:26:23.969956
dayahead,lightgbm,0,2023-01-01,2025-08-31,2025-09-01,2025-09-30,2025-09-04,2025-09-04,2025-09-04 06:00:00,1_8,6,376.67,378.519687389755,,,2026-06-25T19:26:23.969956
dayahead,lightgbm,0,2023-01-01,2025-08-31,2025-09-01,2025-09-30,2025-09-04,2025-09-04,2025-09-04 07:00:00,1_8,7,368.27,347.57812125077555,,,2026-06-25T19:26:23.969956
dayahead,lightgbm,0,2023-01-01,2025-08-31,2025-09-01,2025-09-30,2025-09-04,2025-09-04,2025-09-04 08:00:00,1_8,8,304.6,271.5943962848484,,,2026-06-25T19:26:23.969956
dayahead,lightgbm,0,2023-01-01,2025-08-31,2025-09-01,2025-09-30,2025-09-04,2025-09-04,2025-09-04 09:00:00,9_16,9,210.47,163.1846985072263,,,2026-06-25T19:26:23.969956
dayahead,lightgbm,0,2023-01-01,2025-08-31,2025-09-01,2025-09-30,2025-09-04,2025-09-04,2025-09-04 10:00:00,9_16,10,126.16,66.09187307214142,,,2026-06-25T19:26:23.969956
dayahead,lightgbm,0,2023-01-01,2025-08-31,2025-09-01,2025-09-30,2025-09-04,2025-09-04,2025-09-04 11:00:00,9_16,11,153.69,70.70081083633578,,,2026-06-25T19:26:23.969956
dayahead,lightgbm,0,2023-01-01,2025-08-31,2025-09-01,2025-09-30,2025-09-04,2025-09-04,2025-09-04 12:00:00,9_16,12,209.57,81.4008423244959,,,2026-06-25T19:26:23.969956
dayahead,lightgbm,0,2023-01-01,2025-08-31,2025-09-01,2025-09-30,2025-09-04,2025-09-04,2025-09-04 13:00:00,9_16,13,175.9,84.52432162126786,,,2026-06-25T19:26:23.969956
dayahead,lightgbm,0,2023-01-01,2025-08-31,2025-09-01,2025-09-30,2025-09-04,2025-09-04,2025-09-04 14:00:00,9_16,14,192.17,81.70772720535993,,,2026-06-25T19:26:23.969956
dayahead,lightgbm,0,2023-01-01,2025-08-31,2025-09-01,2025-09-30,2025-09-04,2025-09-04,2025-09-04 15:00:00,9_16,15,285.55,136.4261233603377,,,2026-06-25T19:26:23.969956
dayahead,lightgbm,0,2023-01-01,2025-08-31,2025-09-01,2025-09-30,2025-09-04,2025-09-04,2025-09-04 16:00:00,9_16,16,369.22,249.68051058535187,,,2026-06-25T19:26:23.969956
dayahead,lightgbm,0,2023-01-01,2025-08-31,2025-09-01,2025-09-30,2025-09-04,2025-09-04,2025-09-04 17:00:00,17_24,17,407.53,419.38032018790636,,,2026-06-25T19:26:23.969956
dayahead,lightgbm,0,2023-01-01,2025-08-31,2025-09-01,2025-09-30,2025-09-04,2025-09-04,2025-09-04 18:00:00,17_24,18,413.93,428.51781084658904,,,2026-06-25T19:26:23.969956
dayahead,lightgbm,0,2023-01-01,2025-08-31,2025-09-01,2025-09-30,2025-09-04,2025-09-04,2025-09-04 19:00:00,17_24,19,422.44,432.2537255306038,,,2026-06-25T19:26:23.969956
dayahead,lightgbm,0,2023-01-01,2025-08-31,2025-09-01,2025-09-30,2025-09-04,2025-09-04,2025-09-04 20:00:00,17_24,20,416.92,431.7806351304868,,,2026-06-25T19:26:23.969956
dayahead,lightgbm,0,2023-01-01,2025-08-31,2025-09-01,2025-09-30,2025-09-04,2025-09-04,2025-09-04 21:00:00,17_24,21,409.64,426.85346328965824,,,2026-06-25T19:26:23.969956
dayahead,lightgbm,0,2023-01-01,2025-08-31,2025-09-01,2025-09-30,2025-09-04,2025-09-04,2025-09-04 22:00:00,17_24,22,403.85,426.85346328965824,,,2026-06-25T19:26:23.969956
dayahead,lightgbm,0,2023-01-01,2025-08-31,2025-09-01,2025-09-30,2025-09-04,2025-09-04,2025-09-04 23:00:00,17_24,23,395.77,418.832056267288,,,2026-06-25T19:26:23.969956
dayahead,lightgbm,0,2023-01-01,2025-08-31,2025-09-01,2025-09-30,2025-09-04,2025-09-04,2025-09-05 00:00:00,17_24,24,393.87,418.832056267288,,,2026-06-25T19:26:23.969956
dayahead,lightgbm,0,2023-01-01,2025-08-31,2025-09-01,2025-09-30,2025-09-05,2025-09-05,2025-09-05 01:00:00,1_8,1,384.38,388.35645256377074,,,2026-06-25T19:26:23.969956
dayahead,lightgbm,0,2023-01-01,2025-08-31,2025-09-01,2025-09-30,2025-09-05,2025-09-05,2025-09-05 02:00:00,1_8,2,379.52,388.35645256377074,,,2026-06-25T19:26:23.969956
dayahead,lightgbm,0,2023-01-01,2025-08-31,2025-09-01,2025-09-30,2025-09-05,2025-09-05,2025-09-05 03:00:00,1_8,3,374.18,385.6887594962986,,,2026-06-25T19:26:23.969956
dayahead,lightgbm,0,2023-01-01,2025-08-31,2025-09-01,2025-09-30,2025-09-05,2025-09-05,2025-09-05 04:00:00,1_8,4,370.42,385.49483411486375,,,2026-06-25T19:26:23.969956
dayahead,lightgbm,0,2023-01-01,2025-08-31,2025-09-01,2025-09-30,2025-09-05,2025-09-05,2025-09-05 05:00:00,1_8,5,371.76,385.49483411486375,,,2026-06-25T19:26:23.969956
dayahead,lightgbm,0,2023-01-01,2025-08-31,2025-09-01,2025-09-30,2025-09-05,2025-09-05,2025-09-05 06:00:00,1_8,6,375.71,390.95925065049244,,,2026-06-25T19:26:23.969956
dayahead,lightgbm,0,2023-01-01,2025-08-31,2025-09-01,2025-09-30,2025-09-05,2025-09-05,2025-09-05 07:00:00,1_8,7,374.58,389.9582746292728,,,2026-06-25T19:26:23.969956
dayahead,lightgbm,0,2023-01-01,2025-08-31,2025-09-01,2025-09-30,2025-09-05,2025-09-05,2025-09-05 08:00:00,1_8,8,338.15,305.4132094949161,,,2026-06-25T19:26:23.969956
dayahead,lightgbm,0,2023-01-01,2025-08-31,2025-09-01,2025-09-30,2025-09-05,2025-09-05,2025-09-05 09:00:00,9_16,9,284.7,193.22267986423,,,2026-06-25T19:26:23.969956
dayahead,lightgbm,0,2023-01-01,2025-08-31,2025-09-01,2025-09-30,2025-09-05,2025-09-05,2025-09-05 10:00:00,9_16,10,243.91,119.47289635224865,,,2026-06-25T19:26:23.969956
dayahead,lightgbm,0,2023-01-01,2025-08-31,2025-09-01,2025-09-30,2025-09-05,2025-09-05,2025-09-05 11:00:00,9_16,11,267.43,83.81668479168127,,,2026-06-25T19:26:23.969956
dayahead,lightgbm,0,2023-01-01,2025-08-31,2025-09-01,2025-09-30,2025-09-05,2025-09-05,2025-09-05 12:00:00,9_16,12,268.03,82.49418938801605,,,2026-06-25T19:26:23.969956
dayahead,lightgbm,0,2023-01-01,2025-08-31,2025-09-01,2025-09-30,2025-09-05,2025-09-05,2025-09-05 13:00:00,9_16,13,276.29,93.45901859543662,,,2026-06-25T19:26:23.969956
dayahead,lightgbm,0,2023-01-01,2025-08-31,2025-09-01,2025-09-30,2025-09-05,2025-09-05,2025-09-05 14:00:00,9_16,14,367.07,179.729036090268,,,2026-06-25T19:26:23.969956
dayahead,lightgbm,0,2023-01-01,2025-08-31,2025-09-01,2025-09-30,2025-09-05,2025-09-05,2025-09-05 15:00:00,9_16,15,432.74,292.74509382546364,,,2026-06-25T19:26:23.969956
dayahead,lightgbm,0,2023-01-01,2025-08-31,2025-09-01,2025-09-30,2025-09-05,2025-09-05,2025-09-05 16:00:00,9_16,16,424.16,347.98910519247346,,,2026-06-25T19:26:23.969956
dayahead,lightgbm,0,2023-01-01,2025-08-31,2025-09-01,2025-09-30,2025-09-05,2025-09-05,2025-09-05 17:00:00,17_24,17,439.6,430.4905445812551,,,2026-06-25T19:26:23.969956
dayahead,lightgbm,0,2023-01-01,2025-08-31,2025-09-01,2025-09-30,2025-09-05,2025-09-05,2025-09-05 18:00:00,17_24,18,448.02,460.96846585089116,,,2026-06-25T19:26:23.969956
dayahead,lightgbm,0,2023-01-01,2025-08-31,2025-09-01,2025-09-30,2025-09-05,2025-09-05,2025-09-05 19:00:00,17_24,19,447.1,493.4650790125404,,,2026-06-25T19:26:23.969956
dayahead,lightgbm,0,2023-01-01,2025-08-31,2025-09-01,2025-09-30,2025-09-05,2025-09-05,2025-09-05 20:00:00,17_24,20,440.59,492.5373892400922,,,2026-06-25T19:26:23.969956
dayahead,lightgbm,0,2023-01-01,2025-08-31,2025-09-01,2025-09-30,2025-09-05,2025-09-05,2025-09-05 21:00:00,17_24,21,416.71,451.44037438191043,,,2026-06-25T19:26:23.969956
dayahead,lightgbm,0,2023-01-01,2025-08-31,2025-09-01,2025-09-30,2025-09-05,2025-09-05,2025-09-05 22:00:00,17_24,22,410.45,433.3120869411738,,,2026-06-25T19:26:23.969956
dayahead,lightgbm,0,2023-01-01,2025-08-31,2025-09-01,2025-09-30,2025-09-05,2025-09-05,2025-09-05 23:00:00,17_24,23,392.38,418.3520772262696,,,2026-06-25T19:26:23.969956
dayahead,lightgbm,0,2023-01-01,2025-08-31,2025-09-01,2025-09-30,2025-09-05,2025-09-05,2025-09-06 00:00:00,17_24,24,381.04,418.3520772262696,,,2026-06-25T19:26:23.969956
dayahead,lightgbm,0,2023-01-01,2025-08-31,2025-09-01,2025-09-30,2025-09-06,2025-09-06,2025-09-06 01:00:00,1_8,1,311.01,392.24710590316005,,,2026-06-25T19:26:23.969956
dayahead,lightgbm,0,2023-01-01,2025-08-31,2025-09-01,2025-09-30,2025-09-06,2025-09-06,2025-09-06 02:00:00,1_8,2,306.33,392.73099622438707,,,2026-06-25T19:26:23.969956
dayahead,lightgbm,0,2023-01-01,2025-08-31,2025-09-01,2025-09-30,2025-09-06,2025-09-06,2025-09-06 03:00:00,1_8,3,280.71,378.3211203995282,,,2026-06-25T19:26:23.969956
dayahead,lightgbm,0,2023-01-01,2025-08-31,2025-09-01,2025-09-30,2025-09-06,2025-09-06,2025-09-06 04:00:00,1_8,4,270.89,369.6982840774642,,,2026-06-25T19:26:23.969956
dayahead,lightgbm,0,2023-01-01,2025-08-31,2025-09-01,2025-09-30,2025-09-06,2025-09-06,2025-09-06 05:00:00,1_8,5,269.34,369.6982840774642,,,2026-06-25T19:26:23.969956
dayahead,lightgbm,0,2023-01-01,2025-08-31,2025-09-01,2025-09-30,2025-09-06,2025-09-06,2025-09-06 06:00:00,1_8,6,269.54,377.9110353763826,,,2026-06-25T19:26:23.969956
dayahead,lightgbm,0,2023-01-01,2025-08-31,2025-09-01,2025-09-30,2025-09-06,2025-09-06,2025-09-06 07:00:00,1_8,7,269.19,369.6392209766402,,,2026-06-25T19:26:23.969956
dayahead,lightgbm,0,2023-01-01,2025-08-31,2025-09-01,2025-09-30,2025-09-06,2025-09-06,2025-09-06 08:00:00,1_8,8,269.24,352.9726308459102,,,2026-06-25T19:26:23.969956
dayahead,lightgbm,0,2023-01-01,2025-08-31,2025-09-01,2025-09-30,2025-09-06,2025-09-06,2025-09-06 09:00:00,9_16,9,277.34,334.6855672883077,,,2026-06-25T19:26:23.969956
dayahead,lightgbm,0,2023-01-01,2025-08-31,2025-09-01,2025-09-30,2025-09-06,2025-09-06,2025-09-06 10:00:00,9_16,10,285.95,295.61970159862216,,,2026-06-25T19:26:23.969956
dayahead,lightgbm,0,2023-01-01,2025-08-31,2025-09-01,2025-09-30,2025-09-06,2025-09-06,2025-09-06 11:00:00,9_16,11,334.16,270.86195665281247,,,2026-06-25T19:26:23.969956
dayahead,lightgbm,0,2023-01-01,2025-08-31,2025-09-01,2025-09-30,2025-09-06,2025-09-06,2025-09-06 12:00:00,9_16,12,323.96,237.35468348084743,,,2026-06-25T19:26:23.969956
dayahead,lightgbm,0,2023-01-01,2025-08-31,2025-09-01,2025-09-30,2025-09-06,2025-09-06,2025-09-06 13:00:00,9_16,13,285.16,209.19656399501707,,,2026-06-25T19:26:23.969956
dayahead,lightgbm,0,2023-01-01,2025-08-31,2025-09-01,2025-09-30,2025-09-06,2025-09-06,2025-09-06 14:00:00,9_16,14,290.33,256.5375684174212,,,2026-06-25T19:26:23.969956
dayahead,lightgbm,0,2023-01-01,2025-08-31,2025-09-01,2025-09-30,2025-09-06,2025-09-06,2025-09-06 15:00:00,9_16,15,316.03,305.25984372331294,,,2026-06-25T19:26:23.969956
dayahead,lightgbm,0,2023-01-01,2025-08-31,2025-09-01,2025-09-30,2025-09-06,2025-09-06,2025-09-06 16:00:00,9_16,16,352.98,344.7758872733905,,,2026-06-25T19:26:23.969956
dayahead,lightgbm,0,2023-01-01,2025-08-31,2025-09-01,2025-09-30,2025-09-06,2025-09-06,2025-09-06 17:00:00,17_24,17,376.03,435.164967293729,,,2026-06-25T19:26:23.969956
dayahead,lightgbm,0,2023-01-01,2025-08-31,2025-09-01,2025-09-30,2025-09-06,2025-09-06,2025-09-06 18:00:00,17_24,18,388.82,435.7929879225883,,,2026-06-25T19:26:23.969956
dayahead,lightgbm,0,2023-01-01,2025-08-31,2025-09-01,2025-09-30,2025-09-06,2025-09-06,2025-09-06 19:00:00,17_24,19,422.41,441.0618267769515,,,2026-06-25T19:26:23.969956
dayahead,lightgbm,0,2023-01-01,2025-08-31,2025-09-01,2025-09-30,2025-09-06,2025-09-06,2025-09-06 20:00:00,17_24,20,424.85,441.0618267769515,,,2026-06-25T19:26:23.969956
dayahead,lightgbm,0,2023-01-01,2025-08-31,2025-09-01,2025-09-30,2025-09-06,2025-09-06,2025-09-06 21:00:00,17_24,21,381.31,440.3966479768746,,,2026-06-25T19:26:23.969956
dayahead,lightgbm,0,2023-01-01,2025-08-31,2025-09-01,2025-09-30,2025-09-06,2025-09-06,2025-09-06 22:00:00,17_24,22,379.59,440.3966479768746,,,2026-06-25T19:26:23.969956
dayahead,lightgbm,0,2023-01-01,2025-08-31,2025-09-01,2025-09-30,2025-09-06,2025-09-06,2025-09-06 23:00:00,17_24,23,376.88,432.0661909909619,,,2026-06-25T19:26:23.969956
dayahead,lightgbm,0,2023-01-01,2025-08-31,2025-09-01,2025-09-30,2025-09-06,2025-09-06,2025-09-07 00:00:00,17_24,24,367.11,432.0661909909619,,,2026-06-25T19:26:23.969956
dayahead,lightgbm,0,2023-01-01,2025-08-31,2025-09-01,2025-09-30,2025-09-07,2025-09-07,2025-09-07 01:00:00,1_8,1,402.62,368.76397896872675,,,2026-06-25T19:26:23.969956
dayahead,lightgbm,0,2023-01-01,2025-08-31,2025-09-01,2025-09-30,2025-09-07,2025-09-07,2025-09-07 02:00:00,1_8,2,395.25,368.76397896872675,,,2026-06-25T19:26:23.969956
dayahead,lightgbm,0,2023-01-01,2025-08-31,2025-09-01,2025-09-30,2025-09-07,2025-09-07,2025-09-07 03:00:00,1_8,3,386.93,368.76397896872675,,,2026-06-25T19:26:23.969956
dayahead,lightgbm,0,2023-01-01,2025-08-31,2025-09-01,2025-09-30,2025-09-07,2025-09-07,2025-09-07 04:00:00,1_8,4,385.25,368.76397896872675,,,2026-06-25T19:26:23.969956
dayahead,lightgbm,0,2023-01-01,2025-08-31,2025-09-01,2025-09-30,2025-09-07,2025-09-07,2025-09-07 05:00:00,1_8,5,389.81,368.76397896872675,,,2026-06-25T19:26:23.969956
dayahead,lightgbm,0,2023-01-01,2025-08-31,2025-09-01,2025-09-30,2025-09-07,2025-09-07,2025-09-07 06:00:00,1_8,6,398.36,377.79137841872694,,,2026-06-25T19:26:23.969956
dayahead,lightgbm,0,2023-01-01,2025-08-31,2025-09-01,2025-09-30,2025-09-07,2025-09-07,2025-09-07 07:00:00,1_8,7,383.18,356.668077993896,,,2026-06-25T19:26:23.969956
dayahead,lightgbm,0,2023-01-01,2025-08-31,2025-09-01,2025-09-30,2025-09-07,2025-09-07,2025-09-07 08:00:00,1_8,8,322.42,214.90387533323096,,,2026-06-25T19:26:23.969956
dayahead,lightgbm,0,2023-01-01,2025-08-31,2025-09-01,2025-09-30,2025-09-07,2025-09-07,2025-09-07 09:00:00,9_16,9,86.6,57.90216486317829,,,2026-06-25T19:26:23.969956
dayahead,lightgbm,0,2023-01-01,2025-08-31,2025-09-01,2025-09-30,2025-09-07,2025-09-07,2025-09-07 10:00:00,9_16,10,-68.7,-76.75525668606744,,,2026-06-25T19:26:23.969956
dayahead,lightgbm,0,2023-01-01,2025-08-31,2025-09-01,2025-09-30,2025-09-07,2025-09-07,2025-09-07 11:00:00,9_16,11,-72.88,-25.925686357195243,,,2026-06-25T19:26:23.969956
dayahead,lightgbm,0,2023-01-01,2025-08-31,2025-09-01,2025-09-30,2025-09-07,2025-09-07,2025-09-07 12:00:00,9_16,12,-68.5,-27.990642638657196,,,2026-06-25T19:26:23.969956
dayahead,lightgbm,0,2023-01-01,2025-08-31,2025-09-01,2025-09-30,2025-09-07,2025-09-07,2025-09-07 13:00:00,9_16,13,-74.49,-29.04761890597069,,,2026-06-25T19:26:23.969956
dayahead,lightgbm,0,2023-01-01,2025-08-31,2025-09-01,2025-09-30,2025-09-07,2025-09-07,2025-09-07 14:00:00,9_16,14,-72.97,-21.169051255001683,,,2026-06-25T19:26:23.969956
dayahead,lightgbm,0,2023-01-01,2025-08-31,2025-09-01,2025-09-30,2025-09-07,2025-09-07,2025-09-07 15:00:00,9_16,15,13.16,93.92195831673895,,,2026-06-25T19:26:23.969956
dayahead,lightgbm,0,2023-01-01,2025-08-31,2025-09-01,2025-09-30,2025-09-07,2025-09-07,2025-09-07 16:00:00,9_16,16,222.59,123.65566240717605,,,2026-06-25T19:26:23.969956
dayahead,lightgbm,0,2023-01-01,2025-08-31,2025-09-01,2025-09-30,2025-09-07,2025-09-07,2025-09-07 17:00:00,17_24,17,391.79,419.66866770956324,,,2026-06-25T19:26:23.969956
dayahead,lightgbm,0,2023-01-01,2025-08-31,2025-09-01,2025-09-30,2025-09-07,2025-09-07,2025-09-07 18:00:00,17_24,18,422.03,425.42222848829766,,,2026-06-25T19:26:23.969956
dayahead,lightgbm,0,2023-01-01,2025-08-31,2025-09-01,2025-09-30,2025-09-07,2025-09-07,2025-09-07 19:00:00,17_24,19,423.31,429.27348190618227,,,2026-06-25T19:26:23.969956
dayahead,lightgbm,0,2023-01-01,2025-08-31,2025-09-01,2025-09-30,2025-09-07,2025-09-07,2025-09-07 20:00:00,17_24,20,422.42,429.27348190618227,,,2026-06-25T19:26:23.969956
dayahead,lightgbm,0,2023-01-01,2025-08-31,2025-09-01,2025-09-30,2025-09-07,2025-09-07,2025-09-07 21:00:00,17_24,21,421.35,424.96045365362846,,,2026-06-25T19:26:23.969956
dayahead,lightgbm,0,2023-01-01,2025-08-31,2025-09-01,2025-09-30,2025-09-07,2025-09-07,2025-09-07 22:00:00,17_24,22,415.85,424.96045365362846,,,2026-06-25T19:26:23.969956
dayahead,lightgbm,0,2023-01-01,2025-08-31,2025-09-01,2025-09-30,2025-09-07,2025-09-07,2025-09-07 23:00:00,17_24,23,403.51,419.31174760701344,,,2026-06-25T19:26:23.969956
dayahead,lightgbm,0,2023-01-01,2025-08-31,2025-09-01,2025-09-30,2025-09-07,2025-09-07,2025-09-08 00:00:00,17_24,24,401.7,419.31174760701344,,,2026-06-25T19:26:23.969956
dayahead,lightgbm,0,2023-01-01,2025-08-31,2025-09-01,2025-09-30,2025-09-08,2025-09-08,2025-09-08 01:00:00,1_8,1,299.1,420.42997667302717,,,2026-06-25T19:26:23.969956
dayahead,lightgbm,0,2023-01-01,2025-08-31,2025-09-01,2025-09-30,2025-09-08,2025-09-08,2025-09-08 02:00:00,1_8,2,286.02,408.80129534763404,,,2026-06-25T19:26:23.969956
dayahead,lightgbm,0,2023-01-01,2025-08-31,2025-09-01,2025-09-30,2025-09-08,2025-09-08,2025-09-08 03:00:00,1_8,3,282.62,403.6340140476834,,,2026-06-25T19:26:23.969956
dayahead,lightgbm,0,2023-01-01,2025-08-31,2025-09-01,2025-09-30,2025-09-08,2025-09-08,2025-09-08 04:00:00,1_8,4,282.74,403.6340140476834,,,2026-06-25T19:26:23.969956
dayahead,lightgbm,0,2023-01-01,2025-08-31,2025-09-01,2025-09-30,2025-09-08,2025-09-08,2025-09-08 05:00:00,1_8,5,283.45,403.6340140476834,,,2026-06-25T19:26:23.969956
dayahead,lightgbm,0,2023-01-01,2025-08-31,2025-09-01,2025-09-30,2025-09-08,2025-09-08,2025-09-08 06:00:00,1_8,6,303.31,420.42997667302717,,,2026-06-25T19:26:23.969956
dayahead,lightgbm,0,2023-01-01,2025-08-31,2025-09-01,2025-09-30,2025-09-08,2025-09-08,2025-09-08 07:00:00,1_8,7,313.91,400.4628751256223,,,2026-06-25T19:26:23.969956
dayahead,lightgbm,0,2023-01-01,2025-08-31,2025-09-01,2025-09-30,2025-09-08,2025-09-08,2025-09-08 08:00:00,1_8,8,295.59,362.9577672331366,,,2026-06-25T19:26:23.969956
dayahead,lightgbm,0,2023-01-01,2025-08-31,2025-09-01,2025-09-30,2025-09-08,2025-09-08,2025-09-08 09:00:00,9_16,9,296.06,325.80171021571914,,,2026-06-25T19:26:23.969956
dayahead,lightgbm,0,2023-01-01,2025-08-31,2025-09-01,2025-09-30,2025-09-08,2025-09-08,2025-09-08 10:00:00,9_16,10,300.5,290.33987767745776,,,2026-06-25T19:26:23.969956
dayahead,lightgbm,0,2023-01-01,2025-08-31,2025-09-01,2025-09-30,2025-09-08,2025-09-08,2025-09-08 11:00:00,9_16,11,343.45,295.0438179861713,,,2026-06-25T19:26:23.969956
dayahead,lightgbm,0,2023-01-01,2025-08-31,2025-09-01,2025-09-30,2025-09-08,2025-09-08,2025-09-08 12:00:00,9_16,12,366.47,277.97917956789473,,,2026-06-25T19:26:23.969956
dayahead,lightgbm,0,2023-01-01,2025-08-31,2025-09-01,2025-09-30,2025-09-08,2025-09-08,2025-09-08 13:00:00,9_16,13,357.75,272.33864614112747,,,2026-06-25T19:26:23.969956
dayahead,lightgbm,0,2023-01-01,2025-08-31,2025-09-01,2025-09-30,2025-09-08,2025-09-08,2025-09-08 14:00:00,9_16,14,353.4,303.1399241433753,,,2026-06-25T19:26:23.969956
dayahead,lightgbm,0,2023-01-01,2025-08-31,2025-09-01,2025-09-30,2025-09-08,2025-09-08,2025-09-08 15:00:00,9_16,15,362.0,304.1804302843214,,,2026-06-25T19:26:23.969956
dayahead,lightgbm,0,2023-01-01,2025-08-31,2025-09-01,2025-09-30,2025-09-08,2025-09-08,2025-09-08 16:00:00,9_16,16,361.77,348.41486511353304,,,2026-06-25T19:26:23.969956
dayahead,lightgbm,0,2023-01-01,2025-08-31,2025-09-01,2025-09-30,2025-09-08,2025-09-08,2025-09-08 17:00:00,17_24,17,493.16,424.14433120719167,,,2026-06-25T19:26:23.969956
dayahead,lightgbm,0,2023-01-01,2025-08-31,2025-09-01,2025-09-30,2025-09-08,2025-09-08,2025-09-08 18:00:00,17_24,18,580.06,429.0720154856192,,,2026-06-25T19:26:23.969956
dayahead,lightgbm,0,2023-01-01,2025-08-31,2025-09-01,2025-09-30,2025-09-08,2025-09-08,2025-09-08 19:00:00,17_24,19,555.85,464.1288822878276,,,2026-06-25T19:26:23.969956
dayahead,lightgbm,0,2023-01-01,2025-08-31,2025-09-01,2025-09-30,2025-09-08,2025-09-08,2025-09-08 20:00:00,17_24,20,505.67,425.57818768558144,,,2026-06-25T19:26:23.969956
dayahead,lightgbm,0,2023-01-01,2025-08-31,2025-09-01,2025-09-30,2025-09-08,2025-09-08,2025-09-08 21:00:00,17_24,21,329.71,425.57818768558144,,,2026-06-25T19:26:23.969956
dayahead,lightgbm,0,2023-01-01,2025-08-31,2025-09-01,2025-09-30,2025-09-08,2025-09-08,2025-09-08 22:00:00,17_24,22,321.73,425.57818768558144,,,2026-06-25T19:26:23.969956
dayahead,lightgbm,0,2023-01-01,2025-08-31,2025-09-01,2025-09-30,2025-09-08,2025-09-08,2025-09-08 23:00:00,17_24,23,310.39,411.5467019937569,,,2026-06-25T19:26:23.969956
dayahead,lightgbm,0,2023-01-01,2025-08-31,2025-09-01,2025-09-30,2025-09-08,2025-09-08,2025-09-09 00:00:00,17_24,24,291.45,420.5440670485368,,,2026-06-25T19:26:23.969956
dayahead,lightgbm,0,2023-01-01,2025-08-31,2025-09-01,2025-09-30,2025-09-09,2025-09-09,2025-09-09 01:00:00,1_8,1,381.65,362.80869617584483,,,2026-06-25T19:26:23.969956
dayahead,lightgbm,0,2023-01-01,2025-08-31,2025-09-01,2025-09-30,2025-09-09,2025-09-09,2025-09-09 02:00:00,1_8,2,379.14,362.80869617584483,,,2026-06-25T19:26:23.969956
dayahead,lightgbm,0,2023-01-01,2025-08-31,2025-09-01,2025-09-30,2025-09-09,2025-09-09,2025-09-09 03:00:00,1_8,3,377.27,359.6481819974956,,,2026-06-25T19:26:23.969956
dayahead,lightgbm,0,2023-01-01,2025-08-31,2025-09-01,2025-09-30,2025-09-09,2025-09-09,2025-09-09 04:00:00,1_8,4,375.62,359.6481819974956,,,2026-06-25T19:26:23.969956
dayahead,lightgbm,0,2023-01-01,2025-08-31,2025-09-01,2025-09-30,2025-09-09,2025-09-09,2025-09-09 05:00:00,1_8,5,378.2,374.16688549738444,,,2026-06-25T19:26:23.969956
dayahead,lightgbm,0,2023-01-01,2025-08-31,2025-09-01,2025-09-30,2025-09-09,2025-09-09,2025-09-09 06:00:00,1_8,6,384.81,390.77537612813313,,,2026-06-25T19:26:23.969956
dayahead,lightgbm,0,2023-01-01,2025-08-31,2025-09-01,2025-09-30,2025-09-09,2025-09-09,2025-09-09 07:00:00,1_8,7,380.81,353.2807016166738,,,2026-06-25T19:26:23.969956
dayahead,lightgbm,0,2023-01-01,2025-08-31,2025-09-01,2025-09-30,2025-09-09,2025-09-09,2025-09-09 08:00:00,1_8,8,324.32,243.60492175643466,,,2026-06-25T19:26:23.969956
dayahead,lightgbm,0,2023-01-01,2025-08-31,2025-09-01,2025-09-30,2025-09-09,2025-09-09,2025-09-09 09:00:00,9_16,9,78.37,57.611099888270594,,,2026-06-25T19:26:23.969956
dayahead,lightgbm,0,2023-01-01,2025-08-31,2025-09-01,2025-09-30,2025-09-09,2025-09-09,2025-09-09 10:00:00,9_16,10,-54.1,-31.758979957159312,,,2026-06-25T19:26:23.969956
dayahead,lightgbm,0,2023-01-01,2025-08-31,2025-09-01,2025-09-30,2025-09-09,2025-09-09,2025-09-09 11:00:00,9_16,11,26.28,-40.12856951173114,,,2026-06-25T19:26:23.969956
dayahead,lightgbm,0,2023-01-01,2025-08-31,2025-09-01,2025-09-30,2025-09-09,2025-09-09,2025-09-09 12:00:00,9_16,12,30.99,-41.37685364282695,,,2026-06-25T19:26:23.969956
dayahead,lightgbm,0,2023-01-01,2025-08-31,2025-09-01,2025-09-30,2025-09-09,2025-09-09,2025-09-09 13:00:00,9_16,13,-15.41,-41.37685364282695,,,2026-06-25T19:26:23.969956
dayahead,lightgbm,0,2023-01-01,2025-08-31,2025-09-01,2025-09-30,2025-09-09,2025-09-09,2025-09-09 14:00:00,9_16,14,-11.55,-35.81512232261874,,,2026-06-25T19:26:23.969956
dayahead,lightgbm,0,2023-01-01,2025-08-31,2025-09-01,2025-09-30,2025-09-09,2025-09-09,2025-09-09 15:00:00,9_16,15,-20.72,-62.56782909939966,,,2026-06-25T19:26:23.969956
dayahead,lightgbm,0,2023-01-01,2025-08-31,2025-09-01,2025-09-30,2025-09-09,2025-09-09,2025-09-09 16:00:00,9_16,16,160.61,130.6521999313366,,,2026-06-25T19:26:23.969956
dayahead,lightgbm,0,2023-01-01,2025-08-31,2025-09-01,2025-09-30,2025-09-09,2025-09-09,2025-09-09 17:00:00,17_24,17,385.78,440.1233373922554,,,2026-06-25T19:26:23.969956
dayahead,lightgbm,0,2023-01-01,2025-08-31,2025-09-01,2025-09-30,2025-09-09,2025-09-09,2025-09-09 18:00:00,17_24,18,406.85,481.4767856892791,,,2026-06-25T19:26:23.969956
dayahead,lightgbm,0,2023-01-01,2025-08-31,2025-09-01,2025-09-30,2025-09-09,2025-09-09,2025-09-09 19:00:00,17_24,19,406.22,470.0189283813358,,,2026-06-25T19:26:23.969956
dayahead,lightgbm,0,2023-01-01,2025-08-31,2025-09-01,2025-09-30,2025-09-09,2025-09-09,2025-09-09 20:00:00,17_24,20,406.25,462.24254295043676,,,2026-06-25T19:26:23.969956
dayahead,lightgbm,0,2023-01-01,2025-08-31,2025-09-01,2025-09-30,2025-09-09,2025-09-09,2025-09-09 21:00:00,17_24,21,403.18,443.0028687000509,,,2026-06-25T19:26:23.969956
dayahead,lightgbm,0,2023-01-01,2025-08-31,2025-09-01,2025-09-30,2025-09-09,2025-09-09,2025-09-09 22:00:00,17_24,22,397.78,442.5543388130831,,,2026-06-25T19:26:23.969956
dayahead,lightgbm,0,2023-01-01,2025-08-31,2025-09-01,2025-09-30,2025-09-09,2025-09-09,2025-09-09 23:00:00,17_24,23,383.34,392.94525798680326,,,2026-06-25T19:26:23.969956
dayahead,lightgbm,0,2023-01-01,2025-08-31,2025-09-01,2025-09-30,2025-09-09,2025-09-09,2025-09-10 00:00:00,17_24,24,375.61,400.33946500583477,,,2026-06-25T19:26:23.969956
dayahead,lightgbm,0,2023-01-01,2025-08-31,2025-09-01,2025-09-30,2025-09-10,2025-09-10,2025-09-10 01:00:00,1_8,1,373.75,361.3506462436912,,,2026-06-25T19:26:23.969956
dayahead,lightgbm,0,2023-01-01,2025-08-31,2025-09-01,2025-09-30,2025-09-10,2025-09-10,2025-09-10 02:00:00,1_8,2,372.69,361.3506462436912,,,2026-06-25T19:26:23.969956
dayahead,lightgbm,0,2023-01-01,2025-08-31,2025-09-01,2025-09-30,2025-09-10,2025-09-10,2025-09-10 03:00:00,1_8,3,372.21,365.37745236275987,,,2026-06-25T19:26:23.969956
dayahead,lightgbm,0,2023-01-01,2025-08-31,2025-09-01,2025-09-30,2025-09-10,2025-09-10,2025-09-10 04:00:00,1_8,4,372.17,365.37745236275987,,,2026-06-25T19:26:23.969956
dayahead,lightgbm,0,2023-01-01,2025-08-31,2025-09-01,2025-09-30,2025-09-10,2025-09-10,2025-09-10 05:00:00,1_8,5,374.88,376.78648400931553,,,2026-06-25T19:26:23.969956
dayahead,lightgbm,0,2023-01-01,2025-08-31,2025-09-01,2025-09-30,2025-09-10,2025-09-10,2025-09-10 06:00:00,1_8,6,380.01,379.5001270264111,,,2026-06-25T19:26:23.969956
dayahead,lightgbm,0,2023-01-01,2025-08-31,2025-09-01,2025-09-30,2025-09-10,2025-09-10,2025-09-10 07:00:00,1_8,7,376.28,376.13239667551795,,,2026-06-25T19:26:23.969956
dayahead,lightgbm,0,2023-01-01,2025-08-31,2025-09-01,2025-09-30,2025-09-10,2025-09-10,2025-09-10 08:00:00,1_8,8,338.59,276.7246385573501,,,2026-06-25T19:26:23.969956
dayahead,lightgbm,0,2023-01-01,2025-08-31,2025-09-01,2025-09-30,2025-09-10,2025-09-10,2025-09-10 09:00:00,9_16,9,167.18,75.43917761676548,,,2026-06-25T19:26:23.969956
dayahead,lightgbm,0,2023-01-01,2025-08-31,2025-09-01,2025-09-30,2025-09-10,2025-09-10,2025-09-10 10:00:00,9_16,10,18.56,-13.98227907192279,,,2026-06-25T19:26:23.969956
dayahead,lightgbm,0,2023-01-01,2025-08-31,2025-09-01,2025-09-30,2025-09-10,2025-09-10,2025-09-10 11:00:00,9_16,11,37.59,-27.004462690180933,,,2026-06-25T19:26:23.969956
dayahead,lightgbm,0,2023-01-01,2025-08-31,2025-09-01,2025-09-30,2025-09-10,2025-09-10,2025-09-10 12:00:00,9_16,12,39.75,-24.909004163824175,,,2026-06-25T19:26:23.969956
dayahead,lightgbm,0,2023-01-01,2025-08-31,2025-09-01,2025-09-30,2025-09-10,2025-09-10,2025-09-10 13:00:00,9_16,13,25.36,-30.09011941371192,,,2026-06-25T19:26:23.969956
dayahead,lightgbm,0,2023-01-01,2025-08-31,2025-09-01,2025-09-30,2025-09-10,2025-09-10,2025-09-10 14:00:00,9_16,14,61.33,-15.534503045047565,,,2026-06-25T19:26:23.969956
dayahead,lightgbm,0,2023-01-01,2025-08-31,2025-09-01,2025-09-30,2025-09-10,2025-09-10,2025-09-10 15:00:00,9_16,15,274.93,-42.26868270515798,,,2026-06-25T19:26:23.969956
dayahead,lightgbm,0,2023-01-01,2025-08-31,2025-09-01,2025-09-30,2025-09-10,2025-09-10,2025-09-10 16:00:00,9_16,16,356.24,118.87148783819565,,,2026-06-25T19:26:23.969956
dayahead,lightgbm,0,2023-01-01,2025-08-31,2025-09-01,2025-09-30,2025-09-10,2025-09-10,2025-09-10 17:00:00,17_24,17,404.56,417.8465789482291,,,2026-06-25T19:26:23.969956
dayahead,lightgbm,0,2023-01-01,2025-08-31,2025-09-01,2025-09-30,2025-09-10,2025-09-10,2025-09-10 18:00:00,17_24,18,714.94,425.36341729239126,,,2026-06-25T19:26:23.969956
dayahead,lightgbm,0,2023-01-01,2025-08-31,2025-09-01,2025-09-30,2025-09-10,2025-09-10,2025-09-10 19:00:00,17_24,19,621.54,426.4021802512194,,,2026-06-25T19:26:23.969956
dayahead,lightgbm,0,2023-01-01,2025-08-31,2025-09-01,2025-09-30,2025-09-10,2025-09-10,2025-09-10 20:00:00,17_24,20,614.17,424.21162633905465,,,2026-06-25T19:26:23.969956
dayahead,lightgbm,0,2023-01-01,2025-08-31,2025-09-01,2025-09-30,2025-09-10,2025-09-10,2025-09-10 21:00:00,17_24,21,472.74,418.6977317863406,,,2026-06-25T19:26:23.969956
dayahead,lightgbm,0,2023-01-01,2025-08-31,2025-09-01,2025-09-30,2025-09-10,2025-09-10,2025-09-10 22:00:00,17_24,22,433.8,418.6977317863406,,,2026-06-25T19:26:23.969956
dayahead,lightgbm,0,2023-01-01,2025-08-31,2025-09-01,2025-09-30,2025-09-10,2025-09-10,2025-09-10 23:00:00,17_24,23,400.36,415.65663980298586,,,2026-06-25T19:26:23.969956
dayahead,lightgbm,0,2023-01-01,2025-08-31,2025-09-01,2025-09-30,2025-09-10,2025-09-10,2025-09-11 00:00:00,17_24,24,381.98,415.65663980298586,,,2026-06-25T19:26:23.969956
dayahead,lightgbm,0,2023-01-01,2025-08-31,2025-09-01,2025-09-30,2025-09-11,2025-09-11,2025-09-11 01:00:00,1_8,1,355.1,404.8756339642869,,,2026-06-25T19:26:23.969956
dayahead,lightgbm,0,2023-01-01,2025-08-31,2025-09-01,2025-09-30,2025-09-11,2025-09-11,2025-09-11 02:00:00,1_8,2,351.88,404.03887982626725,,,2026-06-25T19:26:23.969956
dayahead,lightgbm,0,2023-01-01,2025-08-31,2025-09-01,2025-09-30,2025-09-11,2025-09-11,2025-09-11 03:00:00,1_8,3,348.51,403.3338620769503,,,2026-06-25T19:26:23.969956
dayahead,lightgbm,0,2023-01-01,2025-08-31,2025-09-01,2025-09-30,2025-09-11,2025-09-11,2025-09-11 04:00:00,1_8,4,346.24,398.6904091717079,,,2026-06-25T19:26:23.969956
dayahead,lightgbm,0,2023-01-01,2025-08-31,2025-09-01,2025-09-30,2025-09-11,2025-09-11,2025-09-11 05:00:00,1_8,5,348.18,405.84047630684614,,,2026-06-25T19:26:23.969956
dayahead,lightgbm,0,2023-01-01,2025-08-31,2025-09-01,2025-09-30,2025-09-11,2025-09-11,2025-09-11 06:00:00,1_8,6,354.0,407.763945571403,,,2026-06-25T19:26:23.969956
dayahead,lightgbm,0,2023-01-01,2025-08-31,2025-09-01,2025-09-30,2025-09-11,2025-09-11,2025-09-11 07:00:00,1_8,7,350.73,387.2130559174553,,,2026-06-25T19:26:23.969956
dayahead,lightgbm,0,2023-01-01,2025-08-31,2025-09-01,2025-09-30,2025-09-11,2025-09-11,2025-09-11 08:00:00,1_8,8,336.25,285.397802260776,,,2026-06-25T19:26:23.969956
dayahead,lightgbm,0,2023-01-01,2025-08-31,2025-09-01,2025-09-30,2025-09-11,2025-09-11,2025-09-11 09:00:00,9_16,9,303.84,122.93234279803988,,,2026-06-25T19:26:23.969956
dayahead,lightgbm,0,2023-01-01,2025-08-31,2025-09-01,2025-09-30,2025-09-11,2025-09-11,2025-09-11 10:00:00,9_16,10,257.67,45.379354074146654,,,2026-06-25T19:26:23.969956
dayahead,lightgbm,0,2023-01-01,2025-08-31,2025-09-01,2025-09-30,2025-09-11,2025-09-11,2025-09-11 11:00:00,9_16,11,323.18,10.016614295129086,,,2026-06-25T19:26:23.969956
dayahead,lightgbm,0,2023-01-01,2025-08-31,2025-09-01,2025-09-30,2025-09-11,2025-09-11,2025-09-11 12:00:00,9_16,12,324.71,9.144248876867486,,,2026-06-25T19:26:23.969956
dayahead,lightgbm,0,2023-01-01,2025-08-31,2025-09-01,2025-09-30,2025-09-11,2025-09-11,2025-09-11 13:00:00,9_16,13,304.58,18.322267350182997,,,2026-06-25T19:26:23.969956
dayahead,lightgbm,0,2023-01-01,2025-08-31,2025-09-01,2025-09-30,2025-09-11,2025-09-11,2025-09-11 14:00:00,9_16,14,374.23,85.16583297816659,,,2026-06-25T19:26:23.969956
dayahead,lightgbm,0,2023-01-01,2025-08-31,2025-09-01,2025-09-30,2025-09-11,2025-09-11,2025-09-11 15:00:00,9_16,15,404.52,205.48281881701405,,,2026-06-25T19:26:23.969956
dayahead,lightgbm,0,2023-01-01,2025-08-31,2025-09-01,2025-09-30,2025-09-11,2025-09-11,2025-09-11 16:00:00,9_16,16,381.71,329.3965536177016,,,2026-06-25T19:26:23.969956
dayahead,lightgbm,0,2023-01-01,2025-08-31,2025-09-01,2025-09-30,2025-09-11,2025-09-11,2025-09-11 17:00:00,17_24,17,541.39,444.85840343806143,,,2026-06-25T19:26:23.969956
dayahead,lightgbm,0,2023-01-01,2025-08-31,2025-09-01,2025-09-30,2025-09-11,2025-09-11,2025-09-11 18:00:00,17_24,18,556.74,528.6223886389695,,,2026-06-25T19:26:23.969956
dayahead,lightgbm,0,2023-01-01,2025-08-31,2025-09-01,2025-09-30,2025-09-11,2025-09-11,2025-09-11 19:00:00,17_24,19,547.81,568.7108786809342,,,2026-06-25T19:26:23.969956
dayahead,lightgbm,0,2023-01-01,2025-08-31,2025-09-01,2025-09-30,2025-09-11,2025-09-11,2025-09-11 20:00:00,17_24,20,547.51,568.7108786809342,,,2026-06-25T19:26:23.969956
dayahead,lightgbm,0,2023-01-01,2025-08-31,2025-09-01,2025-09-30,2025-09-11,2025-09-11,2025-09-11 21:00:00,17_24,21,462.45,455.0681788807644,,,2026-06-25T19:26:23.969956
dayahead,lightgbm,0,2023-01-01,2025-08-31,2025-09-01,2025-09-30,2025-09-11,2025-09-11,2025-09-11 22:00:00,17_24,22,417.36,447.5691989802513,,,2026-06-25T19:26:23.969956
dayahead,lightgbm,0,2023-01-01,2025-08-31,2025-09-01,2025-09-30,2025-09-11,2025-09-11,2025-09-11 23:00:00,17_24,23,358.42,417.23464549502825,,,2026-06-25T19:26:23.969956
dayahead,lightgbm,0,2023-01-01,2025-08-31,2025-09-01,2025-09-30,2025-09-11,2025-09-11,2025-09-12 00:00:00,17_24,24,349.29,428.90528427132057,,,2026-06-25T19:26:23.969956
dayahead,lightgbm,0,2023-01-01,2025-08-31,2025-09-01,2025-09-30,2025-09-12,2025-09-12,2025-09-12 01:00:00,1_8,1,326.32,392.5013264962907,,,2026-06-25T19:26:23.969956
dayahead,lightgbm,0,2023-01-01,2025-08-31,2025-09-01,2025-09-30,2025-09-12,2025-09-12,2025-09-12 02:00:00,1_8,2,324.3,382.07654241382204,,,2026-06-25T19:26:23.969956
dayahead,lightgbm,0,2023-01-01,2025-08-31,2025-09-01,2025-09-30,2025-09-12,2025-09-12,2025-09-12 03:00:00,1_8,3,309.3,379.9552743242829,,,2026-06-25T19:26:23.969956
dayahead,lightgbm,0,2023-01-01,2025-08-31,2025-09-01,2025-09-30,2025-09-12,2025-09-12,2025-09-12 04:00:00,1_8,4,303.73,373.0595004236638,,,2026-06-25T19:26:23.969956
dayahead,lightgbm,0,2023-01-01,2025-08-31,2025-09-01,2025-09-30,2025-09-12,2025-09-12,2025-09-12 05:00:00,1_8,5,306.07,378.2505473466113,,,2026-06-25T19:26:23.969956
dayahead,lightgbm,0,2023-01-01,2025-08-31,2025-09-01,2025-09-30,2025-09-12,2025-09-12,2025-09-12 06:00:00,1_8,6,316.01,380.9811528365723,,,2026-06-25T19:26:23.969956
dayahead,lightgbm,0,2023-01-01,2025-08-31,2025-09-01,2025-09-30,2025-09-12,2025-09-12,2025-09-12 07:00:00,1_8,7,346.18,373.99612147301286,,,2026-06-25T19:26:23.969956
dayahead,lightgbm,0,2023-01-01,2025-08-31,2025-09-01,2025-09-30,2025-09-12,2025-09-12,2025-09-12 08:00:00,1_8,8,336.38,357.26791808214466,,,2026-06-25T19:26:23.969956
dayahead,lightgbm,0,2023-01-01,2025-08-31,2025-09-01,2025-09-30,2025-09-12,2025-09-12,2025-09-12 09:00:00,9_16,9,356.31,345.87653779809244,,,2026-06-25T19:26:23.969956
dayahead,lightgbm,0,2023-01-01,2025-08-31,2025-09-01,2025-09-30,2025-09-12,2025-09-12,2025-09-12 10:00:00,9_16,10,348.59,333.1814102976317,,,2026-06-25T19:26:23.969956
dayahead,lightgbm,0,2023-01-01,2025-08-31,2025-09-01,2025-09-30,2025-09-12,2025-09-12,2025-09-12 11:00:00,9_16,11,390.54,342.5517038260074,,,2026-06-25T19:26:23.969956
dayahead,lightgbm,0,2023-01-01,2025-08-31,2025-09-01,2025-09-30,2025-09-12,2025-09-12,2025-09-12 12:00:00,9_16,12,357.07,304.1312718813006,,,2026-06-25T19:26:23.969956
dayahead,lightgbm,0,2023-01-01,2025-08-31,2025-09-01,2025-09-30,2025-09-12,2025-09-12,2025-09-12 13:00:00,9_16,13,316.96,274.56395156629304,,,2026-06-25T19:26:23.969956
dayahead,lightgbm,0,2023-01-01,2025-08-31,2025-09-01,2025-09-30,2025-09-12,2025-09-12,2025-09-12 14:00:00,9_16,14,332.66,291.3069190822882,,,2026-06-25T19:26:23.969956
dayahead,lightgbm,0,2023-01-01,2025-08-31,2025-09-01,2025-09-30,2025-09-12,2025-09-12,2025-09-12 15:00:00,9_16,15,349.19,330.3206376398556,,,2026-06-25T19:26:23.969956
dayahead,lightgbm,0,2023-01-01,2025-08-31,2025-09-01,2025-09-30,2025-09-12,2025-09-12,2025-09-12 16:00:00,9_16,16,332.39,360.15965274056424,,,2026-06-25T19:26:23.969956
dayahead,lightgbm,0,2023-01-01,2025-08-31,2025-09-01,2025-09-30,2025-09-12,2025-09-12,2025-09-12 17:00:00,17_24,17,345.33,474.61423458846434,,,2026-06-25T19:26:23.969956
dayahead,lightgbm,0,2023-01-01,2025-08-31,2025-09-01,2025-09-30,2025-09-12,2025-09-12,2025-09-12 18:00:00,17_24,18,334.8,474.61423458846434,,,2026-06-25T19:26:23.969956
dayahead,lightgbm,0,2023-01-01,2025-08-31,2025-09-01,2025-09-30,2025-09-12,2025-09-12,2025-09-12 19:00:00,17_24,19,345.29,472.7361351114704,,,2026-06-25T19:26:23.969956
dayahead,lightgbm,0,2023-01-01,2025-08-31,2025-09-01,2025-09-30,2025-09-12,2025-09-12,2025-09-12 20:00:00,17_24,20,337.49,471.434015667887,,,2026-06-25T19:26:23.969956
dayahead,lightgbm,0,2023-01-01,2025-08-31,2025-09-01,2025-09-30,2025-09-12,2025-09-12,2025-09-12 21:00:00,17_24,21,317.68,456.11966525839773,,,2026-06-25T19:26:23.969956
dayahead,lightgbm,0,2023-01-01,2025-08-31,2025-09-01,2025-09-30,2025-09-12,2025-09-12,2025-09-12 22:00:00,17_24,22,338.15,454.5963351814483,,,2026-06-25T19:26:23.969956
dayahead,lightgbm,0,2023-01-01,2025-08-31,2025-09-01,2025-09-30,2025-09-12,2025-09-12,2025-09-12 23:00:00,17_24,23,333.15,429.65577113044964,,,2026-06-25T19:26:23.969956
dayahead,lightgbm,0,2023-01-01,2025-08-31,2025-09-01,2025-09-30,2025-09-12,2025-09-12,2025-09-13 00:00:00,17_24,24,305.15,437.5971367099396,,,2026-06-25T19:26:23.969956
dayahead,lightgbm,0,2023-01-01,2025-08-31,2025-09-01,2025-09-30,2025-09-13,2025-09-13,2025-09-13 01:00:00,1_8,1,362.32,371.993897507645,,,2026-06-25T19:26:23.969956
dayahead,lightgbm,0,2023-01-01,2025-08-31,2025-09-01,2025-09-30,2025-09-13,2025-09-13,2025-09-13 02:00:00,1_8,2,360.64,365.41054942381334,,,2026-06-25T19:26:23.969956
dayahead,lightgbm,0,2023-01-01,2025-08-31,2025-09-01,2025-09-30,2025-09-13,2025-09-13,2025-09-13 03:00:00,1_8,3,357.97,365.41054942381334,,,2026-06-25T19:26:23.969956
dayahead,lightgbm,0,2023-01-01,2025-08-31,2025-09-01,2025-09-30,2025-09-13,2025-09-13,2025-09-13 04:00:00,1_8,4,355.95,365.41054942381334,,,2026-06-25T19:26:23.969956
dayahead,lightgbm,0,2023-01-01,2025-08-31,2025-09-01,2025-09-30,2025-09-13,2025-09-13,2025-09-13 05:00:00,1_8,5,358.11,365.41054942381334,,,2026-06-25T19:26:23.969956
dayahead,lightgbm,0,2023-01-01,2025-08-31,2025-09-01,2025-09-30,2025-09-13,2025-09-13,2025-09-13 06:00:00,1_8,6,362.0,371.2295746655509,,,2026-06-25T19:26:23.969956
dayahead,lightgbm,0,2023-01-01,2025-08-31,2025-09-01,2025-09-30,2025-09-13,2025-09-13,2025-09-13 07:00:00,1_8,7,358.98,365.9350033945799,,,2026-06-25T19:26:23.969956
dayahead,lightgbm,0,2023-01-01,2025-08-31,2025-09-01,2025-09-30,2025-09-13,2025-09-13,2025-09-13 08:00:00,1_8,8,333.66,298.1339249725637,,,2026-06-25T19:26:23.969956
dayahead,lightgbm,0,2023-01-01,2025-08-31,2025-09-01,2025-09-30,2025-09-13,2025-09-13,2025-09-13 09:00:00,9_16,9,171.49,164.55646701208775,,,2026-06-25T19:26:23.969956
dayahead,lightgbm,0,2023-01-01,2025-08-31,2025-09-01,2025-09-30,2025-09-13,2025-09-13,2025-09-13 10:00:00,9_16,10,-14.5,77.40298583994542,,,2026-06-25T19:26:23.969956
dayahead,lightgbm,0,2023-01-01,2025-08-31,2025-09-01,2025-09-30,2025-09-13,2025-09-13,2025-09-13 11:00:00,9_16,11,85.22,-70.02666322738504,,,2026-06-25T19:26:23.969956
dayahead,lightgbm,0,2023-01-01,2025-08-31,2025-09-01,2025-09-30,2025-09-13,2025-09-13,2025-09-13 12:00:00,9_16,12,101.47,-27.992365044457348,,,2026-06-25T19:26:23.969956
dayahead,lightgbm,0,2023-01-01,2025-08-31,2025-09-01,2025-09-30,2025-09-13,2025-09-13,2025-09-13 13:00:00,9_16,13,105.1,-25.697289597870594,,,2026-06-25T19:26:23.969956
dayahead,lightgbm,0,2023-01-01,2025-08-31,2025-09-01,2025-09-30,2025-09-13,2025-09-13,2025-09-13 14:00:00,9_16,14,124.58,0.628806562282108,,,2026-06-25T19:26:23.969956
dayahead,lightgbm,0,2023-01-01,2025-08-31,2025-09-01,2025-09-30,2025-09-13,2025-09-13,2025-09-13 15:00:00,9_16,15,244.06,86.00162451905618,,,2026-06-25T19:26:23.969956
dayahead,lightgbm,0,2023-01-01,2025-08-31,2025-09-01,2025-09-30,2025-09-13,2025-09-13,2025-09-13 16:00:00,9_16,16,325.98,186.90511002278168,,,2026-06-25T19:26:23.969956
dayahead,lightgbm,0,2023-01-01,2025-08-31,2025-09-01,2025-09-30,2025-09-13,2025-09-13,2025-09-13 17:00:00,17_24,17,372.1,423.41149233076123,,,2026-06-25T19:26:23.969956
dayahead,lightgbm,0,2023-01-01,2025-08-31,2025-09-01,2025-09-30,2025-09-13,2025-09-13,2025-09-13 18:00:00,17_24,18,378.47,431.409699613181,,,2026-06-25T19:26:23.969956
dayahead,lightgbm,0,2023-01-01,2025-08-31,2025-09-01,2025-09-30,2025-09-13,2025-09-13,2025-09-13 19:00:00,17_24,19,376.94,432.0483387792126,,,2026-06-25T19:26:23.969956
dayahead,lightgbm,0,2023-01-01,2025-08-31,2025-09-01,2025-09-30,2025-09-13,2025-09-13,2025-09-13 20:00:00,17_24,20,375.61,432.75721749809384,,,2026-06-25T19:26:23.969956
dayahead,lightgbm,0,2023-01-01,2025-08-31,2025-09-01,2025-09-30,2025-09-13,2025-09-13,2025-09-13 21:00:00,17_24,21,372.71,431.52059789664725,,,2026-06-25T19:26:23.969956
dayahead,lightgbm,0,2023-01-01,2025-08-31,2025-09-01,2025-09-30,2025-09-13,2025-09-13,2025-09-13 22:00:00,17_24,22,366.86,425.60793794810866,,,2026-06-25T19:26:23.969956
dayahead,lightgbm,0,2023-01-01,2025-08-31,2025-09-01,2025-09-30,2025-09-13,2025-09-13,2025-09-13 23:00:00,17_24,23,357.19,397.6381041265144,,,2026-06-25T19:26:23.969956
dayahead,lightgbm,0,2023-01-01,2025-08-31,2025-09-01,2025-09-30,2025-09-13,2025-09-13,2025-09-14 00:00:00,17_24,24,350.26,402.96096534941154,,,2026-06-25T19:26:23.969956
dayahead,lightgbm,0,2023-01-01,2025-08-31,2025-09-01,2025-09-30,2025-09-14,2025-09-14,2025-09-14 01:00:00,1_8,1,336.08,299.75845618380987,,,2026-06-25T19:26:23.969956
dayahead,lightgbm,0,2023-01-01,2025-08-31,2025-09-01,2025-09-30,2025-09-14,2025-09-14,2025-09-14 02:00:00,1_8,2,332.5,286.60184081811815,,,2026-06-25T19:26:23.969956
dayahead,lightgbm,0,2023-01-01,2025-08-31,2025-09-01,2025-09-30,2025-09-14,2025-09-14,2025-09-14 03:00:00,1_8,3,325.64,286.405380800917,,,2026-06-25T19:26:23.969956
dayahead,lightgbm,0,2023-01-01,2025-08-31,2025-09-01,2025-09-30,2025-09-14,2025-09-14,2025-09-14 04:00:00,1_8,4,322.35,309.7624043856102,,,2026-06-25T19:26:23.969956
dayahead,lightgbm,0,2023-01-01,2025-08-31,2025-09-01,2025-09-30,2025-09-14,2025-09-14,2025-09-14 05:00:00,1_8,5,329.08,320.50438157538446,,,2026-06-25T19:26:23.969956
dayahead,lightgbm,0,2023-01-01,2025-08-31,2025-09-01,2025-09-30,2025-09-14,2025-09-14,2025-09-14 06:00:00,1_8,6,336.36,351.51402960418943,,,2026-06-25T19:26:23.969956
dayahead,lightgbm,0,2023-01-01,2025-08-31,2025-09-01,2025-09-30,2025-09-14,2025-09-14,2025-09-14 07:00:00,1_8,7,329.58,341.15569048758584,,,2026-06-25T19:26:23.969956
dayahead,lightgbm,0,2023-01-01,2025-08-31,2025-09-01,2025-09-30,2025-09-14,2025-09-14,2025-09-14 08:00:00,1_8,8,200.22,217.80954407884678,,,2026-06-25T19:26:23.969956
dayahead,lightgbm,0,2023-01-01,2025-08-31,2025-09-01,2025-09-30,2025-09-14,2025-09-14,2025-09-14 09:00:00,9_16,9,-84.8,-3.5303582550016834,,,2026-06-25T19:26:23.969956
dayahead,lightgbm,0,2023-01-01,2025-08-31,2025-09-01,2025-09-30,2025-09-14,2025-09-14,2025-09-14 10:00:00,9_16,10,-75.32,-28.159647192702163,,,2026-06-25T19:26:23.969956
dayahead,lightgbm,0,2023-01-01,2025-08-31,2025-09-01,2025-09-30,2025-09-14,2025-09-14,2025-09-14 11:00:00,9_16,11,-18.96,-29.201051789376706,,,2026-06-25T19:26:23.969956
dayahead,lightgbm,0,2023-01-01,2025-08-31,2025-09-01,2025-09-30,2025-09-14,2025-09-14,2025-09-14 12:00:00,9_16,12,-13.04,-28.537590470289913,,,2026-06-25T19:26:23.969956
dayahead,lightgbm,0,2023-01-01,2025-08-31,2025-09-01,2025-09-30,2025-09-14,2025-09-14,2025-09-14 13:00:00,9_16,13,-30.26,-28.537590470289913,,,2026-06-25T19:26:23.969956
dayahead,lightgbm,0,2023-01-01,2025-08-31,2025-09-01,2025-09-30,2025-09-14,2025-09-14,2025-09-14 14:00:00,9_16,14,-27.75,-27.31428148946004,,,2026-06-25T19:26:23.969956
dayahead,lightgbm,0,2023-01-01,2025-08-31,2025-09-01,2025-09-30,2025-09-14,2025-09-14,2025-09-14 15:00:00,9_16,15,-22.65,-67.96449937495308,,,2026-06-25T19:26:23.969956
dayahead,lightgbm,0,2023-01-01,2025-08-31,2025-09-01,2025-09-30,2025-09-14,2025-09-14,2025-09-14 16:00:00,9_16,16,222.28,163.4781529241053,,,2026-06-25T19:26:23.969956
dayahead,lightgbm,0,2023-01-01,2025-08-31,2025-09-01,2025-09-30,2025-09-14,2025-09-14,2025-09-14 17:00:00,17_24,17,363.55,429.52327647323466,,,2026-06-25T19:26:23.969956
dayahead,lightgbm,0,2023-01-01,2025-08-31,2025-09-01,2025-09-30,2025-09-14,2025-09-14,2025-09-14 18:00:00,17_24,18,381.67,434.3665685526095,,,2026-06-25T19:26:23.969956
dayahead,lightgbm,0,2023-01-01,2025-08-31,2025-09-01,2025-09-30,2025-09-14,2025-09-14,2025-09-14 19:00:00,17_24,19,379.75,434.3665685526095,,,2026-06-25T19:26:23.969956
dayahead,lightgbm,0,2023-01-01,2025-08-31,2025-09-01,2025-09-30,2025-09-14,2025-09-14,2025-09-14 20:00:00,17_24,20,379.37,434.07811026549797,,,2026-06-25T19:26:23.969956
dayahead,lightgbm,0,2023-01-01,2025-08-31,2025-09-01,2025-09-30,2025-09-14,2025-09-14,2025-09-14 21:00:00,17_24,21,377.91,433.26321348219983,,,2026-06-25T19:26:23.969956
dayahead,lightgbm,0,2023-01-01,2025-08-31,2025-09-01,2025-09-30,2025-09-14,2025-09-14,2025-09-14 22:00:00,17_24,22,376.87,434.07811026549797,,,2026-06-25T19:26:23.969956
dayahead,lightgbm,0,2023-01-01,2025-08-31,2025-09-01,2025-09-30,2025-09-14,2025-09-14,2025-09-14 23:00:00,17_24,23,364.99,426.160729005079,,,2026-06-25T19:26:23.969956
dayahead,lightgbm,0,2023-01-01,2025-08-31,2025-09-01,2025-09-30,2025-09-14,2025-09-14,2025-09-15 00:00:00,17_24,24,360.91,431.4211754245471,,,2026-06-25T19:26:23.969956
dayahead,lightgbm,0,2023-01-01,2025-08-31,2025-09-01,2025-09-30,2025-09-15,2025-09-15,2025-09-15 01:00:00,1_8,1,359.09,373.0503781781705,,,2026-06-25T19:26:23.969956
dayahead,lightgbm,0,2023-01-01,2025-08-31,2025-09-01,2025-09-30,2025-09-15,2025-09-15,2025-09-15 02:00:00,1_8,2,355.76,373.0503781781705,,,2026-06-25T19:26:23.969956
dayahead,lightgbm,0,2023-01-01,2025-08-31,2025-09-01,2025-09-30,2025-09-15,2025-09-15,2025-09-15 03:00:00,1_8,3,352.42,362.1014505502883,,,2026-06-25T19:26:23.969956
dayahead,lightgbm,0,2023-01-01,2025-08-31,2025-09-01,2025-09-30,2025-09-15,2025-09-15,2025-09-15 04:00:00,1_8,4,350.1,362.1014505502883,,,2026-06-25T19:26:23.969956
dayahead,lightgbm,0,2023-01-01,2025-08-31,2025-09-01,2025-09-30,2025-09-15,2025-09-15,2025-09-15 05:00:00,1_8,5,353.1,367.3274827395215,,,2026-06-25T19:26:23.969956
dayahead,lightgbm,0,2023-01-01,2025-08-31,2025-09-01,2025-09-30,2025-09-15,2025-09-15,2025-09-15 06:00:00,1_8,6,360.42,375.7997271474105,,,2026-06-25T19:26:23.969956
dayahead,lightgbm,0,2023-01-01,2025-08-31,2025-09-01,2025-09-30,2025-09-15,2025-09-15,2025-09-15 07:00:00,1_8,7,356.0,376.09511125577257,,,2026-06-25T19:26:23.969956
dayahead,lightgbm,0,2023-01-01,2025-08-31,2025-09-01,2025-09-30,2025-09-15,2025-09-15,2025-09-15 08:00:00,1_8,8,340.22,286.4634879633091,,,2026-06-25T19:26:23.969956
dayahead,lightgbm,0,2023-01-01,2025-08-31,2025-09-01,2025-09-30,2025-09-15,2025-09-15,2025-09-15 09:00:00,9_16,9,316.95,177.23443908617983,,,2026-06-25T19:26:23.969956
dayahead,lightgbm,0,2023-01-01,2025-08-31,2025-09-01,2025-09-30,2025-09-15,2025-09-15,2025-09-15 10:00:00,9_16,10,279.4,65.60818170508243,,,2026-06-25T19:26:23.969956
dayahead,lightgbm,0,2023-01-01,2025-08-31,2025-09-01,2025-09-30,2025-09-15,2025-09-15,2025-09-15 11:00:00,9_16,11,309.45,13.684330159940673,,,2026-06-25T19:26:23.969956
dayahead,lightgbm,0,2023-01-01,2025-08-31,2025-09-01,2025-09-30,2025-09-15,2025-09-15,2025-09-15 12:00:00,9_16,12,318.49,-78.16016986537733,,,2026-06-25T19:26:23.969956
dayahead,lightgbm,0,2023-01-01,2025-08-31,2025-09-01,2025-09-30,2025-09-15,2025-09-15,2025-09-15 13:00:00,9_16,13,306.94,-78.16016986537733,,,2026-06-25T19:26:23.969956
dayahead,lightgbm,0,2023-01-01,2025-08-31,2025-09-01,2025-09-30,2025-09-15,2025-09-15,2025-09-15 14:00:00,9_16,14,356.53,131.96847518006493,,,2026-06-25T19:26:23.969956
dayahead,lightgbm,0,2023-01-01,2025-08-31,2025-09-01,2025-09-30,2025-09-15,2025-09-15,2025-09-15 15:00:00,9_16,15,386.83,198.83739512003942,,,2026-06-25T19:26:23.969956
dayahead,lightgbm,0,2023-01-01,2025-08-31,2025-09-01,2025-09-30,2025-09-15,2025-09-15,2025-09-15 16:00:00,9_16,16,384.48,296.6298946671611,,,2026-06-25T19:26:23.969956
dayahead,lightgbm,0,2023-01-01,2025-08-31,2025-09-01,2025-09-30,2025-09-15,2025-09-15,2025-09-15 17:00:00,17_24,17,446.87,463.9850718945032,,,2026-06-25T19:26:23.969956
dayahead,lightgbm,0,2023-01-01,2025-08-31,2025-09-01,2025-09-30,2025-09-15,2025-09-15,2025-09-15 18:00:00,17_24,18,495.01,462.27756889310166,,,2026-06-25T19:26:23.969956
dayahead,lightgbm,0,2023-01-01,2025-08-31,2025-09-01,2025-09-30,2025-09-15,2025-09-15,2025-09-15 19:00:00,17_24,19,494.93,473.30153256500006,,,2026-06-25T19:26:23.969956
dayahead,lightgbm,0,2023-01-01,2025-08-31,2025-09-01,2025-09-30,2025-09-15,2025-09-15,2025-09-15 20:00:00,17_24,20,468.88,461.01545171592284,,,2026-06-25T19:26:23.969956
dayahead,lightgbm,0,2023-01-01,2025-08-31,2025-09-01,2025-09-30,2025-09-15,2025-09-15,2025-09-15 21:00:00,17_24,21,387.17,419.0757593670659,,,2026-06-25T19:26:23.969956
dayahead,lightgbm,0,2023-01-01,2025-08-31,2025-09-01,2025-09-30,2025-09-15,2025-09-15,2025-09-15 22:00:00,17_24,22,383.91,419.0757593670659,,,2026-06-25T19:26:23.969956
dayahead,lightgbm,0,2023-01-01,2025-08-31,2025-09-01,2025-09-30,2025-09-15,2025-09-15,2025-09-15 23:00:00,17_24,23,371.82,393.15319242472947,,,2026-06-25T19:26:23.969956
dayahead,lightgbm,0,2023-01-01,2025-08-31,2025-09-01,2025-09-30,2025-09-15,2025-09-15,2025-09-16 00:00:00,17_24,24,362.02,407.5623622020679,,,2026-06-25T19:26:23.969956
dayahead,lightgbm,0,2023-01-01,2025-08-31,2025-09-01,2025-09-30,2025-09-16,2025-09-16,2025-09-16 01:00:00,1_8,1,360.89,379.4697019142944,,,2026-06-25T19:26:23.969956
dayahead,lightgbm,0,2023-01-01,2025-08-31,2025-09-01,2025-09-30,2025-09-16,2025-09-16,2025-09-16 02:00:00,1_8,2,365.0,377.49477142935734,,,2026-06-25T19:26:23.969956
dayahead,lightgbm,0,2023-01-01,2025-08-31,2025-09-01,2025-09-30,2025-09-16,2025-09-16,2025-09-16 03:00:00,1_8,3,365.0,377.24795057375644,,,2026-06-25T19:26:23.969956
dayahead,lightgbm,0,2023-01-01,2025-08-31,2025-09-01,2025-09-30,2025-09-16,2025-09-16,2025-09-16 04:00:00,1_8,4,365.0,380.0557240471905,,,2026-06-25T19:26:23.969956
dayahead,lightgbm,0,2023-01-01,2025-08-31,2025-09-01,2025-09-30,2025-09-16,2025-09-16,2025-09-16 05:00:00,1_8,5,359.97,382.75928821357064,,,2026-06-25T19:26:23.969956
dayahead,lightgbm,0,2023-01-01,2025-08-31,2025-09-01,2025-09-30,2025-09-16,2025-09-16,2025-09-16 06:00:00,1_8,6,352.6,384.91920115826355,,,2026-06-25T19:26:23.969956
dayahead,lightgbm,0,2023-01-01,2025-08-31,2025-09-01,2025-09-30,2025-09-16,2025-09-16,2025-09-16 07:00:00,1_8,7,356.71,386.5403137607629,,,2026-06-25T19:26:23.969956
dayahead,lightgbm,0,2023-01-01,2025-08-31,2025-09-01,2025-09-30,2025-09-16,2025-09-16,2025-09-16 08:00:00,1_8,8,361.91,389.45306908752565,,,2026-06-25T19:26:23.969956
dayahead,lightgbm,0,2023-01-01,2025-08-31,2025-09-01,2025-09-30,2025-09-16,2025-09-16,2025-09-16 09:00:00,9_16,9,742.0,380.8458300340618,,,2026-06-25T19:26:23.969956
dayahead,lightgbm,0,2023-01-01,2025-08-31,2025-09-01,2025-09-30,2025-09-16,2025-09-16,2025-09-16 10:00:00,9_16,10,761.95,351.398968456905,,,2026-06-25T19:26:23.969956
dayahead,lightgbm,0,2023-01-01,2025-08-31,2025-09-01,2025-09-30,2025-09-16,2025-09-16,2025-09-16 11:00:00,9_16,11,777.11,363.72303585370486,,,2026-06-25T19:26:23.969956
dayahead,lightgbm,0,2023-01-01,2025-08-31,2025-09-01,2025-09-30,2025-09-16,2025-09-16,2025-09-16 12:00:00,9_16,12,802.68,348.413552840842,,,2026-06-25T19:26:23.969956
dayahead,lightgbm,0,2023-01-01,2025-08-31,2025-09-01,2025-09-30,2025-09-16,2025-09-16,2025-09-16 13:00:00,9_16,13,785.89,327.32531559947216,,,2026-06-25T19:26:23.969956
dayahead,lightgbm,0,2023-01-01,2025-08-31,2025-09-01,2025-09-30,2025-09-16,2025-09-16,2025-09-16 14:00:00,9_16,14,783.85,332.81687126778644,,,2026-06-25T19:26:23.969956
dayahead,lightgbm,0,2023-01-01,2025-08-31,2025-09-01,2025-09-30,2025-09-16,2025-09-16,2025-09-16 15:00:00,9_16,15,780.35,342.2229488550061,,,2026-06-25T19:26:23.969956
dayahead,lightgbm,0,2023-01-01,2025-08-31,2025-09-01,2025-09-30,2025-09-16,2025-09-16,2025-09-16 16:00:00,9_16,16,412.05,360.815620493252,,,2026-06-25T19:26:23.969956
dayahead,lightgbm,0,2023-01-01,2025-08-31,2025-09-01,2025-09-30,2025-09-16,2025-09-16,2025-09-16 17:00:00,17_24,17,397.66,441.87182848571507,,,2026-06-25T19:26:23.969956
dayahead,lightgbm,0,2023-01-01,2025-08-31,2025-09-01,2025-09-30,2025-09-16,2025-09-16,2025-09-16 18:00:00,17_24,18,381.86,472.54617382097814,,,2026-06-25T19:26:23.969956
dayahead,lightgbm,0,2023-01-01,2025-08-31,2025-09-01,2025-09-30,2025-09-16,2025-09-16,2025-09-16 19:00:00,17_24,19,379.58,472.54617382097814,,,2026-06-25T19:26:23.969956
dayahead,lightgbm,0,2023-01-01,2025-08-31,2025-09-01,2025-09-30,2025-09-16,2025-09-16,2025-09-16 20:00:00,17_24,20,367.93,476.0641623309404,,,2026-06-25T19:26:23.969956
dayahead,lightgbm,0,2023-01-01,2025-08-31,2025-09-01,2025-09-30,2025-09-16,2025-09-16,2025-09-16 21:00:00,17_24,21,350.14,450.9892641884613,,,2026-06-25T19:26:23.969956
dayahead,lightgbm,0,2023-01-01,2025-08-31,2025-09-01,2025-09-30,2025-09-16,2025-09-16,2025-09-16 22:00:00,17_24,22,343.62,449.81297171844125,,,2026-06-25T19:26:23.969956
dayahead,lightgbm,0,2023-01-01,2025-08-31,2025-09-01,2025-09-30,2025-09-16,2025-09-16,2025-09-16 23:00:00,17_24,23,316.18,405.3441977631674,,,2026-06-25T19:26:23.969956
dayahead,lightgbm,0,2023-01-01,2025-08-31,2025-09-01,2025-09-30,2025-09-16,2025-09-16,2025-09-17 00:00:00,17_24,24,294.69,379.047582037451,,,2026-06-25T19:26:23.969956
dayahead,lightgbm,0,2023-01-01,2025-08-31,2025-09-01,2025-09-30,2025-09-17,2025-09-17,2025-09-17 01:00:00,1_8,1,256.37,111.95940509456068,,,2026-06-25T19:26:23.969956
dayahead,lightgbm,0,2023-01-01,2025-08-31,2025-09-01,2025-09-30,2025-09-17,2025-09-17,2025-09-17 02:00:00,1_8,2,293.8,99.76030260662313,,,2026-06-25T19:26:23.969956
dayahead,lightgbm,0,2023-01-01,2025-08-31,2025-09-01,2025-09-30,2025-09-17,2025-09-17,2025-09-17 03:00:00,1_8,3,267.35,75.97598523120115,,,2026-06-25T19:26:23.969956
dayahead,lightgbm,0,2023-01-01,2025-08-31,2025-09-01,2025-09-30,2025-09-17,2025-09-17,2025-09-17 04:00:00,1_8,4,248.29,79.24827413209259,,,2026-06-25T19:26:23.969956
dayahead,lightgbm,0,2023-01-01,2025-08-31,2025-09-01,2025-09-30,2025-09-17,2025-09-17,2025-09-17 05:00:00,1_8,5,265.86,80.89622784292116,,,2026-06-25T19:26:23.969956
dayahead,lightgbm,0,2023-01-01,2025-08-31,2025-09-01,2025-09-30,2025-09-17,2025-09-17,2025-09-17 06:00:00,1_8,6,307.31,203.56694433408413,,,2026-06-25T19:26:23.969956
dayahead,lightgbm,0,2023-01-01,2025-08-31,2025-09-01,2025-09-30,2025-09-17,2025-09-17,2025-09-17 07:00:00,1_8,7,316.01,202.60075122333294,,,2026-06-25T19:26:23.969956
dayahead,lightgbm,0,2023-01-01,2025-08-31,2025-09-01,2025-09-30,2025-09-17,2025-09-17,2025-09-17 08:00:00,1_8,8,286.97,142.20948572804124,,,2026-06-25T19:26:23.969956
dayahead,lightgbm,0,2023-01-01,2025-08-31,2025-09-01,2025-09-30,2025-09-17,2025-09-17,2025-09-17 09:00:00,9_16,9,132.7,-38.598601653313786,,,2026-06-25T19:26:23.969956
dayahead,lightgbm,0,2023-01-01,2025-08-31,2025-09-01,2025-09-30,2025-09-17,2025-09-17,2025-09-17 10:00:00,9_16,10,-46.53,-25.55179931343334,,,2026-06-25T19:26:23.969956
dayahead,lightgbm,0,2023-01-01,2025-08-31,2025-09-01,2025-09-30,2025-09-17,2025-09-17,2025-09-17 11:00:00,9_16,11,-63.97,-31.610632796890854,,,2026-06-25T19:26:23.969956
dayahead,lightgbm,0,2023-01-01,2025-08-31,2025-09-01,2025-09-30,2025-09-17,2025-09-17,2025-09-17 12:00:00,9_16,12,-75.55,-31.610632796890854,,,2026-06-25T19:26:23.969956
dayahead,lightgbm,0,2023-01-01,2025-08-31,2025-09-01,2025-09-30,2025-09-17,2025-09-17,2025-09-17 13:00:00,9_16,13,-81.2,-31.610632796890854,,,2026-06-25T19:26:23.969956
dayahead,lightgbm,0,2023-01-01,2025-08-31,2025-09-01,2025-09-30,2025-09-17,2025-09-17,2025-09-17 14:00:00,9_16,14,-66.66,-31.610632796890854,,,2026-06-25T19:26:23.969956
dayahead,lightgbm,0,2023-01-01,2025-08-31,2025-09-01,2025-09-30,2025-09-17,2025-09-17,2025-09-17 15:00:00,9_16,15,60.72,-23.16747047820894,,,2026-06-25T19:26:23.969956
dayahead,lightgbm,0,2023-01-01,2025-08-31,2025-09-01,2025-09-30,2025-09-17,2025-09-17,2025-09-17 16:00:00,9_16,16,269.79,3.733970334572362,,,2026-06-25T19:26:23.969956
dayahead,lightgbm,0,2023-01-01,2025-08-31,2025-09-01,2025-09-30,2025-09-17,2025-09-17,2025-09-17 17:00:00,17_24,17,337.47,392.2934127083266,,,2026-06-25T19:26:23.969956
dayahead,lightgbm,0,2023-01-01,2025-08-31,2025-09-01,2025-09-30,2025-09-17,2025-09-17,2025-09-17 18:00:00,17_24,18,355.0,395.183497518782,,,2026-06-25T19:26:23.969956
dayahead,lightgbm,0,2023-01-01,2025-08-31,2025-09-01,2025-09-30,2025-09-17,2025-09-17,2025-09-17 19:00:00,17_24,19,355.0,410.8529814171238,,,2026-06-25T19:26:23.969956
dayahead,lightgbm,0,2023-01-01,2025-08-31,2025-09-01,2025-09-30,2025-09-17,2025-09-17,2025-09-17 20:00:00,17_24,20,355.0,400.5368293479825,,,2026-06-25T19:26:23.969956
dayahead,lightgbm,0,2023-01-01,2025-08-31,2025-09-01,2025-09-30,2025-09-17,2025-09-17,2025-09-17 21:00:00,17_24,21,355.0,390.21528547998855,,,2026-06-25T19:26:23.969956
dayahead,lightgbm,0,2023-01-01,2025-08-31,2025-09-01,2025-09-30,2025-09-17,2025-09-17,2025-09-17 22:00:00,17_24,22,355.0,417.8954439397834,,,2026-06-25T19:26:23.969956
dayahead,lightgbm,0,2023-01-01,2025-08-31,2025-09-01,2025-09-30,2025-09-17,2025-09-17,2025-09-17 23:00:00,17_24,23,355.0,409.93297987399586,,,2026-06-25T19:26:23.969956
dayahead,lightgbm,0,2023-01-01,2025-08-31,2025-09-01,2025-09-30,2025-09-17,2025-09-17,2025-09-18 00:00:00,17_24,24,354.59,411.93308558562074,,,2026-06-25T19:26:23.969956
dayahead,lightgbm,0,2023-01-01,2025-08-31,2025-09-01,2025-09-30,2025-09-18,2025-09-18,2025-09-18 01:00:00,1_8,1,334.34,290.63241840305915,,,2026-06-25T19:26:23.969956
dayahead,lightgbm,0,2023-01-01,2025-08-31,2025-09-01,2025-09-30,2025-09-18,2025-09-18,2025-09-18 02:00:00,1_8,2,332.84,319.8250471811735,,,2026-06-25T19:26:23.969956
dayahead,lightgbm,0,2023-01-01,2025-08-31,2025-09-01,2025-09-30,2025-09-18,2025-09-18,2025-09-18 03:00:00,1_8,3,330.56,327.35398109047617,,,2026-06-25T19:26:23.969956
dayahead,lightgbm,0,2023-01-01,2025-08-31,2025-09-01,2025-09-30,2025-09-18,2025-09-18,2025-09-18 04:00:00,1_8,4,330.93,328.53552915708025,,,2026-06-25T19:26:23.969956
dayahead,lightgbm,0,2023-01-01,2025-08-31,2025-09-01,2025-09-30,2025-09-18,2025-09-18,2025-09-18 05:00:00,1_8,5,336.19,341.3164546335385,,,2026-06-25T19:26:23.969956
dayahead,lightgbm,0,2023-01-01,2025-08-31,2025-09-01,2025-09-30,2025-09-18,2025-09-18,2025-09-18 06:00:00,1_8,6,347.22,360.95138460912347,,,2026-06-25T19:26:23.969956
dayahead,lightgbm,0,2023-01-01,2025-08-31,2025-09-01,2025-09-30,2025-09-18,2025-09-18,2025-09-18 07:00:00,1_8,7,344.92,357.61745778653807,,,2026-06-25T19:26:23.969956
dayahead,lightgbm,0,2023-01-01,2025-08-31,2025-09-01,2025-09-30,2025-09-18,2025-09-18,2025-09-18 08:00:00,1_8,8,302.84,230.68601666768203,,,2026-06-25T19:26:23.969956
dayahead,lightgbm,0,2023-01-01,2025-08-31,2025-09-01,2025-09-30,2025-09-18,2025-09-18,2025-09-18 09:00:00,9_16,9,65.89,30.806068673246475,,,2026-06-25T19:26:23.969956
dayahead,lightgbm,0,2023-01-01,2025-08-31,2025-09-01,2025-09-30,2025-09-18,2025-09-18,2025-09-18 10:00:00,9_16,10,-92.78,-77.31136048637845,,,2026-06-25T19:26:23.969956
dayahead,lightgbm,0,2023-01-01,2025-08-31,2025-09-01,2025-09-30,2025-09-18,2025-09-18,2025-09-18 11:00:00,9_16,11,-86.44,-9.417318965829939,,,2026-06-25T19:26:23.969956
dayahead,lightgbm,0,2023-01-01,2025-08-31,2025-09-01,2025-09-30,2025-09-18,2025-09-18,2025-09-18 12:00:00,9_16,12,-82.82,-9.623970650357055,,,2026-06-25T19:26:23.969956
dayahead,lightgbm,0,2023-01-01,2025-08-31,2025-09-01,2025-09-30,2025-09-18,2025-09-18,2025-09-18 13:00:00,9_16,13,-92.15,-9.623970650357055,,,2026-06-25T19:26:23.969956
dayahead,lightgbm,0,2023-01-01,2025-08-31,2025-09-01,2025-09-30,2025-09-18,2025-09-18,2025-09-18 14:00:00,9_16,14,17.77,-70.16374454262817,,,2026-06-25T19:26:23.969956
dayahead,lightgbm,0,2023-01-01,2025-08-31,2025-09-01,2025-09-30,2025-09-18,2025-09-18,2025-09-18 15:00:00,9_16,15,309.96,166.82445671728266,,,2026-06-25T19:26:23.969956
dayahead,lightgbm,0,2023-01-01,2025-08-31,2025-09-01,2025-09-30,2025-09-18,2025-09-18,2025-09-18 16:00:00,9_16,16,356.98,259.3831584508999,,,2026-06-25T19:26:23.969956
dayahead,lightgbm,0,2023-01-01,2025-08-31,2025-09-01,2025-09-30,2025-09-18,2025-09-18,2025-09-18 17:00:00,17_24,17,383.09,427.6933961081346,,,2026-06-25T19:26:23.969956
dayahead,lightgbm,0,2023-01-01,2025-08-31,2025-09-01,2025-09-30,2025-09-18,2025-09-18,2025-09-18 18:00:00,17_24,18,384.49,435.7837084057613,,,2026-06-25T19:26:23.969956
dayahead,lightgbm,0,2023-01-01,2025-08-31,2025-09-01,2025-09-30,2025-09-18,2025-09-18,2025-09-18 19:00:00,17_24,19,384.78,435.7837084057613,,,2026-06-25T19:26:23.969956
dayahead,lightgbm,0,2023-01-01,2025-08-31,2025-09-01,2025-09-30,2025-09-18,2025-09-18,2025-09-18 20:00:00,17_24,20,384.28,435.9401708909684,,,2026-06-25T19:26:23.969956
dayahead,lightgbm,0,2023-01-01,2025-08-31,2025-09-01,2025-09-30,2025-09-18,2025-09-18,2025-09-18 21:00:00,17_24,21,381.03,435.9401708909684,,,2026-06-25T19:26:23.969956
dayahead,lightgbm,0,2023-01-01,2025-08-31,2025-09-01,2025-09-30,2025-09-18,2025-09-18,2025-09-18 22:00:00,17_24,22,378.26,432.6584635705448,,,2026-06-25T19:26:23.969956
dayahead,lightgbm,0,2023-01-01,2025-08-31,2025-09-01,2025-09-30,2025-09-18,2025-09-18,2025-09-18 23:00:00,17_24,23,372.82,428.9355811697582,,,2026-06-25T19:26:23.969956
dayahead,lightgbm,0,2023-01-01,2025-08-31,2025-09-01,2025-09-30,2025-09-18,2025-09-18,2025-09-19 00:00:00,17_24,24,364.48,426.5180461980206,,,2026-06-25T19:26:23.969956
dayahead,lightgbm,0,2023-01-01,2025-08-31,2025-09-01,2025-09-30,2025-09-19,2025-09-19,2025-09-19 01:00:00,1_8,1,350.01,362.7544543938593,,,2026-06-25T19:26:23.969956
dayahead,lightgbm,0,2023-01-01,2025-08-31,2025-09-01,2025-09-30,2025-09-19,2025-09-19,2025-09-19 02:00:00,1_8,2,346.14,362.7544543938593,,,2026-06-25T19:26:23.969956
dayahead,lightgbm,0,2023-01-01,2025-08-31,2025-09-01,2025-09-30,2025-09-19,2025-09-19,2025-09-19 03:00:00,1_8,3,341.15,362.7544543938593,,,2026-06-25T19:26:23.969956
dayahead,lightgbm,0,2023-01-01,2025-08-31,2025-09-01,2025-09-30,2025-09-19,2025-09-19,2025-09-19 04:00:00,1_8,4,340.63,362.7544543938593,,,2026-06-25T19:26:23.969956
dayahead,lightgbm,0,2023-01-01,2025-08-31,2025-09-01,2025-09-30,2025-09-19,2025-09-19,2025-09-19 05:00:00,1_8,5,339.25,362.7544543938593,,,2026-06-25T19:26:23.969956
dayahead,lightgbm,0,2023-01-01,2025-08-31,2025-09-01,2025-09-30,2025-09-19,2025-09-19,2025-09-19 06:00:00,1_8,6,340.69,365.4191442698827,,,2026-06-25T19:26:23.969956
dayahead,lightgbm,0,2023-01-01,2025-08-31,2025-09-01,2025-09-30,2025-09-19,2025-09-19,2025-09-19 07:00:00,1_8,7,346.93,367.58528496426686,,,2026-06-25T19:26:23.969956
dayahead,lightgbm,0,2023-01-01,2025-08-31,2025-09-01,2025-09-30,2025-09-19,2025-09-19,2025-09-19 08:00:00,1_8,8,351.89,366.9952669864208,,,2026-06-25T19:26:23.969956
dayahead,lightgbm,0,2023-01-01,2025-08-31,2025-09-01,2025-09-30,2025-09-19,2025-09-19,2025-09-19 09:00:00,9_16,9,372.35,356.6250789970329,,,2026-06-25T19:26:23.969956
dayahead,lightgbm,0,2023-01-01,2025-08-31,2025-09-01,2025-09-30,2025-09-19,2025-09-19,2025-09-19 10:00:00,9_16,10,422.8,348.6204571328213,,,2026-06-25T19:26:23.969956
dayahead,lightgbm,0,2023-01-01,2025-08-31,2025-09-01,2025-09-30,2025-09-19,2025-09-19,2025-09-19 11:00:00,9_16,11,587.19,350.3850550010696,,,2026-06-25T19:26:23.969956
dayahead,lightgbm,0,2023-01-01,2025-08-31,2025-09-01,2025-09-30,2025-09-19,2025-09-19,2025-09-19 12:00:00,9_16,12,604.95,339.86151544732303,,,2026-06-25T19:26:23.969956
dayahead,lightgbm,0,2023-01-01,2025-08-31,2025-09-01,2025-09-30,2025-09-19,2025-09-19,2025-09-19 13:00:00,9_16,13,415.16,330.7626927816275,,,2026-06-25T19:26:23.969956
dayahead,lightgbm,0,2023-01-01,2025-08-31,2025-09-01,2025-09-30,2025-09-19,2025-09-19,2025-09-19 14:00:00,9_16,14,413.31,327.6911843839943,,,2026-06-25T19:26:23.969956
dayahead,lightgbm,0,2023-01-01,2025-08-31,2025-09-01,2025-09-30,2025-09-19,2025-09-19,2025-09-19 15:00:00,9_16,15,356.53,328.76331169867643,,,2026-06-25T19:26:23.969956
dayahead,lightgbm,0,2023-01-01,2025-08-31,2025-09-01,2025-09-30,2025-09-19,2025-09-19,2025-09-19 16:00:00,9_16,16,351.77,337.2106749445692,,,2026-06-25T19:26:23.969956
dayahead,lightgbm,0,2023-01-01,2025-08-31,2025-09-01,2025-09-30,2025-09-19,2025-09-19,2025-09-19 17:00:00,17_24,17,354.41,420.0152439598089,,,2026-06-25T19:26:23.969956
dayahead,lightgbm,0,2023-01-01,2025-08-31,2025-09-01,2025-09-30,2025-09-19,2025-09-19,2025-09-19 18:00:00,17_24,18,366.11,428.49803493082834,,,2026-06-25T19:26:23.969956
dayahead,lightgbm,0,2023-01-01,2025-08-31,2025-09-01,2025-09-30,2025-09-19,2025-09-19,2025-09-19 19:00:00,17_24,19,370.96,428.49803493082834,,,2026-06-25T19:26:23.969956
dayahead,lightgbm,0,2023-01-01,2025-08-31,2025-09-01,2025-09-30,2025-09-19,2025-09-19,2025-09-19 20:00:00,17_24,20,355.46,430.0113259581596,,,2026-06-25T19:26:23.969956
dayahead,lightgbm,0,2023-01-01,2025-08-31,2025-09-01,2025-09-30,2025-09-19,2025-09-19,2025-09-19 21:00:00,17_24,21,337.37,428.25104097471313,,,2026-06-25T19:26:23.969956
dayahead,lightgbm,0,2023-01-01,2025-08-31,2025-09-01,2025-09-30,2025-09-19,2025-09-19,2025-09-19 22:00:00,17_24,22,340.02,425.74505809274024,,,2026-06-25T19:26:23.969956
dayahead,lightgbm,0,2023-01-01,2025-08-31,2025-09-01,2025-09-30,2025-09-19,2025-09-19,2025-09-19 23:00:00,17_24,23,333.69,423.9534574864839,,,2026-06-25T19:26:23.969956
dayahead,lightgbm,0,2023-01-01,2025-08-31,2025-09-01,2025-09-30,2025-09-19,2025-09-19,2025-09-20 00:00:00,17_24,24,323.8,423.9534574864839,,,2026-06-25T19:26:23.969956
dayahead,lightgbm,0,2023-01-01,2025-08-31,2025-09-01,2025-09-30,2025-09-20,2025-09-20,2025-09-20 01:00:00,1_8,1,446.22,393.41653401110443,,,2026-06-25T19:26:23.969956
dayahead,lightgbm,0,2023-01-01,2025-08-31,2025-09-01,2025-09-30,2025-09-20,2025-09-20,2025-09-20 02:00:00,1_8,2,401.79,392.012998012629,,,2026-06-25T19:26:23.969956
dayahead,lightgbm,0,2023-01-01,2025-08-31,2025-09-01,2025-09-30,2025-09-20,2025-09-20,2025-09-20 03:00:00,1_8,3,371.35,389.9533095722995,,,2026-06-25T19:26:23.969956
dayahead,lightgbm,0,2023-01-01,2025-08-31,2025-09-01,2025-09-30,2025-09-20,2025-09-20,2025-09-20 04:00:00,1_8,4,367.09,389.9533095722995,,,2026-06-25T19:26:23.969956
dayahead,lightgbm,0,2023-01-01,2025-08-31,2025-09-01,2025-09-30,2025-09-20,2025-09-20,2025-09-20 05:00:00,1_8,5,368.65,389.9533095722995,,,2026-06-25T19:26:23.969956
dayahead,lightgbm,0,2023-01-01,2025-08-31,2025-09-01,2025-09-30,2025-09-20,2025-09-20,2025-09-20 06:00:00,1_8,6,383.21,392.8318741447286,,,2026-06-25T19:26:23.969956
dayahead,lightgbm,0,2023-01-01,2025-08-31,2025-09-01,2025-09-30,2025-09-20,2025-09-20,2025-09-20 07:00:00,1_8,7,375.53,378.7869427335158,,,2026-06-25T19:26:23.969956
dayahead,lightgbm,0,2023-01-01,2025-08-31,2025-09-01,2025-09-30,2025-09-20,2025-09-20,2025-09-20 08:00:00,1_8,8,309.08,259.0749837207571,,,2026-06-25T19:26:23.969956
dayahead,lightgbm,0,2023-01-01,2025-08-31,2025-09-01,2025-09-30,2025-09-20,2025-09-20,2025-09-20 09:00:00,9_16,9,-59.34,-51.795871718731235,,,2026-06-25T19:26:23.969956
dayahead,lightgbm,0,2023-01-01,2025-08-31,2025-09-01,2025-09-30,2025-09-20,2025-09-20,2025-09-20 10:00:00,9_16,10,-89.86,-35.292434274032225,,,2026-06-25T19:26:23.969956
dayahead,lightgbm,0,2023-01-01,2025-08-31,2025-09-01,2025-09-30,2025-09-20,2025-09-20,2025-09-20 11:00:00,9_16,11,-100.0,-35.292434274032225,,,2026-06-25T19:26:23.969956
dayahead,lightgbm,0,2023-01-01,2025-08-31,2025-09-01,2025-09-30,2025-09-20,2025-09-20,2025-09-20 12:00:00,9_16,12,-100.0,-35.00607711259246,,,2026-06-25T19:26:23.969956
dayahead,lightgbm,0,2023-01-01,2025-08-31,2025-09-01,2025-09-30,2025-09-20,2025-09-20,2025-09-20 13:00:00,9_16,13,-100.0,-35.00607711259246,,,2026-06-25T19:26:23.969956
dayahead,lightgbm,0,2023-01-01,2025-08-31,2025-09-01,2025-09-30,2025-09-20,2025-09-20,2025-09-20 14:00:00,9_16,14,-100.0,-35.00607711259246,,,2026-06-25T19:26:23.969956
dayahead,lightgbm,0,2023-01-01,2025-08-31,2025-09-01,2025-09-30,2025-09-20,2025-09-20,2025-09-20 15:00:00,9_16,15,-80.0,-75.49898237011222,,,2026-06-25T19:26:23.969956
dayahead,lightgbm,0,2023-01-01,2025-08-31,2025-09-01,2025-09-30,2025-09-20,2025-09-20,2025-09-20 16:00:00,9_16,16,201.25,105.61184078168823,,,2026-06-25T19:26:23.969956
dayahead,lightgbm,0,2023-01-01,2025-08-31,2025-09-01,2025-09-30,2025-09-20,2025-09-20,2025-09-20 17:00:00,17_24,17,376.17,445.9393724657199,,,2026-06-25T19:26:23.969956
dayahead,lightgbm,0,2023-01-01,2025-08-31,2025-09-01,2025-09-30,2025-09-20,2025-09-20,2025-09-20 18:00:00,17_24,18,455.98,445.6410708780964,,,2026-06-25T19:26:23.969956
dayahead,lightgbm,0,2023-01-01,2025-08-31,2025-09-01,2025-09-30,2025-09-20,2025-09-20,2025-09-20 19:00:00,17_24,19,457.19,445.6410708780964,,,2026-06-25T19:26:23.969956
dayahead,lightgbm,0,2023-01-01,2025-08-31,2025-09-01,2025-09-30,2025-09-20,2025-09-20,2025-09-20 20:00:00,17_24,20,457.38,443.74485787631914,,,2026-06-25T19:26:23.969956
dayahead,lightgbm,0,2023-01-01,2025-08-31,2025-09-01,2025-09-30,2025-09-20,2025-09-20,2025-09-20 21:00:00,17_24,21,457.5,452.91518861818236,,,2026-06-25T19:26:23.969956
dayahead,lightgbm,0,2023-01-01,2025-08-31,2025-09-01,2025-09-30,2025-09-20,2025-09-20,2025-09-20 22:00:00,17_24,22,457.74,452.3414019174735,,,2026-06-25T19:26:23.969956
dayahead,lightgbm,0,2023-01-01,2025-08-31,2025-09-01,2025-09-30,2025-09-20,2025-09-20,2025-09-20 23:00:00,17_24,23,457.13,441.5112359606428,,,2026-06-25T19:26:23.969956
dayahead,lightgbm,0,2023-01-01,2025-08-31,2025-09-01,2025-09-30,2025-09-20,2025-09-20,2025-09-21 00:00:00,17_24,24,456.43,450.7498865434835,,,2026-06-25T19:26:23.969956
dayahead,lightgbm,0,2023-01-01,2025-08-31,2025-09-01,2025-09-30,2025-09-21,2025-09-21,2025-09-21 01:00:00,1_8,1,435.74,416.177245651287,,,2026-06-25T19:26:23.969956
dayahead,lightgbm,0,2023-01-01,2025-08-31,2025-09-01,2025-09-30,2025-09-21,2025-09-21,2025-09-21 02:00:00,1_8,2,433.78,405.2893503409418,,,2026-06-25T19:26:23.969956
dayahead,lightgbm,0,2023-01-01,2025-08-31,2025-09-01,2025-09-30,2025-09-21,2025-09-21,2025-09-21 03:00:00,1_8,3,424.83,388.2581904953813,,,2026-06-25T19:26:23.969956
dayahead,lightgbm,0,2023-01-01,2025-08-31,2025-09-01,2025-09-30,2025-09-21,2025-09-21,2025-09-21 04:00:00,1_8,4,416.17,385.4087906876602,,,2026-06-25T19:26:23.969956
dayahead,lightgbm,0,2023-01-01,2025-08-31,2025-09-01,2025-09-30,2025-09-21,2025-09-21,2025-09-21 05:00:00,1_8,5,424.98,385.4087906876602,,,2026-06-25T19:26:23.969956
dayahead,lightgbm,0,2023-01-01,2025-08-31,2025-09-01,2025-09-30,2025-09-21,2025-09-21,2025-09-21 06:00:00,1_8,6,444.97,392.77816970208,,,2026-06-25T19:26:23.969956
dayahead,lightgbm,0,2023-01-01,2025-08-31,2025-09-01,2025-09-30,2025-09-21,2025-09-21,2025-09-21 07:00:00,1_8,7,434.48,392.77816970208,,,2026-06-25T19:26:23.969956
dayahead,lightgbm,0,2023-01-01,2025-08-31,2025-09-01,2025-09-30,2025-09-21,2025-09-21,2025-09-21 08:00:00,1_8,8,341.71,343.73860013605446,,,2026-06-25T19:26:23.969956
dayahead,lightgbm,0,2023-01-01,2025-08-31,2025-09-01,2025-09-30,2025-09-21,2025-09-21,2025-09-21 09:00:00,9_16,9,238.3,145.42711199339064,,,2026-06-25T19:26:23.969956
dayahead,lightgbm,0,2023-01-01,2025-08-31,2025-09-01,2025-09-30,2025-09-21,2025-09-21,2025-09-21 10:00:00,9_16,10,-42.63,-59.7780571390432,,,2026-06-25T19:26:23.969956
dayahead,lightgbm,0,2023-01-01,2025-08-31,2025-09-01,2025-09-30,2025-09-21,2025-09-21,2025-09-21 11:00:00,9_16,11,-74.88,-8.058721445495813,,,2026-06-25T19:26:23.969956
dayahead,lightgbm,0,2023-01-01,2025-08-31,2025-09-01,2025-09-30,2025-09-21,2025-09-21,2025-09-21 12:00:00,9_16,12,-74.88,-21.967792170328746,,,2026-06-25T19:26:23.969956
dayahead,lightgbm,0,2023-01-01,2025-08-31,2025-09-01,2025-09-30,2025-09-21,2025-09-21,2025-09-21 13:00:00,9_16,13,-74.8,-21.967792170328746,,,2026-06-25T19:26:23.969956
dayahead,lightgbm,0,2023-01-01,2025-08-31,2025-09-01,2025-09-30,2025-09-21,2025-09-21,2025-09-21 14:00:00,9_16,14,25.81,25.05788106982315,,,2026-06-25T19:26:23.969956
dayahead,lightgbm,0,2023-01-01,2025-08-31,2025-09-01,2025-09-30,2025-09-21,2025-09-21,2025-09-21 15:00:00,9_16,15,248.14,147.49662249134633,,,2026-06-25T19:26:23.969956
dayahead,lightgbm,0,2023-01-01,2025-08-31,2025-09-01,2025-09-30,2025-09-21,2025-09-21,2025-09-21 16:00:00,9_16,16,303.43,277.7481409801962,,,2026-06-25T19:26:23.969956
dayahead,lightgbm,0,2023-01-01,2025-08-31,2025-09-01,2025-09-30,2025-09-21,2025-09-21,2025-09-21 17:00:00,17_24,17,375.11,426.96374140480316,,,2026-06-25T19:26:23.969956
dayahead,lightgbm,0,2023-01-01,2025-08-31,2025-09-01,2025-09-30,2025-09-21,2025-09-21,2025-09-21 18:00:00,17_24,18,394.26,431.9858581790439,,,2026-06-25T19:26:23.969956
dayahead,lightgbm,0,2023-01-01,2025-08-31,2025-09-01,2025-09-30,2025-09-21,2025-09-21,2025-09-21 19:00:00,17_24,19,395.13,431.9858581790439,,,2026-06-25T19:26:23.969956
dayahead,lightgbm,0,2023-01-01,2025-08-31,2025-09-01,2025-09-30,2025-09-21,2025-09-21,2025-09-21 20:00:00,17_24,20,395.22,431.0334221707062,,,2026-06-25T19:26:23.969956
dayahead,lightgbm,0,2023-01-01,2025-08-31,2025-09-01,2025-09-30,2025-09-21,2025-09-21,2025-09-21 21:00:00,17_24,21,395.35,431.3255005716918,,,2026-06-25T19:26:23.969956
dayahead,lightgbm,0,2023-01-01,2025-08-31,2025-09-01,2025-09-30,2025-09-21,2025-09-21,2025-09-21 22:00:00,17_24,22,395.49,430.2166074894544,,,2026-06-25T19:26:23.969956
dayahead,lightgbm,0,2023-01-01,2025-08-31,2025-09-01,2025-09-30,2025-09-21,2025-09-21,2025-09-21 23:00:00,17_24,23,395.07,430.2166074894544,,,2026-06-25T19:26:23.969956
dayahead,lightgbm,0,2023-01-01,2025-08-31,2025-09-01,2025-09-30,2025-09-21,2025-09-21,2025-09-22 00:00:00,17_24,24,391.2,427.9452092150357,,,2026-06-25T19:26:23.969956
dayahead,lightgbm,0,2023-01-01,2025-08-31,2025-09-01,2025-09-30,2025-09-22,2025-09-22,2025-09-22 01:00:00,1_8,1,390.06,374.22879162250734,,,2026-06-25T19:26:23.969956
dayahead,lightgbm,0,2023-01-01,2025-08-31,2025-09-01,2025-09-30,2025-09-22,2025-09-22,2025-09-22 02:00:00,1_8,2,381.93,374.22879162250734,,,2026-06-25T19:26:23.969956
dayahead,lightgbm,0,2023-01-01,2025-08-31,2025-09-01,2025-09-30,2025-09-22,2025-09-22,2025-09-22 03:00:00,1_8,3,381.0,369.91992181146105,,,2026-06-25T19:26:23.969956
dayahead,lightgbm,0,2023-01-01,2025-08-31,2025-09-01,2025-09-30,2025-09-22,2025-09-22,2025-09-22 04:00:00,1_8,4,381.0,369.91992181146105,,,2026-06-25T19:26:23.969956
dayahead,lightgbm,0,2023-01-01,2025-08-31,2025-09-01,2025-09-30,2025-09-22,2025-09-22,2025-09-22 05:00:00,1_8,5,381.0,369.91992181146105,,,2026-06-25T19:26:23.969956
dayahead,lightgbm,0,2023-01-01,2025-08-31,2025-09-01,2025-09-30,2025-09-22,2025-09-22,2025-09-22 06:00:00,1_8,6,382.23,374.22879162250734,,,2026-06-25T19:26:23.969956
dayahead,lightgbm,0,2023-01-01,2025-08-31,2025-09-01,2025-09-30,2025-09-22,2025-09-22,2025-09-22 07:00:00,1_8,7,390.05,376.2926082827325,,,2026-06-25T19:26:23.969956
dayahead,lightgbm,0,2023-01-01,2025-08-31,2025-09-01,2025-09-30,2025-09-22,2025-09-22,2025-09-22 08:00:00,1_8,8,396.18,370.85385385308433,,,2026-06-25T19:26:23.969956
dayahead,lightgbm,0,2023-01-01,2025-08-31,2025-09-01,2025-09-30,2025-09-22,2025-09-22,2025-09-22 09:00:00,9_16,9,621.76,385.07367132554515,,,2026-06-25T19:26:23.969956
dayahead,lightgbm,0,2023-01-01,2025-08-31,2025-09-01,2025-09-30,2025-09-22,2025-09-22,2025-09-22 10:00:00,9_16,10,695.07,380.63688210227895,,,2026-06-25T19:26:23.969956
dayahead,lightgbm,0,2023-01-01,2025-08-31,2025-09-01,2025-09-30,2025-09-22,2025-09-22,2025-09-22 11:00:00,9_16,11,700.88,396.21358212417647,,,2026-06-25T19:26:23.969956
dayahead,lightgbm,0,2023-01-01,2025-08-31,2025-09-01,2025-09-30,2025-09-22,2025-09-22,2025-09-22 12:00:00,9_16,12,625.1,375.0397735473681,,,2026-06-25T19:26:23.969956
dayahead,lightgbm,0,2023-01-01,2025-08-31,2025-09-01,2025-09-30,2025-09-22,2025-09-22,2025-09-22 13:00:00,9_16,13,378.93,361.8049241079062,,,2026-06-25T19:26:23.969956
dayahead,lightgbm,0,2023-01-01,2025-08-31,2025-09-01,2025-09-30,2025-09-22,2025-09-22,2025-09-22 14:00:00,9_16,14,395.66,363.59287520171443,,,2026-06-25T19:26:23.969956
dayahead,lightgbm,0,2023-01-01,2025-08-31,2025-09-01,2025-09-30,2025-09-22,2025-09-22,2025-09-22 15:00:00,9_16,15,404.56,372.1557666340686,,,2026-06-25T19:26:23.969956
dayahead,lightgbm,0,2023-01-01,2025-08-31,2025-09-01,2025-09-30,2025-09-22,2025-09-22,2025-09-22 16:00:00,9_16,16,406.9,376.5944296070343,,,2026-06-25T19:26:23.969956
dayahead,lightgbm,0,2023-01-01,2025-08-31,2025-09-01,2025-09-30,2025-09-22,2025-09-22,2025-09-22 17:00:00,17_24,17,621.77,435.02052123066505,,,2026-06-25T19:26:23.969956
dayahead,lightgbm,0,2023-01-01,2025-08-31,2025-09-01,2025-09-30,2025-09-22,2025-09-22,2025-09-22 18:00:00,17_24,18,693.14,456.42692024806047,,,2026-06-25T19:26:23.969956
dayahead,lightgbm,0,2023-01-01,2025-08-31,2025-09-01,2025-09-30,2025-09-22,2025-09-22,2025-09-22 19:00:00,17_24,19,694.19,456.42692024806047,,,2026-06-25T19:26:23.969956
dayahead,lightgbm,0,2023-01-01,2025-08-31,2025-09-01,2025-09-30,2025-09-22,2025-09-22,2025-09-22 20:00:00,17_24,20,412.7,429.8733441783098,,,2026-06-25T19:26:23.969956
dayahead,lightgbm,0,2023-01-01,2025-08-31,2025-09-01,2025-09-30,2025-09-22,2025-09-22,2025-09-22 21:00:00,17_24,21,387.36,426.82051749837956,,,2026-06-25T19:26:23.969956
dayahead,lightgbm,0,2023-01-01,2025-08-31,2025-09-01,2025-09-30,2025-09-22,2025-09-22,2025-09-22 22:00:00,17_24,22,390.67,427.13163152791986,,,2026-06-25T19:26:23.969956
dayahead,lightgbm,0,2023-01-01,2025-08-31,2025-09-01,2025-09-30,2025-09-22,2025-09-22,2025-09-22 23:00:00,17_24,23,385.11,423.6689453752283,,,2026-06-25T19:26:23.969956
dayahead,lightgbm,0,2023-01-01,2025-08-31,2025-09-01,2025-09-30,2025-09-22,2025-09-22,2025-09-23 00:00:00,17_24,24,377.96,426.82051749837956,,,2026-06-25T19:26:23.969956
dayahead,lightgbm,0,2023-01-01,2025-08-31,2025-09-01,2025-09-30,2025-09-23,2025-09-23,2025-09-23 01:00:00,1_8,1,382.88,397.917335390297,,,2026-06-25T19:26:23.969956
dayahead,lightgbm,0,2023-01-01,2025-08-31,2025-09-01,2025-09-30,2025-09-23,2025-09-23,2025-09-23 02:00:00,1_8,2,381.5,398.5652925476668,,,2026-06-25T19:26:23.969956
dayahead,lightgbm,0,2023-01-01,2025-08-31,2025-09-01,2025-09-30,2025-09-23,2025-09-23,2025-09-23 03:00:00,1_8,3,381.5,394.0772994834936,,,2026-06-25T19:26:23.969956
dayahead,lightgbm,0,2023-01-01,2025-08-31,2025-09-01,2025-09-30,2025-09-23,2025-09-23,2025-09-23 04:00:00,1_8,4,381.5,394.0772994834936,,,2026-06-25T19:26:23.969956
dayahead,lightgbm,0,2023-01-01,2025-08-31,2025-09-01,2025-09-30,2025-09-23,2025-09-23,2025-09-23 05:00:00,1_8,5,381.5,394.0772994834936,,,2026-06-25T19:26:23.969956
dayahead,lightgbm,0,2023-01-01,2025-08-31,2025-09-01,2025-09-30,2025-09-23,2025-09-23,2025-09-23 06:00:00,1_8,6,381.5,398.5652925476668,,,2026-06-25T19:26:23.969956
dayahead,lightgbm,0,2023-01-01,2025-08-31,2025-09-01,2025-09-30,2025-09-23,2025-09-23,2025-09-23 07:00:00,1_8,7,385.0,399.1244712099067,,,2026-06-25T19:26:23.969956
dayahead,lightgbm,0,2023-01-01,2025-08-31,2025-09-01,2025-09-30,2025-09-23,2025-09-23,2025-09-23 08:00:00,1_8,8,397.06,399.1244712099067,,,2026-06-25T19:26:23.969956
dayahead,lightgbm,0,2023-01-01,2025-08-31,2025-09-01,2025-09-30,2025-09-23,2025-09-23,2025-09-23 09:00:00,9_16,9,696.26,518.6746968941723,,,2026-06-25T19:26:23.969956
dayahead,lightgbm,0,2023-01-01,2025-08-31,2025-09-01,2025-09-30,2025-09-23,2025-09-23,2025-09-23 10:00:00,9_16,10,698.06,515.2469018019093,,,2026-06-25T19:26:23.969956
dayahead,lightgbm,0,2023-01-01,2025-08-31,2025-09-01,2025-09-30,2025-09-23,2025-09-23,2025-09-23 11:00:00,9_16,11,705.17,553.180571948417,,,2026-06-25T19:26:23.969956
dayahead,lightgbm,0,2023-01-01,2025-08-31,2025-09-01,2025-09-30,2025-09-23,2025-09-23,2025-09-23 12:00:00,9_16,12,701.85,516.0807653588823,,,2026-06-25T19:26:23.969956
dayahead,lightgbm,0,2023-01-01,2025-08-31,2025-09-01,2025-09-30,2025-09-23,2025-09-23,2025-09-23 13:00:00,9_16,13,469.37,446.53938217211623,,,2026-06-25T19:26:23.969956
dayahead,lightgbm,0,2023-01-01,2025-08-31,2025-09-01,2025-09-30,2025-09-23,2025-09-23,2025-09-23 14:00:00,9_16,14,701.63,493.27744316422127,,,2026-06-25T19:26:23.969956
dayahead,lightgbm,0,2023-01-01,2025-08-31,2025-09-01,2025-09-30,2025-09-23,2025-09-23,2025-09-23 15:00:00,9_16,15,701.63,497.573091895214,,,2026-06-25T19:26:23.969956
dayahead,lightgbm,0,2023-01-01,2025-08-31,2025-09-01,2025-09-30,2025-09-23,2025-09-23,2025-09-23 16:00:00,9_16,16,400.17,466.28713829786926,,,2026-06-25T19:26:23.969956
dayahead,lightgbm,0,2023-01-01,2025-08-31,2025-09-01,2025-09-30,2025-09-23,2025-09-23,2025-09-23 17:00:00,17_24,17,394.03,466.9851083109226,,,2026-06-25T19:26:23.969956
dayahead,lightgbm,0,2023-01-01,2025-08-31,2025-09-01,2025-09-30,2025-09-23,2025-09-23,2025-09-23 18:00:00,17_24,18,382.91,465.38863595157204,,,2026-06-25T19:26:23.969956
dayahead,lightgbm,0,2023-01-01,2025-08-31,2025-09-01,2025-09-30,2025-09-23,2025-09-23,2025-09-23 19:00:00,17_24,19,377.05,465.38863595157204,,,2026-06-25T19:26:23.969956
dayahead,lightgbm,0,2023-01-01,2025-08-31,2025-09-01,2025-09-30,2025-09-23,2025-09-23,2025-09-23 20:00:00,17_24,20,370.14,451.5047898965123,,,2026-06-25T19:26:23.969956
dayahead,lightgbm,0,2023-01-01,2025-08-31,2025-09-01,2025-09-30,2025-09-23,2025-09-23,2025-09-23 21:00:00,17_24,21,366.7,454.0832523727558,,,2026-06-25T19:26:23.969956
dayahead,lightgbm,0,2023-01-01,2025-08-31,2025-09-01,2025-09-30,2025-09-23,2025-09-23,2025-09-23 22:00:00,17_24,22,370.0,464.27353701016983,,,2026-06-25T19:26:23.969956
dayahead,lightgbm,0,2023-01-01,2025-08-31,2025-09-01,2025-09-30,2025-09-23,2025-09-23,2025-09-23 23:00:00,17_24,23,367.91,445.2413905339593,,,2026-06-25T19:26:23.969956
dayahead,lightgbm,0,2023-01-01,2025-08-31,2025-09-01,2025-09-30,2025-09-23,2025-09-23,2025-09-24 00:00:00,17_24,24,364.62,449.2053538745736,,,2026-06-25T19:26:23.969956
dayahead,lightgbm,0,2023-01-01,2025-08-31,2025-09-01,2025-09-30,2025-09-24,2025-09-24,2025-09-24 01:00:00,1_8,1,307.33,394.03395686206653,,,2026-06-25T19:26:23.969956
dayahead,lightgbm,0,2023-01-01,2025-08-31,2025-09-01,2025-09-30,2025-09-24,2025-09-24,2025-09-24 02:00:00,1_8,2,306.27,394.03395686206653,,,2026-06-25T19:26:23.969956
dayahead,lightgbm,0,2023-01-01,2025-08-31,2025-09-01,2025-09-30,2025-09-24,2025-09-24,2025-09-24 03:00:00,1_8,3,304.12,399.3641094874568,,,2026-06-25T19:26:23.969956
dayahead,lightgbm,0,2023-01-01,2025-08-31,2025-09-01,2025-09-30,2025-09-24,2025-09-24,2025-09-24 04:00:00,1_8,4,304.72,399.3641094874568,,,2026-06-25T19:26:23.969956
dayahead,lightgbm,0,2023-01-01,2025-08-31,2025-09-01,2025-09-30,2025-09-24,2025-09-24,2025-09-24 05:00:00,1_8,5,324.11,404.22263254852555,,,2026-06-25T19:26:23.969956
dayahead,lightgbm,0,2023-01-01,2025-08-31,2025-09-01,2025-09-30,2025-09-24,2025-09-24,2025-09-24 06:00:00,1_8,6,361.33,403.8855465172436,,,2026-06-25T19:26:23.969956
dayahead,lightgbm,0,2023-01-01,2025-08-31,2025-09-01,2025-09-30,2025-09-24,2025-09-24,2025-09-24 07:00:00,1_8,7,383.83,410.1613696970207,,,2026-06-25T19:26:23.969956
dayahead,lightgbm,0,2023-01-01,2025-08-31,2025-09-01,2025-09-30,2025-09-24,2025-09-24,2025-09-24 08:00:00,1_8,8,378.09,403.622277572309,,,2026-06-25T19:26:23.969956
dayahead,lightgbm,0,2023-01-01,2025-08-31,2025-09-01,2025-09-30,2025-09-24,2025-09-24,2025-09-24 09:00:00,9_16,9,338.39,388.37149144613903,,,2026-06-25T19:26:23.969956
dayahead,lightgbm,0,2023-01-01,2025-08-31,2025-09-01,2025-09-30,2025-09-24,2025-09-24,2025-09-24 10:00:00,9_16,10,295.28,281.76107289800996,,,2026-06-25T19:26:23.969956
dayahead,lightgbm,0,2023-01-01,2025-08-31,2025-09-01,2025-09-30,2025-09-24,2025-09-24,2025-09-24 11:00:00,9_16,11,286.99,198.5104068055737,,,2026-06-25T19:26:23.969956
dayahead,lightgbm,0,2023-01-01,2025-08-31,2025-09-01,2025-09-30,2025-09-24,2025-09-24,2025-09-24 12:00:00,9_16,12,258.92,183.0887326172337,,,2026-06-25T19:26:23.969956
dayahead,lightgbm,0,2023-01-01,2025-08-31,2025-09-01,2025-09-30,2025-09-24,2025-09-24,2025-09-24 13:00:00,9_16,13,237.03,148.27588111683679,,,2026-06-25T19:26:23.969956
dayahead,lightgbm,0,2023-01-01,2025-08-31,2025-09-01,2025-09-30,2025-09-24,2025-09-24,2025-09-24 14:00:00,9_16,14,253.89,165.85414275550733,,,2026-06-25T19:26:23.969956
dayahead,lightgbm,0,2023-01-01,2025-08-31,2025-09-01,2025-09-30,2025-09-24,2025-09-24,2025-09-24 15:00:00,9_16,15,274.68,191.11252684324998,,,2026-06-25T19:26:23.969956
dayahead,lightgbm,0,2023-01-01,2025-08-31,2025-09-01,2025-09-30,2025-09-24,2025-09-24,2025-09-24 16:00:00,9_16,16,296.51,276.26770926449353,,,2026-06-25T19:26:23.969956
dayahead,lightgbm,0,2023-01-01,2025-08-31,2025-09-01,2025-09-30,2025-09-24,2025-09-24,2025-09-24 17:00:00,17_24,17,376.2,470.964176308703,,,2026-06-25T19:26:23.969956
dayahead,lightgbm,0,2023-01-01,2025-08-31,2025-09-01,2025-09-30,2025-09-24,2025-09-24,2025-09-24 18:00:00,17_24,18,568.1,475.4924522692944,,,2026-06-25T19:26:23.969956
dayahead,lightgbm,0,2023-01-01,2025-08-31,2025-09-01,2025-09-30,2025-09-24,2025-09-24,2025-09-24 19:00:00,17_24,19,569.0,479.51803376968076,,,2026-06-25T19:26:23.969956
dayahead,lightgbm,0,2023-01-01,2025-08-31,2025-09-01,2025-09-30,2025-09-24,2025-09-24,2025-09-24 20:00:00,17_24,20,568.85,472.2484877640923,,,2026-06-25T19:26:23.969956
dayahead,lightgbm,0,2023-01-01,2025-08-31,2025-09-01,2025-09-30,2025-09-24,2025-09-24,2025-09-24 21:00:00,17_24,21,566.87,468.57959023406875,,,2026-06-25T19:26:23.969956
dayahead,lightgbm,0,2023-01-01,2025-08-31,2025-09-01,2025-09-30,2025-09-24,2025-09-24,2025-09-24 22:00:00,17_24,22,560.4,482.0271952534226,,,2026-06-25T19:26:23.969956
dayahead,lightgbm,0,2023-01-01,2025-08-31,2025-09-01,2025-09-30,2025-09-24,2025-09-24,2025-09-24 23:00:00,17_24,23,517.54,448.9609743055003,,,2026-06-25T19:26:23.969956
dayahead,lightgbm,0,2023-01-01,2025-08-31,2025-09-01,2025-09-30,2025-09-24,2025-09-24,2025-09-25 00:00:00,17_24,24,395.65,462.3657687536113,,,2026-06-25T19:26:23.969956
dayahead,lightgbm,0,2023-01-01,2025-08-31,2025-09-01,2025-09-30,2025-09-25,2025-09-25,2025-09-25 01:00:00,1_8,1,470.24,392.35366845607876,,,2026-06-25T19:26:23.969956
dayahead,lightgbm,0,2023-01-01,2025-08-31,2025-09-01,2025-09-30,2025-09-25,2025-09-25,2025-09-25 02:00:00,1_8,2,453.25,392.35366845607876,,,2026-06-25T19:26:23.969956
dayahead,lightgbm,0,2023-01-01,2025-08-31,2025-09-01,2025-09-30,2025-09-25,2025-09-25,2025-09-25 03:00:00,1_8,3,444.14,387.5553941898196,,,2026-06-25T19:26:23.969956
dayahead,lightgbm,0,2023-01-01,2025-08-31,2025-09-01,2025-09-30,2025-09-25,2025-09-25,2025-09-25 04:00:00,1_8,4,437.45,387.5553941898196,,,2026-06-25T19:26:23.969956
dayahead,lightgbm,0,2023-01-01,2025-08-31,2025-09-01,2025-09-30,2025-09-25,2025-09-25,2025-09-25 05:00:00,1_8,5,448.16,392.35366845607876,,,2026-06-25T19:26:23.969956
dayahead,lightgbm,0,2023-01-01,2025-08-31,2025-09-01,2025-09-30,2025-09-25,2025-09-25,2025-09-25 06:00:00,1_8,6,476.54,390.79044647493174,,,2026-06-25T19:26:23.969956
dayahead,lightgbm,0,2023-01-01,2025-08-31,2025-09-01,2025-09-30,2025-09-25,2025-09-25,2025-09-25 07:00:00,1_8,7,468.22,394.63962527899827,,,2026-06-25T19:26:23.969956
dayahead,lightgbm,0,2023-01-01,2025-08-31,2025-09-01,2025-09-30,2025-09-25,2025-09-25,2025-09-25 08:00:00,1_8,8,384.98,368.2162718730724,,,2026-06-25T19:26:23.969956
dayahead,lightgbm,0,2023-01-01,2025-08-31,2025-09-01,2025-09-30,2025-09-25,2025-09-25,2025-09-25 09:00:00,9_16,9,202.31,183.37558281127065,,,2026-06-25T19:26:23.969956
dayahead,lightgbm,0,2023-01-01,2025-08-31,2025-09-01,2025-09-30,2025-09-25,2025-09-25,2025-09-25 10:00:00,9_16,10,-66.16,-79.0296434891186,,,2026-06-25T19:26:23.969956
dayahead,lightgbm,0,2023-01-01,2025-08-31,2025-09-01,2025-09-30,2025-09-25,2025-09-25,2025-09-25 11:00:00,9_16,11,-54.87,-19.28773437835215,,,2026-06-25T19:26:23.969956
dayahead,lightgbm,0,2023-01-01,2025-08-31,2025-09-01,2025-09-30,2025-09-25,2025-09-25,2025-09-25 12:00:00,9_16,12,-57.33,-31.763660818958236,,,2026-06-25T19:26:23.969956
dayahead,lightgbm,0,2023-01-01,2025-08-31,2025-09-01,2025-09-30,2025-09-25,2025-09-25,2025-09-25 13:00:00,9_16,13,-62.06,-31.763660818958236,,,2026-06-25T19:26:23.969956
dayahead,lightgbm,0,2023-01-01,2025-08-31,2025-09-01,2025-09-30,2025-09-25,2025-09-25,2025-09-25 14:00:00,9_16,14,-60.49,-23.937140940212736,,,2026-06-25T19:26:23.969956
dayahead,lightgbm,0,2023-01-01,2025-08-31,2025-09-01,2025-09-30,2025-09-25,2025-09-25,2025-09-25 15:00:00,9_16,15,24.83,73.92370651160996,,,2026-06-25T19:26:23.969956
dayahead,lightgbm,0,2023-01-01,2025-08-31,2025-09-01,2025-09-30,2025-09-25,2025-09-25,2025-09-25 16:00:00,9_16,16,317.55,227.49762764092708,,,2026-06-25T19:26:23.969956
dayahead,lightgbm,0,2023-01-01,2025-08-31,2025-09-01,2025-09-30,2025-09-25,2025-09-25,2025-09-25 17:00:00,17_24,17,413.46,423.4639237579344,,,2026-06-25T19:26:23.969956
dayahead,lightgbm,0,2023-01-01,2025-08-31,2025-09-01,2025-09-30,2025-09-25,2025-09-25,2025-09-25 18:00:00,17_24,18,479.28,465.23819611832243,,,2026-06-25T19:26:23.969956
dayahead,lightgbm,0,2023-01-01,2025-08-31,2025-09-01,2025-09-30,2025-09-25,2025-09-25,2025-09-25 19:00:00,17_24,19,480.61,471.7478510910116,,,2026-06-25T19:26:23.969956
dayahead,lightgbm,0,2023-01-01,2025-08-31,2025-09-01,2025-09-30,2025-09-25,2025-09-25,2025-09-25 20:00:00,17_24,20,479.02,465.23819611832243,,,2026-06-25T19:26:23.969956
dayahead,lightgbm,0,2023-01-01,2025-08-31,2025-09-01,2025-09-30,2025-09-25,2025-09-25,2025-09-25 21:00:00,17_24,21,470.99,463.5037783141461,,,2026-06-25T19:26:23.969956
dayahead,lightgbm,0,2023-01-01,2025-08-31,2025-09-01,2025-09-30,2025-09-25,2025-09-25,2025-09-25 22:00:00,17_24,22,469.46,462.4985102617932,,,2026-06-25T19:26:23.969956
dayahead,lightgbm,0,2023-01-01,2025-08-31,2025-09-01,2025-09-30,2025-09-25,2025-09-25,2025-09-25 23:00:00,17_24,23,467.54,463.06688894203955,,,2026-06-25T19:26:23.969956
dayahead,lightgbm,0,2023-01-01,2025-08-31,2025-09-01,2025-09-30,2025-09-25,2025-09-25,2025-09-26 00:00:00,17_24,24,464.75,453.73210989312247,,,2026-06-25T19:26:23.969956
dayahead,lightgbm,0,2023-01-01,2025-08-31,2025-09-01,2025-09-30,2025-09-26,2025-09-26,2025-09-26 01:00:00,1_8,1,412.91,417.0784663656586,,,2026-06-25T19:26:23.969956
dayahead,lightgbm,0,2023-01-01,2025-08-31,2025-09-01,2025-09-30,2025-09-26,2025-09-26,2025-09-26 02:00:00,1_8,2,403.29,412.4448626642172,,,2026-06-25T19:26:23.969956
dayahead,lightgbm,0,2023-01-01,2025-08-31,2025-09-01,2025-09-30,2025-09-26,2025-09-26,2025-09-26 03:00:00,1_8,3,394.85,408.76997139484126,,,2026-06-25T19:26:23.969956
dayahead,lightgbm,0,2023-01-01,2025-08-31,2025-09-01,2025-09-30,2025-09-26,2025-09-26,2025-09-26 04:00:00,1_8,4,390.81,408.76997139484126,,,2026-06-25T19:26:23.969956
dayahead,lightgbm,0,2023-01-01,2025-08-31,2025-09-01,2025-09-30,2025-09-26,2025-09-26,2025-09-26 05:00:00,1_8,5,394.27,408.76997139484126,,,2026-06-25T19:26:23.969956
dayahead,lightgbm,0,2023-01-01,2025-08-31,2025-09-01,2025-09-30,2025-09-26,2025-09-26,2025-09-26 06:00:00,1_8,6,413.55,417.0784663656586,,,2026-06-25T19:26:23.969956
dayahead,lightgbm,0,2023-01-01,2025-08-31,2025-09-01,2025-09-30,2025-09-26,2025-09-26,2025-09-26 07:00:00,1_8,7,419.37,417.0784663656586,,,2026-06-25T19:26:23.969956
dayahead,lightgbm,0,2023-01-01,2025-08-31,2025-09-01,2025-09-30,2025-09-26,2025-09-26,2025-09-26 08:00:00,1_8,8,382.48,370.9006424633082,,,2026-06-25T19:26:23.969956
dayahead,lightgbm,0,2023-01-01,2025-08-31,2025-09-01,2025-09-30,2025-09-26,2025-09-26,2025-09-26 09:00:00,9_16,9,346.79,234.8811245483345,,,2026-06-25T19:26:23.969956
dayahead,lightgbm,0,2023-01-01,2025-08-31,2025-09-01,2025-09-30,2025-09-26,2025-09-26,2025-09-26 10:00:00,9_16,10,286.22,127.1609467531087,,,2026-06-25T19:26:23.969956
dayahead,lightgbm,0,2023-01-01,2025-08-31,2025-09-01,2025-09-30,2025-09-26,2025-09-26,2025-09-26 11:00:00,9_16,11,318.53,107.46567289714345,,,2026-06-25T19:26:23.969956
dayahead,lightgbm,0,2023-01-01,2025-08-31,2025-09-01,2025-09-30,2025-09-26,2025-09-26,2025-09-26 12:00:00,9_16,12,337.42,95.10265395485483,,,2026-06-25T19:26:23.969956
dayahead,lightgbm,0,2023-01-01,2025-08-31,2025-09-01,2025-09-30,2025-09-26,2025-09-26,2025-09-26 13:00:00,9_16,13,309.31,80.18090820436696,,,2026-06-25T19:26:23.969956
dayahead,lightgbm,0,2023-01-01,2025-08-31,2025-09-01,2025-09-30,2025-09-26,2025-09-26,2025-09-26 14:00:00,9_16,14,356.88,149.81181422401332,,,2026-06-25T19:26:23.969956
dayahead,lightgbm,0,2023-01-01,2025-08-31,2025-09-01,2025-09-30,2025-09-26,2025-09-26,2025-09-26 15:00:00,9_16,15,413.18,231.8467995985557,,,2026-06-25T19:26:23.969956
dayahead,lightgbm,0,2023-01-01,2025-08-31,2025-09-01,2025-09-30,2025-09-26,2025-09-26,2025-09-26 16:00:00,9_16,16,403.24,308.27797702218345,,,2026-06-25T19:26:23.969956
dayahead,lightgbm,0,2023-01-01,2025-08-31,2025-09-01,2025-09-30,2025-09-26,2025-09-26,2025-09-26 17:00:00,17_24,17,448.61,432.74110621207655,,,2026-06-25T19:26:23.969956
dayahead,lightgbm,0,2023-01-01,2025-08-31,2025-09-01,2025-09-30,2025-09-26,2025-09-26,2025-09-26 18:00:00,17_24,18,514.83,442.8588133000424,,,2026-06-25T19:26:23.969956
dayahead,lightgbm,0,2023-01-01,2025-08-31,2025-09-01,2025-09-30,2025-09-26,2025-09-26,2025-09-26 19:00:00,17_24,19,515.69,448.49204589202276,,,2026-06-25T19:26:23.969956
dayahead,lightgbm,0,2023-01-01,2025-08-31,2025-09-01,2025-09-30,2025-09-26,2025-09-26,2025-09-26 20:00:00,17_24,20,504.8,441.7127937134585,,,2026-06-25T19:26:23.969956
dayahead,lightgbm,0,2023-01-01,2025-08-31,2025-09-01,2025-09-30,2025-09-26,2025-09-26,2025-09-26 21:00:00,17_24,21,417.89,432.8295075458011,,,2026-06-25T19:26:23.969956
dayahead,lightgbm,0,2023-01-01,2025-08-31,2025-09-01,2025-09-30,2025-09-26,2025-09-26,2025-09-26 22:00:00,17_24,22,502.13,433.92904888113804,,,2026-06-25T19:26:23.969956
dayahead,lightgbm,0,2023-01-01,2025-08-31,2025-09-01,2025-09-30,2025-09-26,2025-09-26,2025-09-26 23:00:00,17_24,23,422.6,421.0100395981917,,,2026-06-25T19:26:23.969956
dayahead,lightgbm,0,2023-01-01,2025-08-31,2025-09-01,2025-09-30,2025-09-26,2025-09-26,2025-09-27 00:00:00,17_24,24,416.58,431.35907512798593,,,2026-06-25T19:26:23.969956
dayahead,lightgbm,0,2023-01-01,2025-08-31,2025-09-01,2025-09-30,2025-09-27,2025-09-27,2025-09-27 01:00:00,1_8,1,395.36,401.1021089054209,,,2026-06-25T19:26:23.969956
dayahead,lightgbm,0,2023-01-01,2025-08-31,2025-09-01,2025-09-30,2025-09-27,2025-09-27,2025-09-27 02:00:00,1_8,2,393.08,397.9000924209134,,,2026-06-25T19:26:23.969956
dayahead,lightgbm,0,2023-01-01,2025-08-31,2025-09-01,2025-09-30,2025-09-27,2025-09-27,2025-09-27 03:00:00,1_8,3,391.38,397.9000924209134,,,2026-06-25T19:26:23.969956
dayahead,lightgbm,0,2023-01-01,2025-08-31,2025-09-01,2025-09-30,2025-09-27,2025-09-27,2025-09-27 04:00:00,1_8,4,390.0,397.9000924209134,,,2026-06-25T19:26:23.969956
dayahead,lightgbm,0,2023-01-01,2025-08-31,2025-09-01,2025-09-30,2025-09-27,2025-09-27,2025-09-27 05:00:00,1_8,5,390.07,397.9000924209134,,,2026-06-25T19:26:23.969956
dayahead,lightgbm,0,2023-01-01,2025-08-31,2025-09-01,2025-09-30,2025-09-27,2025-09-27,2025-09-27 06:00:00,1_8,6,391.43,401.1021089054209,,,2026-06-25T19:26:23.969956
dayahead,lightgbm,0,2023-01-01,2025-08-31,2025-09-01,2025-09-30,2025-09-27,2025-09-27,2025-09-27 07:00:00,1_8,7,394.31,401.1021089054209,,,2026-06-25T19:26:23.969956
dayahead,lightgbm,0,2023-01-01,2025-08-31,2025-09-01,2025-09-30,2025-09-27,2025-09-27,2025-09-27 08:00:00,1_8,8,395.28,385.9108281510608,,,2026-06-25T19:26:23.969956
dayahead,lightgbm,0,2023-01-01,2025-08-31,2025-09-01,2025-09-30,2025-09-27,2025-09-27,2025-09-27 09:00:00,9_16,9,392.22,410.4961446166608,,,2026-06-25T19:26:23.969956
dayahead,lightgbm,0,2023-01-01,2025-08-31,2025-09-01,2025-09-30,2025-09-27,2025-09-27,2025-09-27 10:00:00,9_16,10,389.6,363.5164695496141,,,2026-06-25T19:26:23.969956
dayahead,lightgbm,0,2023-01-01,2025-08-31,2025-09-01,2025-09-30,2025-09-27,2025-09-27,2025-09-27 11:00:00,9_16,11,390.77,368.40773554582233,,,2026-06-25T19:26:23.969956
dayahead,lightgbm,0,2023-01-01,2025-08-31,2025-09-01,2025-09-30,2025-09-27,2025-09-27,2025-09-27 12:00:00,9_16,12,391.02,344.22539085133167,,,2026-06-25T19:26:23.969956
dayahead,lightgbm,0,2023-01-01,2025-08-31,2025-09-01,2025-09-30,2025-09-27,2025-09-27,2025-09-27 13:00:00,9_16,13,388.71,317.1955147736486,,,2026-06-25T19:26:23.969956
dayahead,lightgbm,0,2023-01-01,2025-08-31,2025-09-01,2025-09-30,2025-09-27,2025-09-27,2025-09-27 14:00:00,9_16,14,391.4,358.23927639086816,,,2026-06-25T19:26:23.969956
dayahead,lightgbm,0,2023-01-01,2025-08-31,2025-09-01,2025-09-30,2025-09-27,2025-09-27,2025-09-27 15:00:00,9_16,15,390.32,395.2854235177668,,,2026-06-25T19:26:23.969956
dayahead,lightgbm,0,2023-01-01,2025-08-31,2025-09-01,2025-09-30,2025-09-27,2025-09-27,2025-09-27 16:00:00,9_16,16,409.03,413.9931520287979,,,2026-06-25T19:26:23.969956
dayahead,lightgbm,0,2023-01-01,2025-08-31,2025-09-01,2025-09-30,2025-09-27,2025-09-27,2025-09-27 17:00:00,17_24,17,659.29,453.254218125683,,,2026-06-25T19:26:23.969956
dayahead,lightgbm,0,2023-01-01,2025-08-31,2025-09-01,2025-09-30,2025-09-27,2025-09-27,2025-09-27 18:00:00,17_24,18,659.29,463.73935855172607,,,2026-06-25T19:26:23.969956
dayahead,lightgbm,0,2023-01-01,2025-08-31,2025-09-01,2025-09-30,2025-09-27,2025-09-27,2025-09-27 19:00:00,17_24,19,659.29,463.73935855172607,,,2026-06-25T19:26:23.969956
dayahead,lightgbm,0,2023-01-01,2025-08-31,2025-09-01,2025-09-30,2025-09-27,2025-09-27,2025-09-27 20:00:00,17_24,20,581.17,459.9647274779133,,,2026-06-25T19:26:23.969956
dayahead,lightgbm,0,2023-01-01,2025-08-31,2025-09-01,2025-09-30,2025-09-27,2025-09-27,2025-09-27 21:00:00,17_24,21,508.86,444.40196161476166,,,2026-06-25T19:26:23.969956
dayahead,lightgbm,0,2023-01-01,2025-08-31,2025-09-01,2025-09-30,2025-09-27,2025-09-27,2025-09-27 22:00:00,17_24,22,655.05,469.5421679715917,,,2026-06-25T19:26:23.969956
dayahead,lightgbm,0,2023-01-01,2025-08-31,2025-09-01,2025-09-30,2025-09-27,2025-09-27,2025-09-27 23:00:00,17_24,23,513.9,433.4531738969873,,,2026-06-25T19:26:23.969956
dayahead,lightgbm,0,2023-01-01,2025-08-31,2025-09-01,2025-09-30,2025-09-27,2025-09-27,2025-09-28 00:00:00,17_24,24,393.86,442.2880139956121,,,2026-06-25T19:26:23.969956
dayahead,lightgbm,0,2023-01-01,2025-08-31,2025-09-01,2025-09-30,2025-09-28,2025-09-28,2025-09-28 01:00:00,1_8,1,391.01,398.7661351224235,,,2026-06-25T19:26:23.969956
dayahead,lightgbm,0,2023-01-01,2025-08-31,2025-09-01,2025-09-30,2025-09-28,2025-09-28,2025-09-28 02:00:00,1_8,2,390.0,398.7661351224235,,,2026-06-25T19:26:23.969956
dayahead,lightgbm,0,2023-01-01,2025-08-31,2025-09-01,2025-09-30,2025-09-28,2025-09-28,2025-09-28 03:00:00,1_8,3,389.7,398.7661351224235,,,2026-06-25T19:26:23.969956
dayahead,lightgbm,0,2023-01-01,2025-08-31,2025-09-01,2025-09-30,2025-09-28,2025-09-28,2025-09-28 04:00:00,1_8,4,389.0,398.7661351224235,,,2026-06-25T19:26:23.969956
dayahead,lightgbm,0,2023-01-01,2025-08-31,2025-09-01,2025-09-30,2025-09-28,2025-09-28,2025-09-28 05:00:00,1_8,5,389.75,398.7661351224235,,,2026-06-25T19:26:23.969956
dayahead,lightgbm,0,2023-01-01,2025-08-31,2025-09-01,2025-09-30,2025-09-28,2025-09-28,2025-09-28 06:00:00,1_8,6,392.04,398.7661351224235,,,2026-06-25T19:26:23.969956
dayahead,lightgbm,0,2023-01-01,2025-08-31,2025-09-01,2025-09-30,2025-09-28,2025-09-28,2025-09-28 07:00:00,1_8,7,394.15,398.7661351224235,,,2026-06-25T19:26:23.969956
dayahead,lightgbm,0,2023-01-01,2025-08-31,2025-09-01,2025-09-30,2025-09-28,2025-09-28,2025-09-28 08:00:00,1_8,8,388.74,392.0458724806529,,,2026-06-25T19:26:23.969956
dayahead,lightgbm,0,2023-01-01,2025-08-31,2025-09-01,2025-09-30,2025-09-28,2025-09-28,2025-09-28 09:00:00,9_16,9,380.09,367.59703924191706,,,2026-06-25T19:26:23.969956
dayahead,lightgbm,0,2023-01-01,2025-08-31,2025-09-01,2025-09-30,2025-09-28,2025-09-28,2025-09-28 10:00:00,9_16,10,349.02,301.02180583097675,,,2026-06-25T19:26:23.969956
dayahead,lightgbm,0,2023-01-01,2025-08-31,2025-09-01,2025-09-30,2025-09-28,2025-09-28,2025-09-28 11:00:00,9_16,11,345.9,283.6637629557098,,,2026-06-25T19:26:23.969956
dayahead,lightgbm,0,2023-01-01,2025-08-31,2025-09-01,2025-09-30,2025-09-28,2025-09-28,2025-09-28 12:00:00,9_16,12,345.41,266.86979594777017,,,2026-06-25T19:26:23.969956
dayahead,lightgbm,0,2023-01-01,2025-08-31,2025-09-01,2025-09-30,2025-09-28,2025-09-28,2025-09-28 13:00:00,9_16,13,342.86,246.8888692021201,,,2026-06-25T19:26:23.969956
dayahead,lightgbm,0,2023-01-01,2025-08-31,2025-09-01,2025-09-30,2025-09-28,2025-09-28,2025-09-28 14:00:00,9_16,14,355.96,304.6818885217254,,,2026-06-25T19:26:23.969956
dayahead,lightgbm,0,2023-01-01,2025-08-31,2025-09-01,2025-09-30,2025-09-28,2025-09-28,2025-09-28 15:00:00,9_16,15,378.59,342.23752338685244,,,2026-06-25T19:26:23.969956
dayahead,lightgbm,0,2023-01-01,2025-08-31,2025-09-01,2025-09-30,2025-09-28,2025-09-28,2025-09-28 16:00:00,9_16,16,389.89,435.3678711248698,,,2026-06-25T19:26:23.969956
dayahead,lightgbm,0,2023-01-01,2025-08-31,2025-09-01,2025-09-30,2025-09-28,2025-09-28,2025-09-28 17:00:00,17_24,17,440.73,475.8109774346777,,,2026-06-25T19:26:23.969956
dayahead,lightgbm,0,2023-01-01,2025-08-31,2025-09-01,2025-09-30,2025-09-28,2025-09-28,2025-09-28 18:00:00,17_24,18,578.32,494.7882625691632,,,2026-06-25T19:26:23.969956
dayahead,lightgbm,0,2023-01-01,2025-08-31,2025-09-01,2025-09-30,2025-09-28,2025-09-28,2025-09-28 19:00:00,17_24,19,580.27,495.65571878635956,,,2026-06-25T19:26:23.969956
dayahead,lightgbm,0,2023-01-01,2025-08-31,2025-09-01,2025-09-30,2025-09-28,2025-09-28,2025-09-28 20:00:00,17_24,20,486.66,485.3767729275879,,,2026-06-25T19:26:23.969956
dayahead,lightgbm,0,2023-01-01,2025-08-31,2025-09-01,2025-09-30,2025-09-28,2025-09-28,2025-09-28 21:00:00,17_24,21,439.68,472.25484196637683,,,2026-06-25T19:26:23.969956
dayahead,lightgbm,0,2023-01-01,2025-08-31,2025-09-01,2025-09-30,2025-09-28,2025-09-28,2025-09-28 22:00:00,17_24,22,578.32,490.66852544355595,,,2026-06-25T19:26:23.969956
dayahead,lightgbm,0,2023-01-01,2025-08-31,2025-09-01,2025-09-30,2025-09-28,2025-09-28,2025-09-28 23:00:00,17_24,23,440.26,492.4479210761417,,,2026-06-25T19:26:23.969956
dayahead,lightgbm,0,2023-01-01,2025-08-31,2025-09-01,2025-09-30,2025-09-28,2025-09-28,2025-09-29 00:00:00,17_24,24,391.28,458.5446148556931,,,2026-06-25T19:26:23.969956
dayahead,lightgbm,0,2023-01-01,2025-08-31,2025-09-01,2025-09-30,2025-09-29,2025-09-29,2025-09-29 01:00:00,1_8,1,394.25,402.9869716216078,,,2026-06-25T19:26:23.969956
dayahead,lightgbm,0,2023-01-01,2025-08-31,2025-09-01,2025-09-30,2025-09-29,2025-09-29,2025-09-29 02:00:00,1_8,2,393.25,406.4352438825542,,,2026-06-25T19:26:23.969956
dayahead,lightgbm,0,2023-01-01,2025-08-31,2025-09-01,2025-09-30,2025-09-29,2025-09-29,2025-09-29 03:00:00,1_8,3,392.0,397.6762706956324,,,2026-06-25T19:26:23.969956
dayahead,lightgbm,0,2023-01-01,2025-08-31,2025-09-01,2025-09-30,2025-09-29,2025-09-29,2025-09-29 04:00:00,1_8,4,392.0,397.6762706956324,,,2026-06-25T19:26:23.969956
dayahead,lightgbm,0,2023-01-01,2025-08-31,2025-09-01,2025-09-30,2025-09-29,2025-09-29,2025-09-29 05:00:00,1_8,5,393.26,397.6762706956324,,,2026-06-25T19:26:23.969956
dayahead,lightgbm,0,2023-01-01,2025-08-31,2025-09-01,2025-09-30,2025-09-29,2025-09-29,2025-09-29 06:00:00,1_8,6,403.52,406.4352438825542,,,2026-06-25T19:26:23.969956
dayahead,lightgbm,0,2023-01-01,2025-08-31,2025-09-01,2025-09-30,2025-09-29,2025-09-29,2025-09-29 07:00:00,1_8,7,411.61,402.9869716216078,,,2026-06-25T19:26:23.969956
dayahead,lightgbm,0,2023-01-01,2025-08-31,2025-09-01,2025-09-30,2025-09-29,2025-09-29,2025-09-29 08:00:00,1_8,8,387.04,392.68054397346793,,,2026-06-25T19:26:23.969956
dayahead,lightgbm,0,2023-01-01,2025-08-31,2025-09-01,2025-09-30,2025-09-29,2025-09-29,2025-09-29 09:00:00,9_16,9,327.72,266.7389088055194,,,2026-06-25T19:26:23.969956
dayahead,lightgbm,0,2023-01-01,2025-08-31,2025-09-01,2025-09-30,2025-09-29,2025-09-29,2025-09-29 10:00:00,9_16,10,118.74,209.10500485244555,,,2026-06-25T19:26:23.969956
dayahead,lightgbm,0,2023-01-01,2025-08-31,2025-09-01,2025-09-30,2025-09-29,2025-09-29,2025-09-29 11:00:00,9_16,11,-21.99,86.67711383069968,,,2026-06-25T19:26:23.969956
dayahead,lightgbm,0,2023-01-01,2025-08-31,2025-09-01,2025-09-30,2025-09-29,2025-09-29,2025-09-29 12:00:00,9_16,12,-28.01,95.07072670201518,,,2026-06-25T19:26:23.969956
dayahead,lightgbm,0,2023-01-01,2025-08-31,2025-09-01,2025-09-30,2025-09-29,2025-09-29,2025-09-29 13:00:00,9_16,13,-49.97,55.499018874278086,,,2026-06-25T19:26:23.969956
dayahead,lightgbm,0,2023-01-01,2025-08-31,2025-09-01,2025-09-30,2025-09-29,2025-09-29,2025-09-29 14:00:00,9_16,14,5.55,92.44274989522876,,,2026-06-25T19:26:23.969956
dayahead,lightgbm,0,2023-01-01,2025-08-31,2025-09-01,2025-09-30,2025-09-29,2025-09-29,2025-09-29 15:00:00,9_16,15,252.94,228.43107314361575,,,2026-06-25T19:26:23.969956
dayahead,lightgbm,0,2023-01-01,2025-08-31,2025-09-01,2025-09-30,2025-09-29,2025-09-29,2025-09-29 16:00:00,9_16,16,356.69,304.7793760643484,,,2026-06-25T19:26:23.969956
dayahead,lightgbm,0,2023-01-01,2025-08-31,2025-09-01,2025-09-30,2025-09-29,2025-09-29,2025-09-29 17:00:00,17_24,17,394.06,480.5240466985025,,,2026-06-25T19:26:23.969956
dayahead,lightgbm,0,2023-01-01,2025-08-31,2025-09-01,2025-09-30,2025-09-29,2025-09-29,2025-09-29 18:00:00,17_24,18,396.98,490.39235267969946,,,2026-06-25T19:26:23.969956
dayahead,lightgbm,0,2023-01-01,2025-08-31,2025-09-01,2025-09-30,2025-09-29,2025-09-29,2025-09-29 19:00:00,17_24,19,397.33,502.746641214426,,,2026-06-25T19:26:23.969956
dayahead,lightgbm,0,2023-01-01,2025-08-31,2025-09-01,2025-09-30,2025-09-29,2025-09-29,2025-09-29 20:00:00,17_24,20,396.53,443.7916091608817,,,2026-06-25T19:26:23.969956
dayahead,lightgbm,0,2023-01-01,2025-08-31,2025-09-01,2025-09-30,2025-09-29,2025-09-29,2025-09-29 21:00:00,17_24,21,396.23,443.3756827979371,,,2026-06-25T19:26:23.969956
dayahead,lightgbm,0,2023-01-01,2025-08-31,2025-09-01,2025-09-30,2025-09-29,2025-09-29,2025-09-29 22:00:00,17_24,22,396.02,449.540909761266,,,2026-06-25T19:26:23.969956
dayahead,lightgbm,0,2023-01-01,2025-08-31,2025-09-01,2025-09-30,2025-09-29,2025-09-29,2025-09-29 23:00:00,17_24,23,394.96,428.3320567020639,,,2026-06-25T19:26:23.969956
dayahead,lightgbm,0,2023-01-01,2025-08-31,2025-09-01,2025-09-30,2025-09-29,2025-09-29,2025-09-30 00:00:00,17_24,24,393.06,437.80437398903246,,,2026-06-25T19:26:23.969956
dayahead,lightgbm,0,2023-01-01,2025-08-31,2025-09-01,2025-09-30,2025-09-30,2025-09-30,2025-09-30 01:00:00,1_8,1,391.991,387.9134723339792,,,2026-06-25T19:26:23.969956
dayahead,lightgbm,0,2023-01-01,2025-08-31,2025-09-01,2025-09-30,2025-09-30,2025-09-30,2025-09-30 02:00:00,1_8,2,393.001,387.9134723339792,,,2026-06-25T19:26:23.969956
dayahead,lightgbm,0,2023-01-01,2025-08-31,2025-09-01,2025-09-30,2025-09-30,2025-09-30,2025-09-30 03:00:00,1_8,3,393.001,387.9134723339792,,,2026-06-25T19:26:23.969956
dayahead,lightgbm,0,2023-01-01,2025-08-31,2025-09-01,2025-09-30,2025-09-30,2025-09-30,2025-09-30 04:00:00,1_8,4,393.001,387.9134723339792,,,2026-06-25T19:26:23.969956
dayahead,lightgbm,0,2023-01-01,2025-08-31,2025-09-01,2025-09-30,2025-09-30,2025-09-30,2025-09-30 05:00:00,1_8,5,421.091,387.9134723339792,,,2026-06-25T19:26:23.969956
dayahead,lightgbm,0,2023-01-01,2025-08-31,2025-09-01,2025-09-30,2025-09-30,2025-09-30,2025-09-30 06:00:00,1_8,6,522.541,387.9134723339792,,,2026-06-25T19:26:23.969956
dayahead,lightgbm,0,2023-01-01,2025-08-31,2025-09-01,2025-09-30,2025-09-30,2025-09-30,2025-09-30 07:00:00,1_8,7,539.911,393.7049411281694,,,2026-06-25T19:26:23.969956
dayahead,lightgbm,0,2023-01-01,2025-08-31,2025-09-01,2025-09-30,2025-09-30,2025-09-30,2025-09-30 08:00:00,1_8,8,395.471,345.31453839693694,,,2026-06-25T19:26:23.969956
dayahead,lightgbm,0,2023-01-01,2025-08-31,2025-09-01,2025-09-30,2025-09-30,2025-09-30,2025-09-30 09:00:00,9_16,9,281.601,91.56247816654619,,,2026-06-25T19:26:23.969956
dayahead,lightgbm,0,2023-01-01,2025-08-31,2025-09-01,2025-09-30,2025-09-30,2025-09-30,2025-09-30 10:00:00,9_16,10,-36.381,-75.18529203225901,,,2026-06-25T19:26:23.969956
dayahead,lightgbm,0,2023-01-01,2025-08-31,2025-09-01,2025-09-30,2025-09-30,2025-09-30,2025-09-30 11:00:00,9_16,11,-58.851,-21.205421754683616,,,2026-06-25T19:26:23.969956
dayahead,lightgbm,0,2023-01-01,2025-08-31,2025-09-01,2025-09-30,2025-09-30,2025-09-30,2025-09-30 12:00:00,9_16,12,-59.931,-20.898994514658316,,,2026-06-25T19:26:23.969956
dayahead,lightgbm,0,2023-01-01,2025-08-31,2025-09-01,2025-09-30,2025-09-30,2025-09-30,2025-09-30 13:00:00,9_16,13,-66.931,-20.898994514658316,,,2026-06-25T19:26:23.969956
dayahead,lightgbm,0,2023-01-01,2025-08-31,2025-09-01,2025-09-30,2025-09-30,2025-09-30,2025-09-30 14:00:00,9_16,14,-67.461,-20.898994514658316,,,2026-06-25T19:26:23.969956
dayahead,lightgbm,0,2023-01-01,2025-08-31,2025-09-01,2025-09-30,2025-09-30,2025-09-30,2025-09-30 15:00:00,9_16,15,127.551,-60.396675441946044,,,2026-06-25T19:26:23.969956
dayahead,lightgbm,0,2023-01-01,2025-08-31,2025-09-01,2025-09-30,2025-09-30,2025-09-30,2025-09-30 16:00:00,9_16,16,320.331,146.12290211857453,,,2026-06-25T19:26:23.969956
dayahead,lightgbm,0,2023-01-01,2025-08-31,2025-09-01,2025-09-30,2025-09-30,2025-09-30,2025-09-30 17:00:00,17_24,17,383.431,420.8064450832623,,,2026-06-25T19:26:23.969956
dayahead,lightgbm,0,2023-01-01,2025-08-31,2025-09-01,2025-09-30,2025-09-30,2025-09-30,2025-09-30 18:00:00,17_24,18,394.151,423.99058319179466,,,2026-06-25T19:26:23.969956
dayahead,lightgbm,0,2023-01-01,2025-08-31,2025-09-01,2025-09-30,2025-09-30,2025-09-30,2025-09-30 19:00:00,17_24,19,389.001,423.99058319179466,,,2026-06-25T19:26:23.969956
dayahead,lightgbm,0,2023-01-01,2025-08-31,2025-09-01,2025-09-30,2025-09-30,2025-09-30,2025-09-30 20:00:00,17_24,20,388.511,421.23184233421927,,,2026-06-25T19:26:23.969956
dayahead,lightgbm,0,2023-01-01,2025-08-31,2025-09-01,2025-09-30,2025-09-30,2025-09-30,2025-09-30 21:00:00,17_24,21,387.011,418.4082814477892,,,2026-06-25T19:26:23.969956
dayahead,lightgbm,0,2023-01-01,2025-08-31,2025-09-01,2025-09-30,2025-09-30,2025-09-30,2025-09-30 22:00:00,17_24,22,387.121,410.5690921467824,,,2026-06-25T19:26:23.969956
dayahead,lightgbm,0,2023-01-01,2025-08-31,2025-09-01,2025-09-30,2025-09-30,2025-09-30,2025-09-30 23:00:00,17_24,23,385.001,409.16081079868536,,,2026-06-25T19:26:23.969956
dayahead,lightgbm,0,2023-01-01,2025-08-31,2025-09-01,2025-09-30,2025-09-30,2025-09-30,2025-10-01 00:00:00,17_24,24,384.191,409.58260645006465,,,2026-06-25T19:26:23.969956
