timestamp,business_day,decision_day,target_day,hour,segment,segment_id,da_anchor,rt_actual,delta_target,delta_hat,rt_hat,direction_label,split,train_tail_threshold,target_month,protocol_tag,calibration_mode,use_visible_actual_history,da_fill_mode
2026-05-01 01:00:00,2026-05-01,2026-04-30,2026-05-01,1,1_8,0,491.86,572.032,80.17200000000003,0.6537279582868614,492.5137279582869,1,test_walk_forward,,2026-05,B_D15_cutoff_walk_forward,segment_bias,True,raw_da
2026-05-01 02:00:00,2026-05-01,2026-04-30,2026-05-01,2,1_8,0,467.5,553.038,85.53800000000001,-7.454071747849091,460.04592825215093,1,test_walk_forward,,2026-05,B_D15_cutoff_walk_forward,segment_bias,True,raw_da
2026-05-01 03:00:00,2026-05-01,2026-04-30,2026-05-01,3,1_8,0,500.0,545.852,45.851999999999975,-0.9697716808920214,499.030228319108,1,test_walk_forward,,2026-05,B_D15_cutoff_walk_forward,segment_bias,True,raw_da
2026-05-01 04:00:00,2026-05-01,2026-04-30,2026-05-01,4,1_8,0,446.0,544.968,98.96799999999996,1.7478094467881544,447.74780944678815,1,test_walk_forward,,2026-05,B_D15_cutoff_walk_forward,segment_bias,True,raw_da
2026-05-01 05:00:00,2026-05-01,2026-04-30,2026-05-01,5,1_8,0,460.0,542.173,82.173,10.012366383609008,470.012366383609,1,test_walk_forward,,2026-05,B_D15_cutoff_walk_forward,segment_bias,True,raw_da
2026-05-01 06:00:00,2026-05-01,2026-04-30,2026-05-01,6,1_8,0,475.875,532.595,56.72000000000003,7.931011737187061,483.8060117371871,1,test_walk_forward,,2026-05,B_D15_cutoff_walk_forward,segment_bias,True,raw_da
2026-05-01 07:00:00,2026-05-01,2026-04-30,2026-05-01,7,1_8,0,258.66,402.348,143.688,-27.29172332922424,231.3682766707758,1,test_walk_forward,,2026-05,B_D15_cutoff_walk_forward,segment_bias,True,raw_da
2026-05-01 08:00:00,2026-05-01,2026-04-30,2026-05-01,8,1_8,0,-21.0,207.815,228.815,-20.030251551002937,-41.030251551002934,1,test_walk_forward,,2026-05,B_D15_cutoff_walk_forward,segment_bias,True,raw_da
2026-05-01 09:00:00,2026-05-01,2026-04-30,2026-05-01,9,9_16,1,-57.5,-9.886,47.614000000000004,-16.89812032489306,-74.39812032489306,1,test_walk_forward,,2026-05,B_D15_cutoff_walk_forward,segment_bias,True,raw_da
2026-05-01 10:00:00,2026-05-01,2026-04-30,2026-05-01,10,9_16,1,-51.625,-80.0,-28.375,-20.837324109123067,-72.46232410912307,0,test_walk_forward,,2026-05,B_D15_cutoff_walk_forward,segment_bias,True,raw_da
2026-05-01 11:00:00,2026-05-01,2026-04-30,2026-05-01,11,9_16,1,-57.0,-80.0,-23.0,-10.104761696787083,-67.10476169678708,0,test_walk_forward,,2026-05,B_D15_cutoff_walk_forward,segment_bias,True,raw_da
2026-05-01 12:00:00,2026-05-01,2026-04-30,2026-05-01,12,9_16,1,-19.5,-80.0,-60.5,-8.834353935483463,-28.334353935483463,0,test_walk_forward,,2026-05,B_D15_cutoff_walk_forward,segment_bias,True,raw_da
2026-05-01 13:00:00,2026-05-01,2026-04-30,2026-05-01,13,9_16,1,-20.0,-80.0,-60.0,-9.139097118355306,-29.139097118355306,0,test_walk_forward,,2026-05,B_D15_cutoff_walk_forward,segment_bias,True,raw_da
2026-05-01 14:00:00,2026-05-01,2026-04-30,2026-05-01,14,9_16,1,0.0,-80.0,-80.0,5.236933129316277,5.236933129316277,0,test_walk_forward,,2026-05,B_D15_cutoff_walk_forward,segment_bias,True,raw_da
2026-05-01 15:00:00,2026-05-01,2026-04-30,2026-05-01,15,9_16,1,0.0,90.387,90.387,22.24935878187788,22.24935878187788,1,test_walk_forward,,2026-05,B_D15_cutoff_walk_forward,segment_bias,True,raw_da
2026-05-01 16:00:00,2026-05-01,2026-04-30,2026-05-01,16,9_16,1,298.0,595.9,297.9,18.297452259435545,316.29745225943554,1,test_walk_forward,,2026-05,B_D15_cutoff_walk_forward,segment_bias,True,raw_da
2026-05-01 17:00:00,2026-05-01,2026-04-30,2026-05-01,17,17_24,2,433.925,559.941,126.01600000000002,21.860773834251273,455.7857738342513,1,test_walk_forward,,2026-05,B_D15_cutoff_walk_forward,segment_bias,True,raw_da
2026-05-01 18:00:00,2026-05-01,2026-04-30,2026-05-01,18,17_24,2,489.0,529.229,40.22900000000004,17.57094470793435,506.57094470793436,1,test_walk_forward,,2026-05,B_D15_cutoff_walk_forward,segment_bias,True,raw_da
2026-05-01 19:00:00,2026-05-01,2026-04-30,2026-05-01,19,17_24,2,520.0,552.849,32.849000000000046,11.75507688858287,531.7550768885828,1,test_walk_forward,,2026-05,B_D15_cutoff_walk_forward,segment_bias,True,raw_da
2026-05-01 20:00:00,2026-05-01,2026-04-30,2026-05-01,20,17_24,2,520.683,524.969,4.286000000000058,6.000008577458646,526.6830085774586,1,test_walk_forward,,2026-05,B_D15_cutoff_walk_forward,segment_bias,True,raw_da
2026-05-01 21:00:00,2026-05-01,2026-04-30,2026-05-01,21,17_24,2,525.25,540.957,15.706999999999994,-2.9142589382392416,522.3357410617608,1,test_walk_forward,,2026-05,B_D15_cutoff_walk_forward,segment_bias,True,raw_da
2026-05-01 22:00:00,2026-05-01,2026-04-30,2026-05-01,22,17_24,2,500.5,546.857,46.35699999999997,-6.60132185508607,493.8986781449139,1,test_walk_forward,,2026-05,B_D15_cutoff_walk_forward,segment_bias,True,raw_da
2026-05-01 23:00:00,2026-05-01,2026-04-30,2026-05-01,23,17_24,2,480.5,556.259,75.75900000000001,-10.693972456970835,469.8060275430292,1,test_walk_forward,,2026-05,B_D15_cutoff_walk_forward,segment_bias,True,raw_da
2026-05-02 00:00:00,2026-05-01,2026-04-30,2026-05-01,24,17_24,2,502.0,562.279,60.278999999999996,-4.255310023345971,497.744689976654,1,test_walk_forward,,2026-05,B_D15_cutoff_walk_forward,segment_bias,True,raw_da
2026-05-02 01:00:00,2026-05-02,2026-05-01,2026-05-02,1,1_8,0,415.0,619.49,204.49,18.232872366080663,433.23287236608064,1,test_walk_forward,,2026-05,B_D15_cutoff_walk_forward,segment_bias,True,raw_da
2026-05-02 02:00:00,2026-05-02,2026-05-01,2026-05-02,2,1_8,0,415.0,374.341,-40.65899999999999,16.26516657771383,431.26516657771384,0,test_walk_forward,,2026-05,B_D15_cutoff_walk_forward,segment_bias,True,raw_da
2026-05-02 03:00:00,2026-05-02,2026-05-01,2026-05-02,3,1_8,0,415.0,366.174,-48.82600000000002,8.589948367949832,423.58994836794983,0,test_walk_forward,,2026-05,B_D15_cutoff_walk_forward,segment_bias,True,raw_da
2026-05-02 04:00:00,2026-05-02,2026-05-01,2026-05-02,4,1_8,0,380.0,364.999,-15.000999999999976,16.159952386386497,396.1599523863865,0,test_walk_forward,,2026-05,B_D15_cutoff_walk_forward,segment_bias,True,raw_da
2026-05-02 05:00:00,2026-05-02,2026-05-01,2026-05-02,5,1_8,0,375.0,365.756,-9.244000000000028,17.49776980859777,392.49776980859775,0,test_walk_forward,,2026-05,B_D15_cutoff_walk_forward,segment_bias,True,raw_da
2026-05-02 06:00:00,2026-05-02,2026-05-01,2026-05-02,6,1_8,0,438.151,361.234,-76.91700000000003,11.679345993369914,449.8303459933699,0,test_walk_forward,,2026-05,B_D15_cutoff_walk_forward,segment_bias,True,raw_da
2026-05-02 07:00:00,2026-05-02,2026-05-01,2026-05-02,7,1_8,0,500.0,360.169,-139.83100000000002,20.613026214681952,520.6130262146819,0,test_walk_forward,,2026-05,B_D15_cutoff_walk_forward,segment_bias,True,raw_da
2026-05-02 08:00:00,2026-05-02,2026-05-01,2026-05-02,8,1_8,0,419.08,363.959,-55.12099999999998,29.257103488007825,448.3371034880078,0,test_walk_forward,,2026-05,B_D15_cutoff_walk_forward,segment_bias,True,raw_da
2026-05-02 09:00:00,2026-05-02,2026-05-01,2026-05-02,9,9_16,1,453.28,371.174,-82.106,18.73808141590936,472.0180814159093,0,test_walk_forward,,2026-05,B_D15_cutoff_walk_forward,segment_bias,True,raw_da
2026-05-02 10:00:00,2026-05-02,2026-05-01,2026-05-02,10,9_16,1,484.11,376.757,-107.35300000000001,1.4017092569307952,485.5117092569308,0,test_walk_forward,,2026-05,B_D15_cutoff_walk_forward,segment_bias,True,raw_da
2026-05-02 11:00:00,2026-05-02,2026-05-01,2026-05-02,11,9_16,1,575.0,377.746,-197.25400000000002,-32.357622878354306,542.6423771216457,0,test_walk_forward,,2026-05,B_D15_cutoff_walk_forward,segment_bias,True,raw_da
2026-05-02 12:00:00,2026-05-02,2026-05-01,2026-05-02,12,9_16,1,575.0,415.58,-159.42000000000002,-51.01856134635633,523.9814386536436,0,test_walk_forward,,2026-05,B_D15_cutoff_walk_forward,segment_bias,True,raw_da
2026-05-02 13:00:00,2026-05-02,2026-05-01,2026-05-02,13,9_16,1,550.0,520.576,-29.423999999999978,-23.41458318169085,526.5854168183091,0,test_walk_forward,,2026-05,B_D15_cutoff_walk_forward,segment_bias,True,raw_da
2026-05-02 14:00:00,2026-05-02,2026-05-01,2026-05-02,14,9_16,1,513.55,436.32,-77.22999999999996,-18.134322206849674,495.4156777931503,0,test_walk_forward,,2026-05,B_D15_cutoff_walk_forward,segment_bias,True,raw_da
2026-05-02 15:00:00,2026-05-02,2026-05-01,2026-05-02,15,9_16,1,589.9,378.543,-211.35699999999997,4.280142531000434,594.1801425310005,0,test_walk_forward,,2026-05,B_D15_cutoff_walk_forward,segment_bias,True,raw_da
2026-05-02 16:00:00,2026-05-02,2026-05-01,2026-05-02,16,9_16,1,575.0,367.345,-207.65499999999997,-19.235942776182334,555.7640572238176,0,test_walk_forward,,2026-05,B_D15_cutoff_walk_forward,segment_bias,True,raw_da
2026-05-02 17:00:00,2026-05-02,2026-05-01,2026-05-02,17,17_24,2,590.0,364.001,-225.99900000000002,-17.84745148883808,572.152548511162,0,test_walk_forward,,2026-05,B_D15_cutoff_walk_forward,segment_bias,True,raw_da
2026-05-02 18:00:00,2026-05-02,2026-05-01,2026-05-02,18,17_24,2,584.0,367.01,-216.99,-17.976726258785977,566.023273741214,0,test_walk_forward,,2026-05,B_D15_cutoff_walk_forward,segment_bias,True,raw_da
2026-05-02 19:00:00,2026-05-02,2026-05-01,2026-05-02,19,17_24,2,582.5,399.967,-182.53300000000002,-18.628652753204683,563.8713472467953,0,test_walk_forward,,2026-05,B_D15_cutoff_walk_forward,segment_bias,True,raw_da
2026-05-02 20:00:00,2026-05-02,2026-05-01,2026-05-02,20,17_24,2,600.0,595.848,-4.152000000000044,-24.546892838251114,575.4531071617489,0,test_walk_forward,,2026-05,B_D15_cutoff_walk_forward,segment_bias,True,raw_da
2026-05-02 21:00:00,2026-05-02,2026-05-01,2026-05-02,21,17_24,2,354.16,503.558,149.39799999999997,10.584000390697657,364.7440003906977,1,test_walk_forward,,2026-05,B_D15_cutoff_walk_forward,segment_bias,True,raw_da
2026-05-02 22:00:00,2026-05-02,2026-05-01,2026-05-02,22,17_24,2,351.28,382.675,31.39500000000004,10.803087679532915,362.08308767953287,1,test_walk_forward,,2026-05,B_D15_cutoff_walk_forward,segment_bias,True,raw_da
2026-05-02 23:00:00,2026-05-02,2026-05-01,2026-05-02,23,17_24,2,402.84,369.215,-33.625,11.333623162067003,414.173623162067,0,test_walk_forward,,2026-05,B_D15_cutoff_walk_forward,segment_bias,True,raw_da
2026-05-03 00:00:00,2026-05-02,2026-05-01,2026-05-02,24,17_24,2,402.46,365.306,-37.153999999999996,12.726498671710441,415.1864986717104,0,test_walk_forward,,2026-05,B_D15_cutoff_walk_forward,segment_bias,True,raw_da
2026-05-03 01:00:00,2026-05-03,2026-05-02,2026-05-03,1,1_8,0,550.0,573.819,23.81899999999996,0.374071054886725,550.3740710548867,1,test_walk_forward,,2026-05,B_D15_cutoff_walk_forward,segment_bias,True,raw_da
2026-05-03 02:00:00,2026-05-03,2026-05-02,2026-05-03,2,1_8,0,552.68,467.836,-84.84399999999994,-9.895584938352718,542.7844150616472,0,test_walk_forward,,2026-05,B_D15_cutoff_walk_forward,segment_bias,True,raw_da
2026-05-03 03:00:00,2026-05-03,2026-05-02,2026-05-03,3,1_8,0,471.5,438.411,-33.089,-17.826658060804757,453.67334193919527,0,test_walk_forward,,2026-05,B_D15_cutoff_walk_forward,segment_bias,True,raw_da
2026-05-03 04:00:00,2026-05-03,2026-05-02,2026-05-03,4,1_8,0,464.0,437.155,-26.845000000000027,-10.858498660177368,453.14150133982264,0,test_walk_forward,,2026-05,B_D15_cutoff_walk_forward,segment_bias,True,raw_da
2026-05-03 05:00:00,2026-05-03,2026-05-02,2026-05-03,5,1_8,0,458.0,460.639,2.63900000000001,-2.078216419928337,455.9217835800717,1,test_walk_forward,,2026-05,B_D15_cutoff_walk_forward,segment_bias,True,raw_da
2026-05-03 06:00:00,2026-05-03,2026-05-02,2026-05-03,6,1_8,0,462.5,543.486,80.98599999999999,-9.498246897864968,453.001753102135,1,test_walk_forward,,2026-05,B_D15_cutoff_walk_forward,segment_bias,True,raw_da
2026-05-03 07:00:00,2026-05-03,2026-05-02,2026-05-03,7,1_8,0,420.0,481.933,61.93299999999999,-27.46707386942459,392.5329261305754,1,test_walk_forward,,2026-05,B_D15_cutoff_walk_forward,segment_bias,True,raw_da
2026-05-03 08:00:00,2026-05-03,2026-05-02,2026-05-03,8,1_8,0,330.0,399.276,69.27600000000001,-23.5749346684634,306.4250653315366,1,test_walk_forward,,2026-05,B_D15_cutoff_walk_forward,segment_bias,True,raw_da
2026-05-03 09:00:00,2026-05-03,2026-05-02,2026-05-03,9,9_16,1,190.05,270.626,80.57599999999996,-12.818524709746157,177.23147529025385,1,test_walk_forward,,2026-05,B_D15_cutoff_walk_forward,segment_bias,True,raw_da
2026-05-03 10:00:00,2026-05-03,2026-05-02,2026-05-03,10,9_16,1,33.875,61.762,27.887,-23.04047870814147,10.834521291858529,1,test_walk_forward,,2026-05,B_D15_cutoff_walk_forward,segment_bias,True,raw_da
2026-05-03 11:00:00,2026-05-03,2026-05-02,2026-05-03,11,9_16,1,80.0,-72.755,-152.755,-31.642230066900467,48.35776993309953,0,test_walk_forward,,2026-05,B_D15_cutoff_walk_forward,segment_bias,True,raw_da
2026-05-03 12:00:00,2026-05-03,2026-05-02,2026-05-03,12,9_16,1,99.5,-80.0,-179.5,-32.673524274495186,66.82647572550482,0,test_walk_forward,,2026-05,B_D15_cutoff_walk_forward,segment_bias,True,raw_da
2026-05-03 13:00:00,2026-05-03,2026-05-02,2026-05-03,13,9_16,1,99.5,-80.0,-179.5,-28.12792766357942,71.37207233642059,0,test_walk_forward,,2026-05,B_D15_cutoff_walk_forward,segment_bias,True,raw_da
2026-05-03 14:00:00,2026-05-03,2026-05-02,2026-05-03,14,9_16,1,80.0,-80.0,-160.0,-9.282750930823351,70.71724906917665,0,test_walk_forward,,2026-05,B_D15_cutoff_walk_forward,segment_bias,True,raw_da
2026-05-03 15:00:00,2026-05-03,2026-05-02,2026-05-03,15,9_16,1,100.0,-80.0,-180.0,-5.651413373101905,94.3485866268981,0,test_walk_forward,,2026-05,B_D15_cutoff_walk_forward,segment_bias,True,raw_da
2026-05-03 16:00:00,2026-05-03,2026-05-02,2026-05-03,16,9_16,1,149.085,33.47,-115.61500000000001,30.493294387484127,179.57829438748414,0,test_walk_forward,,2026-05,B_D15_cutoff_walk_forward,segment_bias,True,raw_da
2026-05-03 17:00:00,2026-05-03,2026-05-02,2026-05-03,17,17_24,2,338.0,607.716,269.716,34.43447105194513,372.43447105194514,1,test_walk_forward,,2026-05,B_D15_cutoff_walk_forward,segment_bias,True,raw_da
2026-05-03 18:00:00,2026-05-03,2026-05-02,2026-05-03,18,17_24,2,588.5,603.494,14.994000000000028,4.411258415778512,592.9112584157785,1,test_walk_forward,,2026-05,B_D15_cutoff_walk_forward,segment_bias,True,raw_da
2026-05-03 19:00:00,2026-05-03,2026-05-02,2026-05-03,19,17_24,2,601.375,593.997,-7.378000000000043,1.9134774393132343,603.2884774393133,0,test_walk_forward,,2026-05,B_D15_cutoff_walk_forward,segment_bias,True,raw_da
2026-05-03 20:00:00,2026-05-03,2026-05-02,2026-05-03,20,17_24,2,435.0,599.902,164.90200000000004,17.7993838546811,452.7993838546811,1,test_walk_forward,,2026-05,B_D15_cutoff_walk_forward,segment_bias,True,raw_da
2026-05-03 21:00:00,2026-05-03,2026-05-02,2026-05-03,21,17_24,2,555.73,611.706,55.976,6.51785006433836,562.2478500643384,1,test_walk_forward,,2026-05,B_D15_cutoff_walk_forward,segment_bias,True,raw_da
2026-05-03 22:00:00,2026-05-03,2026-05-02,2026-05-03,22,17_24,2,675.0,596.867,-78.13300000000004,-9.934601204902892,665.065398795097,0,test_walk_forward,,2026-05,B_D15_cutoff_walk_forward,segment_bias,True,raw_da
2026-05-03 23:00:00,2026-05-03,2026-05-02,2026-05-03,23,17_24,2,602.5,563.311,-39.188999999999965,-9.114762021626463,593.3852379783735,0,test_walk_forward,,2026-05,B_D15_cutoff_walk_forward,segment_bias,True,raw_da
2026-05-04 00:00:00,2026-05-03,2026-05-02,2026-05-03,24,17_24,2,602.5,560.805,-41.69500000000005,-11.307026747875788,591.1929732521243,0,test_walk_forward,,2026-05,B_D15_cutoff_walk_forward,segment_bias,True,raw_da
2026-05-04 01:00:00,2026-05-04,2026-05-03,2026-05-04,1,1_8,0,602.125,543.1,-59.02499999999998,-15.02320446717829,587.1017955328217,0,test_walk_forward,,2026-05,B_D15_cutoff_walk_forward,segment_bias,True,raw_da
2026-05-04 02:00:00,2026-05-04,2026-05-03,2026-05-04,2,1_8,0,600.0,519.412,-80.58799999999997,-20.400419643743337,579.5995803562566,0,test_walk_forward,,2026-05,B_D15_cutoff_walk_forward,segment_bias,True,raw_da
2026-05-04 03:00:00,2026-05-04,2026-05-03,2026-05-04,3,1_8,0,596.5,493.323,-103.17700000000002,-8.750160234661127,587.7498397653388,0,test_walk_forward,,2026-05,B_D15_cutoff_walk_forward,segment_bias,True,raw_da
2026-05-04 04:00:00,2026-05-04,2026-05-03,2026-05-04,4,1_8,0,584.0,485.23,-98.76999999999998,-4.783217762199732,579.2167822378003,0,test_walk_forward,,2026-05,B_D15_cutoff_walk_forward,segment_bias,True,raw_da
2026-05-04 05:00:00,2026-05-04,2026-05-03,2026-05-04,5,1_8,0,600.0,513.137,-86.86300000000006,-7.549613214312116,592.4503867856879,0,test_walk_forward,,2026-05,B_D15_cutoff_walk_forward,segment_bias,True,raw_da
2026-05-04 06:00:00,2026-05-04,2026-05-03,2026-05-04,6,1_8,0,600.0,554.345,-45.65499999999997,3.6074815116149788,603.607481511615,0,test_walk_forward,,2026-05,B_D15_cutoff_walk_forward,segment_bias,True,raw_da
2026-05-04 07:00:00,2026-05-04,2026-05-03,2026-05-04,7,1_8,0,190.01,359.744,169.73400000000004,-23.10683103793019,166.9031689620698,1,test_walk_forward,,2026-05,B_D15_cutoff_walk_forward,segment_bias,True,raw_da
2026-05-04 08:00:00,2026-05-04,2026-05-03,2026-05-04,8,1_8,0,79.875,-80.0,-159.875,-24.222418732202286,55.652581267797714,0,test_walk_forward,,2026-05,B_D15_cutoff_walk_forward,segment_bias,True,raw_da
2026-05-04 09:00:00,2026-05-04,2026-05-03,2026-05-04,9,9_16,1,-47.5,-80.0,-32.5,-16.788150776430133,-64.28815077643013,0,test_walk_forward,,2026-05,B_D15_cutoff_walk_forward,segment_bias,True,raw_da
2026-05-04 10:00:00,2026-05-04,2026-05-03,2026-05-04,10,9_16,1,-67.5,-80.0,-12.5,-5.5928086504722065,-73.09280865047221,0,test_walk_forward,,2026-05,B_D15_cutoff_walk_forward,segment_bias,True,raw_da
2026-05-04 11:00:00,2026-05-04,2026-05-03,2026-05-04,11,9_16,1,-70.0,-80.0,-10.0,-7.352201737748568,-77.35220173774857,0,test_walk_forward,,2026-05,B_D15_cutoff_walk_forward,segment_bias,True,raw_da
2026-05-04 12:00:00,2026-05-04,2026-05-03,2026-05-04,12,9_16,1,-67.5,-80.0,-12.5,-18.12458795460291,-85.6245879546029,0,test_walk_forward,,2026-05,B_D15_cutoff_walk_forward,segment_bias,True,raw_da
2026-05-04 13:00:00,2026-05-04,2026-05-03,2026-05-04,13,9_16,1,-66.0,-80.0,-14.0,-12.134903647601064,-78.13490364760106,0,test_walk_forward,,2026-05,B_D15_cutoff_walk_forward,segment_bias,True,raw_da
2026-05-04 14:00:00,2026-05-04,2026-05-03,2026-05-04,14,9_16,1,-64.5,-80.0,-15.5,-1.2788626926167108,-65.77886269261671,0,test_walk_forward,,2026-05,B_D15_cutoff_walk_forward,segment_bias,True,raw_da
2026-05-04 15:00:00,2026-05-04,2026-05-03,2026-05-04,15,9_16,1,-67.3,-80.0,-12.700000000000003,-1.6380749098724152,-68.93807490987241,0,test_walk_forward,,2026-05,B_D15_cutoff_walk_forward,segment_bias,True,raw_da
2026-05-04 16:00:00,2026-05-04,2026-05-03,2026-05-04,16,9_16,1,22.61,-80.0,-102.61,31.67742995795157,54.287429957951574,0,test_walk_forward,,2026-05,B_D15_cutoff_walk_forward,segment_bias,True,raw_da
2026-05-04 17:00:00,2026-05-04,2026-05-03,2026-05-04,17,17_24,2,319.0,166.117,-152.883,20.673756427781374,339.67375642778137,0,test_walk_forward,,2026-05,B_D15_cutoff_walk_forward,segment_bias,True,raw_da
2026-05-04 18:00:00,2026-05-04,2026-05-03,2026-05-04,18,17_24,2,450.375,417.355,-33.01999999999998,16.231082367032315,466.6060823670323,0,test_walk_forward,,2026-05,B_D15_cutoff_walk_forward,segment_bias,True,raw_da
2026-05-04 19:00:00,2026-05-04,2026-05-03,2026-05-04,19,17_24,2,550.0,562.949,12.948999999999955,14.81817792417354,564.8181779241736,1,test_walk_forward,,2026-05,B_D15_cutoff_walk_forward,segment_bias,True,raw_da
2026-05-04 20:00:00,2026-05-04,2026-05-03,2026-05-04,20,17_24,2,554.0,418.875,-135.125,0.8288766835082588,554.8288766835083,0,test_walk_forward,,2026-05,B_D15_cutoff_walk_forward,segment_bias,True,raw_da
2026-05-04 21:00:00,2026-05-04,2026-05-03,2026-05-04,21,17_24,2,500.0,416.855,-83.14499999999998,-10.386913852083191,489.6130861479168,0,test_walk_forward,,2026-05,B_D15_cutoff_walk_forward,segment_bias,True,raw_da
2026-05-04 22:00:00,2026-05-04,2026-05-03,2026-05-04,22,17_24,2,476.0,452.918,-23.081999999999994,-3.6851033992862607,472.3148966007137,0,test_walk_forward,,2026-05,B_D15_cutoff_walk_forward,segment_bias,True,raw_da
2026-05-04 23:00:00,2026-05-04,2026-05-03,2026-05-04,23,17_24,2,476.5,454.642,-21.858000000000004,-10.02772484759585,466.47227515240417,0,test_walk_forward,,2026-05,B_D15_cutoff_walk_forward,segment_bias,True,raw_da
2026-05-05 00:00:00,2026-05-04,2026-05-03,2026-05-04,24,17_24,2,471.0,448.177,-22.82299999999998,-47.88554957614871,423.1144504238513,0,test_walk_forward,,2026-05,B_D15_cutoff_walk_forward,segment_bias,True,raw_da
2026-05-05 01:00:00,2026-05-05,2026-05-04,2026-05-05,1,1_8,0,365.0,439.293,74.293,-100.55610258020218,264.44389741979785,1,test_walk_forward,,2026-05,B_D15_cutoff_walk_forward,segment_bias,True,raw_da
2026-05-05 02:00:00,2026-05-05,2026-05-04,2026-05-05,2,1_8,0,380.0,343.509,-36.490999999999985,-94.06680854776883,285.9331914522312,0,test_walk_forward,,2026-05,B_D15_cutoff_walk_forward,segment_bias,True,raw_da
2026-05-05 03:00:00,2026-05-05,2026-05-04,2026-05-05,3,1_8,0,350.0,323.585,-26.41500000000002,-79.83930126329658,270.1606987367034,0,test_walk_forward,,2026-05,B_D15_cutoff_walk_forward,segment_bias,True,raw_da
2026-05-05 04:00:00,2026-05-05,2026-05-04,2026-05-05,4,1_8,0,327.0,312.874,-14.125999999999976,-66.57483643977527,260.42516356022475,0,test_walk_forward,,2026-05,B_D15_cutoff_walk_forward,segment_bias,True,raw_da
2026-05-05 05:00:00,2026-05-05,2026-05-04,2026-05-05,5,1_8,0,357.0,277.849,-79.15100000000001,-57.23541536013859,299.7645846398614,0,test_walk_forward,,2026-05,B_D15_cutoff_walk_forward,segment_bias,True,raw_da
2026-05-05 06:00:00,2026-05-05,2026-05-04,2026-05-05,6,1_8,0,281.5,460.49,178.99,-46.02667786144619,235.4733221385538,1,test_walk_forward,,2026-05,B_D15_cutoff_walk_forward,segment_bias,True,raw_da
2026-05-05 07:00:00,2026-05-05,2026-05-04,2026-05-05,7,1_8,0,149.0,124.635,-24.364999999999995,-65.21571135933081,83.78428864066919,0,test_walk_forward,,2026-05,B_D15_cutoff_walk_forward,segment_bias,True,raw_da
2026-05-05 08:00:00,2026-05-05,2026-05-04,2026-05-05,8,1_8,0,-60.0,-80.0,-20.0,-17.98179037312014,-77.98179037312013,0,test_walk_forward,,2026-05,B_D15_cutoff_walk_forward,segment_bias,True,raw_da
2026-05-05 09:00:00,2026-05-05,2026-05-04,2026-05-05,9,9_16,1,-73.0,-80.0,-7.0,-15.058410903149527,-88.05841090314952,0,test_walk_forward,,2026-05,B_D15_cutoff_walk_forward,segment_bias,True,raw_da
2026-05-05 10:00:00,2026-05-05,2026-05-04,2026-05-05,10,9_16,1,-73.5,-80.0,-6.5,-11.122537020262888,-84.62253702026288,0,test_walk_forward,,2026-05,B_D15_cutoff_walk_forward,segment_bias,True,raw_da
2026-05-05 11:00:00,2026-05-05,2026-05-04,2026-05-05,11,9_16,1,-75.0,-76.689,-1.688999999999993,14.132705001170953,-60.867294998829045,0,test_walk_forward,,2026-05,B_D15_cutoff_walk_forward,segment_bias,True,raw_da
2026-05-05 12:00:00,2026-05-05,2026-05-04,2026-05-05,12,9_16,1,-60.0,-80.0,-20.0,-3.8655827765984867,-63.86558277659849,0,test_walk_forward,,2026-05,B_D15_cutoff_walk_forward,segment_bias,True,raw_da
2026-05-05 13:00:00,2026-05-05,2026-05-04,2026-05-05,13,9_16,1,-48.625,-80.0,-31.375,-11.66415342244813,-60.28915342244813,0,test_walk_forward,,2026-05,B_D15_cutoff_walk_forward,segment_bias,True,raw_da
2026-05-05 14:00:00,2026-05-05,2026-05-04,2026-05-05,14,9_16,1,-70.0,-77.772,-7.772000000000006,12.574060143994222,-57.425939856005776,0,test_walk_forward,,2026-05,B_D15_cutoff_walk_forward,segment_bias,True,raw_da
2026-05-05 15:00:00,2026-05-05,2026-05-04,2026-05-05,15,9_16,1,-67.34,-80.0,-12.659999999999997,-4.001429275154939,-71.34142927515494,0,test_walk_forward,,2026-05,B_D15_cutoff_walk_forward,segment_bias,True,raw_da
2026-05-05 16:00:00,2026-05-05,2026-05-04,2026-05-05,16,9_16,1,-5.0,-80.0,-75.0,-4.293822638258305,-9.293822638258305,0,test_walk_forward,,2026-05,B_D15_cutoff_walk_forward,segment_bias,True,raw_da
2026-05-05 17:00:00,2026-05-05,2026-05-04,2026-05-05,17,17_24,2,221.04,175.728,-45.31199999999998,3.945931102943304,224.98593110294328,0,test_walk_forward,,2026-05,B_D15_cutoff_walk_forward,segment_bias,True,raw_da
2026-05-05 18:00:00,2026-05-05,2026-05-04,2026-05-05,18,17_24,2,434.0,537.347,103.34699999999998,-5.775329170358678,428.2246708296413,1,test_walk_forward,,2026-05,B_D15_cutoff_walk_forward,segment_bias,True,raw_da
2026-05-05 19:00:00,2026-05-05,2026-05-04,2026-05-05,19,17_24,2,500.5,452.21,-48.29000000000002,25.676905752281062,526.1769057522811,0,test_walk_forward,,2026-05,B_D15_cutoff_walk_forward,segment_bias,True,raw_da
2026-05-05 20:00:00,2026-05-05,2026-05-04,2026-05-05,20,17_24,2,493.0,537.839,44.839000000000055,19.996328076424025,512.996328076424,1,test_walk_forward,,2026-05,B_D15_cutoff_walk_forward,segment_bias,True,raw_da
2026-05-05 21:00:00,2026-05-05,2026-05-04,2026-05-05,21,17_24,2,450.625,476.875,26.25,-10.193498703600183,440.4315012963998,1,test_walk_forward,,2026-05,B_D15_cutoff_walk_forward,segment_bias,True,raw_da
2026-05-05 22:00:00,2026-05-05,2026-05-04,2026-05-05,22,17_24,2,450.0,403.192,-46.80799999999999,-51.31560741578822,398.68439258421176,0,test_walk_forward,,2026-05,B_D15_cutoff_walk_forward,segment_bias,True,raw_da
2026-05-05 23:00:00,2026-05-05,2026-05-04,2026-05-05,23,17_24,2,450.0,426.574,-23.425999999999988,-76.6366826456761,373.3633173543239,0,test_walk_forward,,2026-05,B_D15_cutoff_walk_forward,segment_bias,True,raw_da
2026-05-06 00:00:00,2026-05-05,2026-05-04,2026-05-05,24,17_24,2,450.0,351.492,-98.50799999999998,-88.17898095564178,361.8210190443582,0,test_walk_forward,,2026-05,B_D15_cutoff_walk_forward,segment_bias,True,raw_da
2026-05-06 01:00:00,2026-05-06,2026-05-05,2026-05-06,1,1_8,0,450.0,356.412,-93.58800000000002,-82.90426762058446,367.09573237941555,0,test_walk_forward,,2026-05,B_D15_cutoff_walk_forward,segment_bias,True,raw_da
2026-05-06 02:00:00,2026-05-06,2026-05-05,2026-05-06,2,1_8,0,383.0,318.184,-64.81599999999997,-83.6275464103596,299.3724535896404,0,test_walk_forward,,2026-05,B_D15_cutoff_walk_forward,segment_bias,True,raw_da
2026-05-06 03:00:00,2026-05-06,2026-05-05,2026-05-06,3,1_8,0,334.0,309.334,-24.665999999999997,-33.402733646230544,300.59726635376944,0,test_walk_forward,,2026-05,B_D15_cutoff_walk_forward,segment_bias,True,raw_da
2026-05-06 04:00:00,2026-05-06,2026-05-05,2026-05-06,4,1_8,0,314.25,285.102,-29.148000000000025,-26.446050849898853,287.8039491501012,0,test_walk_forward,,2026-05,B_D15_cutoff_walk_forward,segment_bias,True,raw_da
2026-05-06 05:00:00,2026-05-06,2026-05-05,2026-05-06,5,1_8,0,353.5,143.974,-209.526,-20.601945144469056,332.898054855531,0,test_walk_forward,,2026-05,B_D15_cutoff_walk_forward,segment_bias,True,raw_da
2026-05-06 06:00:00,2026-05-06,2026-05-05,2026-05-06,6,1_8,0,405.5,233.313,-172.187,-33.467053760169875,372.03294623983015,0,test_walk_forward,,2026-05,B_D15_cutoff_walk_forward,segment_bias,True,raw_da
2026-05-06 07:00:00,2026-05-06,2026-05-05,2026-05-06,7,1_8,0,126.0,-80.0,-206.0,-48.3447808027607,77.65521919723929,0,test_walk_forward,,2026-05,B_D15_cutoff_walk_forward,segment_bias,True,raw_da
2026-05-06 08:00:00,2026-05-06,2026-05-05,2026-05-06,8,1_8,0,-60.0,-80.0,-20.0,-21.2929184650387,-81.2929184650387,0,test_walk_forward,,2026-05,B_D15_cutoff_walk_forward,segment_bias,True,raw_da
2026-05-06 09:00:00,2026-05-06,2026-05-05,2026-05-06,9,9_16,1,-40.0,-80.0,-40.0,-39.15266207249147,-79.15266207249147,0,test_walk_forward,,2026-05,B_D15_cutoff_walk_forward,segment_bias,True,raw_da
2026-05-06 10:00:00,2026-05-06,2026-05-05,2026-05-06,10,9_16,1,-40.0,-80.0,-40.0,-35.50021175989414,-75.50021175989414,0,test_walk_forward,,2026-05,B_D15_cutoff_walk_forward,segment_bias,True,raw_da
2026-05-06 11:00:00,2026-05-06,2026-05-05,2026-05-06,11,9_16,1,-52.0,-80.0,-28.0,-9.0908205734599,-61.0908205734599,0,test_walk_forward,,2026-05,B_D15_cutoff_walk_forward,segment_bias,True,raw_da
2026-05-06 12:00:00,2026-05-06,2026-05-05,2026-05-06,12,9_16,1,-51.5,-80.0,-28.5,-19.466275412098845,-70.96627541209884,0,test_walk_forward,,2026-05,B_D15_cutoff_walk_forward,segment_bias,True,raw_da
2026-05-06 13:00:00,2026-05-06,2026-05-05,2026-05-06,13,9_16,1,-40.0,-80.0,-40.0,-33.61957831504147,-73.61957831504148,0,test_walk_forward,,2026-05,B_D15_cutoff_walk_forward,segment_bias,True,raw_da
2026-05-06 14:00:00,2026-05-06,2026-05-05,2026-05-06,14,9_16,1,-9.83,-77.309,-67.479,-14.822819252123274,-24.652819252123273,0,test_walk_forward,,2026-05,B_D15_cutoff_walk_forward,segment_bias,True,raw_da
2026-05-06 15:00:00,2026-05-06,2026-05-05,2026-05-06,15,9_16,1,27.5,47.983,20.482999999999997,-15.24226591144409,12.25773408855591,1,test_walk_forward,,2026-05,B_D15_cutoff_walk_forward,segment_bias,True,raw_da
2026-05-06 16:00:00,2026-05-06,2026-05-05,2026-05-06,16,9_16,1,104.0,587.553,483.553,7.401318447635425,111.40131844763542,1,test_walk_forward,,2026-05,B_D15_cutoff_walk_forward,segment_bias,True,raw_da
2026-05-06 17:00:00,2026-05-06,2026-05-05,2026-05-06,17,17_24,2,444.71,634.843,190.13299999999998,28.129580517090297,472.83958051709027,1,test_walk_forward,,2026-05,B_D15_cutoff_walk_forward,segment_bias,True,raw_da
2026-05-06 18:00:00,2026-05-06,2026-05-05,2026-05-06,18,17_24,2,511.0,570.828,59.827999999999975,12.717896721689213,523.7178967216892,1,test_walk_forward,,2026-05,B_D15_cutoff_walk_forward,segment_bias,True,raw_da
2026-05-06 19:00:00,2026-05-06,2026-05-05,2026-05-06,19,17_24,2,570.625,493.136,-77.48899999999998,-2.0976345295680843,568.527365470432,0,test_walk_forward,,2026-05,B_D15_cutoff_walk_forward,segment_bias,True,raw_da
2026-05-06 20:00:00,2026-05-06,2026-05-05,2026-05-06,20,17_24,2,560.0,464.064,-95.93599999999998,1.3144637318530068,561.314463731853,0,test_walk_forward,,2026-05,B_D15_cutoff_walk_forward,segment_bias,True,raw_da
2026-05-06 21:00:00,2026-05-06,2026-05-05,2026-05-06,21,17_24,2,532.625,447.151,-85.47399999999999,1.4397899547809614,534.064789954781,0,test_walk_forward,,2026-05,B_D15_cutoff_walk_forward,segment_bias,True,raw_da
2026-05-06 22:00:00,2026-05-06,2026-05-05,2026-05-06,22,17_24,2,565.0,377.904,-187.096,-0.8480608442374503,564.1519391557625,0,test_walk_forward,,2026-05,B_D15_cutoff_walk_forward,segment_bias,True,raw_da
2026-05-06 23:00:00,2026-05-06,2026-05-05,2026-05-06,23,17_24,2,574.5,517.855,-56.64499999999998,-14.715884133389496,559.7841158666105,0,test_walk_forward,,2026-05,B_D15_cutoff_walk_forward,segment_bias,True,raw_da
2026-05-07 00:00:00,2026-05-06,2026-05-05,2026-05-06,24,17_24,2,592.028,599.121,7.092999999999961,-24.743765266016336,567.2842347339837,1,test_walk_forward,,2026-05,B_D15_cutoff_walk_forward,segment_bias,True,raw_da
2026-05-07 01:00:00,2026-05-07,2026-05-06,2026-05-07,1,1_8,0,599.5,648.966,49.46600000000001,-23.525030733101744,575.9749692668983,1,test_walk_forward,,2026-05,B_D15_cutoff_walk_forward,segment_bias,True,raw_da
2026-05-07 02:00:00,2026-05-07,2026-05-06,2026-05-07,2,1_8,0,585.0,557.973,-27.027000000000044,-13.876032650998324,571.1239673490016,0,test_walk_forward,,2026-05,B_D15_cutoff_walk_forward,segment_bias,True,raw_da
2026-05-07 03:00:00,2026-05-07,2026-05-06,2026-05-07,3,1_8,0,550.0,417.16,-132.83999999999997,-9.071234224667661,540.9287657753323,0,test_walk_forward,,2026-05,B_D15_cutoff_walk_forward,segment_bias,True,raw_da
2026-05-07 04:00:00,2026-05-07,2026-05-06,2026-05-07,4,1_8,0,542.0,419.617,-122.38299999999998,-8.888387591633768,533.1116124083662,0,test_walk_forward,,2026-05,B_D15_cutoff_walk_forward,segment_bias,True,raw_da
2026-05-07 05:00:00,2026-05-07,2026-05-06,2026-05-07,5,1_8,0,577.0,526.022,-50.97799999999995,-17.69284723884503,559.307152761155,0,test_walk_forward,,2026-05,B_D15_cutoff_walk_forward,segment_bias,True,raw_da
2026-05-07 06:00:00,2026-05-07,2026-05-06,2026-05-07,6,1_8,0,507.5,555.933,48.43299999999999,-9.293393447716344,498.20660655228363,1,test_walk_forward,,2026-05,B_D15_cutoff_walk_forward,segment_bias,True,raw_da
2026-05-07 07:00:00,2026-05-07,2026-05-06,2026-05-07,7,1_8,0,297.0,286.389,-10.61099999999999,-24.39337999776803,272.606620002232,0,test_walk_forward,,2026-05,B_D15_cutoff_walk_forward,segment_bias,True,raw_da
2026-05-07 08:00:00,2026-05-07,2026-05-06,2026-05-07,8,1_8,0,97.5,-45.315,-142.815,-43.46843488077413,54.03156511922587,0,test_walk_forward,,2026-05,B_D15_cutoff_walk_forward,segment_bias,True,raw_da
2026-05-07 09:00:00,2026-05-07,2026-05-06,2026-05-07,9,9_16,1,-48.0,-80.0,-32.0,-32.12926578311571,-80.12926578311571,0,test_walk_forward,,2026-05,B_D15_cutoff_walk_forward,segment_bias,True,raw_da
2026-05-07 10:00:00,2026-05-07,2026-05-06,2026-05-07,10,9_16,1,-67.5,-80.0,-12.5,-19.539627571136904,-87.0396275711369,0,test_walk_forward,,2026-05,B_D15_cutoff_walk_forward,segment_bias,True,raw_da
2026-05-07 11:00:00,2026-05-07,2026-05-06,2026-05-07,11,9_16,1,-70.0,-80.0,-10.0,-7.900192131274215,-77.90019213127421,0,test_walk_forward,,2026-05,B_D15_cutoff_walk_forward,segment_bias,True,raw_da
2026-05-07 12:00:00,2026-05-07,2026-05-06,2026-05-07,12,9_16,1,-70.0,-80.0,-10.0,-5.990067661085373,-75.99006766108538,0,test_walk_forward,,2026-05,B_D15_cutoff_walk_forward,segment_bias,True,raw_da
2026-05-07 13:00:00,2026-05-07,2026-05-06,2026-05-07,13,9_16,1,-74.5,-80.0,-5.5,-1.7177742267341953,-76.21777422673419,0,test_walk_forward,,2026-05,B_D15_cutoff_walk_forward,segment_bias,True,raw_da
2026-05-07 14:00:00,2026-05-07,2026-05-06,2026-05-07,14,9_16,1,-73.0,-80.0,-7.0,-6.460002848102938,-79.46000284810293,0,test_walk_forward,,2026-05,B_D15_cutoff_walk_forward,segment_bias,True,raw_da
2026-05-07 15:00:00,2026-05-07,2026-05-06,2026-05-07,15,9_16,1,-70.0,-80.0,-10.0,-1.0346192984731744,-71.03461929847317,0,test_walk_forward,,2026-05,B_D15_cutoff_walk_forward,segment_bias,True,raw_da
2026-05-07 16:00:00,2026-05-07,2026-05-06,2026-05-07,16,9_16,1,0.0,-80.0,-80.0,-12.562345811063587,-12.562345811063587,0,test_walk_forward,,2026-05,B_D15_cutoff_walk_forward,segment_bias,True,raw_da
2026-05-07 17:00:00,2026-05-07,2026-05-06,2026-05-07,17,17_24,2,258.5,-80.0,-338.5,39.37978591499047,297.87978591499046,0,test_walk_forward,,2026-05,B_D15_cutoff_walk_forward,segment_bias,True,raw_da
2026-05-07 18:00:00,2026-05-07,2026-05-06,2026-05-07,18,17_24,2,474.5,294.188,-180.312,12.795574428562217,487.2955744285622,0,test_walk_forward,,2026-05,B_D15_cutoff_walk_forward,segment_bias,True,raw_da
2026-05-07 19:00:00,2026-05-07,2026-05-06,2026-05-07,19,17_24,2,599.875,827.029,227.154,-14.042174811323855,585.8328251886761,1,test_walk_forward,,2026-05,B_D15_cutoff_walk_forward,segment_bias,True,raw_da
2026-05-07 20:00:00,2026-05-07,2026-05-06,2026-05-07,20,17_24,2,599.5,661.929,62.428999999999974,-38.32121258571245,561.1787874142875,1,test_walk_forward,,2026-05,B_D15_cutoff_walk_forward,segment_bias,True,raw_da
2026-05-07 21:00:00,2026-05-07,2026-05-06,2026-05-07,21,17_24,2,599.5,663.242,63.74199999999996,-23.57579210045958,575.9242078995404,1,test_walk_forward,,2026-05,B_D15_cutoff_walk_forward,segment_bias,True,raw_da
2026-05-07 22:00:00,2026-05-07,2026-05-06,2026-05-07,22,17_24,2,599.5,650.108,50.60799999999995,-23.742870618560374,575.7571293814397,1,test_walk_forward,,2026-05,B_D15_cutoff_walk_forward,segment_bias,True,raw_da
2026-05-07 23:00:00,2026-05-07,2026-05-06,2026-05-07,23,17_24,2,594.5,641.802,47.30200000000002,-25.216755083843257,569.2832449161567,1,test_walk_forward,,2026-05,B_D15_cutoff_walk_forward,segment_bias,True,raw_da
2026-05-08 00:00:00,2026-05-07,2026-05-06,2026-05-07,24,17_24,2,590.5,637.666,47.166000000000054,-19.97650946427083,570.5234905357291,1,test_walk_forward,,2026-05,B_D15_cutoff_walk_forward,segment_bias,True,raw_da
2026-05-08 01:00:00,2026-05-08,2026-05-07,2026-05-08,1,1_8,0,600.0,615.828,15.827999999999975,-14.616717548899576,585.3832824511004,1,test_walk_forward,,2026-05,B_D15_cutoff_walk_forward,segment_bias,True,raw_da
2026-05-08 02:00:00,2026-05-08,2026-05-07,2026-05-08,2,1_8,0,562.5,579.263,16.763000000000034,-4.053081447162596,558.4469185528374,1,test_walk_forward,,2026-05,B_D15_cutoff_walk_forward,segment_bias,True,raw_da
2026-05-08 03:00:00,2026-05-08,2026-05-07,2026-05-08,3,1_8,0,481.0,519.998,38.99800000000005,-8.734380559490706,472.2656194405093,1,test_walk_forward,,2026-05,B_D15_cutoff_walk_forward,segment_bias,True,raw_da
2026-05-08 04:00:00,2026-05-08,2026-05-07,2026-05-08,4,1_8,0,473.25,497.212,23.96199999999999,-10.943457403088868,462.30654259691113,1,test_walk_forward,,2026-05,B_D15_cutoff_walk_forward,segment_bias,True,raw_da
2026-05-08 05:00:00,2026-05-08,2026-05-07,2026-05-08,5,1_8,0,509.67,488.915,-20.754999999999995,-3.2267442498250047,506.443255750175,0,test_walk_forward,,2026-05,B_D15_cutoff_walk_forward,segment_bias,True,raw_da
2026-05-08 06:00:00,2026-05-08,2026-05-07,2026-05-08,6,1_8,0,504.75,457.183,-47.56700000000001,1.331867966063461,506.08186796606344,0,test_walk_forward,,2026-05,B_D15_cutoff_walk_forward,segment_bias,True,raw_da
2026-05-08 07:00:00,2026-05-08,2026-05-07,2026-05-08,7,1_8,0,330.5,26.52,-303.98,-33.79088424034463,296.7091157596554,0,test_walk_forward,,2026-05,B_D15_cutoff_walk_forward,segment_bias,True,raw_da
2026-05-08 08:00:00,2026-05-08,2026-05-07,2026-05-08,8,1_8,0,-43.5,-80.0,-36.5,-28.127712184352166,-71.62771218435216,0,test_walk_forward,,2026-05,B_D15_cutoff_walk_forward,segment_bias,True,raw_da
2026-05-08 09:00:00,2026-05-08,2026-05-07,2026-05-08,9,9_16,1,-70.0,-80.0,-10.0,-18.22062029248586,-88.22062029248586,0,test_walk_forward,,2026-05,B_D15_cutoff_walk_forward,segment_bias,True,raw_da
2026-05-08 10:00:00,2026-05-08,2026-05-07,2026-05-08,10,9_16,1,-73.0,-80.0,-7.0,-19.237228331561496,-92.2372283315615,0,test_walk_forward,,2026-05,B_D15_cutoff_walk_forward,segment_bias,True,raw_da
2026-05-08 11:00:00,2026-05-08,2026-05-07,2026-05-08,11,9_16,1,-73.47,-74.261,-0.7909999999999968,-14.257981010237994,-87.727981010238,0,test_walk_forward,,2026-05,B_D15_cutoff_walk_forward,segment_bias,True,raw_da
2026-05-08 12:00:00,2026-05-08,2026-05-07,2026-05-08,12,9_16,1,-70.0,-68.381,1.6189999999999998,-12.774629388913313,-82.77462938891331,1,test_walk_forward,,2026-05,B_D15_cutoff_walk_forward,segment_bias,True,raw_da
2026-05-08 13:00:00,2026-05-08,2026-05-07,2026-05-08,13,9_16,1,-71.5,-80.0,-8.5,-9.417997694922011,-80.91799769492201,0,test_walk_forward,,2026-05,B_D15_cutoff_walk_forward,segment_bias,True,raw_da
2026-05-08 14:00:00,2026-05-08,2026-05-07,2026-05-08,14,9_16,1,-73.0,-80.0,-7.0,-7.568847098646433,-80.56884709864643,0,test_walk_forward,,2026-05,B_D15_cutoff_walk_forward,segment_bias,True,raw_da
2026-05-08 15:00:00,2026-05-08,2026-05-07,2026-05-08,15,9_16,1,-56.875,-80.0,-23.125,-21.432084132134275,-78.30708413213428,0,test_walk_forward,,2026-05,B_D15_cutoff_walk_forward,segment_bias,True,raw_da
2026-05-08 16:00:00,2026-05-08,2026-05-07,2026-05-08,16,9_16,1,85.0,-80.0,-165.0,9.484118108081319,94.48411810808132,0,test_walk_forward,,2026-05,B_D15_cutoff_walk_forward,segment_bias,True,raw_da
2026-05-08 17:00:00,2026-05-08,2026-05-07,2026-05-08,17,17_24,2,374.38,8.945,-365.435,28.230617433485072,402.61061743348506,0,test_walk_forward,,2026-05,B_D15_cutoff_walk_forward,segment_bias,True,raw_da
2026-05-08 18:00:00,2026-05-08,2026-05-07,2026-05-08,18,17_24,2,527.06,509.021,-18.03899999999993,11.428003867161538,538.4880038671615,0,test_walk_forward,,2026-05,B_D15_cutoff_walk_forward,segment_bias,True,raw_da
2026-05-08 19:00:00,2026-05-08,2026-05-07,2026-05-08,19,17_24,2,529.52,541.229,11.70900000000006,13.883909802018245,543.4039098020182,1,test_walk_forward,,2026-05,B_D15_cutoff_walk_forward,segment_bias,True,raw_da
2026-05-08 20:00:00,2026-05-08,2026-05-07,2026-05-08,20,17_24,2,531.253,518.453,-12.800000000000068,8.485990663500957,539.738990663501,0,test_walk_forward,,2026-05,B_D15_cutoff_walk_forward,segment_bias,True,raw_da
2026-05-08 21:00:00,2026-05-08,2026-05-07,2026-05-08,21,17_24,2,530.5,527.134,-3.3659999999999854,3.40504625106639,533.9050462510664,0,test_walk_forward,,2026-05,B_D15_cutoff_walk_forward,segment_bias,True,raw_da
2026-05-08 22:00:00,2026-05-08,2026-05-07,2026-05-08,22,17_24,2,520.0,493.277,-26.723000000000013,1.4013819085191275,521.4013819085192,0,test_walk_forward,,2026-05,B_D15_cutoff_walk_forward,segment_bias,True,raw_da
2026-05-08 23:00:00,2026-05-08,2026-05-07,2026-05-08,23,17_24,2,474.718,546.017,71.29900000000004,-0.1732255184665856,474.5447744815334,1,test_walk_forward,,2026-05,B_D15_cutoff_walk_forward,segment_bias,True,raw_da
2026-05-09 00:00:00,2026-05-08,2026-05-07,2026-05-08,24,17_24,2,465.0,433.625,-31.375,-5.325027029577613,459.6749729704224,0,test_walk_forward,,2026-05,B_D15_cutoff_walk_forward,segment_bias,True,raw_da
2026-05-09 01:00:00,2026-05-09,2026-05-08,2026-05-09,1,1_8,0,509.0,542.951,33.95100000000002,-12.969468553302711,496.0305314466973,1,test_walk_forward,,2026-05,B_D15_cutoff_walk_forward,segment_bias,True,raw_da
2026-05-09 02:00:00,2026-05-09,2026-05-08,2026-05-09,2,1_8,0,445.0,328.495,-116.505,-16.16634532241998,428.83365467758,0,test_walk_forward,,2026-05,B_D15_cutoff_walk_forward,segment_bias,True,raw_da
2026-05-09 03:00:00,2026-05-09,2026-05-08,2026-05-09,3,1_8,0,380.0,327.715,-52.285000000000025,-14.221872450006,365.778127549994,0,test_walk_forward,,2026-05,B_D15_cutoff_walk_forward,segment_bias,True,raw_da
2026-05-09 04:00:00,2026-05-09,2026-05-08,2026-05-09,4,1_8,0,396.0,477.791,81.791,-11.019393245349042,384.980606754651,1,test_walk_forward,,2026-05,B_D15_cutoff_walk_forward,segment_bias,True,raw_da
2026-05-09 05:00:00,2026-05-09,2026-05-08,2026-05-09,5,1_8,0,376.02,384.063,8.043000000000006,-6.1134227734680255,369.90657722653197,1,test_walk_forward,,2026-05,B_D15_cutoff_walk_forward,segment_bias,True,raw_da
2026-05-09 06:00:00,2026-05-09,2026-05-08,2026-05-09,6,1_8,0,364.5,145.284,-219.216,-13.991546258613578,350.5084537413864,0,test_walk_forward,,2026-05,B_D15_cutoff_walk_forward,segment_bias,True,raw_da
2026-05-09 07:00:00,2026-05-09,2026-05-08,2026-05-09,7,1_8,0,49.075,-80.0,-129.075,-69.51988787877366,-20.444887878773656,0,test_walk_forward,,2026-05,B_D15_cutoff_walk_forward,segment_bias,True,raw_da
2026-05-09 08:00:00,2026-05-09,2026-05-08,2026-05-09,8,1_8,0,-73.5,-80.0,-6.5,-24.419514549093417,-97.91951454909342,0,test_walk_forward,,2026-05,B_D15_cutoff_walk_forward,segment_bias,True,raw_da
2026-05-09 09:00:00,2026-05-09,2026-05-08,2026-05-09,9,9_16,1,-76.638,-80.0,-3.3619999999999948,-11.137573575550189,-87.7755735755502,0,test_walk_forward,,2026-05,B_D15_cutoff_walk_forward,segment_bias,True,raw_da
2026-05-09 10:00:00,2026-05-09,2026-05-08,2026-05-09,10,9_16,1,-75.0,-80.0,-5.0,-9.75525081785155,-84.75525081785155,0,test_walk_forward,,2026-05,B_D15_cutoff_walk_forward,segment_bias,True,raw_da
2026-05-09 11:00:00,2026-05-09,2026-05-08,2026-05-09,11,9_16,1,-77.0,-64.3,12.700000000000003,-11.363967795895675,-88.36396779589568,1,test_walk_forward,,2026-05,B_D15_cutoff_walk_forward,segment_bias,True,raw_da
2026-05-09 12:00:00,2026-05-09,2026-05-08,2026-05-09,12,9_16,1,-75.0,-70.735,4.265000000000001,-10.373628277271962,-85.37362827727196,1,test_walk_forward,,2026-05,B_D15_cutoff_walk_forward,segment_bias,True,raw_da
2026-05-09 13:00:00,2026-05-09,2026-05-08,2026-05-09,13,9_16,1,-75.0,-70.964,4.036000000000001,-13.827238690285018,-88.82723869028501,1,test_walk_forward,,2026-05,B_D15_cutoff_walk_forward,segment_bias,True,raw_da
2026-05-09 14:00:00,2026-05-09,2026-05-08,2026-05-09,14,9_16,1,-77.0,-80.0,-3.0,-13.146410589446084,-90.14641058944608,0,test_walk_forward,,2026-05,B_D15_cutoff_walk_forward,segment_bias,True,raw_da
2026-05-09 15:00:00,2026-05-09,2026-05-08,2026-05-09,15,9_16,1,-76.5,-56.44,20.060000000000002,-10.304682521574605,-86.8046825215746,1,test_walk_forward,,2026-05,B_D15_cutoff_walk_forward,segment_bias,True,raw_da
2026-05-09 16:00:00,2026-05-09,2026-05-08,2026-05-09,16,9_16,1,-70.0,-80.0,-10.0,-6.118515509402011,-76.11851550940202,0,test_walk_forward,,2026-05,B_D15_cutoff_walk_forward,segment_bias,True,raw_da
2026-05-09 17:00:00,2026-05-09,2026-05-08,2026-05-09,17,17_24,2,57.0,-80.0,-137.0,-20.93254069478037,36.06745930521963,0,test_walk_forward,,2026-05,B_D15_cutoff_walk_forward,segment_bias,True,raw_da
2026-05-09 18:00:00,2026-05-09,2026-05-08,2026-05-09,18,17_24,2,222.25,-53.454,-275.704,-17.831260379306634,204.41873962069337,0,test_walk_forward,,2026-05,B_D15_cutoff_walk_forward,segment_bias,True,raw_da
2026-05-09 19:00:00,2026-05-09,2026-05-08,2026-05-09,19,17_24,2,395.138,430.288,35.150000000000034,-14.175614403196233,380.96238559680376,1,test_walk_forward,,2026-05,B_D15_cutoff_walk_forward,segment_bias,True,raw_da
2026-05-09 20:00:00,2026-05-09,2026-05-08,2026-05-09,20,17_24,2,385.5,334.496,-51.00400000000002,-12.387843293498866,373.11215670650114,0,test_walk_forward,,2026-05,B_D15_cutoff_walk_forward,segment_bias,True,raw_da
2026-05-09 21:00:00,2026-05-09,2026-05-08,2026-05-09,21,17_24,2,364.75,551.467,186.71699999999998,-37.43810738936929,327.3118926106307,1,test_walk_forward,,2026-05,B_D15_cutoff_walk_forward,segment_bias,True,raw_da
2026-05-09 22:00:00,2026-05-09,2026-05-08,2026-05-09,22,17_24,2,353.0,287.055,-65.945,-43.07263738363972,309.92736261636026,0,test_walk_forward,,2026-05,B_D15_cutoff_walk_forward,segment_bias,True,raw_da
2026-05-09 23:00:00,2026-05-09,2026-05-08,2026-05-09,23,17_24,2,382.0,548.673,166.673,-46.60837651431043,335.3916234856896,1,test_walk_forward,,2026-05,B_D15_cutoff_walk_forward,segment_bias,True,raw_da
2026-05-10 00:00:00,2026-05-09,2026-05-08,2026-05-09,24,17_24,2,378.0,433.764,55.76400000000001,-54.3184103628291,323.6815896371709,1,test_walk_forward,,2026-05,B_D15_cutoff_walk_forward,segment_bias,True,raw_da
2026-05-10 01:00:00,2026-05-10,2026-05-09,2026-05-10,1,1_8,0,370.5,357.975,-12.524999999999977,-46.332281841789886,324.1677181582101,0,test_walk_forward,,2026-05,B_D15_cutoff_walk_forward,segment_bias,True,raw_da
2026-05-10 02:00:00,2026-05-10,2026-05-09,2026-05-10,2,1_8,0,300.0,329.937,29.937000000000012,-58.505894318138346,241.49410568186164,1,test_walk_forward,,2026-05,B_D15_cutoff_walk_forward,segment_bias,True,raw_da
2026-05-10 03:00:00,2026-05-10,2026-05-09,2026-05-10,3,1_8,0,250.0,242.822,-7.177999999999997,-52.46534312997317,197.53465687002682,0,test_walk_forward,,2026-05,B_D15_cutoff_walk_forward,segment_bias,True,raw_da
2026-05-10 04:00:00,2026-05-10,2026-05-09,2026-05-10,4,1_8,0,252.5,165.59,-86.91,-38.60543030247263,213.89456969752737,0,test_walk_forward,,2026-05,B_D15_cutoff_walk_forward,segment_bias,True,raw_da
2026-05-10 05:00:00,2026-05-10,2026-05-09,2026-05-10,5,1_8,0,229.0,339.832,110.832,-37.79513520502181,191.2048647949782,1,test_walk_forward,,2026-05,B_D15_cutoff_walk_forward,segment_bias,True,raw_da
2026-05-10 06:00:00,2026-05-10,2026-05-09,2026-05-10,6,1_8,0,233.25,380.795,147.54500000000002,-76.0289857921951,157.2210142078049,1,test_walk_forward,,2026-05,B_D15_cutoff_walk_forward,segment_bias,True,raw_da
2026-05-10 07:00:00,2026-05-10,2026-05-09,2026-05-10,7,1_8,0,0.0,25.181,25.181,-50.51369367552252,-50.51369367552252,1,test_walk_forward,,2026-05,B_D15_cutoff_walk_forward,segment_bias,True,raw_da
2026-05-10 08:00:00,2026-05-10,2026-05-09,2026-05-10,8,1_8,0,-67.46,-80.0,-12.540000000000006,-10.049519359018323,-77.50951935901831,0,test_walk_forward,,2026-05,B_D15_cutoff_walk_forward,segment_bias,True,raw_da
2026-05-10 09:00:00,2026-05-10,2026-05-09,2026-05-10,9,9_16,1,-75.0,-80.0,-5.0,-11.769954960743057,-86.76995496074306,0,test_walk_forward,,2026-05,B_D15_cutoff_walk_forward,segment_bias,True,raw_da
2026-05-10 10:00:00,2026-05-10,2026-05-09,2026-05-10,10,9_16,1,-76.5,-80.0,-3.5,-11.979753572022416,-88.47975357202242,0,test_walk_forward,,2026-05,B_D15_cutoff_walk_forward,segment_bias,True,raw_da
2026-05-10 11:00:00,2026-05-10,2026-05-09,2026-05-10,11,9_16,1,-77.0,-80.0,-3.0,-8.544382356807285,-85.54438235680729,0,test_walk_forward,,2026-05,B_D15_cutoff_walk_forward,segment_bias,True,raw_da
2026-05-10 12:00:00,2026-05-10,2026-05-09,2026-05-10,12,9_16,1,-77.0,-80.0,-3.0,-10.099363754725015,-87.09936375472502,0,test_walk_forward,,2026-05,B_D15_cutoff_walk_forward,segment_bias,True,raw_da
2026-05-10 13:00:00,2026-05-10,2026-05-09,2026-05-10,13,9_16,1,-77.0,-80.0,-3.0,-11.45752390543839,-88.45752390543839,0,test_walk_forward,,2026-05,B_D15_cutoff_walk_forward,segment_bias,True,raw_da
2026-05-10 14:00:00,2026-05-10,2026-05-09,2026-05-10,14,9_16,1,-75.0,-80.0,-5.0,-5.935273906665037,-80.93527390666503,0,test_walk_forward,,2026-05,B_D15_cutoff_walk_forward,segment_bias,True,raw_da
2026-05-10 15:00:00,2026-05-10,2026-05-09,2026-05-10,15,9_16,1,-75.0,-80.0,-5.0,-1.8541787048423481,-76.85417870484235,0,test_walk_forward,,2026-05,B_D15_cutoff_walk_forward,segment_bias,True,raw_da
2026-05-10 16:00:00,2026-05-10,2026-05-09,2026-05-10,16,9_16,1,-18.875,-80.0,-61.125,-4.058696539958672,-22.93369653995867,0,test_walk_forward,,2026-05,B_D15_cutoff_walk_forward,segment_bias,True,raw_da
2026-05-10 17:00:00,2026-05-10,2026-05-09,2026-05-10,17,17_24,2,270.75,383.251,112.50099999999998,17.556394128783495,288.3063941287835,1,test_walk_forward,,2026-05,B_D15_cutoff_walk_forward,segment_bias,True,raw_da
2026-05-10 18:00:00,2026-05-10,2026-05-09,2026-05-10,18,17_24,2,506.418,749.137,242.71899999999994,6.335384053855778,512.7533840538558,1,test_walk_forward,,2026-05,B_D15_cutoff_walk_forward,segment_bias,True,raw_da
2026-05-10 19:00:00,2026-05-10,2026-05-09,2026-05-10,19,17_24,2,581.875,676.385,94.50999999999999,-11.270896900875892,570.6041030991241,1,test_walk_forward,,2026-05,B_D15_cutoff_walk_forward,segment_bias,True,raw_da
2026-05-10 20:00:00,2026-05-10,2026-05-09,2026-05-10,20,17_24,2,576.125,668.457,92.332,-12.45953798479651,563.6654620152035,1,test_walk_forward,,2026-05,B_D15_cutoff_walk_forward,segment_bias,True,raw_da
2026-05-10 21:00:00,2026-05-10,2026-05-09,2026-05-10,21,17_24,2,580.08,634.909,54.82899999999995,-13.55660403967403,566.523395960326,1,test_walk_forward,,2026-05,B_D15_cutoff_walk_forward,segment_bias,True,raw_da
2026-05-10 22:00:00,2026-05-10,2026-05-09,2026-05-10,22,17_24,2,547.16,730.135,182.97500000000002,-6.542896761182487,540.6171032388174,1,test_walk_forward,,2026-05,B_D15_cutoff_walk_forward,segment_bias,True,raw_da
2026-05-10 23:00:00,2026-05-10,2026-05-09,2026-05-10,23,17_24,2,551.0,798.227,247.22699999999998,-2.5722566231528097,548.4277433768472,1,test_walk_forward,,2026-05,B_D15_cutoff_walk_forward,segment_bias,True,raw_da
2026-05-11 00:00:00,2026-05-10,2026-05-09,2026-05-10,24,17_24,2,550.0,672.363,122.36300000000006,-6.747191789716528,543.2528082102834,1,test_walk_forward,,2026-05,B_D15_cutoff_walk_forward,segment_bias,True,raw_da
2026-05-11 01:00:00,2026-05-11,2026-05-10,2026-05-11,1,1_8,0,510.5,566.155,55.65499999999997,-4.618880934591144,505.8811190654089,1,test_walk_forward,,2026-05,B_D15_cutoff_walk_forward,segment_bias,True,raw_da
2026-05-11 02:00:00,2026-05-11,2026-05-10,2026-05-11,2,1_8,0,476.75,574.084,97.33399999999995,3.4502615877125926,480.2002615877126,1,test_walk_forward,,2026-05,B_D15_cutoff_walk_forward,segment_bias,True,raw_da
2026-05-11 03:00:00,2026-05-11,2026-05-10,2026-05-11,3,1_8,0,471.0,569.511,98.51099999999997,2.3471272586553766,473.3471272586554,1,test_walk_forward,,2026-05,B_D15_cutoff_walk_forward,segment_bias,True,raw_da
2026-05-11 04:00:00,2026-05-11,2026-05-10,2026-05-11,4,1_8,0,457.6,569.001,111.40099999999995,3.0039330323325446,460.6039330323326,1,test_walk_forward,,2026-05,B_D15_cutoff_walk_forward,segment_bias,True,raw_da
2026-05-11 05:00:00,2026-05-11,2026-05-10,2026-05-11,5,1_8,0,493.0,564.742,71.74199999999996,13.201600757284462,506.20160075728444,1,test_walk_forward,,2026-05,B_D15_cutoff_walk_forward,segment_bias,True,raw_da
2026-05-11 06:00:00,2026-05-11,2026-05-10,2026-05-11,6,1_8,0,500.0,530.718,30.71799999999996,15.025655925203619,515.0256559252036,1,test_walk_forward,,2026-05,B_D15_cutoff_walk_forward,segment_bias,True,raw_da
2026-05-11 07:00:00,2026-05-11,2026-05-10,2026-05-11,7,1_8,0,436.52,465.468,28.948000000000036,3.835354437315666,440.35535443731567,1,test_walk_forward,,2026-05,B_D15_cutoff_walk_forward,segment_bias,True,raw_da
2026-05-11 08:00:00,2026-05-11,2026-05-10,2026-05-11,8,1_8,0,357.17,372.911,15.740999999999985,-8.830755761205904,348.3392442387941,1,test_walk_forward,,2026-05,B_D15_cutoff_walk_forward,segment_bias,True,raw_da
2026-05-11 09:00:00,2026-05-11,2026-05-10,2026-05-11,9,9_16,1,378.5,478.803,100.303,-31.881379672248798,346.6186203277512,1,test_walk_forward,,2026-05,B_D15_cutoff_walk_forward,segment_bias,True,raw_da
2026-05-11 10:00:00,2026-05-11,2026-05-10,2026-05-11,10,9_16,1,199.0,61.38,-137.62,-34.83632725166993,164.16367274833007,0,test_walk_forward,,2026-05,B_D15_cutoff_walk_forward,segment_bias,True,raw_da
2026-05-11 11:00:00,2026-05-11,2026-05-10,2026-05-11,11,9_16,1,59.5,143.931,84.43100000000001,-29.877522243177353,29.622477756822647,1,test_walk_forward,,2026-05,B_D15_cutoff_walk_forward,segment_bias,True,raw_da
2026-05-11 12:00:00,2026-05-11,2026-05-10,2026-05-11,12,9_16,1,36.5,237.132,200.632,-32.68480456461832,3.815195435381682,1,test_walk_forward,,2026-05,B_D15_cutoff_walk_forward,segment_bias,True,raw_da
2026-05-11 13:00:00,2026-05-11,2026-05-10,2026-05-11,13,9_16,1,-2.58,312.431,315.01099999999997,-32.70377197020601,-35.28377197020601,1,test_walk_forward,,2026-05,B_D15_cutoff_walk_forward,segment_bias,True,raw_da
2026-05-11 14:00:00,2026-05-11,2026-05-10,2026-05-11,14,9_16,1,5.0,448.937,443.937,16.867743283386993,21.867743283386993,1,test_walk_forward,,2026-05,B_D15_cutoff_walk_forward,segment_bias,True,raw_da
2026-05-11 15:00:00,2026-05-11,2026-05-10,2026-05-11,15,9_16,1,124.843,366.597,241.75399999999996,26.18361908502343,151.02661908502344,1,test_walk_forward,,2026-05,B_D15_cutoff_walk_forward,segment_bias,True,raw_da
2026-05-11 16:00:00,2026-05-11,2026-05-10,2026-05-11,16,9_16,1,342.288,343.416,1.127999999999986,-3.966810710214264,338.32118928978576,1,test_walk_forward,,2026-05,B_D15_cutoff_walk_forward,segment_bias,True,raw_da
2026-05-11 17:00:00,2026-05-11,2026-05-10,2026-05-11,17,17_24,2,435.0,426.877,-8.12299999999999,5.030195519096464,440.0301955190965,0,test_walk_forward,,2026-05,B_D15_cutoff_walk_forward,segment_bias,True,raw_da
2026-05-11 18:00:00,2026-05-11,2026-05-10,2026-05-11,18,17_24,2,528.875,541.743,12.868000000000052,2.6206460989818225,531.4956460989819,1,test_walk_forward,,2026-05,B_D15_cutoff_walk_forward,segment_bias,True,raw_da
2026-05-11 19:00:00,2026-05-11,2026-05-10,2026-05-11,19,17_24,2,567.875,555.466,-12.408999999999992,-34.822705093924654,533.0522949060753,0,test_walk_forward,,2026-05,B_D15_cutoff_walk_forward,segment_bias,True,raw_da
2026-05-11 20:00:00,2026-05-11,2026-05-10,2026-05-11,20,17_24,2,546.095,554.979,8.884000000000015,-3.603092009782956,542.4919079902171,1,test_walk_forward,,2026-05,B_D15_cutoff_walk_forward,segment_bias,True,raw_da
2026-05-11 21:00:00,2026-05-11,2026-05-10,2026-05-11,21,17_24,2,554.0,561.616,7.6159999999999854,-13.676642335976824,540.3233576640232,1,test_walk_forward,,2026-05,B_D15_cutoff_walk_forward,segment_bias,True,raw_da
2026-05-11 22:00:00,2026-05-11,2026-05-10,2026-05-11,22,17_24,2,537.125,549.209,12.083999999999946,-8.00829018324488,529.1167098167551,1,test_walk_forward,,2026-05,B_D15_cutoff_walk_forward,segment_bias,True,raw_da
2026-05-11 23:00:00,2026-05-11,2026-05-10,2026-05-11,23,17_24,2,557.0,564.708,7.70799999999997,-1.3338739442380512,555.666126055762,1,test_walk_forward,,2026-05,B_D15_cutoff_walk_forward,segment_bias,True,raw_da
2026-05-12 00:00:00,2026-05-11,2026-05-10,2026-05-11,24,17_24,2,550.375,563.854,13.479000000000042,-2.358869550694312,548.0161304493057,1,test_walk_forward,,2026-05,B_D15_cutoff_walk_forward,segment_bias,True,raw_da
2026-05-12 01:00:00,2026-05-12,2026-05-11,2026-05-12,1,1_8,0,600.125,607.296,7.171000000000049,-15.023868967216881,585.1011310327831,1,test_walk_forward,,2026-05,B_D15_cutoff_walk_forward,segment_bias,True,raw_da
2026-05-12 02:00:00,2026-05-12,2026-05-11,2026-05-12,2,1_8,0,600.0,597.864,-2.1359999999999673,0.8841394878715741,600.8841394878716,0,test_walk_forward,,2026-05,B_D15_cutoff_walk_forward,segment_bias,True,raw_da
2026-05-12 03:00:00,2026-05-12,2026-05-11,2026-05-12,3,1_8,0,590.0,597.204,7.203999999999951,2.4064590668144032,592.4064590668144,1,test_walk_forward,,2026-05,B_D15_cutoff_walk_forward,segment_bias,True,raw_da
2026-05-12 04:00:00,2026-05-12,2026-05-11,2026-05-12,4,1_8,0,568.5,596.74,28.24000000000001,2.1841705774593634,570.6841705774593,1,test_walk_forward,,2026-05,B_D15_cutoff_walk_forward,segment_bias,True,raw_da
2026-05-12 05:00:00,2026-05-12,2026-05-11,2026-05-12,5,1_8,0,600.25,604.98,4.730000000000018,4.859856160209826,605.1098561602098,1,test_walk_forward,,2026-05,B_D15_cutoff_walk_forward,segment_bias,True,raw_da
2026-05-12 06:00:00,2026-05-12,2026-05-11,2026-05-12,6,1_8,0,600.25,602.943,2.6929999999999836,1.4379618935933072,601.6879618935933,1,test_walk_forward,,2026-05,B_D15_cutoff_walk_forward,segment_bias,True,raw_da
2026-05-12 07:00:00,2026-05-12,2026-05-11,2026-05-12,7,1_8,0,472.0,496.383,24.38299999999998,-9.478782707267698,462.52121729273233,1,test_walk_forward,,2026-05,B_D15_cutoff_walk_forward,segment_bias,True,raw_da
2026-05-12 08:00:00,2026-05-12,2026-05-11,2026-05-12,8,1_8,0,172.538,103.898,-68.64000000000001,-30.816380392588837,141.72161960741118,0,test_walk_forward,,2026-05,B_D15_cutoff_walk_forward,segment_bias,True,raw_da
2026-05-12 09:00:00,2026-05-12,2026-05-11,2026-05-12,9,9_16,1,-10.978,194.208,205.186,-31.3726568605781,-42.3506568605781,1,test_walk_forward,,2026-05,B_D15_cutoff_walk_forward,segment_bias,True,raw_da
2026-05-12 10:00:00,2026-05-12,2026-05-11,2026-05-12,10,9_16,1,-40.0,-80.0,-40.0,-30.233505406378256,-70.23350540637826,0,test_walk_forward,,2026-05,B_D15_cutoff_walk_forward,segment_bias,True,raw_da
2026-05-12 11:00:00,2026-05-12,2026-05-11,2026-05-12,11,9_16,1,-40.5,-80.0,-39.5,-24.899101523187944,-65.39910152318794,0,test_walk_forward,,2026-05,B_D15_cutoff_walk_forward,segment_bias,True,raw_da
2026-05-12 12:00:00,2026-05-12,2026-05-11,2026-05-12,12,9_16,1,-60.0,-69.624,-9.623999999999995,-22.953283930736134,-82.95328393073613,0,test_walk_forward,,2026-05,B_D15_cutoff_walk_forward,segment_bias,True,raw_da
2026-05-12 13:00:00,2026-05-12,2026-05-11,2026-05-12,13,9_16,1,-70.0,-74.431,-4.430999999999997,-19.28818078737925,-89.28818078737925,0,test_walk_forward,,2026-05,B_D15_cutoff_walk_forward,segment_bias,True,raw_da
2026-05-12 14:00:00,2026-05-12,2026-05-11,2026-05-12,14,9_16,1,-69.95,-80.0,-10.049999999999997,-27.018715562075148,-96.96871556207515,0,test_walk_forward,,2026-05,B_D15_cutoff_walk_forward,segment_bias,True,raw_da
2026-05-12 15:00:00,2026-05-12,2026-05-11,2026-05-12,15,9_16,1,-61.5,-80.0,-18.5,-29.730454021775234,-91.23045402177523,0,test_walk_forward,,2026-05,B_D15_cutoff_walk_forward,segment_bias,True,raw_da
2026-05-12 16:00:00,2026-05-12,2026-05-11,2026-05-12,16,9_16,1,111.5,46.612,-64.888,-32.39491479167256,79.10508520832744,0,test_walk_forward,,2026-05,B_D15_cutoff_walk_forward,segment_bias,True,raw_da
2026-05-12 17:00:00,2026-05-12,2026-05-11,2026-05-12,17,17_24,2,386.64,467.484,80.844,-39.72487665218964,346.9151233478103,1,test_walk_forward,,2026-05,B_D15_cutoff_walk_forward,segment_bias,True,raw_da
2026-05-12 18:00:00,2026-05-12,2026-05-11,2026-05-12,18,17_24,2,518.0,562.47,44.47000000000003,-6.898887789420822,511.1011122105792,1,test_walk_forward,,2026-05,B_D15_cutoff_walk_forward,segment_bias,True,raw_da
2026-05-12 19:00:00,2026-05-12,2026-05-11,2026-05-12,19,17_24,2,600.0,550.118,-49.88199999999995,-11.391663342500907,588.6083366574991,0,test_walk_forward,,2026-05,B_D15_cutoff_walk_forward,segment_bias,True,raw_da
2026-05-12 20:00:00,2026-05-12,2026-05-11,2026-05-12,20,17_24,2,547.75,534.734,-13.015999999999963,-6.769814174996514,540.9801858250034,0,test_walk_forward,,2026-05,B_D15_cutoff_walk_forward,segment_bias,True,raw_da
2026-05-12 21:00:00,2026-05-12,2026-05-11,2026-05-12,21,17_24,2,533.75,523.947,-9.802999999999997,-9.721722959137598,524.0282770408623,0,test_walk_forward,,2026-05,B_D15_cutoff_walk_forward,segment_bias,True,raw_da
2026-05-12 22:00:00,2026-05-12,2026-05-11,2026-05-12,22,17_24,2,516.5,509.818,-6.682000000000016,-14.827358000411927,501.67264199958805,0,test_walk_forward,,2026-05,B_D15_cutoff_walk_forward,segment_bias,True,raw_da
2026-05-12 23:00:00,2026-05-12,2026-05-11,2026-05-12,23,17_24,2,530.5,500.129,-30.37099999999998,-16.049886829880208,514.4501131701198,0,test_walk_forward,,2026-05,B_D15_cutoff_walk_forward,segment_bias,True,raw_da
2026-05-13 00:00:00,2026-05-12,2026-05-11,2026-05-12,24,17_24,2,507.5,456.998,-50.50200000000001,-14.371554044426157,493.12844595557385,0,test_walk_forward,,2026-05,B_D15_cutoff_walk_forward,segment_bias,True,raw_da
2026-05-13 01:00:00,2026-05-13,2026-05-12,2026-05-13,1,1_8,0,520.0,417.592,-102.40800000000002,-11.274423519026772,508.72557648097325,0,test_walk_forward,,2026-05,B_D15_cutoff_walk_forward,segment_bias,True,raw_da
2026-05-13 02:00:00,2026-05-13,2026-05-12,2026-05-13,2,1_8,0,484.0,412.611,-71.38900000000001,-11.755147549704436,472.2448524502956,0,test_walk_forward,,2026-05,B_D15_cutoff_walk_forward,segment_bias,True,raw_da
2026-05-13 03:00:00,2026-05-13,2026-05-12,2026-05-13,3,1_8,0,475.83,388.623,-87.207,-11.859100004883286,463.9708999951167,0,test_walk_forward,,2026-05,B_D15_cutoff_walk_forward,segment_bias,True,raw_da
2026-05-13 04:00:00,2026-05-13,2026-05-12,2026-05-13,4,1_8,0,469.25,372.227,-97.02300000000002,-5.563151025118004,463.68684897488197,0,test_walk_forward,,2026-05,B_D15_cutoff_walk_forward,segment_bias,True,raw_da
2026-05-13 05:00:00,2026-05-13,2026-05-12,2026-05-13,5,1_8,0,485.175,394.596,-90.57900000000001,-3.3772384598983796,481.79776154010165,0,test_walk_forward,,2026-05,B_D15_cutoff_walk_forward,segment_bias,True,raw_da
2026-05-13 06:00:00,2026-05-13,2026-05-12,2026-05-13,6,1_8,0,479.0,391.743,-87.257,-3.626581217776118,475.3734187822239,0,test_walk_forward,,2026-05,B_D15_cutoff_walk_forward,segment_bias,True,raw_da
2026-05-13 07:00:00,2026-05-13,2026-05-12,2026-05-13,7,1_8,0,349.75,153.64,-196.11,-20.485808030678587,329.2641919693214,0,test_walk_forward,,2026-05,B_D15_cutoff_walk_forward,segment_bias,True,raw_da
2026-05-13 08:00:00,2026-05-13,2026-05-12,2026-05-13,8,1_8,0,33.81,-80.0,-113.81,-38.29958339616341,-4.489583396163411,0,test_walk_forward,,2026-05,B_D15_cutoff_walk_forward,segment_bias,True,raw_da
2026-05-13 09:00:00,2026-05-13,2026-05-12,2026-05-13,9,9_16,1,-50.0,-80.0,-30.0,-22.911387619470737,-72.91138761947073,0,test_walk_forward,,2026-05,B_D15_cutoff_walk_forward,segment_bias,True,raw_da
2026-05-13 10:00:00,2026-05-13,2026-05-12,2026-05-13,10,9_16,1,-60.0,-80.0,-20.0,-22.279517475814668,-82.27951747581467,0,test_walk_forward,,2026-05,B_D15_cutoff_walk_forward,segment_bias,True,raw_da
2026-05-13 11:00:00,2026-05-13,2026-05-12,2026-05-13,11,9_16,1,-60.0,-80.0,-20.0,-13.662456717899392,-73.66245671789939,0,test_walk_forward,,2026-05,B_D15_cutoff_walk_forward,segment_bias,True,raw_da
2026-05-13 12:00:00,2026-05-13,2026-05-12,2026-05-13,12,9_16,1,-60.0,-80.0,-20.0,-17.171098312514232,-77.17109831251423,0,test_walk_forward,,2026-05,B_D15_cutoff_walk_forward,segment_bias,True,raw_da
2026-05-13 13:00:00,2026-05-13,2026-05-12,2026-05-13,13,9_16,1,-59.5,-80.0,-20.5,-19.253879786783518,-78.75387978678351,0,test_walk_forward,,2026-05,B_D15_cutoff_walk_forward,segment_bias,True,raw_da
2026-05-13 14:00:00,2026-05-13,2026-05-12,2026-05-13,14,9_16,1,-59.5,-80.0,-20.5,0.9902141547243151,-58.50978584527569,0,test_walk_forward,,2026-05,B_D15_cutoff_walk_forward,segment_bias,True,raw_da
2026-05-13 15:00:00,2026-05-13,2026-05-12,2026-05-13,15,9_16,1,-50.0,-80.0,-30.0,-7.987025871606774,-57.987025871606775,0,test_walk_forward,,2026-05,B_D15_cutoff_walk_forward,segment_bias,True,raw_da
2026-05-13 16:00:00,2026-05-13,2026-05-12,2026-05-13,16,9_16,1,105.5,217.281,111.781,-7.324709369035407,98.1752906309646,1,test_walk_forward,,2026-05,B_D15_cutoff_walk_forward,segment_bias,True,raw_da
2026-05-13 17:00:00,2026-05-13,2026-05-12,2026-05-13,17,17_24,2,426.918,594.166,167.24800000000005,10.422245284585506,437.34024528458554,1,test_walk_forward,,2026-05,B_D15_cutoff_walk_forward,segment_bias,True,raw_da
2026-05-13 18:00:00,2026-05-13,2026-05-12,2026-05-13,18,17_24,2,521.625,640.74,119.11500000000001,9.648150276464094,531.2731502764641,1,test_walk_forward,,2026-05,B_D15_cutoff_walk_forward,segment_bias,True,raw_da
2026-05-13 19:00:00,2026-05-13,2026-05-12,2026-05-13,19,17_24,2,600.0,629.765,29.764999999999986,-7.490953380182116,592.5090466198179,1,test_walk_forward,,2026-05,B_D15_cutoff_walk_forward,segment_bias,True,raw_da
2026-05-13 20:00:00,2026-05-13,2026-05-12,2026-05-13,20,17_24,2,565.25,617.882,52.63199999999995,3.1369297476638476,568.3869297476639,1,test_walk_forward,,2026-05,B_D15_cutoff_walk_forward,segment_bias,True,raw_da
2026-05-13 21:00:00,2026-05-13,2026-05-12,2026-05-13,21,17_24,2,567.25,610.683,43.43299999999999,-17.85951316903818,549.3904868309618,1,test_walk_forward,,2026-05,B_D15_cutoff_walk_forward,segment_bias,True,raw_da
2026-05-13 22:00:00,2026-05-13,2026-05-12,2026-05-13,22,17_24,2,600.0,623.247,23.246999999999957,-16.46262759920323,583.5373724007968,1,test_walk_forward,,2026-05,B_D15_cutoff_walk_forward,segment_bias,True,raw_da
2026-05-13 23:00:00,2026-05-13,2026-05-12,2026-05-13,23,17_24,2,600.0,625.356,25.355999999999995,-16.26673106611377,583.7332689338863,1,test_walk_forward,,2026-05,B_D15_cutoff_walk_forward,segment_bias,True,raw_da
2026-05-14 00:00:00,2026-05-13,2026-05-12,2026-05-13,24,17_24,2,600.0,592.395,-7.605000000000018,-11.184983748269419,588.8150162517305,0,test_walk_forward,,2026-05,B_D15_cutoff_walk_forward,segment_bias,True,raw_da
2026-05-14 01:00:00,2026-05-14,2026-05-13,2026-05-14,1,1_8,0,519.5,528.056,8.55600000000004,-11.021613164333965,508.478386835666,1,test_walk_forward,,2026-05,B_D15_cutoff_walk_forward,segment_bias,True,raw_da
2026-05-14 02:00:00,2026-05-14,2026-05-13,2026-05-14,2,1_8,0,509.5,520.006,10.505999999999972,-0.70622428944751,508.7937757105525,1,test_walk_forward,,2026-05,B_D15_cutoff_walk_forward,segment_bias,True,raw_da
2026-05-14 03:00:00,2026-05-14,2026-05-13,2026-05-14,3,1_8,0,500.0,497.51,-2.490000000000009,0.3663985315680045,500.366398531568,0,test_walk_forward,,2026-05,B_D15_cutoff_walk_forward,segment_bias,True,raw_da
2026-05-14 04:00:00,2026-05-14,2026-05-13,2026-05-14,4,1_8,0,500.375,496.705,-3.670000000000016,3.576953168515337,503.95195316851533,0,test_walk_forward,,2026-05,B_D15_cutoff_walk_forward,segment_bias,True,raw_da
2026-05-14 05:00:00,2026-05-14,2026-05-13,2026-05-14,5,1_8,0,529.16,513.77,-15.389999999999986,0.9579847659042443,530.1179847659042,0,test_walk_forward,,2026-05,B_D15_cutoff_walk_forward,segment_bias,True,raw_da
2026-05-14 06:00:00,2026-05-14,2026-05-13,2026-05-14,6,1_8,0,529.5,565.617,36.11699999999996,0.23448041186835328,529.7344804118684,1,test_walk_forward,,2026-05,B_D15_cutoff_walk_forward,segment_bias,True,raw_da
2026-05-14 07:00:00,2026-05-14,2026-05-13,2026-05-14,7,1_8,0,415.0,519.039,104.03899999999999,-23.41212769656226,391.58787230343773,1,test_walk_forward,,2026-05,B_D15_cutoff_walk_forward,segment_bias,True,raw_da
2026-05-14 08:00:00,2026-05-14,2026-05-13,2026-05-14,8,1_8,0,132.92,216.369,83.44900000000001,-28.641571585710423,104.27842841428956,1,test_walk_forward,,2026-05,B_D15_cutoff_walk_forward,segment_bias,True,raw_da
2026-05-14 09:00:00,2026-05-14,2026-05-13,2026-05-14,9,9_16,1,100.0,-20.837,-120.837,-29.29850857341212,70.70149142658788,0,test_walk_forward,,2026-05,B_D15_cutoff_walk_forward,segment_bias,True,raw_da
2026-05-14 10:00:00,2026-05-14,2026-05-13,2026-05-14,10,9_16,1,-75.5,-66.402,9.097999999999999,2.349102745499798,-73.15089725450021,1,test_walk_forward,,2026-05,B_D15_cutoff_walk_forward,segment_bias,True,raw_da
2026-05-14 11:00:00,2026-05-14,2026-05-13,2026-05-14,11,9_16,1,-75.0,-52.385,22.615000000000002,-0.7119012241718288,-75.71190122417183,1,test_walk_forward,,2026-05,B_D15_cutoff_walk_forward,segment_bias,True,raw_da
2026-05-14 12:00:00,2026-05-14,2026-05-13,2026-05-14,12,9_16,1,-75.0,11.995,86.995,-6.544795750731144,-81.54479575073114,1,test_walk_forward,,2026-05,B_D15_cutoff_walk_forward,segment_bias,True,raw_da
2026-05-14 13:00:00,2026-05-14,2026-05-13,2026-05-14,13,9_16,1,-75.0,29.915,104.91499999999999,-9.427412605753458,-84.42741260575346,1,test_walk_forward,,2026-05,B_D15_cutoff_walk_forward,segment_bias,True,raw_da
2026-05-14 14:00:00,2026-05-14,2026-05-13,2026-05-14,14,9_16,1,-68.125,65.953,134.078,-11.311613267066424,-79.43661326706642,1,test_walk_forward,,2026-05,B_D15_cutoff_walk_forward,segment_bias,True,raw_da
2026-05-14 15:00:00,2026-05-14,2026-05-13,2026-05-14,15,9_16,1,-75.0,14.132,89.132,9.790875307195613,-65.20912469280438,1,test_walk_forward,,2026-05,B_D15_cutoff_walk_forward,segment_bias,True,raw_da
2026-05-14 16:00:00,2026-05-14,2026-05-13,2026-05-14,16,9_16,1,179.0,248.053,69.053,19.540528470522798,198.5405284705228,1,test_walk_forward,,2026-05,B_D15_cutoff_walk_forward,segment_bias,True,raw_da
2026-05-14 17:00:00,2026-05-14,2026-05-13,2026-05-14,17,17_24,2,419.1,510.759,91.65899999999999,18.092632447862094,437.19263244786214,1,test_walk_forward,,2026-05,B_D15_cutoff_walk_forward,segment_bias,True,raw_da
2026-05-14 18:00:00,2026-05-14,2026-05-13,2026-05-14,18,17_24,2,491.803,530.851,39.048,3.9647313980546395,495.76773139805465,1,test_walk_forward,,2026-05,B_D15_cutoff_walk_forward,segment_bias,True,raw_da
2026-05-14 19:00:00,2026-05-14,2026-05-13,2026-05-14,19,17_24,2,534.81,509.471,-25.338999999999942,6.436436805639891,541.2464368056399,0,test_walk_forward,,2026-05,B_D15_cutoff_walk_forward,segment_bias,True,raw_da
2026-05-14 20:00:00,2026-05-14,2026-05-13,2026-05-14,20,17_24,2,512.0,551.955,39.95500000000004,2.173163368449621,514.1731633684497,1,test_walk_forward,,2026-05,B_D15_cutoff_walk_forward,segment_bias,True,raw_da
2026-05-14 21:00:00,2026-05-14,2026-05-13,2026-05-14,21,17_24,2,530.625,506.934,-23.690999999999974,-2.107840986600643,528.5171590133994,0,test_walk_forward,,2026-05,B_D15_cutoff_walk_forward,segment_bias,True,raw_da
2026-05-14 22:00:00,2026-05-14,2026-05-13,2026-05-14,22,17_24,2,540.5,589.667,49.16700000000003,-5.253207185644382,535.2467928143557,1,test_walk_forward,,2026-05,B_D15_cutoff_walk_forward,segment_bias,True,raw_da
2026-05-14 23:00:00,2026-05-14,2026-05-13,2026-05-14,23,17_24,2,532.05,511.22,-20.829999999999927,-3.8523755672341804,528.1976244327658,0,test_walk_forward,,2026-05,B_D15_cutoff_walk_forward,segment_bias,True,raw_da
2026-05-15 00:00:00,2026-05-14,2026-05-13,2026-05-14,24,17_24,2,499.5,482.168,-17.331999999999994,-6.737894236838539,492.76210576316146,0,test_walk_forward,,2026-05,B_D15_cutoff_walk_forward,segment_bias,True,raw_da
2026-05-15 01:00:00,2026-05-15,2026-05-14,2026-05-15,1,1_8,0,530.0,495.652,-34.34800000000001,-3.5813388989518273,526.4186611010482,0,test_walk_forward,,2026-05,B_D15_cutoff_walk_forward,segment_bias,True,raw_da
2026-05-15 02:00:00,2026-05-15,2026-05-14,2026-05-15,2,1_8,0,495.0,446.483,-48.516999999999996,3.653130398572908,498.6531303985729,0,test_walk_forward,,2026-05,B_D15_cutoff_walk_forward,segment_bias,True,raw_da
2026-05-15 03:00:00,2026-05-15,2026-05-14,2026-05-15,3,1_8,0,473.68,411.384,-62.29599999999999,1.6676305021777493,475.34763050217776,0,test_walk_forward,,2026-05,B_D15_cutoff_walk_forward,segment_bias,True,raw_da
2026-05-15 04:00:00,2026-05-15,2026-05-14,2026-05-15,4,1_8,0,474.5,409.424,-65.07600000000002,4.140149465190749,478.64014946519075,0,test_walk_forward,,2026-05,B_D15_cutoff_walk_forward,segment_bias,True,raw_da
2026-05-15 05:00:00,2026-05-15,2026-05-14,2026-05-15,5,1_8,0,500.0,432.173,-67.827,5.894297622111121,505.89429762211114,0,test_walk_forward,,2026-05,B_D15_cutoff_walk_forward,segment_bias,True,raw_da
2026-05-15 06:00:00,2026-05-15,2026-05-14,2026-05-15,6,1_8,0,521.58,451.669,-69.91100000000006,12.71991980040789,534.2999198004079,0,test_walk_forward,,2026-05,B_D15_cutoff_walk_forward,segment_bias,True,raw_da
2026-05-15 07:00:00,2026-05-15,2026-05-14,2026-05-15,7,1_8,0,339.0,471.098,132.098,-9.732850111388323,329.2671498886117,1,test_walk_forward,,2026-05,B_D15_cutoff_walk_forward,segment_bias,True,raw_da
2026-05-15 08:00:00,2026-05-15,2026-05-14,2026-05-15,8,1_8,0,-13.0,453.471,466.471,-19.33162758755248,-32.331627587552475,1,test_walk_forward,,2026-05,B_D15_cutoff_walk_forward,segment_bias,True,raw_da
2026-05-15 09:00:00,2026-05-15,2026-05-14,2026-05-15,9,9_16,1,-60.0,554.012,614.012,-23.02640782637868,-83.02640782637869,1,test_walk_forward,,2026-05,B_D15_cutoff_walk_forward,segment_bias,True,raw_da
2026-05-15 10:00:00,2026-05-15,2026-05-14,2026-05-15,10,9_16,1,-70.71,114.886,185.596,-12.111025478491602,-82.82102547849159,1,test_walk_forward,,2026-05,B_D15_cutoff_walk_forward,segment_bias,True,raw_da
2026-05-15 11:00:00,2026-05-15,2026-05-14,2026-05-15,11,9_16,1,-70.0,-73.846,-3.8460000000000036,-13.283727807632653,-83.28372780763266,0,test_walk_forward,,2026-05,B_D15_cutoff_walk_forward,segment_bias,True,raw_da
2026-05-15 12:00:00,2026-05-15,2026-05-14,2026-05-15,12,9_16,1,-70.0,-73.082,-3.0819999999999936,-11.327948286656218,-81.32794828665622,0,test_walk_forward,,2026-05,B_D15_cutoff_walk_forward,segment_bias,True,raw_da
2026-05-15 13:00:00,2026-05-15,2026-05-14,2026-05-15,13,9_16,1,-70.0,-59.314,10.686,-5.80278397660878,-75.80278397660878,1,test_walk_forward,,2026-05,B_D15_cutoff_walk_forward,segment_bias,True,raw_da
2026-05-15 14:00:00,2026-05-15,2026-05-14,2026-05-15,14,9_16,1,-73.125,-62.831,10.293999999999997,0.43042078230851377,-72.69457921769148,1,test_walk_forward,,2026-05,B_D15_cutoff_walk_forward,segment_bias,True,raw_da
2026-05-15 15:00:00,2026-05-15,2026-05-14,2026-05-15,15,9_16,1,-60.0,-76.897,-16.897000000000006,-0.9941322293305692,-60.99413222933057,0,test_walk_forward,,2026-05,B_D15_cutoff_walk_forward,segment_bias,True,raw_da
2026-05-15 16:00:00,2026-05-15,2026-05-14,2026-05-15,16,9_16,1,-32.24,-31.0,1.240000000000002,-6.962565901527242,-39.202565901527244,1,test_walk_forward,,2026-05,B_D15_cutoff_walk_forward,segment_bias,True,raw_da
2026-05-15 17:00:00,2026-05-15,2026-05-14,2026-05-15,17,17_24,2,283.0,392.751,109.75099999999998,22.951916730258993,305.951916730259,1,test_walk_forward,,2026-05,B_D15_cutoff_walk_forward,segment_bias,True,raw_da
2026-05-15 18:00:00,2026-05-15,2026-05-14,2026-05-15,18,17_24,2,455.0,601.99,146.99,23.118928726083578,478.1189287260836,1,test_walk_forward,,2026-05,B_D15_cutoff_walk_forward,segment_bias,True,raw_da
2026-05-15 19:00:00,2026-05-15,2026-05-14,2026-05-15,19,17_24,2,525.655,611.161,85.50599999999997,14.802153245599134,540.4571532455991,1,test_walk_forward,,2026-05,B_D15_cutoff_walk_forward,segment_bias,True,raw_da
2026-05-15 20:00:00,2026-05-15,2026-05-14,2026-05-15,20,17_24,2,549.145,593.246,44.101,8.774887841458428,557.9198878414584,1,test_walk_forward,,2026-05,B_D15_cutoff_walk_forward,segment_bias,True,raw_da
2026-05-15 21:00:00,2026-05-15,2026-05-14,2026-05-15,21,17_24,2,545.0,585.47,40.47000000000003,2.2952636444086845,547.2952636444087,1,test_walk_forward,,2026-05,B_D15_cutoff_walk_forward,segment_bias,True,raw_da
2026-05-15 22:00:00,2026-05-15,2026-05-14,2026-05-15,22,17_24,2,548.5,586.43,37.92999999999995,1.0962931819564619,549.5962931819564,1,test_walk_forward,,2026-05,B_D15_cutoff_walk_forward,segment_bias,True,raw_da
2026-05-15 23:00:00,2026-05-15,2026-05-14,2026-05-15,23,17_24,2,532.875,615.519,82.644,5.146152712662852,538.0211527126628,1,test_walk_forward,,2026-05,B_D15_cutoff_walk_forward,segment_bias,True,raw_da
2026-05-16 00:00:00,2026-05-15,2026-05-14,2026-05-15,24,17_24,2,498.0,581.543,83.543,-1.7136744957989076,496.2863255042011,1,test_walk_forward,,2026-05,B_D15_cutoff_walk_forward,segment_bias,True,raw_da
2026-05-16 01:00:00,2026-05-16,2026-05-15,2026-05-16,1,1_8,0,500.0,517.685,17.684999999999945,-7.915829547096822,492.08417045290315,1,test_walk_forward,,2026-05,B_D15_cutoff_walk_forward,segment_bias,True,raw_da
2026-05-16 02:00:00,2026-05-16,2026-05-15,2026-05-16,2,1_8,0,474.5,517.563,43.06299999999999,-4.4250593051709854,470.074940694829,1,test_walk_forward,,2026-05,B_D15_cutoff_walk_forward,segment_bias,True,raw_da
2026-05-16 03:00:00,2026-05-16,2026-05-15,2026-05-16,3,1_8,0,455.0,486.579,31.579000000000008,-6.898944881586593,448.1010551184134,1,test_walk_forward,,2026-05,B_D15_cutoff_walk_forward,segment_bias,True,raw_da
2026-05-16 04:00:00,2026-05-16,2026-05-15,2026-05-16,4,1_8,0,451.5,469.486,17.98599999999999,-4.207105551719406,447.2928944482806,1,test_walk_forward,,2026-05,B_D15_cutoff_walk_forward,segment_bias,True,raw_da
2026-05-16 05:00:00,2026-05-16,2026-05-15,2026-05-16,5,1_8,0,464.0,479.732,15.732000000000028,-2.260048908112865,461.7399510918871,1,test_walk_forward,,2026-05,B_D15_cutoff_walk_forward,segment_bias,True,raw_da
2026-05-16 06:00:00,2026-05-16,2026-05-15,2026-05-16,6,1_8,0,468.5,473.893,5.392999999999972,-6.943654124088215,461.5563458759118,1,test_walk_forward,,2026-05,B_D15_cutoff_walk_forward,segment_bias,True,raw_da
2026-05-16 07:00:00,2026-05-16,2026-05-15,2026-05-16,7,1_8,0,405.5,397.416,-8.084000000000003,-16.397263353307128,389.10273664669285,0,test_walk_forward,,2026-05,B_D15_cutoff_walk_forward,segment_bias,True,raw_da
2026-05-16 08:00:00,2026-05-16,2026-05-15,2026-05-16,8,1_8,0,164.5,459.874,295.374,-47.46306461579271,117.03693538420728,1,test_walk_forward,,2026-05,B_D15_cutoff_walk_forward,segment_bias,True,raw_da
2026-05-16 09:00:00,2026-05-16,2026-05-15,2026-05-16,9,9_16,1,10.625,152.809,142.184,-38.844149940023385,-28.219149940023385,1,test_walk_forward,,2026-05,B_D15_cutoff_walk_forward,segment_bias,True,raw_da
2026-05-16 10:00:00,2026-05-16,2026-05-15,2026-05-16,10,9_16,1,-30.0,-80.0,-50.0,-26.838930784627447,-56.83893078462745,0,test_walk_forward,,2026-05,B_D15_cutoff_walk_forward,segment_bias,True,raw_da
2026-05-16 11:00:00,2026-05-16,2026-05-15,2026-05-16,11,9_16,1,-55.0,-80.0,-25.0,-18.754170601581478,-73.75417060158148,0,test_walk_forward,,2026-05,B_D15_cutoff_walk_forward,segment_bias,True,raw_da
2026-05-16 12:00:00,2026-05-16,2026-05-15,2026-05-16,12,9_16,1,-44.0,-27.148,16.852,-24.076628091861743,-68.07662809186175,1,test_walk_forward,,2026-05,B_D15_cutoff_walk_forward,segment_bias,True,raw_da
2026-05-16 13:00:00,2026-05-16,2026-05-15,2026-05-16,13,9_16,1,-30.5,51.112,81.612,-27.97846655164358,-58.47846655164358,1,test_walk_forward,,2026-05,B_D15_cutoff_walk_forward,segment_bias,True,raw_da
2026-05-16 14:00:00,2026-05-16,2026-05-15,2026-05-16,14,9_16,1,-30.0,59.504,89.50399999999999,10.421293805179841,-19.578706194820157,1,test_walk_forward,,2026-05,B_D15_cutoff_walk_forward,segment_bias,True,raw_da
2026-05-16 15:00:00,2026-05-16,2026-05-15,2026-05-16,15,9_16,1,-28.0,95.317,123.317,-10.653122039778152,-38.653122039778154,1,test_walk_forward,,2026-05,B_D15_cutoff_walk_forward,segment_bias,True,raw_da
2026-05-16 16:00:00,2026-05-16,2026-05-15,2026-05-16,16,9_16,1,77.5,466.306,388.806,12.516114575368437,90.01611457536843,1,test_walk_forward,,2026-05,B_D15_cutoff_walk_forward,segment_bias,True,raw_da
2026-05-16 17:00:00,2026-05-16,2026-05-15,2026-05-16,17,17_24,2,397.0,579.02,182.01999999999998,2.517202143299961,399.5172021433,1,test_walk_forward,,2026-05,B_D15_cutoff_walk_forward,segment_bias,True,raw_da
2026-05-16 18:00:00,2026-05-16,2026-05-15,2026-05-16,18,17_24,2,506.875,627.18,120.30499999999995,2.4468886012612443,509.32188860126126,1,test_walk_forward,,2026-05,B_D15_cutoff_walk_forward,segment_bias,True,raw_da
2026-05-16 19:00:00,2026-05-16,2026-05-15,2026-05-16,19,17_24,2,541.5,585.858,44.35799999999995,3.5821066570647075,545.0821066570647,1,test_walk_forward,,2026-05,B_D15_cutoff_walk_forward,segment_bias,True,raw_da
2026-05-16 20:00:00,2026-05-16,2026-05-15,2026-05-16,20,17_24,2,545.0,567.563,22.562999999999988,1.7466247587596015,546.7466247587596,1,test_walk_forward,,2026-05,B_D15_cutoff_walk_forward,segment_bias,True,raw_da
2026-05-16 21:00:00,2026-05-16,2026-05-15,2026-05-16,21,17_24,2,553.625,557.238,3.6130000000000564,-4.2129391302837655,549.4120608697162,1,test_walk_forward,,2026-05,B_D15_cutoff_walk_forward,segment_bias,True,raw_da
2026-05-16 22:00:00,2026-05-16,2026-05-15,2026-05-16,22,17_24,2,555.0,576.366,21.365999999999985,-14.073601084198007,540.926398915802,1,test_walk_forward,,2026-05,B_D15_cutoff_walk_forward,segment_bias,True,raw_da
2026-05-16 23:00:00,2026-05-16,2026-05-15,2026-05-16,23,17_24,2,528.5,570.561,42.061000000000035,-6.692301731766781,521.8076982682333,1,test_walk_forward,,2026-05,B_D15_cutoff_walk_forward,segment_bias,True,raw_da
2026-05-17 00:00:00,2026-05-16,2026-05-15,2026-05-16,24,17_24,2,525.0,545.052,20.05200000000002,-9.656714185977508,515.3432858140225,1,test_walk_forward,,2026-05,B_D15_cutoff_walk_forward,segment_bias,True,raw_da
2026-05-17 01:00:00,2026-05-17,2026-05-16,2026-05-17,1,1_8,0,470.0,422.052,-47.94799999999998,-13.441393701329329,456.55860629867067,0,test_walk_forward,,2026-05,B_D15_cutoff_walk_forward,segment_bias,True,raw_da
2026-05-17 02:00:00,2026-05-17,2026-05-16,2026-05-17,2,1_8,0,460.0,381.661,-78.339,-17.211342638413054,442.78865736158696,0,test_walk_forward,,2026-05,B_D15_cutoff_walk_forward,segment_bias,True,raw_da
2026-05-17 03:00:00,2026-05-17,2026-05-16,2026-05-17,3,1_8,0,438.44,369.964,-68.476,-15.39684679309912,423.04315320690085,0,test_walk_forward,,2026-05,B_D15_cutoff_walk_forward,segment_bias,True,raw_da
2026-05-17 04:00:00,2026-05-17,2026-05-16,2026-05-17,4,1_8,0,454.213,360.033,-94.18,-10.750097399197935,443.46290260080207,0,test_walk_forward,,2026-05,B_D15_cutoff_walk_forward,segment_bias,True,raw_da
2026-05-17 05:00:00,2026-05-17,2026-05-16,2026-05-17,5,1_8,0,448.5,366.522,-81.97800000000001,-5.754454883114878,442.7455451168851,0,test_walk_forward,,2026-05,B_D15_cutoff_walk_forward,segment_bias,True,raw_da
2026-05-17 06:00:00,2026-05-17,2026-05-16,2026-05-17,6,1_8,0,460.0,355.825,-104.17500000000001,-12.600047717115915,447.3999522828841,0,test_walk_forward,,2026-05,B_D15_cutoff_walk_forward,segment_bias,True,raw_da
2026-05-17 07:00:00,2026-05-17,2026-05-16,2026-05-17,7,1_8,0,401.25,154.467,-246.783,-29.206804310213016,372.043195689787,0,test_walk_forward,,2026-05,B_D15_cutoff_walk_forward,segment_bias,True,raw_da
2026-05-17 08:00:00,2026-05-17,2026-05-16,2026-05-17,8,1_8,0,282.88,-20.992,-303.872,-51.038892943868845,231.84110705613114,0,test_walk_forward,,2026-05,B_D15_cutoff_walk_forward,segment_bias,True,raw_da
2026-05-17 09:00:00,2026-05-17,2026-05-16,2026-05-17,9,9_16,1,332.01,-49.649,-381.659,-34.440691978185065,297.56930802181495,0,test_walk_forward,,2026-05,B_D15_cutoff_walk_forward,segment_bias,True,raw_da
2026-05-17 10:00:00,2026-05-17,2026-05-16,2026-05-17,10,9_16,1,249.5,-80.0,-329.5,-50.16830095590073,199.33169904409925,0,test_walk_forward,,2026-05,B_D15_cutoff_walk_forward,segment_bias,True,raw_da
2026-05-17 11:00:00,2026-05-17,2026-05-16,2026-05-17,11,9_16,1,162.0,-70.067,-232.067,-33.59447172640378,128.40552827359622,0,test_walk_forward,,2026-05,B_D15_cutoff_walk_forward,segment_bias,True,raw_da
2026-05-17 12:00:00,2026-05-17,2026-05-16,2026-05-17,12,9_16,1,201.0,-80.0,-281.0,-35.988024754320556,165.01197524567945,0,test_walk_forward,,2026-05,B_D15_cutoff_walk_forward,segment_bias,True,raw_da
2026-05-17 13:00:00,2026-05-17,2026-05-16,2026-05-17,13,9_16,1,176.788,31.003,-145.78500000000003,-48.882867209348476,127.90513279065154,0,test_walk_forward,,2026-05,B_D15_cutoff_walk_forward,segment_bias,True,raw_da
2026-05-17 14:00:00,2026-05-17,2026-05-16,2026-05-17,14,9_16,1,339.5,80.737,-258.76300000000003,-9.357670393155132,330.1423296068449,0,test_walk_forward,,2026-05,B_D15_cutoff_walk_forward,segment_bias,True,raw_da
2026-05-17 15:00:00,2026-05-17,2026-05-16,2026-05-17,15,9_16,1,379.95,46.919,-333.031,-5.696769218518639,374.25323078148136,0,test_walk_forward,,2026-05,B_D15_cutoff_walk_forward,segment_bias,True,raw_da
2026-05-17 16:00:00,2026-05-17,2026-05-16,2026-05-17,16,9_16,1,465.76,-8.318,-474.078,-25.406163274622035,440.35383672537796,0,test_walk_forward,,2026-05,B_D15_cutoff_walk_forward,segment_bias,True,raw_da
2026-05-17 17:00:00,2026-05-17,2026-05-16,2026-05-17,17,17_24,2,470.0,302.562,-167.438,7.007402652878632,477.0074026528786,0,test_walk_forward,,2026-05,B_D15_cutoff_walk_forward,segment_bias,True,raw_da
2026-05-17 18:00:00,2026-05-17,2026-05-16,2026-05-17,18,17_24,2,576.0,348.918,-227.082,-4.562068778908534,571.4379312210915,0,test_walk_forward,,2026-05,B_D15_cutoff_walk_forward,segment_bias,True,raw_da
2026-05-17 19:00:00,2026-05-17,2026-05-16,2026-05-17,19,17_24,2,548.5,383.685,-164.815,7.101124973994755,555.6011249739947,0,test_walk_forward,,2026-05,B_D15_cutoff_walk_forward,segment_bias,True,raw_da
2026-05-17 20:00:00,2026-05-17,2026-05-16,2026-05-17,20,17_24,2,549.0,378.639,-170.361,5.49285236551391,554.492852365514,0,test_walk_forward,,2026-05,B_D15_cutoff_walk_forward,segment_bias,True,raw_da
2026-05-17 21:00:00,2026-05-17,2026-05-16,2026-05-17,21,17_24,2,495.0,391.21,-103.79000000000002,2.490021314199668,497.4900213141997,0,test_walk_forward,,2026-05,B_D15_cutoff_walk_forward,segment_bias,True,raw_da
2026-05-17 22:00:00,2026-05-17,2026-05-16,2026-05-17,22,17_24,2,480.0,372.716,-107.28399999999999,-0.09604879046943317,479.9039512095306,0,test_walk_forward,,2026-05,B_D15_cutoff_walk_forward,segment_bias,True,raw_da
2026-05-17 23:00:00,2026-05-17,2026-05-16,2026-05-17,23,17_24,2,480.0,340.888,-139.11200000000002,-0.6388044362577443,479.3611955637422,0,test_walk_forward,,2026-05,B_D15_cutoff_walk_forward,segment_bias,True,raw_da
2026-05-18 00:00:00,2026-05-17,2026-05-16,2026-05-17,24,17_24,2,480.0,304.276,-175.724,-9.324128120650187,470.6758718793498,0,test_walk_forward,,2026-05,B_D15_cutoff_walk_forward,segment_bias,True,raw_da
2026-05-18 01:00:00,2026-05-18,2026-05-17,2026-05-18,1,1_8,0,437.45,327.764,-109.68599999999998,-40.47694696157158,396.9730530384284,0,test_walk_forward,,2026-05,B_D15_cutoff_walk_forward,segment_bias,True,raw_da
2026-05-18 02:00:00,2026-05-18,2026-05-17,2026-05-18,2,1_8,0,383.75,348.089,-35.661,-33.7887990704445,349.9612009295555,0,test_walk_forward,,2026-05,B_D15_cutoff_walk_forward,segment_bias,True,raw_da
2026-05-18 03:00:00,2026-05-18,2026-05-17,2026-05-18,3,1_8,0,372.155,369.467,-2.687999999999988,-41.472862083202855,330.6821379167971,0,test_walk_forward,,2026-05,B_D15_cutoff_walk_forward,segment_bias,True,raw_da
2026-05-18 04:00:00,2026-05-18,2026-05-17,2026-05-18,4,1_8,0,374.228,381.363,7.134999999999991,-33.128343303458095,341.0996566965419,1,test_walk_forward,,2026-05,B_D15_cutoff_walk_forward,segment_bias,True,raw_da
2026-05-18 05:00:00,2026-05-18,2026-05-17,2026-05-18,5,1_8,0,379.0,382.733,3.733000000000004,-19.75225632478291,359.24774367521707,1,test_walk_forward,,2026-05,B_D15_cutoff_walk_forward,segment_bias,True,raw_da
2026-05-18 06:00:00,2026-05-18,2026-05-17,2026-05-18,6,1_8,0,432.0,370.341,-61.65899999999999,-13.879628630976926,418.1203713690231,0,test_walk_forward,,2026-05,B_D15_cutoff_walk_forward,segment_bias,True,raw_da
2026-05-18 07:00:00,2026-05-18,2026-05-17,2026-05-18,7,1_8,0,425.0,350.631,-74.36900000000003,-18.088635201866705,406.9113647981333,0,test_walk_forward,,2026-05,B_D15_cutoff_walk_forward,segment_bias,True,raw_da
2026-05-18 08:00:00,2026-05-18,2026-05-17,2026-05-18,8,1_8,0,475.0,370.004,-104.99599999999998,-14.350675184094712,460.6493248159053,0,test_walk_forward,,2026-05,B_D15_cutoff_walk_forward,segment_bias,True,raw_da
2026-05-18 09:00:00,2026-05-18,2026-05-17,2026-05-18,9,9_16,1,515.5,410.934,-104.56599999999997,-25.419688634033495,490.0803113659665,0,test_walk_forward,,2026-05,B_D15_cutoff_walk_forward,segment_bias,True,raw_da
2026-05-18 10:00:00,2026-05-18,2026-05-17,2026-05-18,10,9_16,1,534.5,401.477,-133.02300000000002,-35.79931182523305,498.7006881747669,0,test_walk_forward,,2026-05,B_D15_cutoff_walk_forward,segment_bias,True,raw_da
2026-05-18 11:00:00,2026-05-18,2026-05-17,2026-05-18,11,9_16,1,552.5,422.95,-129.55,-24.173896000371432,528.3261039996286,0,test_walk_forward,,2026-05,B_D15_cutoff_walk_forward,segment_bias,True,raw_da
2026-05-18 12:00:00,2026-05-18,2026-05-17,2026-05-18,12,9_16,1,547.0,428.092,-118.90800000000002,-38.93843115953846,508.0615688404615,0,test_walk_forward,,2026-05,B_D15_cutoff_walk_forward,segment_bias,True,raw_da
2026-05-18 13:00:00,2026-05-18,2026-05-17,2026-05-18,13,9_16,1,565.0,419.091,-145.909,-40.48056746299477,524.5194325370053,0,test_walk_forward,,2026-05,B_D15_cutoff_walk_forward,segment_bias,True,raw_da
2026-05-18 14:00:00,2026-05-18,2026-05-17,2026-05-18,14,9_16,1,588.5,407.246,-181.25400000000002,-64.29026561887461,524.2097343811254,0,test_walk_forward,,2026-05,B_D15_cutoff_walk_forward,segment_bias,True,raw_da
2026-05-18 15:00:00,2026-05-18,2026-05-17,2026-05-18,15,9_16,1,631.56,415.746,-215.81399999999996,-73.66048511177617,557.8995148882237,0,test_walk_forward,,2026-05,B_D15_cutoff_walk_forward,segment_bias,True,raw_da
2026-05-18 16:00:00,2026-05-18,2026-05-17,2026-05-18,16,9_16,1,629.01,416.009,-213.00099999999998,-34.86257601725068,594.1474239827493,0,test_walk_forward,,2026-05,B_D15_cutoff_walk_forward,segment_bias,True,raw_da
2026-05-18 17:00:00,2026-05-18,2026-05-17,2026-05-18,17,17_24,2,583.07,426.645,-156.42500000000007,-22.160191121368214,560.9098088786318,0,test_walk_forward,,2026-05,B_D15_cutoff_walk_forward,segment_bias,True,raw_da
2026-05-18 18:00:00,2026-05-18,2026-05-17,2026-05-18,18,17_24,2,594.5,424.244,-170.25599999999997,-18.35393062041296,576.1460693795871,0,test_walk_forward,,2026-05,B_D15_cutoff_walk_forward,segment_bias,True,raw_da
2026-05-18 19:00:00,2026-05-18,2026-05-17,2026-05-18,19,17_24,2,605.5,428.245,-177.255,-20.741757940969944,584.7582420590301,0,test_walk_forward,,2026-05,B_D15_cutoff_walk_forward,segment_bias,True,raw_da
2026-05-18 20:00:00,2026-05-18,2026-05-17,2026-05-18,20,17_24,2,606.5,429.257,-177.243,-20.38668865143877,586.1133113485612,0,test_walk_forward,,2026-05,B_D15_cutoff_walk_forward,segment_bias,True,raw_da
2026-05-18 21:00:00,2026-05-18,2026-05-17,2026-05-18,21,17_24,2,604.0,424.509,-179.49099999999999,-21.413064808965196,582.5869351910349,0,test_walk_forward,,2026-05,B_D15_cutoff_walk_forward,segment_bias,True,raw_da
2026-05-18 22:00:00,2026-05-18,2026-05-17,2026-05-18,22,17_24,2,596.5,415.063,-181.437,-21.383424312881456,575.1165756871186,0,test_walk_forward,,2026-05,B_D15_cutoff_walk_forward,segment_bias,True,raw_da
2026-05-18 23:00:00,2026-05-18,2026-05-17,2026-05-18,23,17_24,2,589.0,412.72,-176.27999999999997,-20.96519716222271,568.0348028377773,0,test_walk_forward,,2026-05,B_D15_cutoff_walk_forward,segment_bias,True,raw_da
2026-05-19 00:00:00,2026-05-18,2026-05-17,2026-05-18,24,17_24,2,583.0,398.402,-184.598,-19.303287670941724,563.6967123290583,0,test_walk_forward,,2026-05,B_D15_cutoff_walk_forward,segment_bias,True,raw_da
2026-05-19 01:00:00,2026-05-19,2026-05-18,2026-05-19,1,1_8,0,456.5,361.685,-94.815,-2.6364647994851085,453.8635352005149,0,test_walk_forward,,2026-05,B_D15_cutoff_walk_forward,segment_bias,True,raw_da
2026-05-19 02:00:00,2026-05-19,2026-05-18,2026-05-19,2,1_8,0,403.5,335.388,-68.11200000000002,1.2540272089970392,404.75402720899706,0,test_walk_forward,,2026-05,B_D15_cutoff_walk_forward,segment_bias,True,raw_da
2026-05-19 03:00:00,2026-05-19,2026-05-18,2026-05-19,3,1_8,0,372.5,309.602,-62.898000000000025,0.15162413534535657,372.65162413534534,0,test_walk_forward,,2026-05,B_D15_cutoff_walk_forward,segment_bias,True,raw_da
2026-05-19 04:00:00,2026-05-19,2026-05-18,2026-05-19,4,1_8,0,339.5,292.098,-47.40199999999999,1.966450455968287,341.4664504559683,0,test_walk_forward,,2026-05,B_D15_cutoff_walk_forward,segment_bias,True,raw_da
2026-05-19 05:00:00,2026-05-19,2026-05-18,2026-05-19,5,1_8,0,339.5,269.408,-70.09199999999998,-3.7467555905682346,335.7532444094318,0,test_walk_forward,,2026-05,B_D15_cutoff_walk_forward,segment_bias,True,raw_da
2026-05-19 06:00:00,2026-05-19,2026-05-18,2026-05-19,6,1_8,0,349.5,278.541,-70.959,-9.83958858446489,339.6604114155351,0,test_walk_forward,,2026-05,B_D15_cutoff_walk_forward,segment_bias,True,raw_da
2026-05-19 07:00:00,2026-05-19,2026-05-18,2026-05-19,7,1_8,0,364.5,280.897,-83.60300000000001,-4.270482863838715,360.2295171361613,0,test_walk_forward,,2026-05,B_D15_cutoff_walk_forward,segment_bias,True,raw_da
2026-05-19 08:00:00,2026-05-19,2026-05-18,2026-05-19,8,1_8,0,394.0,275.386,-118.61399999999998,-3.39332099177897,390.606679008221,0,test_walk_forward,,2026-05,B_D15_cutoff_walk_forward,segment_bias,True,raw_da
2026-05-19 09:00:00,2026-05-19,2026-05-18,2026-05-19,9,9_16,1,396.0,389.763,-6.237000000000023,-5.355083436518363,390.6449165634816,0,test_walk_forward,,2026-05,B_D15_cutoff_walk_forward,segment_bias,True,raw_da
2026-05-19 10:00:00,2026-05-19,2026-05-18,2026-05-19,10,9_16,1,397.875,374.601,-23.274,-26.581152862828663,371.2938471371713,0,test_walk_forward,,2026-05,B_D15_cutoff_walk_forward,segment_bias,True,raw_da
2026-05-19 11:00:00,2026-05-19,2026-05-18,2026-05-19,11,9_16,1,402.5,438.237,35.73700000000002,-27.116028777151044,375.38397122284897,1,test_walk_forward,,2026-05,B_D15_cutoff_walk_forward,segment_bias,True,raw_da
2026-05-19 12:00:00,2026-05-19,2026-05-18,2026-05-19,12,9_16,1,402.5,406.763,4.262999999999977,-58.177703687637525,344.3222963123625,1,test_walk_forward,,2026-05,B_D15_cutoff_walk_forward,segment_bias,True,raw_da
2026-05-19 13:00:00,2026-05-19,2026-05-18,2026-05-19,13,9_16,1,400.0,295.632,-104.368,-62.906978017104976,337.09302198289504,0,test_walk_forward,,2026-05,B_D15_cutoff_walk_forward,segment_bias,True,raw_da
2026-05-19 14:00:00,2026-05-19,2026-05-18,2026-05-19,14,9_16,1,400.0,312.245,-87.755,-43.789897477974726,356.2101025220253,0,test_walk_forward,,2026-05,B_D15_cutoff_walk_forward,segment_bias,True,raw_da
2026-05-19 15:00:00,2026-05-19,2026-05-18,2026-05-19,15,9_16,1,400.0,305.137,-94.863,-36.983770759139745,363.01622924086024,0,test_walk_forward,,2026-05,B_D15_cutoff_walk_forward,segment_bias,True,raw_da
2026-05-19 16:00:00,2026-05-19,2026-05-18,2026-05-19,16,9_16,1,412.0,272.728,-139.272,-19.93319986427619,392.06680013572384,0,test_walk_forward,,2026-05,B_D15_cutoff_walk_forward,segment_bias,True,raw_da
2026-05-19 17:00:00,2026-05-19,2026-05-18,2026-05-19,17,17_24,2,443.1,390.045,-53.05500000000001,-4.871067781716261,438.2289322182838,0,test_walk_forward,,2026-05,B_D15_cutoff_walk_forward,segment_bias,True,raw_da
2026-05-19 18:00:00,2026-05-19,2026-05-18,2026-05-19,18,17_24,2,439.25,342.637,-96.613,-6.6330469508081675,432.6169530491918,0,test_walk_forward,,2026-05,B_D15_cutoff_walk_forward,segment_bias,True,raw_da
2026-05-19 19:00:00,2026-05-19,2026-05-18,2026-05-19,19,17_24,2,439.0,389.822,-49.178,3.9012883779967336,442.9012883779967,0,test_walk_forward,,2026-05,B_D15_cutoff_walk_forward,segment_bias,True,raw_da
2026-05-19 20:00:00,2026-05-19,2026-05-18,2026-05-19,20,17_24,2,441.5,418.357,-23.142999999999972,5.2414262069711794,446.7414262069712,0,test_walk_forward,,2026-05,B_D15_cutoff_walk_forward,segment_bias,True,raw_da
2026-05-19 21:00:00,2026-05-19,2026-05-18,2026-05-19,21,17_24,2,439.5,394.608,-44.891999999999996,4.559862000684306,444.0598620006843,0,test_walk_forward,,2026-05,B_D15_cutoff_walk_forward,segment_bias,True,raw_da
2026-05-19 22:00:00,2026-05-19,2026-05-18,2026-05-19,22,17_24,2,441.5,381.249,-60.250999999999976,3.954819646162683,445.45481964616266,0,test_walk_forward,,2026-05,B_D15_cutoff_walk_forward,segment_bias,True,raw_da
2026-05-19 23:00:00,2026-05-19,2026-05-18,2026-05-19,23,17_24,2,460.5,373.365,-87.13499999999999,3.3696142673629437,463.8696142673629,0,test_walk_forward,,2026-05,B_D15_cutoff_walk_forward,segment_bias,True,raw_da
2026-05-20 00:00:00,2026-05-19,2026-05-18,2026-05-19,24,17_24,2,436.0,327.524,-108.476,-2.8759362985792656,433.1240637014207,0,test_walk_forward,,2026-05,B_D15_cutoff_walk_forward,segment_bias,True,raw_da
2026-05-20 01:00:00,2026-05-20,2026-05-19,2026-05-20,1,1_8,0,330.0,312.967,-17.033000000000015,-22.184690689427118,307.8153093105729,0,test_walk_forward,,2026-05,B_D15_cutoff_walk_forward,segment_bias,True,raw_da
2026-05-20 02:00:00,2026-05-20,2026-05-19,2026-05-20,2,1_8,0,302.875,302.863,-0.012000000000000455,-16.886961972712033,285.988038027288,0,test_walk_forward,,2026-05,B_D15_cutoff_walk_forward,segment_bias,True,raw_da
2026-05-20 03:00:00,2026-05-20,2026-05-19,2026-05-20,3,1_8,0,300.0,263.465,-36.535000000000025,-14.681888429898187,285.3181115701018,0,test_walk_forward,,2026-05,B_D15_cutoff_walk_forward,segment_bias,True,raw_da
2026-05-20 04:00:00,2026-05-20,2026-05-19,2026-05-20,4,1_8,0,298.5,210.342,-88.15799999999999,-13.716331924514122,284.7836680754859,0,test_walk_forward,,2026-05,B_D15_cutoff_walk_forward,segment_bias,True,raw_da
2026-05-20 05:00:00,2026-05-20,2026-05-19,2026-05-20,5,1_8,0,300.0,222.744,-77.256,-7.3338428845293455,292.66615711547064,0,test_walk_forward,,2026-05,B_D15_cutoff_walk_forward,segment_bias,True,raw_da
2026-05-20 06:00:00,2026-05-20,2026-05-19,2026-05-20,6,1_8,0,300.0,275.429,-24.571000000000026,-2.3882975187957993,297.6117024812042,0,test_walk_forward,,2026-05,B_D15_cutoff_walk_forward,segment_bias,True,raw_da
2026-05-20 07:00:00,2026-05-20,2026-05-19,2026-05-20,7,1_8,0,300.0,317.004,17.00400000000002,-10.60569980965867,289.3943001903413,1,test_walk_forward,,2026-05,B_D15_cutoff_walk_forward,segment_bias,True,raw_da
2026-05-20 08:00:00,2026-05-20,2026-05-19,2026-05-20,8,1_8,0,355.0,384.536,29.536,4.482078476828203,359.4820784768282,1,test_walk_forward,,2026-05,B_D15_cutoff_walk_forward,segment_bias,True,raw_da
2026-05-20 09:00:00,2026-05-20,2026-05-19,2026-05-20,9,9_16,1,416.61,461.913,45.303,2.353450639418438,418.96345063941845,1,test_walk_forward,,2026-05,B_D15_cutoff_walk_forward,segment_bias,True,raw_da
2026-05-20 10:00:00,2026-05-20,2026-05-19,2026-05-20,10,9_16,1,423.5,476.588,53.08800000000002,-33.70916326385445,389.79083673614554,1,test_walk_forward,,2026-05,B_D15_cutoff_walk_forward,segment_bias,True,raw_da
2026-05-20 11:00:00,2026-05-20,2026-05-19,2026-05-20,11,9_16,1,438.5,497.088,58.58800000000002,-32.27688482945528,406.2231151705447,1,test_walk_forward,,2026-05,B_D15_cutoff_walk_forward,segment_bias,True,raw_da
2026-05-20 12:00:00,2026-05-20,2026-05-19,2026-05-20,12,9_16,1,409.125,499.936,90.81099999999998,-44.0214384232686,365.1035615767314,1,test_walk_forward,,2026-05,B_D15_cutoff_walk_forward,segment_bias,True,raw_da
2026-05-20 13:00:00,2026-05-20,2026-05-19,2026-05-20,13,9_16,1,377.0,454.932,77.93200000000002,-42.09957021760908,334.9004297823909,1,test_walk_forward,,2026-05,B_D15_cutoff_walk_forward,segment_bias,True,raw_da
2026-05-20 14:00:00,2026-05-20,2026-05-19,2026-05-20,14,9_16,1,383.06,440.991,57.93099999999998,-38.69152445022691,344.3684755497731,1,test_walk_forward,,2026-05,B_D15_cutoff_walk_forward,segment_bias,True,raw_da
2026-05-20 15:00:00,2026-05-20,2026-05-19,2026-05-20,15,9_16,1,379.5,415.458,35.95800000000003,-44.56625943155011,334.9337405684499,1,test_walk_forward,,2026-05,B_D15_cutoff_walk_forward,segment_bias,True,raw_da
2026-05-20 16:00:00,2026-05-20,2026-05-19,2026-05-20,16,9_16,1,350.0,359.168,9.168000000000006,-36.574647926509904,313.4253520734901,1,test_walk_forward,,2026-05,B_D15_cutoff_walk_forward,segment_bias,True,raw_da
2026-05-20 17:00:00,2026-05-20,2026-05-19,2026-05-20,17,17_24,2,350.0,375.89,25.889999999999986,-31.72962339341365,318.27037660658635,1,test_walk_forward,,2026-05,B_D15_cutoff_walk_forward,segment_bias,True,raw_da
2026-05-20 18:00:00,2026-05-20,2026-05-19,2026-05-20,18,17_24,2,380.0,327.262,-52.738,0.5295868670652759,380.5295868670653,0,test_walk_forward,,2026-05,B_D15_cutoff_walk_forward,segment_bias,True,raw_da
2026-05-20 19:00:00,2026-05-20,2026-05-19,2026-05-20,19,17_24,2,445.875,404.043,-41.831999999999994,9.69792187207781,455.5729218720778,0,test_walk_forward,,2026-05,B_D15_cutoff_walk_forward,segment_bias,True,raw_da
2026-05-20 20:00:00,2026-05-20,2026-05-19,2026-05-20,20,17_24,2,459.53,440.832,-18.69799999999998,7.182735027405932,466.7127350274059,0,test_walk_forward,,2026-05,B_D15_cutoff_walk_forward,segment_bias,True,raw_da
2026-05-20 21:00:00,2026-05-20,2026-05-19,2026-05-20,21,17_24,2,481.69,420.1,-61.589999999999975,2.7311581495861508,484.4211581495862,0,test_walk_forward,,2026-05,B_D15_cutoff_walk_forward,segment_bias,True,raw_da
2026-05-20 22:00:00,2026-05-20,2026-05-19,2026-05-20,22,17_24,2,473.645,381.371,-92.274,3.415317943611367,477.0603179436113,0,test_walk_forward,,2026-05,B_D15_cutoff_walk_forward,segment_bias,True,raw_da
2026-05-20 23:00:00,2026-05-20,2026-05-19,2026-05-20,23,17_24,2,480.99,396.961,-84.029,3.6443201787763626,484.63432017877636,0,test_walk_forward,,2026-05,B_D15_cutoff_walk_forward,segment_bias,True,raw_da
2026-05-21 00:00:00,2026-05-20,2026-05-19,2026-05-20,24,17_24,2,492.0,370.492,-121.50799999999998,-1.4702661583308458,490.52973384166916,0,test_walk_forward,,2026-05,B_D15_cutoff_walk_forward,segment_bias,True,raw_da
2026-05-21 01:00:00,2026-05-21,2026-05-20,2026-05-21,1,1_8,0,445.5,442.71,-2.7900000000000205,-11.237023224137568,434.26297677586246,0,test_walk_forward,,2026-05,B_D15_cutoff_walk_forward,segment_bias,True,raw_da
2026-05-21 02:00:00,2026-05-21,2026-05-20,2026-05-21,2,1_8,0,429.0,413.07,-15.930000000000007,-6.969286669158525,422.0307133308415,0,test_walk_forward,,2026-05,B_D15_cutoff_walk_forward,segment_bias,True,raw_da
2026-05-21 03:00:00,2026-05-21,2026-05-20,2026-05-21,3,1_8,0,404.0,392.914,-11.086000000000013,-8.584347915612733,395.41565208438726,0,test_walk_forward,,2026-05,B_D15_cutoff_walk_forward,segment_bias,True,raw_da
2026-05-21 04:00:00,2026-05-21,2026-05-20,2026-05-21,4,1_8,0,384.5,374.351,-10.149000000000001,-12.75300655735538,371.7469934426446,0,test_walk_forward,,2026-05,B_D15_cutoff_walk_forward,segment_bias,True,raw_da
2026-05-21 05:00:00,2026-05-21,2026-05-20,2026-05-21,5,1_8,0,404.51,391.938,-12.572000000000003,-5.837903085980031,398.67209691401996,0,test_walk_forward,,2026-05,B_D15_cutoff_walk_forward,segment_bias,True,raw_da
2026-05-21 06:00:00,2026-05-21,2026-05-20,2026-05-21,6,1_8,0,424.763,391.936,-32.827,-6.616754346495457,418.14624565350454,0,test_walk_forward,,2026-05,B_D15_cutoff_walk_forward,segment_bias,True,raw_da
2026-05-21 07:00:00,2026-05-21,2026-05-20,2026-05-21,7,1_8,0,332.72,350.182,17.46199999999999,-16.170923334870462,316.5490766651296,1,test_walk_forward,,2026-05,B_D15_cutoff_walk_forward,segment_bias,True,raw_da
2026-05-21 08:00:00,2026-05-21,2026-05-20,2026-05-21,8,1_8,0,100.0,-80.0,-180.0,-22.0414280121054,77.9585719878946,0,test_walk_forward,,2026-05,B_D15_cutoff_walk_forward,segment_bias,True,raw_da
2026-05-21 09:00:00,2026-05-21,2026-05-20,2026-05-21,9,9_16,1,0.0,-80.0,-80.0,-37.61757639074173,-37.61757639074173,0,test_walk_forward,,2026-05,B_D15_cutoff_walk_forward,segment_bias,True,raw_da
2026-05-21 10:00:00,2026-05-21,2026-05-20,2026-05-21,10,9_16,1,-10.0,-80.0,-70.0,-32.11696929084755,-42.11696929084755,0,test_walk_forward,,2026-05,B_D15_cutoff_walk_forward,segment_bias,True,raw_da
2026-05-21 11:00:00,2026-05-21,2026-05-20,2026-05-21,11,9_16,1,-34.0,-80.0,-46.0,-20.133810374417997,-54.133810374418,0,test_walk_forward,,2026-05,B_D15_cutoff_walk_forward,segment_bias,True,raw_da
2026-05-21 12:00:00,2026-05-21,2026-05-20,2026-05-21,12,9_16,1,-34.0,-80.0,-46.0,-27.428354556671046,-61.428354556671046,0,test_walk_forward,,2026-05,B_D15_cutoff_walk_forward,segment_bias,True,raw_da
2026-05-21 13:00:00,2026-05-21,2026-05-20,2026-05-21,13,9_16,1,-32.5,-80.0,-47.5,-22.078411283475063,-54.57841128347506,0,test_walk_forward,,2026-05,B_D15_cutoff_walk_forward,segment_bias,True,raw_da
2026-05-21 14:00:00,2026-05-21,2026-05-20,2026-05-21,14,9_16,1,-10.0,-80.0,-70.0,-1.6437136104067012,-11.643713610406701,0,test_walk_forward,,2026-05,B_D15_cutoff_walk_forward,segment_bias,True,raw_da
2026-05-21 15:00:00,2026-05-21,2026-05-20,2026-05-21,15,9_16,1,-10.0,-80.0,-70.0,-6.7488037476096085,-16.748803747609607,0,test_walk_forward,,2026-05,B_D15_cutoff_walk_forward,segment_bias,True,raw_da
2026-05-21 16:00:00,2026-05-21,2026-05-20,2026-05-21,16,9_16,1,193.5,-80.0,-273.5,30.44161309767137,223.94161309767136,0,test_walk_forward,,2026-05,B_D15_cutoff_walk_forward,segment_bias,True,raw_da
2026-05-21 17:00:00,2026-05-21,2026-05-20,2026-05-21,17,17_24,2,429.5,362.364,-67.13600000000002,5.606414317805791,435.1064143178058,0,test_walk_forward,,2026-05,B_D15_cutoff_walk_forward,segment_bias,True,raw_da
2026-05-21 18:00:00,2026-05-21,2026-05-20,2026-05-21,18,17_24,2,549.5,538.553,-10.947000000000003,-0.09308750967543744,549.4069124903245,0,test_walk_forward,,2026-05,B_D15_cutoff_walk_forward,segment_bias,True,raw_da
2026-05-21 19:00:00,2026-05-21,2026-05-20,2026-05-21,19,17_24,2,558.54,592.265,33.72500000000002,2.0563419848153703,560.5963419848154,1,test_walk_forward,,2026-05,B_D15_cutoff_walk_forward,segment_bias,True,raw_da
2026-05-21 20:00:00,2026-05-21,2026-05-20,2026-05-21,20,17_24,2,569.5,606.741,37.240999999999985,-31.423111079304494,538.0768889206955,1,test_walk_forward,,2026-05,B_D15_cutoff_walk_forward,segment_bias,True,raw_da
2026-05-21 21:00:00,2026-05-21,2026-05-20,2026-05-21,21,17_24,2,563.5,609.773,46.273000000000025,0.14623470623758858,563.6462347062376,1,test_walk_forward,,2026-05,B_D15_cutoff_walk_forward,segment_bias,True,raw_da
2026-05-21 22:00:00,2026-05-21,2026-05-20,2026-05-21,22,17_24,2,598.0,619.067,21.067000000000007,-28.222329003425003,569.777670996575,1,test_walk_forward,,2026-05,B_D15_cutoff_walk_forward,segment_bias,True,raw_da
2026-05-21 23:00:00,2026-05-21,2026-05-20,2026-05-21,23,17_24,2,551.0,617.677,66.67700000000002,0.1409273225043409,551.1409273225044,1,test_walk_forward,,2026-05,B_D15_cutoff_walk_forward,segment_bias,True,raw_da
2026-05-22 00:00:00,2026-05-21,2026-05-20,2026-05-21,24,17_24,2,523.0,612.194,89.19399999999996,-4.248055123260391,518.7519448767396,1,test_walk_forward,,2026-05,B_D15_cutoff_walk_forward,segment_bias,True,raw_da
2026-05-22 01:00:00,2026-05-22,2026-05-21,2026-05-22,1,1_8,0,450.0,429.031,-20.968999999999994,2.6891862533595052,452.6891862533595,0,test_walk_forward,,2026-05,B_D15_cutoff_walk_forward,segment_bias,True,raw_da
2026-05-22 02:00:00,2026-05-22,2026-05-21,2026-05-22,2,1_8,0,429.5,408.248,-21.25200000000001,1.2776148856008496,430.7776148856008,0,test_walk_forward,,2026-05,B_D15_cutoff_walk_forward,segment_bias,True,raw_da
2026-05-22 03:00:00,2026-05-22,2026-05-21,2026-05-22,3,1_8,0,429.5,389.336,-40.16399999999999,2.905866137693664,432.4058661376937,0,test_walk_forward,,2026-05,B_D15_cutoff_walk_forward,segment_bias,True,raw_da
2026-05-22 04:00:00,2026-05-22,2026-05-21,2026-05-22,4,1_8,0,400.0,379.571,-20.428999999999974,1.1640502043515124,401.1640502043515,0,test_walk_forward,,2026-05,B_D15_cutoff_walk_forward,segment_bias,True,raw_da
2026-05-22 05:00:00,2026-05-22,2026-05-21,2026-05-22,5,1_8,0,419.5,378.027,-41.47300000000001,2.5733073970668103,422.0733073970668,0,test_walk_forward,,2026-05,B_D15_cutoff_walk_forward,segment_bias,True,raw_da
2026-05-22 06:00:00,2026-05-22,2026-05-21,2026-05-22,6,1_8,0,399.5,362.588,-36.91199999999998,-0.9482653278157105,398.5517346721843,0,test_walk_forward,,2026-05,B_D15_cutoff_walk_forward,segment_bias,True,raw_da
2026-05-22 07:00:00,2026-05-22,2026-05-21,2026-05-22,7,1_8,0,312.875,107.199,-205.676,-9.803777270452807,303.0712227295472,0,test_walk_forward,,2026-05,B_D15_cutoff_walk_forward,segment_bias,True,raw_da
2026-05-22 08:00:00,2026-05-22,2026-05-21,2026-05-22,8,1_8,0,264.25,-80.0,-344.25,-33.56042830620922,230.68957169379078,0,test_walk_forward,,2026-05,B_D15_cutoff_walk_forward,segment_bias,True,raw_da
2026-05-22 09:00:00,2026-05-22,2026-05-21,2026-05-22,9,9_16,1,212.5,-80.0,-292.5,-42.6744284915419,169.8255715084581,0,test_walk_forward,,2026-05,B_D15_cutoff_walk_forward,segment_bias,True,raw_da
2026-05-22 10:00:00,2026-05-22,2026-05-21,2026-05-22,10,9_16,1,212.62,-80.0,-292.62,-51.04798979727179,161.57201020272822,0,test_walk_forward,,2026-05,B_D15_cutoff_walk_forward,segment_bias,True,raw_da
2026-05-22 11:00:00,2026-05-22,2026-05-21,2026-05-22,11,9_16,1,252.5,-2.841,-255.341,-64.43651036358881,188.0634896364112,0,test_walk_forward,,2026-05,B_D15_cutoff_walk_forward,segment_bias,True,raw_da
2026-05-22 12:00:00,2026-05-22,2026-05-21,2026-05-22,12,9_16,1,255.875,367.031,111.156,-74.57854284794153,181.29645715205845,1,test_walk_forward,,2026-05,B_D15_cutoff_walk_forward,segment_bias,True,raw_da
2026-05-22 13:00:00,2026-05-22,2026-05-21,2026-05-22,13,9_16,1,241.29,376.195,134.905,-46.32673208518375,194.96326791481624,1,test_walk_forward,,2026-05,B_D15_cutoff_walk_forward,segment_bias,True,raw_da
2026-05-22 14:00:00,2026-05-22,2026-05-21,2026-05-22,14,9_16,1,344.635,391.673,47.03800000000001,-18.95091699009537,325.6840830099046,1,test_walk_forward,,2026-05,B_D15_cutoff_walk_forward,segment_bias,True,raw_da
2026-05-22 15:00:00,2026-05-22,2026-05-21,2026-05-22,15,9_16,1,433.6,423.857,-9.742999999999995,-6.624283884663648,426.97571611533635,0,test_walk_forward,,2026-05,B_D15_cutoff_walk_forward,segment_bias,True,raw_da
2026-05-22 16:00:00,2026-05-22,2026-05-21,2026-05-22,16,9_16,1,430.0,428.393,-1.6070000000000277,-2.068756577089297,427.9312434229107,0,test_walk_forward,,2026-05,B_D15_cutoff_walk_forward,segment_bias,True,raw_da
2026-05-22 17:00:00,2026-05-22,2026-05-21,2026-05-22,17,17_24,2,447.125,430.004,-17.12099999999998,4.076750043769728,451.2017500437697,0,test_walk_forward,,2026-05,B_D15_cutoff_walk_forward,segment_bias,True,raw_da
2026-05-22 18:00:00,2026-05-22,2026-05-21,2026-05-22,18,17_24,2,442.5,418.479,-24.021000000000015,3.4839274933987427,445.98392749339877,0,test_walk_forward,,2026-05,B_D15_cutoff_walk_forward,segment_bias,True,raw_da
2026-05-22 19:00:00,2026-05-22,2026-05-21,2026-05-22,19,17_24,2,450.125,411.53,-38.59500000000003,4.045098731011432,454.1700987310114,0,test_walk_forward,,2026-05,B_D15_cutoff_walk_forward,segment_bias,True,raw_da
2026-05-22 20:00:00,2026-05-22,2026-05-21,2026-05-22,20,17_24,2,450.0,419.699,-30.300999999999988,2.900001647289616,452.9000016472896,0,test_walk_forward,,2026-05,B_D15_cutoff_walk_forward,segment_bias,True,raw_da
2026-05-22 21:00:00,2026-05-22,2026-05-21,2026-05-22,21,17_24,2,450.0,436.123,-13.87700000000001,1.1111676199869334,451.11116761998693,0,test_walk_forward,,2026-05,B_D15_cutoff_walk_forward,segment_bias,True,raw_da
2026-05-22 22:00:00,2026-05-22,2026-05-21,2026-05-22,22,17_24,2,450.0,430.983,-19.016999999999996,1.3734522617637712,451.37345226176376,0,test_walk_forward,,2026-05,B_D15_cutoff_walk_forward,segment_bias,True,raw_da
2026-05-22 23:00:00,2026-05-22,2026-05-21,2026-05-22,23,17_24,2,449.25,431.741,-17.509000000000015,1.0861626055648903,450.3361626055649,0,test_walk_forward,,2026-05,B_D15_cutoff_walk_forward,segment_bias,True,raw_da
2026-05-23 00:00:00,2026-05-22,2026-05-21,2026-05-22,24,17_24,2,425.0,416.63,-8.370000000000005,-2.383164203517662,422.61683579648235,0,test_walk_forward,,2026-05,B_D15_cutoff_walk_forward,segment_bias,True,raw_da
2026-05-23 01:00:00,2026-05-23,2026-05-22,2026-05-23,1,1_8,0,539.95,526.155,-13.795000000000073,-0.4498565261419835,539.5001434738581,0,test_walk_forward,,2026-05,B_D15_cutoff_walk_forward,segment_bias,True,raw_da
2026-05-23 02:00:00,2026-05-23,2026-05-22,2026-05-23,2,1_8,0,530.0,515.652,-14.347999999999956,0.16043412796174714,530.1604341279617,0,test_walk_forward,,2026-05,B_D15_cutoff_walk_forward,segment_bias,True,raw_da
2026-05-23 03:00:00,2026-05-23,2026-05-22,2026-05-23,3,1_8,0,519.0,502.637,-16.363,0.7284539035243089,519.7284539035243,0,test_walk_forward,,2026-05,B_D15_cutoff_walk_forward,segment_bias,True,raw_da
2026-05-23 04:00:00,2026-05-23,2026-05-22,2026-05-23,4,1_8,0,519.0,511.404,-7.596000000000004,0.7893866417769599,519.789386641777,0,test_walk_forward,,2026-05,B_D15_cutoff_walk_forward,segment_bias,True,raw_da
2026-05-23 05:00:00,2026-05-23,2026-05-22,2026-05-23,5,1_8,0,529.5,516.514,-12.98599999999999,1.6286503455659274,531.1286503455659,0,test_walk_forward,,2026-05,B_D15_cutoff_walk_forward,segment_bias,True,raw_da
2026-05-23 06:00:00,2026-05-23,2026-05-22,2026-05-23,6,1_8,0,530.5,515.742,-14.758000000000038,-0.4542823285751197,530.0457176714249,0,test_walk_forward,,2026-05,B_D15_cutoff_walk_forward,segment_bias,True,raw_da
2026-05-23 07:00:00,2026-05-23,2026-05-22,2026-05-23,7,1_8,0,501.5,440.928,-60.572,-9.228783930341674,492.27121606965835,0,test_walk_forward,,2026-05,B_D15_cutoff_walk_forward,segment_bias,True,raw_da
2026-05-23 08:00:00,2026-05-23,2026-05-22,2026-05-23,8,1_8,0,383.5,347.681,-35.81900000000002,-19.571567213491956,363.92843278650804,0,test_walk_forward,,2026-05,B_D15_cutoff_walk_forward,segment_bias,True,raw_da
2026-05-23 09:00:00,2026-05-23,2026-05-22,2026-05-23,9,9_16,1,250.0,245.1,-4.900000000000006,-47.617824450853206,202.38217554914678,0,test_walk_forward,,2026-05,B_D15_cutoff_walk_forward,segment_bias,True,raw_da
2026-05-23 10:00:00,2026-05-23,2026-05-22,2026-05-23,10,9_16,1,63.5,-80.0,-143.5,-66.84720067640869,-3.34720067640869,0,test_walk_forward,,2026-05,B_D15_cutoff_walk_forward,segment_bias,True,raw_da
2026-05-23 11:00:00,2026-05-23,2026-05-22,2026-05-23,11,9_16,1,46.0,-80.0,-126.0,-83.8617672274795,-37.861767227479504,0,test_walk_forward,,2026-05,B_D15_cutoff_walk_forward,segment_bias,True,raw_da
2026-05-23 12:00:00,2026-05-23,2026-05-22,2026-05-23,12,9_16,1,0.0,-80.0,-80.0,-67.74133352761616,-67.74133352761616,0,test_walk_forward,,2026-05,B_D15_cutoff_walk_forward,segment_bias,True,raw_da
2026-05-23 13:00:00,2026-05-23,2026-05-22,2026-05-23,13,9_16,1,0.0,-80.0,-80.0,-61.462154598817804,-61.462154598817804,0,test_walk_forward,,2026-05,B_D15_cutoff_walk_forward,segment_bias,True,raw_da
2026-05-23 14:00:00,2026-05-23,2026-05-22,2026-05-23,14,9_16,1,0.0,-80.0,-80.0,-23.425896496449237,-23.425896496449237,0,test_walk_forward,,2026-05,B_D15_cutoff_walk_forward,segment_bias,True,raw_da
2026-05-23 15:00:00,2026-05-23,2026-05-22,2026-05-23,15,9_16,1,100.0,-80.0,-180.0,-20.0633142434996,79.9366857565004,0,test_walk_forward,,2026-05,B_D15_cutoff_walk_forward,segment_bias,True,raw_da
2026-05-23 16:00:00,2026-05-23,2026-05-22,2026-05-23,16,9_16,1,347.25,150.66,-196.59,-20.395122752530717,326.8548772474693,0,test_walk_forward,,2026-05,B_D15_cutoff_walk_forward,segment_bias,True,raw_da
2026-05-23 17:00:00,2026-05-23,2026-05-22,2026-05-23,17,17_24,2,492.0,475.775,-16.225000000000023,-18.785378356262076,473.2146216437379,0,test_walk_forward,,2026-05,B_D15_cutoff_walk_forward,segment_bias,True,raw_da
2026-05-23 18:00:00,2026-05-23,2026-05-22,2026-05-23,18,17_24,2,527.0,513.967,-13.033000000000015,-0.4710023374701853,526.5289976625298,0,test_walk_forward,,2026-05,B_D15_cutoff_walk_forward,segment_bias,True,raw_da
2026-05-23 19:00:00,2026-05-23,2026-05-22,2026-05-23,19,17_24,2,550.0,520.067,-29.932999999999993,-0.0007919094106694242,549.9992080905894,0,test_walk_forward,,2026-05,B_D15_cutoff_walk_forward,segment_bias,True,raw_da
2026-05-23 20:00:00,2026-05-23,2026-05-22,2026-05-23,20,17_24,2,543.0,522.695,-20.30499999999995,-2.4254210948945683,540.5745789051055,0,test_walk_forward,,2026-05,B_D15_cutoff_walk_forward,segment_bias,True,raw_da
2026-05-23 21:00:00,2026-05-23,2026-05-22,2026-05-23,21,17_24,2,534.85,526.9,-7.9500000000000455,-2.0480262244908336,532.8019737755092,0,test_walk_forward,,2026-05,B_D15_cutoff_walk_forward,segment_bias,True,raw_da
2026-05-23 22:00:00,2026-05-23,2026-05-22,2026-05-23,22,17_24,2,542.0,532.379,-9.620999999999981,-4.584927312435596,537.4150726875644,0,test_walk_forward,,2026-05,B_D15_cutoff_walk_forward,segment_bias,True,raw_da
2026-05-23 23:00:00,2026-05-23,2026-05-22,2026-05-23,23,17_24,2,550.5,550.193,-0.30700000000001637,-5.430306846970165,545.0696931530298,0,test_walk_forward,,2026-05,B_D15_cutoff_walk_forward,segment_bias,True,raw_da
2026-05-24 00:00:00,2026-05-23,2026-05-22,2026-05-23,24,17_24,2,513.0,533.437,20.437000000000012,-4.443391567440539,508.55660843255947,1,test_walk_forward,,2026-05,B_D15_cutoff_walk_forward,segment_bias,True,raw_da
2026-05-24 01:00:00,2026-05-24,2026-05-23,2026-05-24,1,1_8,0,521.0,565.22,44.22000000000003,-6.7909560557776425,514.2090439442223,1,test_walk_forward,,2026-05,B_D15_cutoff_walk_forward,segment_bias,True,raw_da
2026-05-24 02:00:00,2026-05-24,2026-05-23,2026-05-24,2,1_8,0,492.5,536.208,43.70799999999997,-3.159164907015782,489.3408350929842,1,test_walk_forward,,2026-05,B_D15_cutoff_walk_forward,segment_bias,True,raw_da
2026-05-24 03:00:00,2026-05-24,2026-05-23,2026-05-24,3,1_8,0,494.65,516.252,21.601999999999975,-1.4533172687765228,493.19668273122346,1,test_walk_forward,,2026-05,B_D15_cutoff_walk_forward,segment_bias,True,raw_da
2026-05-24 04:00:00,2026-05-24,2026-05-23,2026-05-24,4,1_8,0,513.0,502.001,-10.999000000000024,-1.163717229977007,511.836282770023,0,test_walk_forward,,2026-05,B_D15_cutoff_walk_forward,segment_bias,True,raw_da
2026-05-24 05:00:00,2026-05-24,2026-05-23,2026-05-24,5,1_8,0,520.5,501.606,-18.894000000000005,-0.6764223965804713,519.8235776034195,0,test_walk_forward,,2026-05,B_D15_cutoff_walk_forward,segment_bias,True,raw_da
2026-05-24 06:00:00,2026-05-24,2026-05-23,2026-05-24,6,1_8,0,496.0,469.332,-26.668000000000006,-2.437090680347641,493.56290931965236,0,test_walk_forward,,2026-05,B_D15_cutoff_walk_forward,segment_bias,True,raw_da
2026-05-24 07:00:00,2026-05-24,2026-05-23,2026-05-24,7,1_8,0,431.425,268.572,-162.853,-27.357950992732103,404.0670490072679,0,test_walk_forward,,2026-05,B_D15_cutoff_walk_forward,segment_bias,True,raw_da
2026-05-24 08:00:00,2026-05-24,2026-05-23,2026-05-24,8,1_8,0,241.82,245.36,3.5400000000000205,-39.67162759100503,202.14837240899496,1,test_walk_forward,,2026-05,B_D15_cutoff_walk_forward,segment_bias,True,raw_da
2026-05-24 09:00:00,2026-05-24,2026-05-23,2026-05-24,9,9_16,1,112.64,276.824,164.18400000000003,-34.94464638708628,77.69535361291372,1,test_walk_forward,,2026-05,B_D15_cutoff_walk_forward,segment_bias,True,raw_da
2026-05-24 10:00:00,2026-05-24,2026-05-23,2026-05-24,10,9_16,1,0.0,-28.246,-28.246,-65.36022253747096,-65.36022253747096,0,test_walk_forward,,2026-05,B_D15_cutoff_walk_forward,segment_bias,True,raw_da
2026-05-24 11:00:00,2026-05-24,2026-05-23,2026-05-24,11,9_16,1,-16.738,-80.0,-63.262,-26.911484800382546,-43.649484800382545,0,test_walk_forward,,2026-05,B_D15_cutoff_walk_forward,segment_bias,True,raw_da
2026-05-24 12:00:00,2026-05-24,2026-05-23,2026-05-24,12,9_16,1,-40.0,61.836,101.836,-32.86705970175835,-72.86705970175835,1,test_walk_forward,,2026-05,B_D15_cutoff_walk_forward,segment_bias,True,raw_da
2026-05-24 13:00:00,2026-05-24,2026-05-23,2026-05-24,13,9_16,1,-15.0,-26.141,-11.140999999999998,-50.777638404345524,-65.77763840434552,0,test_walk_forward,,2026-05,B_D15_cutoff_walk_forward,segment_bias,True,raw_da
2026-05-24 14:00:00,2026-05-24,2026-05-23,2026-05-24,14,9_16,1,15.263,-45.997,-61.26,-38.855969436350364,-23.592969436350366,0,test_walk_forward,,2026-05,B_D15_cutoff_walk_forward,segment_bias,True,raw_da
2026-05-24 15:00:00,2026-05-24,2026-05-23,2026-05-24,15,9_16,1,23.61,-80.0,-103.61,-47.94071385723689,-24.330713857236887,0,test_walk_forward,,2026-05,B_D15_cutoff_walk_forward,segment_bias,True,raw_da
2026-05-24 16:00:00,2026-05-24,2026-05-23,2026-05-24,16,9_16,1,173.25,-80.0,-253.25,-12.575353394049877,160.67464660595013,0,test_walk_forward,,2026-05,B_D15_cutoff_walk_forward,segment_bias,True,raw_da
2026-05-24 17:00:00,2026-05-24,2026-05-23,2026-05-24,17,17_24,2,414.5,380.887,-33.613,9.813917427459215,424.3139174274592,0,test_walk_forward,,2026-05,B_D15_cutoff_walk_forward,segment_bias,True,raw_da
2026-05-24 18:00:00,2026-05-24,2026-05-23,2026-05-24,18,17_24,2,481.0,416.445,-64.555,4.499087037045441,485.49908703704546,0,test_walk_forward,,2026-05,B_D15_cutoff_walk_forward,segment_bias,True,raw_da
2026-05-24 19:00:00,2026-05-24,2026-05-23,2026-05-24,19,17_24,2,497.875,430.045,-67.82999999999998,0.8619286054293201,498.73692860542934,0,test_walk_forward,,2026-05,B_D15_cutoff_walk_forward,segment_bias,True,raw_da
2026-05-24 20:00:00,2026-05-24,2026-05-23,2026-05-24,20,17_24,2,499.5,424.835,-74.66500000000002,-1.1223543995596892,498.3776456004403,0,test_walk_forward,,2026-05,B_D15_cutoff_walk_forward,segment_bias,True,raw_da
2026-05-24 21:00:00,2026-05-24,2026-05-23,2026-05-24,21,17_24,2,499.75,425.905,-73.84500000000003,-3.182721560027968,496.56727843997203,0,test_walk_forward,,2026-05,B_D15_cutoff_walk_forward,segment_bias,True,raw_da
2026-05-24 22:00:00,2026-05-24,2026-05-23,2026-05-24,22,17_24,2,500.0,499.973,-0.026999999999986812,-2.8721725101141624,497.1278274898858,0,test_walk_forward,,2026-05,B_D15_cutoff_walk_forward,segment_bias,True,raw_da
2026-05-24 23:00:00,2026-05-24,2026-05-23,2026-05-24,23,17_24,2,499.625,546.258,46.63300000000004,-2.5887911250701574,497.03620887492986,1,test_walk_forward,,2026-05,B_D15_cutoff_walk_forward,segment_bias,True,raw_da
2026-05-25 00:00:00,2026-05-24,2026-05-23,2026-05-24,24,17_24,2,496.0,523.479,27.479000000000042,-6.683214569196282,489.3167854308037,1,test_walk_forward,,2026-05,B_D15_cutoff_walk_forward,segment_bias,True,raw_da
2026-05-25 01:00:00,2026-05-25,2026-05-24,2026-05-25,1,1_8,0,437.5,383.311,-54.18900000000002,-7.796188178768412,429.70381182123157,0,test_walk_forward,,2026-05,B_D15_cutoff_walk_forward,segment_bias,True,raw_da
2026-05-25 02:00:00,2026-05-25,2026-05-24,2026-05-25,2,1_8,0,424.5,364.238,-60.262,-5.232591135449887,419.26740886455013,0,test_walk_forward,,2026-05,B_D15_cutoff_walk_forward,segment_bias,True,raw_da
2026-05-25 03:00:00,2026-05-25,2026-05-24,2026-05-25,3,1_8,0,400.0,348.501,-51.499000000000024,-5.460199050531083,394.53980094946894,0,test_walk_forward,,2026-05,B_D15_cutoff_walk_forward,segment_bias,True,raw_da
2026-05-25 04:00:00,2026-05-25,2026-05-24,2026-05-25,4,1_8,0,380.0,342.466,-37.53399999999999,-20.976180768685524,359.02381923131446,0,test_walk_forward,,2026-05,B_D15_cutoff_walk_forward,segment_bias,True,raw_da
2026-05-25 05:00:00,2026-05-25,2026-05-24,2026-05-25,5,1_8,0,380.0,354.289,-25.711000000000013,-14.308960700765237,365.6910392992348,0,test_walk_forward,,2026-05,B_D15_cutoff_walk_forward,segment_bias,True,raw_da
2026-05-25 06:00:00,2026-05-25,2026-05-24,2026-05-25,6,1_8,0,353.5,360.623,7.1229999999999905,-14.420793160581326,339.0792068394187,1,test_walk_forward,,2026-05,B_D15_cutoff_walk_forward,segment_bias,True,raw_da
2026-05-25 07:00:00,2026-05-25,2026-05-24,2026-05-25,7,1_8,0,367.25,358.622,-8.627999999999986,-22.198534586218194,345.0514654137818,0,test_walk_forward,,2026-05,B_D15_cutoff_walk_forward,segment_bias,True,raw_da
2026-05-25 08:00:00,2026-05-25,2026-05-24,2026-05-25,8,1_8,0,385.0,332.408,-52.591999999999985,-1.8294856026670372,383.17051439733297,0,test_walk_forward,,2026-05,B_D15_cutoff_walk_forward,segment_bias,True,raw_da
2026-05-25 09:00:00,2026-05-25,2026-05-24,2026-05-25,9,9_16,1,432.0,357.498,-74.50200000000001,-2.8123671029611765,429.18763289703884,0,test_walk_forward,,2026-05,B_D15_cutoff_walk_forward,segment_bias,True,raw_da
2026-05-25 10:00:00,2026-05-25,2026-05-24,2026-05-25,10,9_16,1,444.5,366.583,-77.91699999999997,-20.793539892890646,423.70646010710936,0,test_walk_forward,,2026-05,B_D15_cutoff_walk_forward,segment_bias,True,raw_da
2026-05-25 11:00:00,2026-05-25,2026-05-24,2026-05-25,11,9_16,1,448.5,414.03,-34.47000000000003,-15.08890539989926,433.41109460010074,0,test_walk_forward,,2026-05,B_D15_cutoff_walk_forward,segment_bias,True,raw_da
2026-05-25 12:00:00,2026-05-25,2026-05-24,2026-05-25,12,9_16,1,471.0,421.759,-49.240999999999985,-18.643282298031277,452.3567177019687,0,test_walk_forward,,2026-05,B_D15_cutoff_walk_forward,segment_bias,True,raw_da
2026-05-25 13:00:00,2026-05-25,2026-05-24,2026-05-25,13,9_16,1,452.5,431.929,-20.571000000000026,-25.860239503184935,426.6397604968151,0,test_walk_forward,,2026-05,B_D15_cutoff_walk_forward,segment_bias,True,raw_da
2026-05-25 14:00:00,2026-05-25,2026-05-24,2026-05-25,14,9_16,1,462.0,441.659,-20.341000000000008,-16.048946635671104,445.9510533643289,0,test_walk_forward,,2026-05,B_D15_cutoff_walk_forward,segment_bias,True,raw_da
2026-05-25 15:00:00,2026-05-25,2026-05-24,2026-05-25,15,9_16,1,456.9,447.326,-9.573999999999955,-26.339470604764728,430.5605293952352,0,test_walk_forward,,2026-05,B_D15_cutoff_walk_forward,segment_bias,True,raw_da
2026-05-25 16:00:00,2026-05-25,2026-05-24,2026-05-25,16,9_16,1,451.5,444.022,-7.478000000000009,-18.022565382983554,433.47743461701646,0,test_walk_forward,,2026-05,B_D15_cutoff_walk_forward,segment_bias,True,raw_da
2026-05-25 17:00:00,2026-05-25,2026-05-24,2026-05-25,17,17_24,2,440.5,428.041,-12.459000000000003,-9.759097251821181,430.7409027481788,0,test_walk_forward,,2026-05,B_D15_cutoff_walk_forward,segment_bias,True,raw_da
2026-05-25 18:00:00,2026-05-25,2026-05-24,2026-05-25,18,17_24,2,423.5,393.591,-29.908999999999992,-7.686629440274418,415.81337055972557,0,test_walk_forward,,2026-05,B_D15_cutoff_walk_forward,segment_bias,True,raw_da
2026-05-25 19:00:00,2026-05-25,2026-05-24,2026-05-25,19,17_24,2,424.0,378.405,-45.59500000000003,-1.030513371706986,422.969486628293,0,test_walk_forward,,2026-05,B_D15_cutoff_walk_forward,segment_bias,True,raw_da
2026-05-25 20:00:00,2026-05-25,2026-05-24,2026-05-25,20,17_24,2,425.5,382.286,-43.214,-1.3272667580420956,424.1727332419579,0,test_walk_forward,,2026-05,B_D15_cutoff_walk_forward,segment_bias,True,raw_da
2026-05-25 21:00:00,2026-05-25,2026-05-24,2026-05-25,21,17_24,2,424.0,373.649,-50.351,-6.945362585710978,417.054637414289,0,test_walk_forward,,2026-05,B_D15_cutoff_walk_forward,segment_bias,True,raw_da
2026-05-25 22:00:00,2026-05-25,2026-05-24,2026-05-25,22,17_24,2,409.5,357.064,-52.43599999999998,-6.8135158509694325,402.68648414903055,0,test_walk_forward,,2026-05,B_D15_cutoff_walk_forward,segment_bias,True,raw_da
2026-05-25 23:00:00,2026-05-25,2026-05-24,2026-05-25,23,17_24,2,399.5,345.36,-54.139999999999986,-4.791600243102627,394.7083997568974,0,test_walk_forward,,2026-05,B_D15_cutoff_walk_forward,segment_bias,True,raw_da
2026-05-26 00:00:00,2026-05-25,2026-05-24,2026-05-25,24,17_24,2,390.0,319.546,-70.45400000000001,-9.177437467716707,380.8225625322833,0,test_walk_forward,,2026-05,B_D15_cutoff_walk_forward,segment_bias,True,raw_da
2026-05-26 01:00:00,2026-05-26,2026-05-25,2026-05-26,1,1_8,0,380.0,324.968,-55.03199999999998,-5.669659016121072,374.33034098387895,0,test_walk_forward,,2026-05,B_D15_cutoff_walk_forward,segment_bias,True,raw_da
2026-05-26 02:00:00,2026-05-26,2026-05-25,2026-05-26,2,1_8,0,360.5,303.981,-56.519000000000005,-14.110245559848845,346.38975444015114,0,test_walk_forward,,2026-05,B_D15_cutoff_walk_forward,segment_bias,True,raw_da
2026-05-26 03:00:00,2026-05-26,2026-05-25,2026-05-26,3,1_8,0,331.0,152.954,-178.046,-15.572459209770916,315.4275407902291,0,test_walk_forward,,2026-05,B_D15_cutoff_walk_forward,segment_bias,True,raw_da
2026-05-26 04:00:00,2026-05-26,2026-05-25,2026-05-26,4,1_8,0,328.5,107.77,-220.73000000000002,-14.459863870176381,314.0401361298236,0,test_walk_forward,,2026-05,B_D15_cutoff_walk_forward,segment_bias,True,raw_da
2026-05-26 05:00:00,2026-05-26,2026-05-25,2026-05-26,5,1_8,0,328.0,246.639,-81.36099999999999,-9.043346852090057,318.95665314790995,0,test_walk_forward,,2026-05,B_D15_cutoff_walk_forward,segment_bias,True,raw_da
2026-05-26 06:00:00,2026-05-26,2026-05-25,2026-05-26,6,1_8,0,329.0,256.835,-72.16500000000002,-4.198337110015226,324.80166288998475,0,test_walk_forward,,2026-05,B_D15_cutoff_walk_forward,segment_bias,True,raw_da
2026-05-26 07:00:00,2026-05-26,2026-05-25,2026-05-26,7,1_8,0,316.0,75.807,-240.19299999999998,-8.85104238482919,307.1489576151708,0,test_walk_forward,,2026-05,B_D15_cutoff_walk_forward,segment_bias,True,raw_da
2026-05-26 08:00:00,2026-05-26,2026-05-25,2026-05-26,8,1_8,0,345.0,112.078,-232.922,-2.480909319319132,342.51909068068085,0,test_walk_forward,,2026-05,B_D15_cutoff_walk_forward,segment_bias,True,raw_da
2026-05-26 09:00:00,2026-05-26,2026-05-25,2026-05-26,9,9_16,1,395.0,361.615,-33.38499999999999,-11.263297905926738,383.7367020940733,0,test_walk_forward,,2026-05,B_D15_cutoff_walk_forward,segment_bias,True,raw_da
2026-05-26 10:00:00,2026-05-26,2026-05-25,2026-05-26,10,9_16,1,382.5,363.142,-19.358000000000004,-20.19096828055653,362.30903171944345,0,test_walk_forward,,2026-05,B_D15_cutoff_walk_forward,segment_bias,True,raw_da
2026-05-26 11:00:00,2026-05-26,2026-05-25,2026-05-26,11,9_16,1,424.75,375.37,-49.379999999999995,-12.505112760293084,412.24488723970694,0,test_walk_forward,,2026-05,B_D15_cutoff_walk_forward,segment_bias,True,raw_da
2026-05-26 12:00:00,2026-05-26,2026-05-25,2026-05-26,12,9_16,1,425.0,384.594,-40.406000000000006,-64.2832829066367,360.7167170933633,0,test_walk_forward,,2026-05,B_D15_cutoff_walk_forward,segment_bias,True,raw_da
2026-05-26 13:00:00,2026-05-26,2026-05-25,2026-05-26,13,9_16,1,412.0,366.192,-45.80799999999999,-69.18497835915551,342.8150216408445,0,test_walk_forward,,2026-05,B_D15_cutoff_walk_forward,segment_bias,True,raw_da
2026-05-26 14:00:00,2026-05-26,2026-05-25,2026-05-26,14,9_16,1,398.5,378.807,-19.692999999999984,-58.54346841369647,339.9565315863035,0,test_walk_forward,,2026-05,B_D15_cutoff_walk_forward,segment_bias,True,raw_da
2026-05-26 15:00:00,2026-05-26,2026-05-25,2026-05-26,15,9_16,1,410.0,393.066,-16.934000000000026,-21.490371744697647,388.50962825530235,0,test_walk_forward,,2026-05,B_D15_cutoff_walk_forward,segment_bias,True,raw_da
2026-05-26 16:00:00,2026-05-26,2026-05-25,2026-05-26,16,9_16,1,398.0,376.108,-21.891999999999996,-21.834142962828732,376.1658570371713,0,test_walk_forward,,2026-05,B_D15_cutoff_walk_forward,segment_bias,True,raw_da
2026-05-26 17:00:00,2026-05-26,2026-05-25,2026-05-26,17,17_24,2,402.96,374.503,-28.456999999999994,-5.360707020552164,397.5992929794478,0,test_walk_forward,,2026-05,B_D15_cutoff_walk_forward,segment_bias,True,raw_da
2026-05-26 18:00:00,2026-05-26,2026-05-25,2026-05-26,18,17_24,2,404.25,362.777,-41.47300000000001,-7.744686768661213,396.5053132313388,0,test_walk_forward,,2026-05,B_D15_cutoff_walk_forward,segment_bias,True,raw_da
2026-05-26 19:00:00,2026-05-26,2026-05-25,2026-05-26,19,17_24,2,417.5,366.891,-50.60899999999998,-3.4299288042163893,414.0700711957836,0,test_walk_forward,,2026-05,B_D15_cutoff_walk_forward,segment_bias,True,raw_da
2026-05-26 20:00:00,2026-05-26,2026-05-25,2026-05-26,20,17_24,2,420.0,386.257,-33.742999999999995,-1.3350947818940682,418.66490521810596,0,test_walk_forward,,2026-05,B_D15_cutoff_walk_forward,segment_bias,True,raw_da
2026-05-26 21:00:00,2026-05-26,2026-05-25,2026-05-26,21,17_24,2,424.0,392.798,-31.201999999999998,-2.661359857470286,421.3386401425297,0,test_walk_forward,,2026-05,B_D15_cutoff_walk_forward,segment_bias,True,raw_da
2026-05-26 22:00:00,2026-05-26,2026-05-25,2026-05-26,22,17_24,2,431.0,393.246,-37.75400000000002,-1.1495694329799908,429.85043056702,0,test_walk_forward,,2026-05,B_D15_cutoff_walk_forward,segment_bias,True,raw_da
2026-05-26 23:00:00,2026-05-26,2026-05-25,2026-05-26,23,17_24,2,430.5,402.773,-27.726999999999975,-0.4826068824014406,430.01739311759854,0,test_walk_forward,,2026-05,B_D15_cutoff_walk_forward,segment_bias,True,raw_da
2026-05-27 00:00:00,2026-05-26,2026-05-25,2026-05-26,24,17_24,2,440.0,399.407,-40.59300000000002,-0.4444634347191983,439.5555365652808,0,test_walk_forward,,2026-05,B_D15_cutoff_walk_forward,segment_bias,True,raw_da
2026-05-27 01:00:00,2026-05-27,2026-05-26,2026-05-27,1,1_8,0,397.0,393.18,-3.819999999999993,-7.682598344708672,389.31740165529135,0,test_walk_forward,,2026-05,B_D15_cutoff_walk_forward,segment_bias,True,raw_da
2026-05-27 02:00:00,2026-05-27,2026-05-26,2026-05-27,2,1_8,0,382.59,382.532,-0.057999999999992724,-4.87960421447769,377.7103957855223,0,test_walk_forward,,2026-05,B_D15_cutoff_walk_forward,segment_bias,True,raw_da
2026-05-27 03:00:00,2026-05-27,2026-05-26,2026-05-27,3,1_8,0,380.23,380.252,0.02199999999999136,-4.006092715792546,376.2239072842075,1,test_walk_forward,,2026-05,B_D15_cutoff_walk_forward,segment_bias,True,raw_da
2026-05-27 04:00:00,2026-05-27,2026-05-26,2026-05-27,4,1_8,0,375.18,378.304,3.123999999999967,-0.32217640038275663,374.85782359961723,1,test_walk_forward,,2026-05,B_D15_cutoff_walk_forward,segment_bias,True,raw_da
2026-05-27 05:00:00,2026-05-27,2026-05-26,2026-05-27,5,1_8,0,372.52,374.804,2.283999999999992,1.668716371818098,374.1887163718181,1,test_walk_forward,,2026-05,B_D15_cutoff_walk_forward,segment_bias,True,raw_da
2026-05-27 06:00:00,2026-05-27,2026-05-26,2026-05-27,6,1_8,0,377.89,377.836,-0.053999999999973625,0.2945281802686254,378.1845281802686,0,test_walk_forward,,2026-05,B_D15_cutoff_walk_forward,segment_bias,True,raw_da
2026-05-27 07:00:00,2026-05-27,2026-05-26,2026-05-27,7,1_8,0,365.1,364.777,-0.3230000000000359,0.3375416011631129,365.43754160116316,0,test_walk_forward,,2026-05,B_D15_cutoff_walk_forward,segment_bias,True,raw_da
2026-05-27 08:00:00,2026-05-27,2026-05-26,2026-05-27,8,1_8,0,350.625,354.406,3.781000000000006,-0.44062640054599744,350.184373599454,1,test_walk_forward,,2026-05,B_D15_cutoff_walk_forward,segment_bias,True,raw_da
2026-05-27 09:00:00,2026-05-27,2026-05-26,2026-05-27,9,9_16,1,364.5,377.547,13.047000000000025,-6.403404891570689,358.0965951084293,1,test_walk_forward,,2026-05,B_D15_cutoff_walk_forward,segment_bias,True,raw_da
2026-05-27 10:00:00,2026-05-27,2026-05-26,2026-05-27,10,9_16,1,332.5,332.82,0.3199999999999932,-14.757717806260302,317.7422821937397,1,test_walk_forward,,2026-05,B_D15_cutoff_walk_forward,segment_bias,True,raw_da
2026-05-27 11:00:00,2026-05-27,2026-05-26,2026-05-27,11,9_16,1,336.25,400.474,64.22399999999999,-13.38632123753648,322.8636787624635,1,test_walk_forward,,2026-05,B_D15_cutoff_walk_forward,segment_bias,True,raw_da
2026-05-27 12:00:00,2026-05-27,2026-05-26,2026-05-27,12,9_16,1,317.5,277.823,-39.67700000000002,-25.440767601795116,292.05923239820487,0,test_walk_forward,,2026-05,B_D15_cutoff_walk_forward,segment_bias,True,raw_da
2026-05-27 13:00:00,2026-05-27,2026-05-26,2026-05-27,13,9_16,1,310.085,233.201,-76.88399999999999,-29.00194014659863,281.0830598534013,0,test_walk_forward,,2026-05,B_D15_cutoff_walk_forward,segment_bias,True,raw_da
2026-05-27 14:00:00,2026-05-27,2026-05-26,2026-05-27,14,9_16,1,317.0,407.411,90.411,-17.253797925825555,299.74620207417445,1,test_walk_forward,,2026-05,B_D15_cutoff_walk_forward,segment_bias,True,raw_da
2026-05-27 15:00:00,2026-05-27,2026-05-26,2026-05-27,15,9_16,1,322.5,371.777,49.27699999999999,-16.13480861237365,306.36519138762634,1,test_walk_forward,,2026-05,B_D15_cutoff_walk_forward,segment_bias,True,raw_da
2026-05-27 16:00:00,2026-05-27,2026-05-26,2026-05-27,16,9_16,1,325.0,375.126,50.125999999999976,-14.016478968428554,310.98352103157146,1,test_walk_forward,,2026-05,B_D15_cutoff_walk_forward,segment_bias,True,raw_da
2026-05-27 17:00:00,2026-05-27,2026-05-26,2026-05-27,17,17_24,2,400.0,399.759,-0.24099999999998545,-3.4637088987570483,396.53629110124297,0,test_walk_forward,,2026-05,B_D15_cutoff_walk_forward,segment_bias,True,raw_da
2026-05-27 18:00:00,2026-05-27,2026-05-26,2026-05-27,18,17_24,2,440.608,417.79,-22.817999999999984,-1.7018154088184023,438.9061845911816,0,test_walk_forward,,2026-05,B_D15_cutoff_walk_forward,segment_bias,True,raw_da
2026-05-27 19:00:00,2026-05-27,2026-05-26,2026-05-27,19,17_24,2,489.5,445.626,-43.874000000000024,-6.653421929119685,482.8465780708803,0,test_walk_forward,,2026-05,B_D15_cutoff_walk_forward,segment_bias,True,raw_da
2026-05-27 20:00:00,2026-05-27,2026-05-26,2026-05-27,20,17_24,2,503.45,447.577,-55.87299999999999,-10.971318341916808,492.4786816580832,0,test_walk_forward,,2026-05,B_D15_cutoff_walk_forward,segment_bias,True,raw_da
2026-05-27 21:00:00,2026-05-27,2026-05-26,2026-05-27,21,17_24,2,500.0,450.994,-49.00599999999997,-2.62925120536824,497.37074879463177,0,test_walk_forward,,2026-05,B_D15_cutoff_walk_forward,segment_bias,True,raw_da
2026-05-27 22:00:00,2026-05-27,2026-05-26,2026-05-27,22,17_24,2,489.5,452.995,-36.504999999999995,-4.49263255237903,485.007367447621,0,test_walk_forward,,2026-05,B_D15_cutoff_walk_forward,segment_bias,True,raw_da
2026-05-27 23:00:00,2026-05-27,2026-05-26,2026-05-27,23,17_24,2,479.5,458.14,-21.360000000000014,-0.4277067414510247,479.072293258549,0,test_walk_forward,,2026-05,B_D15_cutoff_walk_forward,segment_bias,True,raw_da
2026-05-28 00:00:00,2026-05-27,2026-05-26,2026-05-27,24,17_24,2,472.0,442.498,-29.50200000000001,-3.3169517641345028,468.6830482358655,0,test_walk_forward,,2026-05,B_D15_cutoff_walk_forward,segment_bias,True,raw_da
2026-05-28 01:00:00,2026-05-28,2026-05-27,2026-05-28,1,1_8,0,500.0,711.107,211.10699999999997,-1.7616146866455535,498.23838531335446,1,test_walk_forward,,2026-05,B_D15_cutoff_walk_forward,segment_bias,True,raw_da
2026-05-28 02:00:00,2026-05-28,2026-05-27,2026-05-28,2,1_8,0,499.0,657.929,158.92899999999997,-1.4608831909633837,497.5391168090366,1,test_walk_forward,,2026-05,B_D15_cutoff_walk_forward,segment_bias,True,raw_da
2026-05-28 03:00:00,2026-05-28,2026-05-27,2026-05-28,3,1_8,0,481.5,591.767,110.26700000000005,1.044121193918763,482.5441211939188,1,test_walk_forward,,2026-05,B_D15_cutoff_walk_forward,segment_bias,True,raw_da
2026-05-28 04:00:00,2026-05-28,2026-05-27,2026-05-28,4,1_8,0,480.5,534.721,54.221000000000004,0.7563465976203804,481.2563465976204,1,test_walk_forward,,2026-05,B_D15_cutoff_walk_forward,segment_bias,True,raw_da
2026-05-28 05:00:00,2026-05-28,2026-05-27,2026-05-28,5,1_8,0,482.5,496.421,13.920999999999992,3.4047542531502737,485.90475425315026,1,test_walk_forward,,2026-05,B_D15_cutoff_walk_forward,segment_bias,True,raw_da
2026-05-28 06:00:00,2026-05-28,2026-05-27,2026-05-28,6,1_8,0,429.25,342.134,-87.11599999999999,1.3372999334864217,430.5872999334864,0,test_walk_forward,,2026-05,B_D15_cutoff_walk_forward,segment_bias,True,raw_da
2026-05-28 07:00:00,2026-05-28,2026-05-27,2026-05-28,7,1_8,0,101.875,-80.0,-181.875,-14.61872025016166,87.25627974983834,0,test_walk_forward,,2026-05,B_D15_cutoff_walk_forward,segment_bias,True,raw_da
2026-05-28 08:00:00,2026-05-28,2026-05-27,2026-05-28,8,1_8,0,-61.0,-80.0,-19.0,-15.609272565412558,-76.60927256541255,0,test_walk_forward,,2026-05,B_D15_cutoff_walk_forward,segment_bias,True,raw_da
2026-05-28 09:00:00,2026-05-28,2026-05-27,2026-05-28,9,9_16,1,-60.0,-80.0,-20.0,-21.572842379912675,-81.57284237991267,0,test_walk_forward,,2026-05,B_D15_cutoff_walk_forward,segment_bias,True,raw_da
2026-05-28 10:00:00,2026-05-28,2026-05-27,2026-05-28,10,9_16,1,-75.0,-80.0,-5.0,-17.58784382470844,-92.58784382470844,0,test_walk_forward,,2026-05,B_D15_cutoff_walk_forward,segment_bias,True,raw_da
2026-05-28 11:00:00,2026-05-28,2026-05-27,2026-05-28,11,9_16,1,-75.0,-80.0,-5.0,-23.984334844626574,-98.98433484462657,0,test_walk_forward,,2026-05,B_D15_cutoff_walk_forward,segment_bias,True,raw_da
2026-05-28 12:00:00,2026-05-28,2026-05-27,2026-05-28,12,9_16,1,-75.0,-80.0,-5.0,-22.89584948979887,-97.89584948979888,0,test_walk_forward,,2026-05,B_D15_cutoff_walk_forward,segment_bias,True,raw_da
2026-05-28 13:00:00,2026-05-28,2026-05-27,2026-05-28,13,9_16,1,-75.0,-80.0,-5.0,-21.32686573220115,-96.32686573220116,0,test_walk_forward,,2026-05,B_D15_cutoff_walk_forward,segment_bias,True,raw_da
2026-05-28 14:00:00,2026-05-28,2026-05-27,2026-05-28,14,9_16,1,-75.0,-80.0,-5.0,-8.152614787888663,-83.15261478788867,0,test_walk_forward,,2026-05,B_D15_cutoff_walk_forward,segment_bias,True,raw_da
2026-05-28 15:00:00,2026-05-28,2026-05-27,2026-05-28,15,9_16,1,-70.0,-80.0,-10.0,-2.543240425580703,-72.5432404255807,0,test_walk_forward,,2026-05,B_D15_cutoff_walk_forward,segment_bias,True,raw_da
2026-05-28 16:00:00,2026-05-28,2026-05-27,2026-05-28,16,9_16,1,-9.31,-80.0,-70.69,0.7585167392411272,-8.551483260758873,0,test_walk_forward,,2026-05,B_D15_cutoff_walk_forward,segment_bias,True,raw_da
2026-05-28 17:00:00,2026-05-28,2026-05-27,2026-05-28,17,17_24,2,135.625,-59.305,-194.93,42.61372056203132,178.23872056203132,0,test_walk_forward,,2026-05,B_D15_cutoff_walk_forward,segment_bias,True,raw_da
2026-05-28 18:00:00,2026-05-28,2026-05-27,2026-05-28,18,17_24,2,457.663,324.225,-133.438,8.980840994568766,466.6438409945688,0,test_walk_forward,,2026-05,B_D15_cutoff_walk_forward,segment_bias,True,raw_da
2026-05-28 19:00:00,2026-05-28,2026-05-27,2026-05-28,19,17_24,2,555.5,585.779,30.278999999999996,2.3087182978661507,557.8087182978661,1,test_walk_forward,,2026-05,B_D15_cutoff_walk_forward,segment_bias,True,raw_da
2026-05-28 20:00:00,2026-05-28,2026-05-27,2026-05-28,20,17_24,2,606.155,626.224,20.069000000000074,-0.4105810458495007,605.7444189541504,1,test_walk_forward,,2026-05,B_D15_cutoff_walk_forward,segment_bias,True,raw_da
2026-05-28 21:00:00,2026-05-28,2026-05-27,2026-05-28,21,17_24,2,630.55,653.714,23.1640000000001,-2.7364604558498384,627.8135395441501,1,test_walk_forward,,2026-05,B_D15_cutoff_walk_forward,segment_bias,True,raw_da
2026-05-28 22:00:00,2026-05-28,2026-05-27,2026-05-28,22,17_24,2,581.0,726.106,145.106,-1.192079534516975,579.807920465483,1,test_walk_forward,,2026-05,B_D15_cutoff_walk_forward,segment_bias,True,raw_da
2026-05-28 23:00:00,2026-05-28,2026-05-27,2026-05-28,23,17_24,2,629.125,725.419,96.29399999999998,-1.888158421590604,627.2368415784094,1,test_walk_forward,,2026-05,B_D15_cutoff_walk_forward,segment_bias,True,raw_da
2026-05-29 00:00:00,2026-05-28,2026-05-27,2026-05-28,24,17_24,2,610.0,719.91,109.90999999999997,-3.105897204717988,606.894102795282,1,test_walk_forward,,2026-05,B_D15_cutoff_walk_forward,segment_bias,True,raw_da
2026-05-29 01:00:00,2026-05-29,2026-05-28,2026-05-29,1,1_8,0,635.0,676.858,41.85799999999995,-2.3232903622878847,632.6767096377121,1,test_walk_forward,,2026-05,B_D15_cutoff_walk_forward,segment_bias,True,raw_da
2026-05-29 02:00:00,2026-05-29,2026-05-28,2026-05-29,2,1_8,0,597.0,644.4,47.39999999999998,-6.400859579142421,590.5991404208576,1,test_walk_forward,,2026-05,B_D15_cutoff_walk_forward,segment_bias,True,raw_da
2026-05-29 03:00:00,2026-05-29,2026-05-28,2026-05-29,3,1_8,0,583.0,590.07,7.07000000000005,-6.235405676384231,576.7645943236158,1,test_walk_forward,,2026-05,B_D15_cutoff_walk_forward,segment_bias,True,raw_da
2026-05-29 04:00:00,2026-05-29,2026-05-28,2026-05-29,4,1_8,0,576.5,583.821,7.321000000000026,-8.190446908791014,568.309553091209,1,test_walk_forward,,2026-05,B_D15_cutoff_walk_forward,segment_bias,True,raw_da
2026-05-29 05:00:00,2026-05-29,2026-05-28,2026-05-29,5,1_8,0,566.75,603.005,36.254999999999995,-13.576951688041431,553.1730483119586,1,test_walk_forward,,2026-05,B_D15_cutoff_walk_forward,segment_bias,True,raw_da
2026-05-29 06:00:00,2026-05-29,2026-05-28,2026-05-29,6,1_8,0,507.5,536.716,29.216000000000008,-4.6797312732860235,502.82026872671395,1,test_walk_forward,,2026-05,B_D15_cutoff_walk_forward,segment_bias,True,raw_da
2026-05-29 07:00:00,2026-05-29,2026-05-28,2026-05-29,7,1_8,0,200.75,326.478,125.72800000000001,-28.273646768350627,172.47635323164937,1,test_walk_forward,,2026-05,B_D15_cutoff_walk_forward,segment_bias,True,raw_da
2026-05-29 08:00:00,2026-05-29,2026-05-28,2026-05-29,8,1_8,0,-39.5,-9.834,29.666,-24.968186196889402,-64.4681861968894,1,test_walk_forward,,2026-05,B_D15_cutoff_walk_forward,segment_bias,True,raw_da
2026-05-29 09:00:00,2026-05-29,2026-05-28,2026-05-29,9,9_16,1,-74.625,-80.0,-5.375,-15.719771744647863,-90.34477174464786,0,test_walk_forward,,2026-05,B_D15_cutoff_walk_forward,segment_bias,True,raw_da
2026-05-29 10:00:00,2026-05-29,2026-05-28,2026-05-29,10,9_16,1,-75.0,-80.0,-5.0,-11.433058329237452,-86.43305832923745,0,test_walk_forward,,2026-05,B_D15_cutoff_walk_forward,segment_bias,True,raw_da
2026-05-29 11:00:00,2026-05-29,2026-05-28,2026-05-29,11,9_16,1,-76.0,-80.0,-4.0,-12.694953886558762,-88.69495388655876,0,test_walk_forward,,2026-05,B_D15_cutoff_walk_forward,segment_bias,True,raw_da
2026-05-29 12:00:00,2026-05-29,2026-05-28,2026-05-29,12,9_16,1,-75.5,-80.0,-4.5,-10.439285502774377,-85.93928550277438,0,test_walk_forward,,2026-05,B_D15_cutoff_walk_forward,segment_bias,True,raw_da
2026-05-29 13:00:00,2026-05-29,2026-05-28,2026-05-29,13,9_16,1,-75.0,-80.0,-5.0,-9.80070633507278,-84.80070633507277,0,test_walk_forward,,2026-05,B_D15_cutoff_walk_forward,segment_bias,True,raw_da
2026-05-29 14:00:00,2026-05-29,2026-05-28,2026-05-29,14,9_16,1,-75.0,-80.0,-5.0,-7.9757613705742045,-82.9757613705742,0,test_walk_forward,,2026-05,B_D15_cutoff_walk_forward,segment_bias,True,raw_da
2026-05-29 15:00:00,2026-05-29,2026-05-28,2026-05-29,15,9_16,1,-69.0,-80.0,-11.0,-9.769430507526202,-78.76943050752621,0,test_walk_forward,,2026-05,B_D15_cutoff_walk_forward,segment_bias,True,raw_da
2026-05-29 16:00:00,2026-05-29,2026-05-28,2026-05-29,16,9_16,1,-40.0,-80.0,-40.0,14.7336847288189,-25.2663152711811,0,test_walk_forward,,2026-05,B_D15_cutoff_walk_forward,segment_bias,True,raw_da
2026-05-29 17:00:00,2026-05-29,2026-05-28,2026-05-29,17,17_24,2,240.76,310.902,70.142,16.287588406923707,257.0475884069237,1,test_walk_forward,,2026-05,B_D15_cutoff_walk_forward,segment_bias,True,raw_da
2026-05-29 18:00:00,2026-05-29,2026-05-28,2026-05-29,18,17_24,2,497.235,381.444,-115.791,-9.771727442135822,487.4632725578642,0,test_walk_forward,,2026-05,B_D15_cutoff_walk_forward,segment_bias,True,raw_da
2026-05-29 19:00:00,2026-05-29,2026-05-28,2026-05-29,19,17_24,2,592.5,438.771,-153.72899999999998,-22.76437028099827,569.7356297190017,0,test_walk_forward,,2026-05,B_D15_cutoff_walk_forward,segment_bias,True,raw_da
2026-05-29 20:00:00,2026-05-29,2026-05-28,2026-05-29,20,17_24,2,609.0,510.443,-98.55700000000002,-24.565003055622128,584.4349969443779,0,test_walk_forward,,2026-05,B_D15_cutoff_walk_forward,segment_bias,True,raw_da
2026-05-29 21:00:00,2026-05-29,2026-05-28,2026-05-29,21,17_24,2,601.0,519.438,-81.56200000000001,-27.843962537419994,573.15603746258,0,test_walk_forward,,2026-05,B_D15_cutoff_walk_forward,segment_bias,True,raw_da
2026-05-29 22:00:00,2026-05-29,2026-05-28,2026-05-29,22,17_24,2,580.58,523.037,-57.543000000000006,-20.536286291186443,560.0437137088136,0,test_walk_forward,,2026-05,B_D15_cutoff_walk_forward,segment_bias,True,raw_da
2026-05-29 23:00:00,2026-05-29,2026-05-28,2026-05-29,23,17_24,2,583.59,497.165,-86.42500000000001,-24.276415817414655,559.3135841825854,0,test_walk_forward,,2026-05,B_D15_cutoff_walk_forward,segment_bias,True,raw_da
2026-05-30 00:00:00,2026-05-29,2026-05-28,2026-05-29,24,17_24,2,541.25,474.295,-66.95499999999998,-11.059741703287733,530.1902582967123,0,test_walk_forward,,2026-05,B_D15_cutoff_walk_forward,segment_bias,True,raw_da
2026-05-30 01:00:00,2026-05-30,2026-05-29,2026-05-30,1,1_8,0,632.5,683.303,50.803,-27.105555495011565,605.3944445049884,1,test_walk_forward,,2026-05,B_D15_cutoff_walk_forward,segment_bias,True,raw_da
2026-05-30 02:00:00,2026-05-30,2026-05-29,2026-05-30,2,1_8,0,600.0,576.817,-23.182999999999993,-25.367263238349988,574.63273676165,0,test_walk_forward,,2026-05,B_D15_cutoff_walk_forward,segment_bias,True,raw_da
2026-05-30 03:00:00,2026-05-30,2026-05-29,2026-05-30,3,1_8,0,550.625,486.381,-64.24400000000003,-13.367370123798898,537.2576298762011,0,test_walk_forward,,2026-05,B_D15_cutoff_walk_forward,segment_bias,True,raw_da
2026-05-30 04:00:00,2026-05-30,2026-05-29,2026-05-30,4,1_8,0,547.5,455.865,-91.63499999999999,-12.100172966070955,535.399827033929,0,test_walk_forward,,2026-05,B_D15_cutoff_walk_forward,segment_bias,True,raw_da
2026-05-30 05:00:00,2026-05-30,2026-05-29,2026-05-30,5,1_8,0,560.0,488.102,-71.89800000000002,-9.413947217393849,550.5860527826062,0,test_walk_forward,,2026-05,B_D15_cutoff_walk_forward,segment_bias,True,raw_da
2026-05-30 06:00:00,2026-05-30,2026-05-29,2026-05-30,6,1_8,0,499.0,262.848,-236.152,-12.535534237331762,486.4644657626682,0,test_walk_forward,,2026-05,B_D15_cutoff_walk_forward,segment_bias,True,raw_da
2026-05-30 07:00:00,2026-05-30,2026-05-29,2026-05-30,7,1_8,0,0.0,-80.0,-80.0,-3.5417470718664994,-3.5417470718664994,0,test_walk_forward,,2026-05,B_D15_cutoff_walk_forward,segment_bias,True,raw_da
2026-05-30 08:00:00,2026-05-30,2026-05-29,2026-05-30,8,1_8,0,-72.355,-80.0,-7.644999999999996,-11.229070314730304,-83.58407031473031,0,test_walk_forward,,2026-05,B_D15_cutoff_walk_forward,segment_bias,True,raw_da
2026-05-30 09:00:00,2026-05-30,2026-05-29,2026-05-30,9,9_16,1,-77.0,-80.0,-3.0,-19.555038754445246,-96.55503875444525,0,test_walk_forward,,2026-05,B_D15_cutoff_walk_forward,segment_bias,True,raw_da
2026-05-30 10:00:00,2026-05-30,2026-05-29,2026-05-30,10,9_16,1,-79.0,-80.0,-1.0,-19.511415196152807,-98.51141519615281,0,test_walk_forward,,2026-05,B_D15_cutoff_walk_forward,segment_bias,True,raw_da
2026-05-30 11:00:00,2026-05-30,2026-05-29,2026-05-30,11,9_16,1,-79.0,-80.0,-1.0,-27.970354858745587,-106.9703548587456,0,test_walk_forward,,2026-05,B_D15_cutoff_walk_forward,segment_bias,True,raw_da
2026-05-30 12:00:00,2026-05-30,2026-05-29,2026-05-30,12,9_16,1,-79.0,-80.0,-1.0,-26.656809261842728,-105.65680926184272,0,test_walk_forward,,2026-05,B_D15_cutoff_walk_forward,segment_bias,True,raw_da
2026-05-30 13:00:00,2026-05-30,2026-05-29,2026-05-30,13,9_16,1,-79.0,-80.0,-1.0,-23.498414903923607,-102.4984149039236,0,test_walk_forward,,2026-05,B_D15_cutoff_walk_forward,segment_bias,True,raw_da
2026-05-30 14:00:00,2026-05-30,2026-05-29,2026-05-30,14,9_16,1,-79.0,-80.0,-1.0,-27.153709578905254,-106.15370957890525,0,test_walk_forward,,2026-05,B_D15_cutoff_walk_forward,segment_bias,True,raw_da
2026-05-30 15:00:00,2026-05-30,2026-05-29,2026-05-30,15,9_16,1,-77.0,-80.0,-3.0,-29.26397832948837,-106.26397832948837,0,test_walk_forward,,2026-05,B_D15_cutoff_walk_forward,segment_bias,True,raw_da
2026-05-30 16:00:00,2026-05-30,2026-05-29,2026-05-30,16,9_16,1,-70.0,-80.0,-10.0,-12.817748700165204,-82.8177487001652,0,test_walk_forward,,2026-05,B_D15_cutoff_walk_forward,segment_bias,True,raw_da
2026-05-30 17:00:00,2026-05-30,2026-05-29,2026-05-30,17,17_24,2,60.0,-80.0,-140.0,30.25767137906801,90.25767137906801,0,test_walk_forward,,2026-05,B_D15_cutoff_walk_forward,segment_bias,True,raw_da
2026-05-30 18:00:00,2026-05-30,2026-05-29,2026-05-30,18,17_24,2,447.763,392.322,-55.440999999999974,0.22607420259647873,447.98907420259644,0,test_walk_forward,,2026-05,B_D15_cutoff_walk_forward,segment_bias,True,raw_da
2026-05-30 19:00:00,2026-05-30,2026-05-29,2026-05-30,19,17_24,2,539.5,512.436,-27.063999999999965,2.0317737183809266,541.5317737183809,0,test_walk_forward,,2026-05,B_D15_cutoff_walk_forward,segment_bias,True,raw_da
2026-05-30 20:00:00,2026-05-30,2026-05-29,2026-05-30,20,17_24,2,605.3,384.975,-220.32499999999993,-31.455930321374442,573.8440696786255,0,test_walk_forward,,2026-05,B_D15_cutoff_walk_forward,segment_bias,True,raw_da
2026-05-30 21:00:00,2026-05-30,2026-05-29,2026-05-30,21,17_24,2,595.475,350.294,-245.18100000000004,-30.37957431304208,565.0954256869579,0,test_walk_forward,,2026-05,B_D15_cutoff_walk_forward,segment_bias,True,raw_da
2026-05-30 22:00:00,2026-05-30,2026-05-29,2026-05-30,22,17_24,2,580.0,330.456,-249.54399999999998,-32.20790490922423,547.7920950907758,0,test_walk_forward,,2026-05,B_D15_cutoff_walk_forward,segment_bias,True,raw_da
2026-05-30 23:00:00,2026-05-30,2026-05-29,2026-05-30,23,17_24,2,580.0,365.531,-214.469,-35.92293584028639,544.0770641597136,0,test_walk_forward,,2026-05,B_D15_cutoff_walk_forward,segment_bias,True,raw_da
2026-05-31 00:00:00,2026-05-30,2026-05-29,2026-05-30,24,17_24,2,525.2,338.374,-186.82600000000002,-14.370233765831246,510.8297662341688,0,test_walk_forward,,2026-05,B_D15_cutoff_walk_forward,segment_bias,True,raw_da
2026-05-31 01:00:00,2026-05-31,2026-05-30,2026-05-31,1,1_8,0,400.0,309.93,-90.07,-12.631916089024166,387.3680839109758,0,test_walk_forward,,2026-05,B_D15_cutoff_walk_forward,segment_bias,True,raw_da
2026-05-31 02:00:00,2026-05-31,2026-05-30,2026-05-31,2,1_8,0,390.0,50.771,-339.229,-35.37671240968551,354.6232875903145,0,test_walk_forward,,2026-05,B_D15_cutoff_walk_forward,segment_bias,True,raw_da
2026-05-31 03:00:00,2026-05-31,2026-05-30,2026-05-31,3,1_8,0,335.5,-4.226,-339.726,-43.87073922277124,291.62926077722875,0,test_walk_forward,,2026-05,B_D15_cutoff_walk_forward,segment_bias,True,raw_da
2026-05-31 04:00:00,2026-05-31,2026-05-30,2026-05-31,4,1_8,0,299.0,-46.856,-345.856,-27.612809462294173,271.3871905377058,0,test_walk_forward,,2026-05,B_D15_cutoff_walk_forward,segment_bias,True,raw_da
2026-05-31 05:00:00,2026-05-31,2026-05-30,2026-05-31,5,1_8,0,295.0,-21.596,-316.596,-47.211531677159286,247.7884683228407,0,test_walk_forward,,2026-05,B_D15_cutoff_walk_forward,segment_bias,True,raw_da
2026-05-31 06:00:00,2026-05-31,2026-05-30,2026-05-31,6,1_8,0,292.0,-80.0,-372.0,-44.97723725676738,247.02276274323262,0,test_walk_forward,,2026-05,B_D15_cutoff_walk_forward,segment_bias,True,raw_da
2026-05-31 07:00:00,2026-05-31,2026-05-30,2026-05-31,7,1_8,0,-66.0,-80.0,-14.0,-20.78251128553497,-86.78251128553497,0,test_walk_forward,,2026-05,B_D15_cutoff_walk_forward,segment_bias,True,raw_da
2026-05-31 08:00:00,2026-05-31,2026-05-30,2026-05-31,8,1_8,0,-75.0,-80.0,-5.0,-10.620666540433255,-85.62066654043326,0,test_walk_forward,,2026-05,B_D15_cutoff_walk_forward,segment_bias,True,raw_da
2026-05-31 09:00:00,2026-05-31,2026-05-30,2026-05-31,9,9_16,1,-75.0,-80.0,-5.0,-15.038658569142004,-90.038658569142,0,test_walk_forward,,2026-05,B_D15_cutoff_walk_forward,segment_bias,True,raw_da
2026-05-31 10:00:00,2026-05-31,2026-05-30,2026-05-31,10,9_16,1,-76.0,-80.0,-4.0,-19.261071939873755,-95.26107193987376,0,test_walk_forward,,2026-05,B_D15_cutoff_walk_forward,segment_bias,True,raw_da
2026-05-31 11:00:00,2026-05-31,2026-05-30,2026-05-31,11,9_16,1,-78.0,-80.0,-2.0,-13.719559015587745,-91.71955901558775,0,test_walk_forward,,2026-05,B_D15_cutoff_walk_forward,segment_bias,True,raw_da
2026-05-31 12:00:00,2026-05-31,2026-05-30,2026-05-31,12,9_16,1,-78.0,-80.0,-2.0,-12.6723775620797,-90.6723775620797,0,test_walk_forward,,2026-05,B_D15_cutoff_walk_forward,segment_bias,True,raw_da
2026-05-31 13:00:00,2026-05-31,2026-05-30,2026-05-31,13,9_16,1,-75.0,-80.0,-5.0,-15.280507636744538,-90.28050763674455,0,test_walk_forward,,2026-05,B_D15_cutoff_walk_forward,segment_bias,True,raw_da
2026-05-31 14:00:00,2026-05-31,2026-05-30,2026-05-31,14,9_16,1,-75.0,-80.0,-5.0,-12.773760149509105,-87.7737601495091,0,test_walk_forward,,2026-05,B_D15_cutoff_walk_forward,segment_bias,True,raw_da
2026-05-31 15:00:00,2026-05-31,2026-05-30,2026-05-31,15,9_16,1,-77.25,-80.0,-2.75,-16.73833571214186,-93.98833571214186,0,test_walk_forward,,2026-05,B_D15_cutoff_walk_forward,segment_bias,True,raw_da
2026-05-31 16:00:00,2026-05-31,2026-05-30,2026-05-31,16,9_16,1,-70.0,-80.0,-10.0,-13.761555195813447,-83.76155519581344,0,test_walk_forward,,2026-05,B_D15_cutoff_walk_forward,segment_bias,True,raw_da
2026-05-31 17:00:00,2026-05-31,2026-05-30,2026-05-31,17,17_24,2,17.18,-80.0,-97.18,-16.086131494043617,1.093868505956383,0,test_walk_forward,,2026-05,B_D15_cutoff_walk_forward,segment_bias,True,raw_da
2026-05-31 18:00:00,2026-05-31,2026-05-30,2026-05-31,18,17_24,2,237.5,23.993,-213.507,15.347478046571236,252.84747804657124,0,test_walk_forward,,2026-05,B_D15_cutoff_walk_forward,segment_bias,True,raw_da
2026-05-31 19:00:00,2026-05-31,2026-05-30,2026-05-31,19,17_24,2,400.0,429.74,29.74000000000001,-7.975429690416667,392.02457030958334,1,test_walk_forward,,2026-05,B_D15_cutoff_walk_forward,segment_bias,True,raw_da
2026-05-31 20:00:00,2026-05-31,2026-05-30,2026-05-31,20,17_24,2,422.0,357.769,-64.231,16.571051604150004,438.57105160415,0,test_walk_forward,,2026-05,B_D15_cutoff_walk_forward,segment_bias,True,raw_da
2026-05-31 21:00:00,2026-05-31,2026-05-30,2026-05-31,21,17_24,2,413.565,358.227,-55.33800000000002,5.953314750297814,419.5183147502978,0,test_walk_forward,,2026-05,B_D15_cutoff_walk_forward,segment_bias,True,raw_da
2026-05-31 22:00:00,2026-05-31,2026-05-30,2026-05-31,22,17_24,2,400.0,442.937,42.93700000000001,-1.7143965141132256,398.2856034858868,1,test_walk_forward,,2026-05,B_D15_cutoff_walk_forward,segment_bias,True,raw_da
2026-05-31 23:00:00,2026-05-31,2026-05-30,2026-05-31,23,17_24,2,400.0,364.417,-35.58300000000003,2.9666886280229017,402.9666886280229,0,test_walk_forward,,2026-05,B_D15_cutoff_walk_forward,segment_bias,True,raw_da
2026-06-01 00:00:00,2026-05-31,2026-05-30,2026-05-31,24,17_24,2,400.0,296.643,-103.35700000000003,4.667207756752221,404.66720775675225,0,test_walk_forward,,2026-05,B_D15_cutoff_walk_forward,segment_bias,True,raw_da
