ds,day_ahead_clearing_price,realtime_price,load,wind,solar,interconnect,bidding_space,renewable,task,target_day,decision_day,info_cutoff,hour_physical,hour_business,period,model_name,y_true,y_pred,pred_day_ahead_price,traded,profit_per_mwh
2026-06-01 00:00:00,400.0,296.643,63568.2925,20531.2525,11.6,17238.5,12660.44,20542.8525,da,2026-06-01,2026-05-31,2026-05-31 15:00:00,0,24,17_24,TimeMixer,400.0,479.53760444641114,,,
2026-06-01 01:00:00,360.0,365.425,62153.1425,19470.2425,12.8,18214.75,11648.85,19483.0425,da,2026-06-01,2026-05-31,2026-05-31 15:00:00,1,1,1_8,TimeMixer,360.0,353.1151272583008,,,
2026-06-01 02:00:00,352.613,356.766,60403.3875,18000.0875,12.1,18203.25,11381.45,18012.1875,da,2026-06-01,2026-05-31,2026-05-31 15:00:00,2,2,1_8,TimeMixer,352.613,301.3961486816406,,,
2026-06-01 03:00:00,363.975,355.431,58997.6075,16140.4525,12.5,18362.75,11675.405,16152.9525,da,2026-06-01,2026-05-31,2026-05-31 15:00:00,3,3,1_8,TimeMixer,363.975,273.77303790283196,,,
2026-06-01 04:00:00,387.378,322.16,58306.5325,14034.6075,12.3,18441.0,13012.125,14046.9075,da,2026-06-01,2026-05-31,2026-05-31 15:00:00,4,4,1_8,TimeMixer,387.378,267.36003236694336,,,
2026-06-01 05:00:00,396.5,359.101,58908.2725,12253.87,42.8275,18425.25,15379.825,12296.6975,da,2026-06-01,2026-05-31,2026-05-31 15:00:00,5,5,1_8,TimeMixer,396.5,257.4774642944336,,,
2026-06-01 06:00:00,376.25,362.442,60521.0325,10824.8125,1177.2125,19782.75,15929.7575,12002.025,da,2026-06-01,2026-05-31,2026-05-31 15:00:00,6,6,1_8,TimeMixer,376.25,264.6959762573242,,,
2026-06-01 07:00:00,100.0,34.998,59231.97,9471.93,4618.1675,22604.5,9734.6225,14090.0975,da,2026-06-01,2026-05-31,2026-05-31 15:00:00,7,7,1_8,TimeMixer,100.0,55.624948883056646,,,
2026-06-01 08:00:00,-70.0,-53.391,57053.2425,8060.2175,9894.59,23231.25,3123.185,17954.8075,da,2026-06-01,2026-05-31,2026-05-31 15:00:00,8,8,1_8,TimeMixer,-70.0,38.76429748535156,,,
2026-06-01 09:00:00,-70.0,155.503,55404.1975,6886.0175,15341.655,21785.75,-1340.725,22227.6725,da,2026-06-01,2026-05-31,2026-05-31 15:00:00,9,9,9_16,TimeMixer,-70.0,-20.7690399169922,,,
2026-06-01 10:00:00,-75.0,-74.006,52232.135,6213.605,19788.67,19803.25,-6304.89,26002.275,da,2026-06-01,2026-05-31,2026-05-31 15:00:00,10,10,9_16,TimeMixer,-75.0,-4.248104858398449,,,
2026-06-01 11:00:00,-75.0,-70.772,52965.7825,5818.94,22595.34,18915.5,-7095.4975,28414.28,da,2026-06-01,2026-05-31,2026-05-31 15:00:00,11,11,9_16,TimeMixer,-75.0,7.320208740234364,,,
2026-06-01 12:00:00,-75.0,-80.0,52004.3875,5520.07,23906.0975,18778.5,-8931.78,29426.1675,da,2026-06-01,2026-05-31,2026-05-31 15:00:00,12,12,9_16,TimeMixer,-75.0,6.0529632568359375,,,
2026-06-01 13:00:00,-75.0,-48.675,48133.1025,5212.01,23966.345,18870.0,-12646.7525,29178.355,da,2026-06-01,2026-05-31,2026-05-31 15:00:00,13,13,9_16,TimeMixer,-75.0,47.54137420654297,,,
2026-06-01 14:00:00,-75.0,-70.535,49869.2825,5133.3,22860.0125,19093.75,-9949.28,27993.3125,da,2026-06-01,2026-05-31,2026-05-31 15:00:00,14,14,9_16,TimeMixer,-75.0,30.39684143066404,,,
2026-06-01 15:00:00,-75.0,-80.0,52357.135,5314.7575,20252.735,19872.0,-5813.8575,25567.4925,da,2026-06-01,2026-05-31,2026-05-31 15:00:00,15,15,9_16,TimeMixer,-75.0,72.11752966308592,,,
2026-06-01 16:00:00,-49.34,-80.0,56616.005,5755.225,16034.66,20961.5,1133.12,21789.885,da,2026-06-01,2026-05-31,2026-05-31 15:00:00,16,16,9_16,TimeMixer,-49.34,68.00137182617186,,,
2026-06-01 17:00:00,310.77,195.515,62909.085,6349.8825,10476.0625,22054.25,11224.89,16825.945,da,2026-06-01,2026-05-31,2026-05-31 15:00:00,17,17,17_24,TimeMixer,310.77,145.0852419433594,,,
2026-06-01 18:00:00,398.5,550.118,68725.975,7147.135,4811.985,23777.5,20166.605,11959.12,da,2026-06-01,2026-05-31,2026-05-31 15:00:00,18,18,17_24,TimeMixer,398.5,321.6889741897583,,,
2026-06-01 19:00:00,514.873,562.554,73097.8075,8396.66,1117.75,23749.25,27007.6475,9514.41,da,2026-06-01,2026-05-31,2026-05-31 15:00:00,19,19,17_24,TimeMixer,514.873,403.03383560180663,,,
2026-06-01 20:00:00,505.875,547.537,75455.8675,10115.1525,30.07,22658.25,29825.895,10145.2225,da,2026-06-01,2026-05-31,2026-05-31 15:00:00,20,20,17_24,TimeMixer,505.875,442.3581712722778,,,
2026-06-01 21:00:00,501.375,608.046,74108.5375,11762.1275,12.2,21836.25,27671.46,11774.3275,da,2026-06-01,2026-05-31,2026-05-31 15:00:00,21,21,17_24,TimeMixer,501.375,406.43261114501956,,,
2026-06-01 22:00:00,446.875,613.371,71544.965,13293.875,12.7,20453.25,24958.64,13306.575,da,2026-06-01,2026-05-31,2026-05-31 15:00:00,22,22,17_24,TimeMixer,446.875,421.69619808197024,,,
2026-06-01 23:00:00,431.5,514.696,69346.56,14412.445,11.6,18884.25,23211.765,14424.045,da,2026-06-01,2026-05-31,2026-05-31 15:00:00,23,23,17_24,TimeMixer,431.5,409.622518157959,,,
2026-06-02 00:00:00,411.5,424.837,66235.8925,14977.5325,11.6,17302.5,21117.76,14989.1325,da,2026-06-02,2026-06-01,2026-06-01 15:00:00,0,24,17_24,TimeMixer,411.5,398.3568717956543,,,
2026-06-02 01:00:00,475.25,404.257,64207.3,14990.43,11.9,19762.25,16636.22,15002.33,da,2026-06-02,2026-06-01,2026-06-01 15:00:00,1,1,1_8,TimeMixer,475.25,327.3922592163086,,,
2026-06-02 02:00:00,400.0,354.302,62893.4325,14549.0375,12.0,19768.0,15757.895,14561.0375,da,2026-06-02,2026-06-01,2026-06-01 15:00:00,2,2,1_8,TimeMixer,400.0,286.62533173828126,,,
2026-06-02 03:00:00,400.0,341.615,61754.745,13852.8425,11.7,19802.0,15281.7025,13864.5425,da,2026-06-02,2026-06-01,2026-06-01 15:00:00,3,3,1_8,TimeMixer,400.0,276.7068994140625,,,
2026-06-02 04:00:00,411.5,335.385,60896.78,13008.9775,12.7,19810.75,15257.8525,13021.6775,da,2026-06-02,2026-06-01,2026-06-01 15:00:00,4,4,1_8,TimeMixer,411.5,322.61803535156247,,,
2026-06-02 05:00:00,433.67,369.238,61463.675,12166.9625,46.6175,19622.25,16821.345,12213.58,da,2026-06-02,2026-06-01,2026-06-01 15:00:00,5,5,1_8,TimeMixer,433.67,313.914599609375,,,
2026-06-02 06:00:00,367.5,272.422,62133.455,11289.655,1413.38,21046.5,15577.42,12703.035,da,2026-06-02,2026-06-01,2026-06-01 15:00:00,6,6,1_8,TimeMixer,367.5,315.3507354736328,,,
2026-06-02 07:00:00,86.0,-80.0,59664.2675,10065.22,5561.3475,24695.25,6539.7,15626.5675,da,2026-06-02,2026-06-01,2026-06-01 15:00:00,7,7,1_8,TimeMixer,86.0,140.70116119384767,,,
2026-06-02 08:00:00,-29.0,-80.0,57333.12,8461.9125,11567.755,25110.25,-550.7975,20029.6675,da,2026-06-02,2026-06-01,2026-06-01 15:00:00,8,8,1_8,TimeMixer,-29.0,29.071702575683588,,,
2026-06-02 09:00:00,-70.0,-80.0,55326.8325,7212.52,17103.6375,23052.0,-4772.825,24316.1575,da,2026-06-02,2026-06-01,2026-06-01 15:00:00,9,9,9_16,TimeMixer,-70.0,-34.22783813476562,,,
2026-06-02 10:00:00,-74.988,-80.0,52129.3675,6576.7625,21250.1625,21379.5,-9808.5575,27826.925,da,2026-06-02,2026-06-01,2026-06-01 15:00:00,10,10,9_16,TimeMixer,-74.988,-40.01676330566406,,,
2026-06-02 11:00:00,-75.0,-80.0,53060.835,6216.9125,23583.8975,19848.5,-9319.975,29800.81,da,2026-06-02,2026-06-01,2026-06-01 15:00:00,11,11,9_16,TimeMixer,-75.0,-28.573501586914062,,,
2026-06-02 12:00:00,-75.0,-66.698,52939.6825,5876.1575,24439.485,19613.0,-9720.46,30315.6425,da,2026-06-02,2026-06-01,2026-06-01 15:00:00,12,12,9_16,TimeMixer,-75.0,-25.9658203125,,,
2026-06-02 13:00:00,-75.0,-59.163,49009.885,5577.22,24309.4875,19613.25,-13221.5725,29886.7075,da,2026-06-02,2026-06-01,2026-06-01 15:00:00,13,13,9_16,TimeMixer,-75.0,20.422531127929688,,,
2026-06-02 14:00:00,-75.0,-56.988,51183.9875,5387.11,23204.6925,19750.25,-9889.565,28591.8025,da,2026-06-02,2026-06-01,2026-06-01 15:00:00,14,14,9_16,TimeMixer,-75.0,-3.3311538696289062,,,
2026-06-02 15:00:00,-70.0,-75.992,53589.2375,5430.4,20588.7225,19953.5,-5114.885,26019.1225,da,2026-06-02,2026-06-01,2026-06-01 15:00:00,15,15,9_16,TimeMixer,-70.0,30.814483642578125,,,
2026-06-02 16:00:00,-30.0,64.24,58034.0825,5741.44,16267.0825,21162.5,2131.56,22008.5225,da,2026-06-02,2026-06-01,2026-06-01 15:00:00,16,16,9_16,TimeMixer,-30.0,47.54161157226562,,,
2026-06-02 17:00:00,312.175,463.308,64635.1175,6309.735,10548.38,24231.0,10742.0025,16858.115,da,2026-06-02,2026-06-01,2026-06-01 15:00:00,17,17,17_24,TimeMixer,312.175,307.67591113281253,,,
2026-06-02 18:00:00,455.7,636.413,70477.2375,7228.7475,4785.135,25879.0,19761.605,12013.8825,da,2026-06-02,2026-06-01,2026-06-01 15:00:00,18,18,17_24,TimeMixer,455.7,394.05671100616456,,,
2026-06-02 19:00:00,546.81,594.886,74789.315,8605.4575,1119.1525,25774.0,26464.205,9724.61,da,2026-06-02,2026-06-01,2026-06-01 15:00:00,19,19,17_24,TimeMixer,546.81,456.35954485778814,,,
2026-06-02 20:00:00,546.75,510.564,77639.8725,10165.775,31.8,24847.0,29768.7975,10197.575,da,2026-06-02,2026-06-01,2026-06-01 15:00:00,20,20,17_24,TimeMixer,546.75,468.3312945365906,,,
2026-06-02 21:00:00,551.5,521.208,76700.5025,11524.0625,11.3,23057.0,29281.64,11535.3625,da,2026-06-02,2026-06-01,2026-06-01 15:00:00,21,21,17_24,TimeMixer,551.5,441.4648609161377,,,
2026-06-02 22:00:00,545.75,521.952,74308.615,12417.2025,11.9,21617.0,27436.0125,12429.1025,da,2026-06-02,2026-06-01,2026-06-01 15:00:00,22,22,17_24,TimeMixer,545.75,423.8201843261719,,,
2026-06-02 23:00:00,521.0,493.448,71600.08,12875.27,12.6,19987.25,25898.46,12887.87,da,2026-06-02,2026-06-01,2026-06-01 15:00:00,23,23,17_24,TimeMixer,521.0,422.24502525329586,,,
2026-06-03 00:00:00,500.0,615.833,67735.0225,12998.0875,11.4,18536.0,23363.035,13009.4875,da,2026-06-03,2026-06-02,2026-06-02 15:00:00,0,24,17_24,TimeMixer,500.0,396.99061660766597,,,
2026-06-03 01:00:00,494.0,516.964,67722.6825,11864.5675,12.6,19530.0,23609.015,11877.1675,da,2026-06-03,2026-06-02,2026-06-02 15:00:00,1,1,1_8,TimeMixer,494.0,400.24670257568357,,,
2026-06-03 02:00:00,447.0,471.11,65746.605,11612.245,12.1,19530.0,21885.76,11624.345,da,2026-06-03,2026-06-02,2026-06-02 15:00:00,2,2,1_8,TimeMixer,447.0,362.00315795898433,,,
2026-06-03 03:00:00,440.0,429.557,63826.375,11316.245,11.9,19530.0,20261.73,11328.145,da,2026-06-03,2026-06-02,2026-06-02 15:00:00,3,3,1_8,TimeMixer,440.0,337.46085845947266,,,
2026-06-03 04:00:00,445.5,434.58,62616.88,11012.2475,11.51,19530.0,19356.6225,11023.7575,da,2026-06-03,2026-06-02,2026-06-02 15:00:00,4,4,1_8,TimeMixer,445.5,379.45518753051755,,,
2026-06-03 05:00:00,412.5,481.472,63182.1775,10712.045,33.535,19361.0,20369.0975,10745.58,da,2026-06-03,2026-06-02,2026-06-02 15:00:00,5,5,1_8,TimeMixer,412.5,383.3779098815918,,,
2026-06-03 06:00:00,413.2,478.715,64286.2975,10211.7125,927.8625,20823.75,19616.4725,11139.575,da,2026-06-03,2026-06-02,2026-06-02 15:00:00,6,6,1_8,TimeMixer,413.2,321.99366394042966,,,
2026-06-03 07:00:00,274.313,317.513,64883.6825,9345.2725,3496.25,24590.5,14748.91,12841.5225,da,2026-06-03,2026-06-02,2026-06-02 15:00:00,7,7,1_8,TimeMixer,274.313,165.8086757659912,,,
2026-06-03 08:00:00,232.64,389.433,66791.265,8350.29,7483.3125,24902.75,13410.9125,15833.6025,da,2026-06-03,2026-06-02,2026-06-02 15:00:00,8,8,1_8,TimeMixer,232.64,120.15812287330627,,,
2026-06-03 09:00:00,276.0,465.032,67746.0425,7668.73,11866.3,22662.25,12917.2625,19535.03,da,2026-06-03,2026-06-02,2026-06-02 15:00:00,9,9,9_16,TimeMixer,276.0,137.24595938110352,,,
2026-06-03 10:00:00,95.5,482.101,66591.725,7610.97,15498.96,21138.0,9712.295,23109.93,da,2026-06-03,2026-06-02,2026-06-02 15:00:00,10,10,9_16,TimeMixer,95.5,164.18438353271483,,,
2026-06-03 11:00:00,4.5,488.563,65908.635,7765.9325,18279.0975,19475.0,7757.105,26045.03,da,2026-06-03,2026-06-02,2026-06-02 15:00:00,11,11,9_16,TimeMixer,4.5,157.62674560546873,,,
2026-06-03 12:00:00,30.5,477.629,63208.0,8036.2975,20044.51,19176.0,3319.6925,28080.8075,da,2026-06-03,2026-06-02,2026-06-02 15:00:00,12,12,9_16,TimeMixer,30.5,161.47345581054688,,,
2026-06-03 13:00:00,8.5,388.951,58326.6325,8222.8175,20462.5875,19150.25,-2140.5225,28685.405,da,2026-06-03,2026-06-02,2026-06-02 15:00:00,13,13,9_16,TimeMixer,8.5,151.9759130859375,,,
2026-06-03 14:00:00,6.56,202.338,60841.9975,8442.3375,19219.1125,19319.75,1229.2975,27661.45,da,2026-06-03,2026-06-02,2026-06-02 15:00:00,14,14,9_16,TimeMixer,6.56,161.3439105834961,,,
2026-06-03 15:00:00,83.25,119.573,64340.6375,8702.0175,16530.975,19568.5,6907.645,25232.9925,da,2026-06-03,2026-06-02,2026-06-02 15:00:00,15,15,9_16,TimeMixer,83.25,162.2655456542969,,,
2026-06-03 16:00:00,300.0,42.106,69173.92,9225.59,12580.81,20752.0,13984.02,21806.4,da,2026-06-03,2026-06-02,2026-06-02 15:00:00,16,16,9_16,TimeMixer,300.0,213.8166961669922,,,
2026-06-03 17:00:00,402.5,497.462,73973.2625,9860.7225,7867.675,23776.75,19764.115,17728.3975,da,2026-06-03,2026-06-02,2026-06-02 15:00:00,17,17,17_24,TimeMixer,402.5,366.891238861084,,,
2026-06-03 18:00:00,502.0,572.353,77364.875,10333.8175,3488.9125,25360.75,25458.645,13822.73,da,2026-06-03,2026-06-02,2026-06-02 15:00:00,18,18,17_24,TimeMixer,502.0,433.9074315757751,,,
2026-06-03 19:00:00,524.0,536.775,79504.52,10824.125,822.3525,25323.75,29807.7925,11646.4775,da,2026-06-03,2026-06-02,2026-06-02 15:00:00,19,19,17_24,TimeMixer,524.0,500.5659209594726,,,
2026-06-03 20:00:00,520.0,531.978,80497.1675,11263.1075,28.535,24610.75,31868.275,11291.6425,da,2026-06-03,2026-06-02,2026-06-02 15:00:00,20,20,17_24,TimeMixer,520.0,494.839407913208,,,
2026-06-03 21:00:00,527.0,539.882,79361.9475,11085.115,11.6,22984.25,32554.4825,11096.715,da,2026-06-03,2026-06-02,2026-06-02 15:00:00,21,21,17_24,TimeMixer,527.0,512.9612306747437,,,
2026-06-03 22:00:00,545.995,519.857,76176.1075,10720.945,12.6,21417.25,31298.8125,10733.545,da,2026-06-03,2026-06-02,2026-06-02 15:00:00,22,22,17_24,TimeMixer,545.995,487.05995571899416,,,
2026-06-03 23:00:00,540.5,421.655,72177.335,10239.8025,13.0,19640.5,29557.5325,10252.8025,da,2026-06-03,2026-06-02,2026-06-02 15:00:00,23,23,17_24,TimeMixer,540.5,516.6605054244994,,,
2026-06-04 00:00:00,540.5,414.112,70079.02,9437.9325,11.6,18387.75,29515.2375,9449.5325,da,2026-06-04,2026-06-03,2026-06-03 15:00:00,0,24,17_24,TimeMixer,540.5,483.2982891082764,,,
2026-06-04 01:00:00,525.0,590.569,62988.9225,8087.0075,0.0,19536.0,22759.415,8087.0075,da,2026-06-04,2026-06-03,2026-06-03 15:00:00,1,1,1_8,TimeMixer,525.0,503.0478139877319,,,
2026-06-04 02:00:00,502.5,491.713,61130.3225,7359.6275,0.0,19535.5,21628.695,7359.6275,da,2026-06-04,2026-06-03,2026-06-03 15:00:00,2,2,1_8,TimeMixer,502.5,459.35011606216426,,,
2026-06-04 03:00:00,457.5,629.895,59909.475,7012.0125,0.0,19534.75,20756.2125,7012.0125,da,2026-06-04,2026-06-03,2026-06-03 15:00:00,3,3,1_8,TimeMixer,457.5,446.2925917863846,,,
2026-06-04 04:00:00,450.0,490.96,59253.4825,7001.33,0.0125,19536.0,20109.64,7001.3425,da,2026-06-04,2026-06-03,2026-06-03 15:00:00,4,4,1_8,TimeMixer,450.0,480.78785095214846,,,
2026-06-04 05:00:00,412.299,618.688,59260.61,7174.565,50.445,19402.25,20026.85,7225.01,da,2026-06-04,2026-06-03,2026-06-03 15:00:00,5,5,1_8,TimeMixer,412.299,476.15581671142576,,,
2026-06-04 06:00:00,430.75,575.907,60559.4025,7401.87,932.98,20760.25,18857.8025,8334.85,da,2026-06-04,2026-06-03,2026-06-03 15:00:00,6,6,1_8,TimeMixer,430.75,458.83181862182613,,,
2026-06-04 07:00:00,329.61,378.624,60357.64,7411.75,3578.73,24238.5,12525.91,10990.48,da,2026-06-04,2026-06-03,2026-06-03 15:00:00,7,7,1_8,TimeMixer,329.61,264.4780330474853,,,
2026-06-04 08:00:00,255.5,429.017,62151.36,7396.1275,7697.1775,24670.0,9844.055,15093.305,da,2026-06-04,2026-06-03,2026-06-03 15:00:00,8,8,1_8,TimeMixer,255.5,147.06631697082517,,,
2026-06-04 09:00:00,136.0,626.057,61322.3575,7271.96,12271.7,22778.0,6469.1975,19543.66,da,2026-06-04,2026-06-03,2026-06-03 15:00:00,9,9,9_16,TimeMixer,136.0,101.52779922485351,,,
2026-06-04 10:00:00,0.0,441.169,58433.95,6897.08,16477.3575,21490.25,1037.7625,23374.4375,da,2026-06-04,2026-06-03,2026-06-03 15:00:00,10,10,9_16,TimeMixer,0.0,-30.42519683837891,,,
2026-06-04 11:00:00,-67.948,329.402,56438.5,6543.4825,19781.835,19966.0,-2384.3175,26325.3175,da,2026-06-04,2026-06-03,2026-06-03 15:00:00,11,11,9_16,TimeMixer,-67.948,-101.9511932373047,,,
2026-06-04 12:00:00,-44.5,-80.0,53094.375,6164.155,21758.7675,19744.0,-7104.0475,27922.9225,da,2026-06-04,2026-06-03,2026-06-03 15:00:00,12,12,9_16,TimeMixer,-44.5,-76.86024169921875,,,
2026-06-04 13:00:00,-45.875,-80.0,47976.4725,5748.9225,22296.2225,19744.0,-12344.1725,28045.145,da,2026-06-04,2026-06-03,2026-06-03 15:00:00,13,13,9_16,TimeMixer,-45.875,-62.41172637939453,,,
2026-06-04 14:00:00,-60.625,-80.0,49271.6375,5508.7425,21802.755,19842.75,-10414.11,27311.4975,da,2026-06-04,2026-06-03,2026-06-03 15:00:00,14,14,9_16,TimeMixer,-60.625,-53.70761572265625,,,
2026-06-04 15:00:00,-69.5,-80.0,52433.545,5352.405,19844.7125,19982.5,-5277.5725,25197.1175,da,2026-06-04,2026-06-03,2026-06-03 15:00:00,15,15,9_16,TimeMixer,-69.5,-5.975571441650395,,,
2026-06-04 16:00:00,-29.95,-80.0,57612.3125,5311.5775,16082.4,21134.5,2552.335,21393.9775,da,2026-06-04,2026-06-03,2026-06-03 15:00:00,16,16,9_16,TimeMixer,-29.95,199.3567803001404,,,
2026-06-04 17:00:00,260.5,147.833,63189.3425,5280.6375,10809.815,23959.25,10535.64,16090.4525,da,2026-06-04,2026-06-03,2026-06-03 15:00:00,17,17,17_24,TimeMixer,260.5,344.4594533920288,,,
2026-06-04 18:00:00,520.25,613.905,69110.315,5108.225,5133.285,25367.75,20878.305,10241.51,da,2026-06-04,2026-06-03,2026-06-03 15:00:00,18,18,17_24,TimeMixer,520.25,497.61202290964127,,,
2026-06-04 19:00:00,546.0,806.969,73030.935,5027.58,1270.625,25274.0,28832.23,6298.205,da,2026-06-04,2026-06-03,2026-06-03 15:00:00,19,19,17_24,TimeMixer,546.0,531.2213389930724,,,
2026-06-04 20:00:00,564.5,707.876,75885.3175,5355.4775,37.445,24354.0,33511.895,5392.9225,da,2026-06-04,2026-06-03,2026-06-03 15:00:00,20,20,17_24,TimeMixer,564.5,524.0769511413574,,,
2026-06-04 21:00:00,566.875,658.026,75159.125,5606.4525,0.0,22546.25,34379.9225,5606.4525,da,2026-06-04,2026-06-03,2026-06-03 15:00:00,21,21,17_24,TimeMixer,566.875,529.6996601104736,,,
2026-06-04 22:00:00,577.5,461.831,72706.57,5562.18,0.0,21144.5,33373.39,5562.18,da,2026-06-04,2026-06-03,2026-06-03 15:00:00,22,22,17_24,TimeMixer,577.5,522.4413214416504,,,
2026-06-04 23:00:00,580.75,407.503,69290.5125,5601.6525,0.0,19839.0,31223.36,5601.6525,da,2026-06-04,2026-06-03,2026-06-03 15:00:00,23,23,17_24,TimeMixer,580.75,557.5727240562439,,,
2026-06-05 00:00:00,582.5,620.44,66421.8975,5378.3475,0.0,18862.75,29554.3,5378.3475,da,2026-06-05,2026-06-04,2026-06-04 15:00:00,0,24,17_24,TimeMixer,582.5,572.566255569458,,,
2026-06-05 01:00:00,622.5,728.717,63848.0025,4461.875,0.0,19980.0,26994.6275,4461.875,da,2026-06-05,2026-06-04,2026-06-04 15:00:00,1,1,1_8,TimeMixer,622.5,609.4667053222656,,,
2026-06-05 02:00:00,595.688,642.313,61811.5,4301.8675,0.0,19989.0,25109.1325,4301.8675,da,2026-06-05,2026-06-04,2026-06-04 15:00:00,2,2,1_8,TimeMixer,595.688,548.4076622009277,,,
2026-06-05 03:00:00,580.5,611.88,60288.3775,4108.76,0.0,19998.75,23769.3675,4108.76,da,2026-06-05,2026-06-04,2026-06-04 15:00:00,3,3,1_8,TimeMixer,580.5,529.79951171875,,,
2026-06-05 04:00:00,569.5,534.406,59440.5,3912.095,0.01,20003.0,23113.895,3912.105,da,2026-06-05,2026-06-04,2026-06-04 15:00:00,4,4,1_8,TimeMixer,569.5,567.9698944091797,,,
2026-06-05 05:00:00,573.5,575.279,60328.725,3688.425,39.69,19828.0,24361.11,3728.115,da,2026-06-05,2026-06-04,2026-06-04 15:00:00,5,5,1_8,TimeMixer,573.5,566.404856237793,,,
2026-06-05 06:00:00,546.375,510.598,61250.8325,3302.7825,1429.9175,21189.25,22917.3825,4732.7,da,2026-06-05,2026-06-04,2026-06-04 15:00:00,6,6,1_8,TimeMixer,546.375,545.5032501220703,,,
2026-06-05 07:00:00,335.75,220.469,59688.3125,2709.5525,5525.7875,24632.25,14412.9725,8235.34,da,2026-06-05,2026-06-04,2026-06-04 15:00:00,7,7,1_8,TimeMixer,335.75,371.1001049194336,,,
2026-06-05 08:00:00,85.0,593.325,59199.7475,2099.98,11389.0625,25368.5,7993.205,13489.0425,da,2026-06-05,2026-06-04,2026-06-04 15:00:00,8,8,1_8,TimeMixer,85.0,224.91302108764646,,,
2026-06-05 09:00:00,-23.25,528.983,57042.325,1740.8725,16726.8375,23869.0,2369.115,18467.71,da,2026-06-05,2026-06-04,2026-06-04 15:00:00,9,9,9_16,TimeMixer,-23.25,64.13050422668456,,,
2026-06-05 10:00:00,-58.25,387.179,54282.65,1623.29,20863.6975,21998.5,-2517.5875,22486.9875,da,2026-06-05,2026-06-04,2026-06-04 15:00:00,10,10,9_16,TimeMixer,-58.25,-71.85249102783203,,,
2026-06-05 11:00:00,-61.5,339.317,53478.99,1626.675,23247.6125,20594.0,-4275.7975,24874.2875,da,2026-06-05,2026-06-04,2026-06-04 15:00:00,11,11,9_16,TimeMixer,-61.5,-127.86580775146484,,,
2026-06-05 12:00:00,-67.71,176.983,50758.3975,1679.905,24154.8625,20491.5,-7854.37,25834.7675,da,2026-06-05,2026-06-04,2026-06-04 15:00:00,12,12,9_16,TimeMixer,-67.71,-120.85439453125,,,
2026-06-05 13:00:00,-61.0,-80.0,46332.1275,1744.5575,24015.1625,20507.0,-12245.0925,25759.72,da,2026-06-05,2026-06-04,2026-06-04 15:00:00,13,13,9_16,TimeMixer,-61.0,-64.85662359619141,,,
2026-06-05 14:00:00,-67.225,-80.0,48669.5925,1837.545,22832.8775,20566.75,-8904.08,24670.4225,da,2026-06-05,2026-06-04,2026-06-04 15:00:00,14,14,9_16,TimeMixer,-67.225,-77.8973021850586,,,
2026-06-05 15:00:00,-61.0,-58.766,52859.7875,1937.3175,20203.3075,20619.0,-2236.3375,22140.625,da,2026-06-05,2026-06-04,2026-06-04 15:00:00,15,15,9_16,TimeMixer,-61.0,-58.48008361816405,,,
2026-06-05 16:00:00,-29.625,504.02,58183.4675,2118.115,15962.155,21741.75,6024.9475,18080.27,da,2026-06-05,2026-06-04,2026-06-04 15:00:00,16,16,9_16,TimeMixer,-29.625,4.48403289794922,,,
2026-06-05 17:00:00,356.04,526.577,64207.0975,2404.535,10415.3,24564.75,14413.5125,12819.835,da,2026-06-05,2026-06-04,2026-06-04 15:00:00,17,17,17_24,TimeMixer,356.04,294.49816783905027,,,
2026-06-05 18:00:00,538.35,641.0,69806.655,2881.645,4771.4175,25939.5,23786.3425,7653.0625,da,2026-06-05,2026-06-04,2026-06-04 15:00:00,18,18,17_24,TimeMixer,538.35,520.6920263671875,,,
2026-06-05 19:00:00,565.0,559.647,73387.1575,3715.325,1148.3575,25894.5,30197.475,4863.6825,da,2026-06-05,2026-06-04,2026-06-04 15:00:00,19,19,17_24,TimeMixer,565.0,556.0501979827881,,,
2026-06-05 20:00:00,570.0,550.782,76105.3175,4999.5325,23.8675,24988.25,33662.1675,5023.4,da,2026-06-05,2026-06-04,2026-06-04 15:00:00,20,20,17_24,TimeMixer,570.0,542.8857442855835,,,
2026-06-05 21:00:00,565.0,544.16,75732.825,6195.1875,0.0,23040.25,34065.8875,6195.1875,da,2026-06-05,2026-06-04,2026-06-04 15:00:00,21,21,17_24,TimeMixer,565.0,540.6497898101807,,,
2026-06-05 22:00:00,577.5,535.078,73232.8875,7070.7475,0.0,21691.25,32039.39,7070.7475,da,2026-06-05,2026-06-04,2026-06-04 15:00:00,22,22,17_24,TimeMixer,577.5,539.3554816436767,,,
2026-06-05 23:00:00,550.0,546.457,69444.87,7740.935,0.0,20079.0,29193.435,7740.935,da,2026-06-05,2026-06-04,2026-06-04 15:00:00,23,23,17_24,TimeMixer,550.0,550.5429414367676,,,
2026-06-06 00:00:00,550.0,660.329,67732.7375,7927.545,0.0,18537.5,28836.1925,7927.545,da,2026-06-06,2026-06-05,2026-06-05 15:00:00,0,24,17_24,TimeMixer,550.0,551.0820958614349,,,
2026-06-06 01:00:00,410.0,453.545,61442.71,9294.1,0.0,19771.0,19766.11,9294.1,da,2026-06-06,2026-06-05,2026-06-05 15:00:00,1,1,1_8,TimeMixer,410.0,622.0103394317628,,,
2026-06-06 02:00:00,399.5,415.271,59437.7875,8871.665,0.0,19771.0,18183.6225,8871.665,da,2026-06-06,2026-06-05,2026-06-05 15:00:00,2,2,1_8,TimeMixer,399.5,658.1490899780274,,,
2026-06-06 03:00:00,399.0,404.75,58407.5925,8456.46,0.0,19809.25,17530.3825,8456.46,da,2026-06-06,2026-06-05,2026-06-05 15:00:00,3,3,1_8,TimeMixer,399.0,597.3212036132812,,,
2026-06-06 04:00:00,389.5,410.307,57395.16,8180.5925,0.01,19813.25,16789.8075,8180.6025,da,2026-06-06,2026-06-05,2026-06-05 15:00:00,4,4,1_8,TimeMixer,389.5,604.7312362670898,,,
2026-06-06 05:00:00,399.5,406.147,58188.72,8127.8975,20.0825,19561.0,17868.24,8147.98,da,2026-06-06,2026-06-05,2026-06-05 15:00:00,5,5,1_8,TimeMixer,399.5,633.7121719360351,,,
2026-06-06 06:00:00,399.5,401.272,59496.495,7899.8525,411.12,20757.75,17816.2725,8310.9725,da,2026-06-06,2026-06-05,2026-06-05 15:00:00,6,6,1_8,TimeMixer,399.5,563.8532661437988,,,
2026-06-06 07:00:00,372.5,403.41,61845.96,7583.525,1347.505,24275.25,16031.93,8931.03,da,2026-06-06,2026-06-05,2026-06-05 15:00:00,7,7,1_8,TimeMixer,372.5,305.0652721405029,,,
2026-06-06 08:00:00,400.0,523.909,67201.5475,7262.5775,2718.2925,24776.75,19894.9275,9980.87,da,2026-06-06,2026-06-05,2026-06-05 15:00:00,8,8,1_8,TimeMixer,400.0,163.66640594482422,,,
2026-06-06 09:00:00,420.0,610.56,70356.865,6956.9525,4183.2,22833.25,23846.9625,11140.1525,da,2026-06-06,2026-06-05,2026-06-05 15:00:00,9,9,9_16,TimeMixer,420.0,203.24464111328126,,,
2026-06-06 10:00:00,430.22,662.967,71271.3375,6660.0625,5345.555,21288.0,25441.22,12005.6175,da,2026-06-06,2026-06-05,2026-06-05 15:00:00,10,10,9_16,TimeMixer,430.22,246.5218994140625,,,
2026-06-06 11:00:00,420.0,551.464,72871.7025,6810.5125,6154.5425,19802.5,27567.6475,12965.055,da,2026-06-06,2026-06-05,2026-06-05 15:00:00,11,11,9_16,TimeMixer,420.0,248.594970703125,,,
2026-06-06 12:00:00,415.0,431.376,71573.4,7255.5825,6662.7025,19638.75,25479.865,13918.285,da,2026-06-06,2026-06-05,2026-06-05 15:00:00,12,12,9_16,TimeMixer,415.0,248.63162939453125,,,
2026-06-06 13:00:00,395.0,27.266,66236.18,7985.35,6715.185,19638.0,19361.145,14700.535,da,2026-06-06,2026-06-05,2026-06-05 15:00:00,13,13,9_16,TimeMixer,395.0,201.06879272460938,,,
2026-06-06 14:00:00,400.0,345.015,68374.945,8768.2375,6347.1675,19732.0,20991.04,15115.405,da,2026-06-06,2026-06-05,2026-06-05 15:00:00,14,14,9_16,TimeMixer,400.0,192.76937011718752,,,
2026-06-06 15:00:00,407.5,345.259,70263.3075,9554.75,5495.96,19864.0,22812.0975,15050.71,da,2026-06-06,2026-06-05,2026-06-05 15:00:00,15,15,9_16,TimeMixer,407.5,178.91968383789063,,,
2026-06-06 16:00:00,420.1,369.377,71748.23,10336.97,4307.545,21007.5,23559.715,14644.515,da,2026-06-06,2026-06-05,2026-06-05 15:00:00,16,16,9_16,TimeMixer,420.1,238.98133850097656,,,
2026-06-06 17:00:00,407.5,339.255,71360.4175,10886.4925,2861.5425,23870.75,21132.6325,13748.035,da,2026-06-06,2026-06-05,2026-06-05 15:00:00,17,17,17_24,TimeMixer,407.5,361.13806936645506,,,
2026-06-06 18:00:00,401.125,339.494,72059.25,11085.44,1428.29,25367.25,21550.52,12513.73,da,2026-06-06,2026-06-05,2026-06-05 15:00:00,18,18,17_24,TimeMixer,401.125,511.51274579238884,,,
2026-06-06 19:00:00,418.875,317.718,70964.2525,11037.105,419.1975,25263.0,21613.45,11456.3025,da,2026-06-06,2026-06-05,2026-06-05 15:00:00,19,19,17_24,TimeMixer,418.875,543.7108125686646,,,
2026-06-06 20:00:00,440.0,394.174,71573.9075,10906.305,19.78,24336.75,23679.5725,10926.085,da,2026-06-06,2026-06-05,2026-06-05 15:00:00,20,20,17_24,TimeMixer,440.0,529.5029319763183,,,
2026-06-06 21:00:00,450.0,407.275,71004.08,10640.925,0.0,22545.75,25185.905,10640.925,da,2026-06-06,2026-06-05,2026-06-05 15:00:00,21,21,17_24,TimeMixer,450.0,563.1355776214599,,,
2026-06-06 22:00:00,444.875,403.961,68890.3775,10036.7075,0.0,21190.0,25032.17,10036.7075,da,2026-06-06,2026-06-05,2026-06-05 15:00:00,22,22,17_24,TimeMixer,444.875,565.5878837585449,,,
2026-06-06 23:00:00,437.75,388.058,65807.78,9364.115,0.0,19791.75,24020.415,9364.115,da,2026-06-06,2026-06-05,2026-06-05 15:00:00,23,23,17_24,TimeMixer,437.75,610.0817787170411,,,
2026-06-07 00:00:00,438.5,391.829,64516.3675,8814.745,0.0,18545.0,24525.1225,8814.745,da,2026-06-07,2026-06-06,2026-06-06 15:00:00,0,24,17_24,TimeMixer,438.5,521.9920043945312,,,
2026-06-07 01:00:00,558.5,504.699,62836.13,8798.6925,0.0,19622.25,21753.6875,8798.6925,da,2026-06-07,2026-06-06,2026-06-06 15:00:00,1,1,1_8,TimeMixer,558.5,450.54744758605955,,,
2026-06-07 02:00:00,522.5,450.695,61367.2175,8649.88,0.0,19622.75,20433.0875,8649.88,da,2026-06-07,2026-06-06,2026-06-06 15:00:00,2,2,1_8,TimeMixer,522.5,398.13167400360106,,,
2026-06-07 03:00:00,522.0,409.898,60138.8975,8529.58,0.0,19623.0,19324.8175,8529.58,da,2026-06-07,2026-06-06,2026-06-06 15:00:00,3,3,1_8,TimeMixer,522.0,385.0405704116821,,,
2026-06-07 04:00:00,491.5,391.717,59404.03,8413.7975,0.01,19623.0,18705.7225,8413.8075,da,2026-06-07,2026-06-06,2026-06-06 15:00:00,4,4,1_8,TimeMixer,491.5,407.24127235412595,,,
2026-06-07 05:00:00,502.5,422.348,59626.56,8205.195,30.685,19454.0,19275.18,8235.88,da,2026-06-07,2026-06-06,2026-06-06 15:00:00,5,5,1_8,TimeMixer,502.5,433.8422454833984,,,
2026-06-07 06:00:00,477.5,409.033,60065.785,7693.0125,1018.7375,20779.25,17913.285,8711.75,da,2026-06-07,2026-06-06,2026-06-06 15:00:00,6,6,1_8,TimeMixer,477.5,431.1901489257812,,,
2026-06-07 07:00:00,374.5,-14.36,60091.09,6817.5725,3929.475,24308.0,12378.2925,10747.0475,da,2026-06-07,2026-06-06,2026-06-06 15:00:00,7,7,1_8,TimeMixer,374.5,289.0047522735596,,,
2026-06-07 08:00:00,344.0,146.327,62697.8875,5860.7925,8387.0575,24720.25,11130.7875,14247.85,da,2026-06-07,2026-06-06,2026-06-06 15:00:00,8,8,1_8,TimeMixer,344.0,243.3549654464722,,,
2026-06-07 09:00:00,150.0,-25.442,61101.2075,5037.4825,13019.755,22707.0,7750.47,18057.2375,da,2026-06-07,2026-06-06,2026-06-06 15:00:00,9,9,9_16,TimeMixer,150.0,187.13639840698244,,,
2026-06-07 10:00:00,72.42,-80.0,58220.86,4385.9575,16763.6075,21299.5,3185.295,21149.565,da,2026-06-07,2026-06-06,2026-06-06 15:00:00,10,10,9_16,TimeMixer,72.42,137.59082415771485,,,
2026-06-07 11:00:00,-30.0,-80.0,56250.48,3915.395,19275.5725,19801.0,672.0125,23190.9675,da,2026-06-07,2026-06-06,2026-06-06 15:00:00,11,11,9_16,TimeMixer,-30.0,120.08839820556642,,,
2026-06-07 12:00:00,-30.0,-80.0,52225.7825,3564.97,20558.875,19629.75,-4114.3125,24123.845,da,2026-06-07,2026-06-06,2026-06-06 15:00:00,12,12,9_16,TimeMixer,-30.0,65.02308654785156,,,
2026-06-07 13:00:00,-30.0,-80.0,47741.2525,3280.175,20684.5075,19629.25,-8439.18,23964.6825,da,2026-06-07,2026-06-06,2026-06-06 15:00:00,13,13,9_16,TimeMixer,-30.0,134.1402130126953,,,
2026-06-07 14:00:00,-30.0,-75.965,49306.21,3141.3725,19858.425,19727.75,-6007.8375,22999.7975,da,2026-06-07,2026-06-06,2026-06-06 15:00:00,14,14,9_16,TimeMixer,-30.0,169.73612053222655,,,
2026-06-07 15:00:00,86.5,-71.22,51954.5875,2969.6325,17669.7875,19867.0,-1138.3325,20639.42,da,2026-06-07,2026-06-06,2026-06-06 15:00:00,15,15,9_16,TimeMixer,86.5,168.15950384521486,,,
2026-06-07 16:00:00,153.875,-77.837,54997.11,2695.295,14166.6625,21018.25,4530.4025,16861.9575,da,2026-06-07,2026-06-06,2026-06-06 15:00:00,16,16,9_16,TimeMixer,153.875,208.7188447570801,,,
2026-06-07 17:00:00,400.0,-14.331,57925.705,2436.5825,9559.5575,23887.25,9383.315,11996.14,da,2026-06-07,2026-06-06,2026-06-06 15:00:00,17,17,17_24,TimeMixer,400.0,313.65610262870786,,,
2026-06-07 18:00:00,567.625,532.432,63446.93,2183.25,4553.175,25368.0,18664.755,6736.425,da,2026-06-07,2026-06-06,2026-06-06 15:00:00,18,18,17_24,TimeMixer,567.625,390.7710945129394,,,
2026-06-07 19:00:00,605.411,610.594,67384.0075,1940.47,1156.655,25263.5,26341.8825,3097.125,da,2026-06-07,2026-06-06,2026-06-06 15:00:00,19,19,17_24,TimeMixer,605.411,450.8877101898193,,,
2026-06-07 20:00:00,622.963,610.459,70315.4675,1831.1,34.8225,24336.0,31432.045,1865.9225,da,2026-06-07,2026-06-06,2026-06-06 15:00:00,20,20,17_24,TimeMixer,622.963,439.92919569015504,,,
2026-06-07 21:00:00,626.5,605.416,70027.95,1766.7,0.0,22546.0,33033.75,1766.7,da,2026-06-07,2026-06-06,2026-06-06 15:00:00,21,21,17_24,TimeMixer,626.5,440.3828609085083,,,
2026-06-07 22:00:00,565.878,598.833,67787.225,1764.815,0.0,21176.5,32164.41,1764.815,da,2026-06-07,2026-06-06,2026-06-06 15:00:00,22,22,17_24,TimeMixer,565.878,451.58527450561525,,,
2026-06-07 23:00:00,602.5,607.958,64652.92,1870.3375,0.0,19733.5,30367.5825,1870.3375,da,2026-06-07,2026-06-06,2026-06-06 15:00:00,23,23,17_24,TimeMixer,602.5,447.8903999328613,,,
2026-06-08 00:00:00,620.0,629.224,63469.6675,2087.3,0.0,18657.75,30043.1175,2087.3,da,2026-06-08,2026-06-07,2026-06-07 15:00:00,0,24,17_24,TimeMixer,620.0,449.49964618682856,,,
2026-06-08 01:00:00,620.68,653.026,60704.2275,2444.2375,0.0,20141.5,25556.99,2444.2375,da,2026-06-08,2026-06-07,2026-06-07 15:00:00,1,1,1_8,TimeMixer,620.68,523.9131523132323,,,
2026-06-08 02:00:00,564.625,617.422,59210.0575,2735.0,0.0,20148.0,23765.5575,2735.0,da,2026-06-08,2026-06-07,2026-06-07 15:00:00,2,2,1_8,TimeMixer,564.625,452.48015982818606,,,
2026-06-08 03:00:00,561.0,604.53,58043.8775,2936.7525,0.0,20148.25,22397.375,2936.7525,da,2026-06-08,2026-06-07,2026-06-07 15:00:00,3,3,1_8,TimeMixer,561.0,470.3794480323792,,,
2026-06-08 04:00:00,522.0,598.25,57442.5475,3006.135,0.015,20149.75,21725.1475,3006.15,da,2026-06-08,2026-06-07,2026-06-07 15:00:00,4,4,1_8,TimeMixer,522.0,485.2495773620605,,,
2026-06-08 05:00:00,545.938,602.269,58360.9925,3023.26,45.395,19972.0,22758.8375,3068.655,da,2026-06-08,2026-06-07,2026-06-07 15:00:00,5,5,1_8,TimeMixer,545.938,509.55237579345703,,,
2026-06-08 06:00:00,528.5,534.411,60027.6025,2948.9275,1435.2925,21122.0,21959.8825,4384.22,da,2026-06-08,2026-06-07,2026-06-07 15:00:00,6,6,1_8,TimeMixer,528.5,509.0367797851562,,,
2026-06-08 07:00:00,330.625,365.882,58140.17,2713.395,5401.895,24463.0,13004.13,8115.29,da,2026-06-08,2026-06-07,2026-06-07 15:00:00,7,7,1_8,TimeMixer,330.625,349.50505218505856,,,
2026-06-08 08:00:00,89.0,286.532,58919.475,2298.0825,11204.38,24897.25,8020.7625,13502.4625,da,2026-06-08,2026-06-07,2026-06-07 15:00:00,8,8,1_8,TimeMixer,89.0,245.16599526405335,,,
2026-06-08 09:00:00,0.0,3.82,55293.255,1865.0375,16731.4725,22765.25,1444.995,18596.51,da,2026-06-08,2026-06-07,2026-06-07 15:00:00,9,9,9_16,TimeMixer,0.0,15.966297912597668,,,
2026-06-08 10:00:00,-20.0,-80.0,51704.4875,1664.89,20835.5225,21412.75,-4695.175,22500.4125,da,2026-06-08,2026-06-07,2026-06-07 15:00:00,10,10,9_16,TimeMixer,-20.0,-72.13201794433594,,,
2026-06-08 11:00:00,-55.5,-80.0,50494.87,1713.115,23133.165,19720.25,-6558.16,24846.28,da,2026-06-08,2026-06-07,2026-06-07 15:00:00,11,11,9_16,TimeMixer,-55.5,-152.5867858886719,,,
2026-06-08 12:00:00,-67.97,-80.0,47895.285,1822.4275,23994.7125,19483.75,-9892.105,25817.14,da,2026-06-08,2026-06-07,2026-06-07 15:00:00,12,12,9_16,TimeMixer,-67.97,-140.87386474609377,,,
2026-06-08 13:00:00,-67.5,-80.0,42394.8325,1994.9075,23823.41,19483.75,-15393.735,25818.3175,da,2026-06-08,2026-06-07,2026-06-07 15:00:00,13,13,9_16,TimeMixer,-67.5,-86.25,,,
2026-06-08 14:00:00,-58.0,-61.962,45100.3975,2274.765,22621.885,19585.75,-11868.5025,24896.65,da,2026-06-08,2026-06-07,2026-06-07 15:00:00,14,14,9_16,TimeMixer,-58.0,-104.15539855957032,,,
2026-06-08 15:00:00,-59.5,-80.0,49364.405,2684.75,20015.735,19724.5,-5547.08,22700.485,da,2026-06-08,2026-06-07,2026-06-07 15:00:00,15,15,9_16,TimeMixer,-59.5,-12.857709350585935,,,
2026-06-08 16:00:00,-23.0,-80.0,54487.8775,3271.1525,15962.97,20865.0,1902.255,19234.1225,da,2026-06-08,2026-06-07,2026-06-07 15:00:00,16,16,9_16,TimeMixer,-23.0,37.29934295654297,,,
2026-06-08 17:00:00,207.48,42.516,59653.61,4119.01,10657.3475,23808.75,8509.5025,14776.3575,da,2026-06-08,2026-06-07,2026-06-07 15:00:00,17,17,17_24,TimeMixer,207.48,360.4088803100586,,,
2026-06-08 18:00:00,453.5,416.322,65611.1875,5268.13,5030.135,25266.0,17469.1725,10298.265,da,2026-06-08,2026-06-07,2026-06-07 15:00:00,18,18,17_24,TimeMixer,453.5,506.67465338706967,,,
2026-06-08 19:00:00,516.5,380.919,69715.065,7057.53,1247.2375,25141.75,23687.0475,8304.7675,da,2026-06-08,2026-06-07,2026-06-07 15:00:00,19,19,17_24,TimeMixer,516.5,550.6803080116272,,,
2026-06-08 20:00:00,539.625,356.748,72193.39,9419.83,34.1725,24312.25,25845.6375,9454.0025,da,2026-06-08,2026-06-07,2026-06-07 15:00:00,20,20,17_24,TimeMixer,539.625,567.4257088783264,,,
2026-06-08 21:00:00,494.375,361.484,71245.7075,11969.7675,0.0,22530.25,24164.19,11969.7675,da,2026-06-08,2026-06-07,2026-06-07 15:00:00,21,21,17_24,TimeMixer,494.375,542.4619979858398,,,
2026-06-08 22:00:00,414.952,360.372,68974.7925,14116.405,0.0,21374.75,20902.1375,14116.405,da,2026-06-08,2026-06-07,2026-06-07 15:00:00,22,22,17_24,TimeMixer,414.952,491.1606985443116,,,
2026-06-08 23:00:00,400.0,441.182,65826.54,15677.065,0.0,20282.75,17285.225,15677.065,da,2026-06-08,2026-06-07,2026-06-07 15:00:00,23,23,17_24,TimeMixer,400.0,519.2199962615966,,,
2026-06-09 00:00:00,400.0,554.691,64667.9225,16319.9675,0.0,19057.25,16709.205,16319.9675,da,2026-06-09,2026-06-08,2026-06-08 15:00:00,0,24,17_24,TimeMixer,400.0,486.3876647949219,,,
2026-06-09 01:00:00,460.5,591.5,62387.735,16451.09,0.0,20202.0,13123.145,16451.09,da,2026-06-09,2026-06-08,2026-06-08 15:00:00,1,1,1_8,TimeMixer,460.5,496.9724874572753,,,
2026-06-09 02:00:00,415.87,553.321,60742.6725,15722.465,0.0,20194.5,12214.2075,15722.465,da,2026-06-09,2026-06-08,2026-06-08 15:00:00,2,2,1_8,TimeMixer,415.87,398.88339385986325,,,
2026-06-09 03:00:00,390.0,476.478,59396.71,14448.075,0.0,20185.5,12151.635,14448.075,da,2026-06-09,2026-06-08,2026-06-08 15:00:00,3,3,1_8,TimeMixer,390.0,420.1702499389648,,,
2026-06-09 04:00:00,382.5,485.233,58708.76,12741.07,0.01,20186.5,13169.68,12741.08,da,2026-06-09,2026-06-08,2026-06-08 15:00:00,4,4,1_8,TimeMixer,382.5,426.97108612060543,,,
2026-06-09 05:00:00,451.0,503.697,59430.375,10984.3725,36.3675,20011.0,15787.135,11020.74,da,2026-06-09,2026-06-08,2026-06-08 15:00:00,5,5,1_8,TimeMixer,451.0,454.12978387145995,,,
2026-06-09 06:00:00,465.5,545.959,60544.5125,9131.6525,1246.63,21160.75,16393.98,10378.2825,da,2026-06-09,2026-06-08,2026-06-08 15:00:00,6,6,1_8,TimeMixer,465.5,437.6659194946289,,,
2026-06-09 07:00:00,155.013,257.315,59321.2425,7158.08,4824.26,24493.75,10237.4025,11982.34,da,2026-06-09,2026-06-08,2026-06-08 15:00:00,7,7,1_8,TimeMixer,155.013,240.92540779113767,,,
2026-06-09 08:00:00,81.575,487.812,58054.0625,5117.7675,10218.71,24930.75,5237.835,15336.4775,da,2026-06-09,2026-06-08,2026-06-08 15:00:00,8,8,1_8,TimeMixer,81.575,40.6990951538086,,,
2026-06-09 09:00:00,-50.0,693.203,54774.4525,3953.305,15617.9025,22795.5,-128.755,19571.2075,da,2026-06-09,2026-06-08,2026-06-08 15:00:00,9,9,9_16,TimeMixer,-50.0,-114.6380615234375,,,
2026-06-09 10:00:00,-58.375,607.347,51389.4025,3857.91,19823.4675,21455.0,-6283.475,23681.3775,da,2026-06-09,2026-06-08,2026-06-08 15:00:00,10,10,9_16,TimeMixer,-58.375,-128.8886473388672,,,
2026-06-09 11:00:00,-75.0,854.199,50745.28,4277.44,22311.0075,19813.75,-8193.4175,26588.4475,da,2026-06-09,2026-06-08,2026-06-08 15:00:00,11,11,9_16,TimeMixer,-75.0,-135.1813720703125,,,
2026-06-09 12:00:00,-74.135,471.302,48250.6925,4804.335,23138.845,19638.75,-11867.7375,27943.18,da,2026-06-09,2026-06-08,2026-06-08 15:00:00,12,12,9_16,TimeMixer,-74.135,-127.91540759277343,,,
2026-06-09 13:00:00,-72.97,199.803,42222.255,5256.2775,22835.5775,19637.75,-18043.85,28091.855,da,2026-06-09,2026-06-08,2026-06-08 15:00:00,13,13,9_16,TimeMixer,-72.97,-117.19618530273438,,,
2026-06-09 14:00:00,-60.0,436.582,45365.7075,5629.9825,21590.04,19739.75,-14130.565,27220.0225,da,2026-06-09,2026-06-08,2026-06-08 15:00:00,14,14,9_16,TimeMixer,-60.0,-109.95899047851563,,,
2026-06-09 15:00:00,10.0,296.094,49769.7,5763.5275,19041.895,19880.0,-7452.2225,24805.4225,da,2026-06-09,2026-06-08,2026-06-08 15:00:00,15,15,9_16,TimeMixer,10.0,-74.57194824218749,,,
2026-06-09 16:00:00,10.0,380.763,54973.5075,5791.035,15137.5925,21021.0,487.38,20928.6275,da,2026-06-09,2026-06-08,2026-06-08 15:00:00,16,16,9_16,TimeMixer,10.0,-70.97028503417968,,,
2026-06-09 17:00:00,297.33,414.096,60285.98,5637.86,10189.1925,23920.5,7929.4275,15827.0525,da,2026-06-09,2026-06-08,2026-06-08 15:00:00,17,17,17_24,TimeMixer,297.33,217.9271011657715,,,
2026-06-09 18:00:00,533.15,643.319,65902.16,5151.5625,4853.3075,25312.25,17957.29,10004.87,da,2026-06-09,2026-06-08,2026-06-08 15:00:00,18,18,17_24,TimeMixer,533.15,424.565669631958,,,
2026-06-09 19:00:00,599.0,717.189,70190.3275,4673.125,1222.12,25174.25,26489.3325,5895.245,da,2026-06-09,2026-06-08,2026-06-08 15:00:00,19,19,17_24,TimeMixer,599.0,475.3806639099121,,,
2026-06-09 20:00:00,605.125,702.837,72826.405,4487.6675,34.695,24336.75,31335.7925,4522.3625,da,2026-06-09,2026-06-08,2026-06-08 15:00:00,20,20,17_24,TimeMixer,605.125,512.85667552948,,,
2026-06-09 21:00:00,598.0,685.563,72039.78,4396.0125,0.0,22545.75,32466.5175,4396.0125,da,2026-06-09,2026-06-08,2026-06-08 15:00:00,21,21,17_24,TimeMixer,598.0,449.0028358459473,,,
2026-06-09 22:00:00,582.25,685.237,69301.1125,4188.7575,0.0,21376.75,31104.105,4188.7575,da,2026-06-09,2026-06-08,2026-06-08 15:00:00,22,22,17_24,TimeMixer,582.25,408.93943730468743,,,
2026-06-09 23:00:00,600.0,654.943,65700.8,4112.765,0.0,20290.75,28665.785,4112.765,da,2026-06-09,2026-06-08,2026-06-08 15:00:00,23,23,17_24,TimeMixer,600.0,418.33646125793456,,,
2026-06-10 00:00:00,598.0,677.948,64288.0975,3875.3,0.0,19073.0,28708.2975,3875.3,da,2026-06-10,2026-06-09,2026-06-09 15:00:00,0,24,17_24,TimeMixer,598.0,450.66132164001465,,,
2026-06-10 01:00:00,617.5,731.144,62688.37,3024.1475,0.0,20185.0,26817.7225,3024.1475,da,2026-06-10,2026-06-09,2026-06-09 15:00:00,1,1,1_8,TimeMixer,617.5,521.9849334716797,,,
2026-06-10 02:00:00,600.5,712.19,61234.5925,2718.0575,0.0,20184.75,25670.285,2718.0575,da,2026-06-10,2026-06-09,2026-06-09 15:00:00,2,2,1_8,TimeMixer,600.5,425.66493315505977,,,
2026-06-10 03:00:00,600.0,712.828,59929.92,2566.8075,0.0,20184.25,24517.3625,2566.8075,da,2026-06-10,2026-06-09,2026-06-09 15:00:00,3,3,1_8,TimeMixer,600.0,434.022537109375,,,
2026-06-10 04:00:00,600.0,715.502,59159.525,2596.8325,0.015,20185.25,23715.9275,2596.8475,da,2026-06-10,2026-06-09,2026-06-09 15:00:00,4,4,1_8,TimeMixer,600.0,479.9018092651367,,,
2026-06-10 05:00:00,600.0,723.078,59729.92,2803.29,35.995,20015.75,24213.385,2839.285,da,2026-06-10,2026-06-09,2026-06-09 15:00:00,5,5,1_8,TimeMixer,600.0,522.3666260986328,,,
2026-06-10 06:00:00,545.0,648.129,60537.4075,2960.3825,1347.7775,21417.25,22150.4975,4308.16,da,2026-06-10,2026-06-09,2026-06-09 15:00:00,6,6,1_8,TimeMixer,545.0,529.6549752197266,,,
2026-06-10 07:00:00,317.5,406.956,58440.0875,2684.005,5292.285,25072.75,12733.2975,7976.29,da,2026-06-10,2026-06-09,2026-06-09 15:00:00,7,7,1_8,TimeMixer,317.5,288.02721271972655,,,
2026-06-10 08:00:00,267.65,366.687,58362.525,2328.3775,11021.415,25383.5,7030.2325,13349.7925,da,2026-06-10,2026-06-09,2026-06-09 15:00:00,8,8,1_8,TimeMixer,267.65,194.53155944824218,,,
2026-06-10 09:00:00,173.5,334.434,55987.8975,2213.69,16431.6975,23135.0,1621.01,18645.3875,da,2026-06-10,2026-06-09,2026-06-09 15:00:00,9,9,9_16,TimeMixer,173.5,15.70876770019531,,,
2026-06-10 10:00:00,29.5,-80.0,52472.9625,2237.705,20499.9725,21611.25,-4462.465,22737.6775,da,2026-06-10,2026-06-09,2026-06-09 15:00:00,10,10,9_16,TimeMixer,29.5,-95.43819274902344,,,
2026-06-10 11:00:00,60.0,-80.0,51099.325,2285.7575,22832.35,20128.0,-6733.2825,25118.1075,da,2026-06-10,2026-06-09,2026-06-09 15:00:00,11,11,9_16,TimeMixer,60.0,-124.84156799316406,,,
2026-06-10 12:00:00,50.0,-80.0,48211.6975,2382.4275,23667.29,19963.0,-10387.52,26049.7175,da,2026-06-10,2026-06-09,2026-06-09 15:00:00,12,12,9_16,TimeMixer,50.0,-138.10258203125,,,
2026-06-10 13:00:00,20.0,-69.438,41892.3,2366.08,23468.3825,19962.75,-16491.4125,25834.4625,da,2026-06-10,2026-06-09,2026-06-09 15:00:00,13,13,9_16,TimeMixer,20.0,-78.2395640258789,,,
2026-06-10 14:00:00,20.0,-80.0,44734.485,2296.6025,22333.58,20060.5,-12542.6975,24630.1825,da,2026-06-10,2026-06-09,2026-06-09 15:00:00,14,14,9_16,TimeMixer,20.0,-101.62763458251953,,,
2026-06-10 15:00:00,77.063,-80.0,49046.3875,2141.6625,19819.85,20199.0,-5700.625,21961.5125,da,2026-06-10,2026-06-09,2026-06-09 15:00:00,15,15,9_16,TimeMixer,77.063,-13.128852844238281,,,
2026-06-10 16:00:00,94.5,216.336,54371.125,1997.5475,15895.65,21468.5,2422.9275,17893.1975,da,2026-06-10,2026-06-09,2026-06-09 15:00:00,16,16,9_16,TimeMixer,94.5,49.196746826171875,,,
2026-06-10 17:00:00,348.5,397.907,59766.5125,1859.675,10686.3875,24596.5,9964.95,12546.0625,da,2026-06-10,2026-06-09,2026-06-09 15:00:00,17,17,17_24,TimeMixer,348.5,334.91986393737795,,,
2026-06-10 18:00:00,588.75,693.831,65769.525,1740.0975,5095.7775,26172.0,20083.9,6835.875,da,2026-06-10,2026-06-09,2026-06-09 15:00:00,18,18,17_24,TimeMixer,588.75,521.7521007263183,,,
2026-06-10 19:00:00,631.527,769.264,69512.43,1796.47,1314.62,26074.5,27645.34,3111.09,da,2026-06-10,2026-06-09,2026-06-09 15:00:00,19,19,17_24,TimeMixer,631.527,569.1413990974426,,,
2026-06-10 20:00:00,628.125,731.567,72712.7775,2133.58,43.0225,25197.0,32657.675,2176.6025,da,2026-06-10,2026-06-09,2026-06-09 15:00:00,20,20,17_24,TimeMixer,628.125,569.204612224102,,,
2026-06-10 21:00:00,616.5,721.966,72206.265,2490.6775,0.0,23412.0,33622.0875,2490.6775,da,2026-06-10,2026-06-09,2026-06-09 15:00:00,21,21,17_24,TimeMixer,616.5,547.1641948699951,,,
2026-06-10 22:00:00,611.5,710.905,70156.0625,2666.455,0.0,21929.0,32879.1075,2666.455,da,2026-06-10,2026-06-09,2026-06-09 15:00:00,22,22,17_24,TimeMixer,611.5,532.223170928955,,,
2026-06-10 23:00:00,612.5,699.009,66509.5125,2708.5025,0.0,20311.75,30807.76,2708.5025,da,2026-06-10,2026-06-09,2026-06-09 15:00:00,23,23,17_24,TimeMixer,612.5,557.964436340332,,,
2026-06-11 00:00:00,621.02,704.704,65323.475,2628.935,0.0,19230.0,30783.04,2628.935,da,2026-06-11,2026-06-10,2026-06-10 15:00:00,0,24,17_24,TimeMixer,621.02,577.1009508132935,,,
2026-06-11 01:00:00,668.75,747.01,63685.8325,2758.9775,0.0,20571.75,27103.605,2758.9775,da,2026-06-11,2026-06-10,2026-06-10 15:00:00,1,1,1_8,TimeMixer,668.75,624.5154991149902,,,
2026-06-11 02:00:00,656.0,701.172,62097.2475,2724.875,0.0,20571.0,25549.8725,2724.875,da,2026-06-11,2026-06-10,2026-06-10 15:00:00,2,2,1_8,TimeMixer,656.0,555.9107398033142,,,
2026-06-11 03:00:00,636.5,651.211,60812.13,2691.1775,0.0,20570.25,24299.2025,2691.1775,da,2026-06-11,2026-06-10,2026-06-10 15:00:00,3,3,1_8,TimeMixer,636.5,561.839691734314,,,
2026-06-11 04:00:00,630.5,594.341,59967.935,2720.5925,0.0125,20569.25,23426.58,2720.605,da,2026-06-11,2026-06-10,2026-06-10 15:00:00,4,4,1_8,TimeMixer,630.5,615.4657852172852,,,
2026-06-11 05:00:00,643.0,632.807,60718.835,2716.45,40.9675,20320.75,24389.1675,2757.4175,da,2026-06-11,2026-06-10,2026-06-10 15:00:00,5,5,1_8,TimeMixer,643.0,617.6194811401367,,,
2026-06-11 06:00:00,621.75,606.609,61695.885,2511.9825,1352.035,21522.5,23057.8675,3864.0175,da,2026-06-11,2026-06-10,2026-06-10 15:00:00,6,6,1_8,TimeMixer,621.75,581.6151306152344,,,
2026-06-11 07:00:00,408.25,316.35,60091.515,2063.3025,5335.1275,25076.5,14368.835,7398.43,da,2026-06-11,2026-06-10,2026-06-10 15:00:00,7,7,1_8,TimeMixer,408.25,343.951385345459,,,
2026-06-11 08:00:00,273.95,234.528,59841.8825,1523.6975,11219.305,25391.0,8518.88,12743.0025,da,2026-06-11,2026-06-10,2026-06-10 15:00:00,8,8,1_8,TimeMixer,273.95,244.77654594421384,,,
2026-06-11 09:00:00,84.35,19.99,57096.1575,1190.6125,16818.9125,23297.5,2612.6325,18009.525,da,2026-06-11,2026-06-10,2026-06-10 15:00:00,9,9,9_16,TimeMixer,84.35,52.35457000732421,,,
2026-06-11 10:00:00,10.0,-80.0,53714.01,1056.7375,20985.0625,21949.25,-3453.54,22041.8,da,2026-06-11,2026-06-10,2026-06-10 15:00:00,10,10,9_16,TimeMixer,10.0,-118.93514709472656,,,
2026-06-11 11:00:00,-9.0,-80.0,52688.5575,1036.5325,23288.5725,20095.75,-4908.7975,24325.105,da,2026-06-11,2026-06-10,2026-06-10 15:00:00,11,11,9_16,TimeMixer,-9.0,-124.1182255859375,,,
2026-06-11 12:00:00,-30.0,-80.0,50569.4425,1069.345,24110.3225,20192.0,-7978.725,25179.6675,da,2026-06-11,2026-06-10,2026-06-10 15:00:00,12,12,9_16,TimeMixer,-30.0,-136.93588256835938,,,
2026-06-11 13:00:00,-30.0,-80.0,44465.6125,1152.3025,23985.27,20016.75,-13865.21,25137.5725,da,2026-06-11,2026-06-10,2026-06-10 15:00:00,13,13,9_16,TimeMixer,-30.0,-104.50718688964844,,,
2026-06-11 14:00:00,-30.0,-80.0,47577.2975,1280.1425,22963.3675,19901.5,-9744.2125,24243.51,da,2026-06-11,2026-06-10,2026-06-10 15:00:00,14,14,9_16,TimeMixer,-30.0,-131.69373321533203,,,
2026-06-11 15:00:00,-10.0,-80.0,51136.32,1386.1325,20622.7,20056.5,-4105.5125,22008.8325,da,2026-06-11,2026-06-10,2026-06-10 15:00:00,15,15,9_16,TimeMixer,-10.0,-63.46949064941406,,,
2026-06-11 16:00:00,97.25,-80.0,56055.4375,1470.145,16666.435,21684.5,3057.8575,18136.58,da,2026-06-11,2026-06-10,2026-06-10 15:00:00,16,16,9_16,TimeMixer,97.25,-28.064676269531255,,,
2026-06-11 17:00:00,322.075,265.128,61850.6425,1527.16,11206.4075,24826.25,11041.825,12733.5675,da,2026-06-11,2026-06-10,2026-06-10 15:00:00,17,17,17_24,TimeMixer,322.075,290.3443008422852,,,
2026-06-11 18:00:00,627.952,596.861,68737.1,1546.345,5322.9425,26173.75,22426.3125,6869.2875,da,2026-06-11,2026-06-10,2026-06-10 15:00:00,18,18,17_24,TimeMixer,627.952,561.8049570877075,,,
2026-06-11 19:00:00,663.15,721.029,73089.275,1653.2425,1356.5825,26074.5,30733.45,3009.825,da,2026-06-11,2026-06-10,2026-06-10 15:00:00,19,19,17_24,TimeMixer,663.15,605.0308971702576,,,
2026-06-11 20:00:00,673.44,706.791,75753.2075,1934.4875,43.9175,25197.0,35306.3025,1978.405,da,2026-06-11,2026-06-10,2026-06-10 15:00:00,20,20,17_24,TimeMixer,673.44,610.1736454172135,,,
2026-06-11 21:00:00,669.25,710.16,75240.1275,2403.9325,0.0,23412.5,36162.195,2403.9325,da,2026-06-11,2026-06-10,2026-06-10 15:00:00,21,21,17_24,TimeMixer,669.25,581.2693003845214,,,
2026-06-11 22:00:00,680.37,699.701,72907.9275,2987.4,0.0,21930.25,34743.7775,2987.4,da,2026-06-11,2026-06-10,2026-06-10 15:00:00,22,22,17_24,TimeMixer,680.37,571.1225364685058,,,
2026-06-11 23:00:00,654.225,677.582,68997.53,3748.1475,0.0,20455.75,31562.1325,3748.1475,da,2026-06-11,2026-06-10,2026-06-10 15:00:00,23,23,17_24,TimeMixer,654.225,593.6578048706054,,,
2026-06-12 00:00:00,650.8,667.608,67578.915,4571.9475,0.0,19469.75,30305.7175,4571.9475,da,2026-06-12,2026-06-11,2026-06-11 15:00:00,0,24,17_24,TimeMixer,650.8,572.2093014831543,,,
2026-06-12 01:00:00,430.5,364.904,66098.0025,5838.95,0.0,20570.5,26477.0525,5838.95,da,2026-06-12,2026-06-11,2026-06-11 15:00:00,1,1,1_8,TimeMixer,430.5,620.2679805755615,,,
2026-06-12 02:00:00,400.0,354.124,64077.765,6343.5675,0.0,20570.0,23952.6975,6343.5675,da,2026-06-12,2026-06-11,2026-06-11 15:00:00,2,2,1_8,TimeMixer,400.0,583.9342550964354,,,
2026-06-12 03:00:00,395.175,352.51,62538.3775,6479.79,0.0,20570.0,22277.0875,6479.79,da,2026-06-12,2026-06-11,2026-06-11 15:00:00,3,3,1_8,TimeMixer,395.175,570.3144279479981,,,
2026-06-12 04:00:00,382.25,348.889,61642.4375,6291.3475,0.0125,20570.0,21569.5775,6291.36,da,2026-06-12,2026-06-11,2026-06-11 15:00:00,4,4,1_8,TimeMixer,382.25,599.4904483795166,,,
2026-06-12 05:00:00,386.0,354.262,62324.9625,6138.405,41.6525,20318.5,22614.905,6180.0575,da,2026-06-12,2026-06-11,2026-06-11 15:00:00,5,5,1_8,TimeMixer,386.0,614.3370007574558,,,
2026-06-12 06:00:00,380.0,347.303,63101.0925,5769.1625,1349.305,21608.5,21162.625,7118.4675,da,2026-06-12,2026-06-11,2026-06-11 15:00:00,6,6,1_8,TimeMixer,380.0,582.5585315704345,,,
2026-06-12 07:00:00,348.15,45.642,62193.685,5081.87,5112.655,25327.0,13464.41,10194.525,da,2026-06-12,2026-06-11,2026-06-11 15:00:00,7,7,1_8,TimeMixer,348.15,343.6086597442627,,,
2026-06-12 08:00:00,299.75,-61.869,63213.395,4029.5825,10495.6525,25663.75,9950.41,14525.235,da,2026-06-12,2026-06-11,2026-06-11 15:00:00,8,8,1_8,TimeMixer,299.75,168.66040069580075,,,
2026-06-12 09:00:00,234.11,116.335,62859.53,3108.2475,15491.3825,23302.25,8121.15,18599.63,da,2026-06-12,2026-06-11,2026-06-11 15:00:00,9,9,9_16,TimeMixer,234.11,-29.74669479370118,,,
2026-06-12 10:00:00,101.678,125.484,61195.855,2656.12,19210.6575,21625.25,4867.3275,21866.7775,da,2026-06-12,2026-06-11,2026-06-11 15:00:00,10,10,9_16,TimeMixer,101.678,-82.42633438110352,,,
2026-06-12 11:00:00,104.5,87.227,61476.4675,2641.5625,21304.6775,20165.75,4527.9775,23946.24,da,2026-06-12,2026-06-11,2026-06-11 15:00:00,11,11,9_16,TimeMixer,104.5,-89.0770652770996,,,
2026-06-12 12:00:00,62.0,61.114,59160.465,2896.9275,22036.1925,20035.0,1355.845,24933.12,da,2026-06-12,2026-06-11,2026-06-11 15:00:00,12,12,9_16,TimeMixer,62.0,-89.58957046508789,,,
2026-06-12 13:00:00,29.5,-17.492,54353.83,3511.27,21841.51,20036.5,-3871.95,25352.78,da,2026-06-12,2026-06-11,2026-06-11 15:00:00,13,13,9_16,TimeMixer,29.5,-108.57149505615234,,,
2026-06-12 14:00:00,29.5,337.286,57174.02,4287.3075,20667.6025,20116.25,-733.64,24954.91,da,2026-06-12,2026-06-11,2026-06-11 15:00:00,14,14,9_16,TimeMixer,29.5,-96.39922561645508,,,
2026-06-12 15:00:00,122.0,313.25,60846.655,5223.6625,18092.12,20217.5,4476.8725,23315.7825,da,2026-06-12,2026-06-11,2026-06-11 15:00:00,15,15,9_16,TimeMixer,122.0,-58.72335777282715,,,
2026-06-12 16:00:00,293.58,337.636,65573.7125,6408.7325,14249.76,21450.5,10628.22,20658.4925,da,2026-06-12,2026-06-11,2026-06-11 15:00:00,16,16,9_16,TimeMixer,293.58,21.229755020141596,,,
2026-06-12 17:00:00,279.463,342.176,70371.66,7709.175,9364.86,24715.0,15673.625,17074.035,da,2026-06-12,2026-06-11,2026-06-11 15:00:00,17,17,17_24,TimeMixer,279.463,315.41212300682065,,,
2026-06-12 18:00:00,388.628,350.251,74511.9625,8960.8625,4431.6225,26653.75,21537.9775,13392.485,da,2026-06-12,2026-06-11,2026-06-11 15:00:00,18,18,17_24,TimeMixer,388.628,574.5653288986206,,,
2026-06-12 19:00:00,400.0,350.112,77432.12,10308.83,1158.975,26631.25,26401.565,11467.805,da,2026-06-12,2026-06-11,2026-06-11 15:00:00,19,19,17_24,TimeMixer,400.0,606.7124353790283,,,
2026-06-12 20:00:00,400.0,338.321,80255.6025,11966.015,40.55,25761.0,29556.5375,12006.565,da,2026-06-12,2026-06-11,2026-06-11 15:00:00,20,20,17_24,TimeMixer,400.0,614.7630104675294,,,
2026-06-12 21:00:00,398.0,337.355,80082.825,13482.175,0.0,23976.0,29693.15,13482.175,da,2026-06-12,2026-06-11,2026-06-11 15:00:00,21,21,17_24,TimeMixer,398.0,582.4328224182128,,,
2026-06-12 22:00:00,389.5,337.14,77582.8875,14653.49,0.0,22493.0,27504.8975,14653.49,da,2026-06-12,2026-06-11,2026-06-11 15:00:00,22,22,17_24,TimeMixer,389.5,586.8931789245605,,,
2026-06-12 23:00:00,388.0,362.127,73794.87,15483.97,0.0,20808.0,24571.4,15483.97,da,2026-06-12,2026-06-11,2026-06-11 15:00:00,23,23,17_24,TimeMixer,388.0,600.0139621124268,,,
2026-06-13 00:00:00,386.0,380.508,72082.7375,15840.8175,0.0,19485.5,23824.92,15840.8175,da,2026-06-13,2026-06-12,2026-06-12 15:00:00,0,24,17_24,TimeMixer,386.0,501.9868511962891,,,
2026-06-13 01:00:00,390.0,388.425,68029.845,15177.02,0.0,20800.5,19190.825,15177.02,da,2026-06-13,2026-06-12,2026-06-12 15:00:00,1,1,1_8,TimeMixer,390.0,320.2736480712891,,,
2026-06-13 02:00:00,370.0,370.524,65590.7125,14609.355,0.0,20814.75,17305.1075,14609.355,da,2026-06-13,2026-06-12,2026-06-12 15:00:00,2,2,1_8,TimeMixer,370.0,286.0088806152344,,,
2026-06-13 03:00:00,335.0,368.188,63569.7275,13805.3475,0.0,20780.75,16122.13,13805.3475,da,2026-06-13,2026-06-12,2026-06-12 15:00:00,3,3,1_8,TimeMixer,335.0,287.8621716308594,,,
2026-06-13 04:00:00,324.5,360.819,62486.6,12868.44,0.01,20779.0,15977.65,12868.45,da,2026-06-13,2026-06-12,2026-06-12 15:00:00,4,4,1_8,TimeMixer,324.5,304.035791015625,,,
2026-06-13 05:00:00,381.0,356.526,62829.8925,11952.9,55.82,20528.0,17431.6725,12008.72,da,2026-06-13,2026-06-12,2026-06-12 15:00:00,5,5,1_8,TimeMixer,381.0,279.6910339355469,,,
2026-06-13 06:00:00,366.2,362.916,63853.6375,10987.83,1130.2575,21738.25,17135.8,12118.0875,da,2026-06-13,2026-06-12,2026-06-12 15:00:00,6,6,1_8,TimeMixer,366.2,277.5678344726563,,,
2026-06-13 07:00:00,252.5,340.861,62655.1875,9851.5375,4212.525,25329.25,10404.125,14064.0625,da,2026-06-13,2026-06-12,2026-06-12 15:00:00,7,7,1_8,TimeMixer,252.5,196.5047003173828,,,
2026-06-13 08:00:00,151.0,351.274,63273.2675,8575.1575,8925.7775,25663.0,7310.3325,17500.935,da,2026-06-13,2026-06-12,2026-06-12 15:00:00,8,8,1_8,TimeMixer,151.0,151.07360852050783,,,
2026-06-13 09:00:00,170.81,369.244,62157.38,7923.6975,13652.4575,23260.25,4534.475,21576.155,da,2026-06-13,2026-06-12,2026-06-12 15:00:00,9,9,9_16,TimeMixer,170.81,124.58745538330078,,,
2026-06-13 10:00:00,70.0,359.711,60088.37,7944.3075,17435.7525,21583.75,338.06,25380.06,da,2026-06-13,2026-06-12,2026-06-12 15:00:00,10,10,9_16,TimeMixer,70.0,110.17103995971681,,,
2026-06-13 11:00:00,37.0,219.8,60076.6275,8346.19,19867.895,20219.5,-1143.4575,28214.085,da,2026-06-13,2026-06-12,2026-06-12 15:00:00,11,11,9_16,TimeMixer,37.0,112.6876350402832,,,
2026-06-13 12:00:00,26.5,-80.0,57950.4975,8872.4825,20908.4875,20151.25,-4768.2225,29780.97,da,2026-06-13,2026-06-12,2026-06-12 15:00:00,12,12,9_16,TimeMixer,26.5,104.35087738037109,,,
2026-06-13 13:00:00,25.0,-80.0,52877.6275,9490.3475,20559.1125,20107.0,-10065.3325,30049.46,da,2026-06-13,2026-06-12,2026-06-12 15:00:00,13,13,9_16,TimeMixer,25.0,43.59774169921876,,,
2026-06-13 14:00:00,99.5,155.709,56508.4175,10254.92,18856.725,20126.75,-5516.4775,29111.645,da,2026-06-13,2026-06-12,2026-06-12 15:00:00,14,14,9_16,TimeMixer,99.5,92.23109779357911,,,
2026-06-13 15:00:00,99.5,132.922,60525.0525,10898.8775,15964.24,20227.25,648.185,26863.1175,da,2026-06-13,2026-06-12,2026-06-12 15:00:00,15,15,9_16,TimeMixer,99.5,153.67409172058103,,,
2026-06-13 16:00:00,300.0,391.032,65185.96,11236.98,12165.7225,21426.5,7570.2575,23402.7025,da,2026-06-13,2026-06-12,2026-06-12 15:00:00,16,16,9_16,TimeMixer,300.0,236.11055340576172,,,
2026-06-13 17:00:00,319.233,348.906,70422.31,11388.8475,7889.16,24652.0,13633.3025,19278.0075,da,2026-06-13,2026-06-12,2026-06-12 15:00:00,17,17,17_24,TimeMixer,319.233,247.6086700561524,,,
2026-06-13 18:00:00,399.5,359.794,75180.3875,11308.68,3824.2725,26654.25,20515.435,15132.9525,da,2026-06-13,2026-06-12,2026-06-12 15:00:00,18,18,17_24,TimeMixer,399.5,366.04271179199213,,,
2026-06-13 19:00:00,400.0,346.821,77593.53,11506.9475,1039.36,26631.25,25534.4725,12546.3075,da,2026-06-13,2026-06-12,2026-06-12 15:00:00,19,19,17_24,TimeMixer,400.0,381.94642333984376,,,
2026-06-13 20:00:00,387.0,354.418,79125.8025,12196.54,58.385,25761.0,28228.3775,12254.925,da,2026-06-13,2026-06-12,2026-06-12 15:00:00,20,20,17_24,TimeMixer,387.0,419.312011642456,,,
2026-06-13 21:00:00,394.0,353.276,78403.795,13081.675,0.0,23976.0,28464.62,13081.675,da,2026-06-13,2026-06-12,2026-06-12 15:00:00,21,21,17_24,TimeMixer,394.0,409.8532427215576,,,
2026-06-13 22:00:00,390.5,371.079,75980.9925,13719.865,0.0,22493.25,26886.3775,13719.865,da,2026-06-13,2026-06-12,2026-06-12 15:00:00,22,22,17_24,TimeMixer,390.5,397.68962783813475,,,
2026-06-13 23:00:00,395.0,374.751,72208.8975,14067.7375,0.0,20905.25,24354.41,14067.7375,da,2026-06-13,2026-06-12,2026-06-12 15:00:00,23,23,17_24,TimeMixer,395.0,435.74677734374995,,,
2026-06-14 00:00:00,392.0,414.513,71348.0725,13944.4125,0.0,19697.5,24824.66,13944.4125,da,2026-06-14,2026-06-13,2026-06-13 15:00:00,0,24,17_24,TimeMixer,392.0,341.0912350463867,,,
2026-06-14 01:00:00,400.0,448.756,70127.4075,12594.57,0.0,20800.5,23971.5375,12594.57,da,2026-06-14,2026-06-13,2026-06-13 15:00:00,1,1,1_8,TimeMixer,400.0,352.97762298583984,,,
2026-06-14 02:00:00,386.0,398.522,67667.4925,12069.295,0.0,20814.75,22022.6475,12069.295,da,2026-06-14,2026-06-13,2026-06-13 15:00:00,2,2,1_8,TimeMixer,386.0,317.1855163574219,,,
2026-06-14 03:00:00,385.5,385.068,65663.1225,11299.65,0.0,20781.0,20821.6725,11299.65,da,2026-06-14,2026-06-13,2026-06-13 15:00:00,3,3,1_8,TimeMixer,385.5,292.7936737060547,,,
2026-06-14 04:00:00,383.0,374.883,64843.1375,10350.075,0.0125,20779.25,20953.0,10350.0875,da,2026-06-14,2026-06-13,2026-06-13 15:00:00,4,4,1_8,TimeMixer,383.0,307.7987945556641,,,
2026-06-14 05:00:00,389.5,378.919,65030.0975,9489.5725,27.2,20528.0,22224.525,9516.7725,da,2026-06-14,2026-06-13,2026-06-13 15:00:00,5,5,1_8,TimeMixer,389.5,326.7607818603516,,,
2026-06-14 06:00:00,383.5,377.845,65811.585,8565.2825,943.2625,21738.5,21803.74,9508.545,da,2026-06-14,2026-06-13,2026-06-13 15:00:00,6,6,1_8,TimeMixer,383.5,308.16931488037113,,,
2026-06-14 07:00:00,333.715,350.426,62696.4825,7460.4825,3729.4975,25329.25,13420.2025,11189.98,da,2026-06-14,2026-06-13,2026-06-13 15:00:00,7,7,1_8,TimeMixer,333.715,189.45716247558593,,,
2026-06-14 08:00:00,342.75,346.917,63447.6075,6283.465,8228.205,25663.25,10574.3875,14511.67,da,2026-06-14,2026-06-13,2026-06-13 15:00:00,8,8,1_8,TimeMixer,342.75,99.02102813720703,,,
2026-06-14 09:00:00,291.0,326.857,60446.1475,5636.9475,13416.8375,23259.75,5446.8125,19053.785,da,2026-06-14,2026-06-13,2026-06-13 15:00:00,9,9,9_16,TimeMixer,291.0,69.26625817871093,,,
2026-06-14 10:00:00,165.5,331.67,57504.8325,5596.155,18031.9225,21641.0,-450.045,23628.0775,da,2026-06-14,2026-06-13,2026-06-13 15:00:00,10,10,9_16,TimeMixer,165.5,14.446630554199224,,,
2026-06-14 11:00:00,173.5,199.752,55653.6075,5805.24,20968.935,20517.0,-4323.3675,26774.175,da,2026-06-14,2026-06-13,2026-06-13 15:00:00,11,11,9_16,TimeMixer,173.5,-19.56836700439453,,,
2026-06-14 12:00:00,55.0,224.486,53830.97,6193.695,22295.775,20222.5,-7566.8,28489.47,da,2026-06-14,2026-06-13,2026-06-13 15:00:00,12,12,9_16,TimeMixer,55.0,-21.37637405395508,,,
2026-06-14 13:00:00,56.875,-80.0,49506.3375,6600.4125,22202.475,20347.0,-12329.35,28802.8875,da,2026-06-14,2026-06-13,2026-06-13 15:00:00,13,13,9_16,TimeMixer,56.875,-31.78072166442871,,,
2026-06-14 14:00:00,56.0,-80.0,52116.525,7009.8075,20803.1775,20502.5,-8884.76,27812.985,da,2026-06-14,2026-06-13,2026-06-13 15:00:00,14,14,9_16,TimeMixer,56.0,46.678123188018795,,,
2026-06-14 15:00:00,110.5,-64.607,56044.565,7448.9675,18097.6125,20592.5,-2780.315,25546.58,da,2026-06-14,2026-06-13,2026-06-13 15:00:00,15,15,9_16,TimeMixer,110.5,65.94124989509581,,,
2026-06-14 16:00:00,315.5,180.289,61358.895,7871.0525,14181.07,21550.75,5070.2225,22052.1225,da,2026-06-14,2026-06-13,2026-06-13 15:00:00,16,16,9_16,TimeMixer,315.5,193.59160232543945,,,
2026-06-14 17:00:00,378.625,275.755,66695.1625,8355.9325,9468.2525,24651.25,11461.4275,17824.185,da,2026-06-14,2026-06-13,2026-06-13 15:00:00,17,17,17_24,TimeMixer,378.625,292.7357705133438,,,
2026-06-14 18:00:00,400.0,351.504,71804.3925,8956.26,4575.195,26653.75,18842.1375,13531.455,da,2026-06-14,2026-06-13,2026-06-13 15:00:00,18,18,17_24,TimeMixer,400.0,398.7062656402588,,,
2026-06-14 19:00:00,415.0,358.265,75801.275,9750.9175,1190.5675,26631.25,25447.74,10941.485,da,2026-06-14,2026-06-13,2026-06-13 15:00:00,19,19,17_24,TimeMixer,415.0,429.77259939575197,,,
2026-06-14 20:00:00,397.75,352.996,78280.42,10827.74,40.64,25761.25,28869.99,10868.38,da,2026-06-14,2026-06-13,2026-06-13 15:00:00,20,20,17_24,TimeMixer,397.75,429.9260431976318,,,
2026-06-14 21:00:00,390.0,350.0,77470.7,12233.385,0.0,23976.25,28480.265,12233.385,da,2026-06-14,2026-06-13,2026-06-13 15:00:00,21,21,17_24,TimeMixer,390.0,440.53065625762935,,,
2026-06-14 22:00:00,392.0,350.22,74701.02,13481.67,0.0,22493.25,25945.3,13481.67,da,2026-06-14,2026-06-13,2026-06-13 15:00:00,22,22,17_24,TimeMixer,392.0,414.17146418762206,,,
2026-06-14 23:00:00,394.0,357.788,71254.5175,14348.32,0.0,20905.5,23219.8975,14348.32,da,2026-06-14,2026-06-13,2026-06-13 15:00:00,23,23,17_24,TimeMixer,394.0,462.98637676239014,,,
2026-06-15 00:00:00,400.0,361.99,69655.475,14538.9325,0.0,20414.5,21921.2425,14538.9325,da,2026-06-15,2026-06-14,2026-06-14 15:00:00,0,24,17_24,TimeMixer,400.0,408.5864288330078,,,
2026-06-15 01:00:00,433.0,361.568,65258.0175,12665.6825,0.0,22595.75,17085.785,12665.6825,da,2026-06-15,2026-06-14,2026-06-14 15:00:00,1,1,1_8,TimeMixer,433.0,401.923978729248,,,
2026-06-15 02:00:00,400.0,349.409,63290.0875,12209.085,0.0,22807.0,15363.2025,12209.085,da,2026-06-15,2026-06-14,2026-06-14 15:00:00,2,2,1_8,TimeMixer,400.0,346.8568563110352,,,
2026-06-15 03:00:00,389.0,351.023,61595.4825,11505.615,0.0,22861.25,14317.8175,11505.615,da,2026-06-15,2026-06-14,2026-06-14 15:00:00,3,3,1_8,TimeMixer,389.0,369.964136352539,,,
2026-06-15 04:00:00,386.0,352.874,60793.72,10636.275,0.01,22587.0,14659.635,10636.285,da,2026-06-15,2026-06-14,2026-06-14 15:00:00,4,4,1_8,TimeMixer,386.0,388.0395105926513,,,
2026-06-15 05:00:00,408.0,357.522,61321.71,9719.1225,34.7,22009.5,16647.5875,9753.8225,da,2026-06-15,2026-06-14,2026-06-14 15:00:00,5,5,1_8,TimeMixer,408.0,394.5342863769531,,,
2026-06-15 06:00:00,412.0,351.12,63266.8625,8783.7475,1101.2675,24283.5,16187.5475,9885.015,da,2026-06-15,2026-06-14,2026-06-14 15:00:00,6,6,1_8,TimeMixer,412.0,371.9502883911133,,,
2026-06-15 07:00:00,339.0,234.573,62464.3925,7641.875,4176.905,29386.5,8352.0625,11818.78,da,2026-06-15,2026-06-14,2026-06-14 15:00:00,7,7,1_8,TimeMixer,339.0,277.77913275146483,,,
2026-06-15 08:00:00,300.0,317.141,65398.135,6596.2025,8825.815,29605.0,7522.8175,15422.0175,da,2026-06-15,2026-06-14,2026-06-14 15:00:00,8,8,1_8,TimeMixer,300.0,172.944002532959,,,
2026-06-15 09:00:00,300.0,332.297,65094.455,5982.57,13662.88,26685.25,5927.955,19645.45,da,2026-06-15,2026-06-14,2026-06-14 15:00:00,9,9,9_16,TimeMixer,300.0,89.24797973632812,,,
2026-06-15 10:00:00,267.0,299.286,62880.0675,5603.0175,17725.03,25179.25,1536.97,23328.0475,da,2026-06-15,2026-06-14,2026-06-14 15:00:00,10,10,9_16,TimeMixer,267.0,21.996659088134763,,,
2026-06-15 11:00:00,141.03,2.327,61682.295,5290.785,20473.62,24311.5,-1229.41,25764.405,da,2026-06-15,2026-06-14,2026-06-14 15:00:00,11,11,9_16,TimeMixer,141.03,9.1074234008789,,,
2026-06-15 12:00:00,58.72,-80.0,58110.18,5164.46,21795.31,23984.5,-5669.89,26959.77,da,2026-06-15,2026-06-14,2026-06-14 15:00:00,12,12,9_16,TimeMixer,58.72,-30.152198486328125,,,
2026-06-15 13:00:00,29.0,-80.0,52559.4925,5195.8475,21856.4525,24182.75,-11511.3575,27052.3,da,2026-06-15,2026-06-14,2026-06-14 15:00:00,13,13,9_16,TimeMixer,29.0,-32.52366256713867,,,
2026-06-15 14:00:00,72.5,-80.0,55049.3025,5429.5675,20802.2725,24377.25,-8395.5875,26231.84,da,2026-06-15,2026-06-14,2026-06-14 15:00:00,14,14,9_16,TimeMixer,72.5,-40.4751953125,,,
2026-06-15 15:00:00,41.0,-80.0,58307.795,5882.8975,18394.265,24627.0,-3432.1675,24277.1625,da,2026-06-15,2026-06-14,2026-06-14 15:00:00,15,15,9_16,TimeMixer,41.0,20.700341033935544,,,
2026-06-15 16:00:00,281.5,103.351,63178.35,6498.8875,14565.2375,25918.0,3360.425,21064.125,da,2026-06-15,2026-06-14,2026-06-14 15:00:00,16,16,9_16,TimeMixer,281.5,160.87796766662595,,,
2026-06-15 17:00:00,326.5,120.823,68171.9625,7178.2675,9684.1325,29277.5,9123.7625,16862.4,da,2026-06-15,2026-06-14,2026-06-14 15:00:00,17,17,17_24,TimeMixer,326.5,316.06435437011714,,,
2026-06-15 18:00:00,405.5,339.291,73527.4,7828.5725,4664.2,31153.25,16954.3275,12492.7725,da,2026-06-15,2026-06-14,2026-06-14 15:00:00,18,18,17_24,TimeMixer,405.5,387.201887512207,,,
2026-06-15 19:00:00,449.5,346.299,77235.1925,8547.4,1223.205,31003.25,23530.5375,9770.605,da,2026-06-15,2026-06-14,2026-06-14 15:00:00,19,19,17_24,TimeMixer,449.5,421.1995321533203,,,
2026-06-15 20:00:00,439.5,348.798,79552.835,9484.5875,42.0075,30259.75,26835.69,9526.595,da,2026-06-15,2026-06-14,2026-06-14 15:00:00,20,20,17_24,TimeMixer,439.5,427.3368606567383,,,
2026-06-15 21:00:00,385.545,349.427,78893.2475,10562.3275,0.0,28473.75,26926.37,10562.3275,da,2026-06-15,2026-06-14,2026-06-14 15:00:00,21,21,17_24,TimeMixer,385.545,389.3908966064453,,,
2026-06-15 22:00:00,389.125,349.372,75771.8675,11836.2875,0.0,26601.75,24403.03,11836.2875,da,2026-06-15,2026-06-14,2026-06-14 15:00:00,22,22,17_24,TimeMixer,389.125,345.34382275390624,,,
2026-06-15 23:00:00,435.0,361.258,71562.68,12763.8625,0.0,24426.25,21441.7675,12763.8625,da,2026-06-15,2026-06-14,2026-06-14 15:00:00,23,23,17_24,TimeMixer,435.0,394.90080308914185,,,
2026-06-16 00:00:00,424.0,361.518,70363.2175,13155.025,0.0,22793.5,21483.8925,13155.025,da,2026-06-16,2026-06-15,2026-06-15 15:00:00,0,24,17_24,TimeMixer,424.0,369.9035869598389,,,
2026-06-16 01:00:00,458.0,539.059,66073.06,11108.0475,0.0,22843.5,19210.7125,11108.0475,da,2026-06-16,2026-06-15,2026-06-15 15:00:00,1,1,1_8,TimeMixer,458.0,414.8225978851318,,,
2026-06-16 02:00:00,438.25,518.029,64203.03,10383.5675,0.0,22843.75,18064.9125,10383.5675,da,2026-06-16,2026-06-15,2026-06-15 15:00:00,2,2,1_8,TimeMixer,438.25,337.823098449707,,,
2026-06-16 03:00:00,432.25,514.629,62886.3075,9574.18,0.0,22900.75,17500.5775,9574.18,da,2026-06-16,2026-06-15,2026-06-15 15:00:00,3,3,1_8,TimeMixer,432.25,342.7529014587402,,,
2026-06-16 04:00:00,439.0,516.556,61946.2925,8772.5725,0.01,22625.25,17637.66,8772.5825,da,2026-06-16,2026-06-15,2026-06-15 15:00:00,4,4,1_8,TimeMixer,439.0,380.3898622512818,,,
2026-06-16 05:00:00,456.0,527.45,62557.8025,8088.7625,34.935,22046.25,19477.055,8123.6975,da,2026-06-16,2026-06-15,2026-06-15 15:00:00,5,5,1_8,TimeMixer,456.0,409.07689274597163,,,
2026-06-16 06:00:00,457.0,492.891,64742.7025,7428.1675,1118.5025,24311.75,18973.4825,8546.67,da,2026-06-16,2026-06-15,2026-06-15 15:00:00,6,6,1_8,TimeMixer,457.0,400.14096755981444,,,
2026-06-16 07:00:00,329.5,184.643,64152.46,6516.8025,4403.7275,29398.5,10926.38,10920.53,da,2026-06-16,2026-06-15,2026-06-15 15:00:00,7,7,1_8,TimeMixer,329.5,247.35613791656496,,,
2026-06-16 08:00:00,284.32,387.135,65813.1525,5546.75,9431.105,29617.5,8369.4975,14977.855,da,2026-06-16,2026-06-15,2026-06-15 15:00:00,8,8,1_8,TimeMixer,284.32,165.47875137329103,,,
2026-06-16 09:00:00,265.5,250.223,64997.3375,4799.885,14603.4225,26710.75,6047.48,19403.3075,da,2026-06-16,2026-06-15,2026-06-15 15:00:00,9,9,9_16,TimeMixer,265.5,64.614501953125,,,
2026-06-16 10:00:00,144.0,373.347,62218.38,4270.8925,18716.4175,25207.75,1187.52,22987.31,da,2026-06-16,2026-06-15,2026-06-15 15:00:00,10,10,9_16,TimeMixer,144.0,37.73980964355468,,,
2026-06-16 11:00:00,20.0,540.651,60989.755,3945.035,21384.9225,24343.0,-1519.0025,25329.9575,da,2026-06-16,2026-06-15,2026-06-15 15:00:00,11,11,9_16,TimeMixer,20.0,-62.24651721191407,,,
2026-06-16 12:00:00,0.0,315.524,57556.425,3842.6925,22657.2275,24013.5,-5792.795,26499.92,da,2026-06-16,2026-06-15,2026-06-15 15:00:00,12,12,9_16,TimeMixer,0.0,-83.57974224853515,,,
2026-06-16 13:00:00,-30.0,56.218,50232.055,3985.4425,22734.52,24211.5,-13535.2075,26719.9625,da,2026-06-16,2026-06-15,2026-06-15 15:00:00,13,13,9_16,TimeMixer,-30.0,-88.13263061523438,,,
2026-06-16 14:00:00,-31.0,36.401,53133.28,4451.7175,21708.5475,24407.0,-10269.785,26160.265,da,2026-06-16,2026-06-15,2026-06-15 15:00:00,14,14,9_16,TimeMixer,-31.0,-70.08765411376953,,,
2026-06-16 15:00:00,0.0,-75.294,56478.0825,5042.435,19248.5825,24657.5,-5321.235,24291.0175,da,2026-06-16,2026-06-15,2026-06-15 15:00:00,15,15,9_16,TimeMixer,0.0,-49.24303283691407,,,
2026-06-16 16:00:00,145.5,-80.0,61447.4775,5725.4925,15302.285,25936.25,1617.65,21027.7775,da,2026-06-16,2026-06-15,2026-06-15 15:00:00,16,16,9_16,TimeMixer,145.5,122.17538681030274,,,
2026-06-16 17:00:00,314.0,168.901,66886.03,6413.5325,10152.52,29277.0,8123.4275,16566.0525,da,2026-06-16,2026-06-15,2026-06-15 15:00:00,17,17,17_24,TimeMixer,314.0,306.2144812011719,,,
2026-06-16 18:00:00,423.838,499.266,72476.2725,7178.94,4795.5575,31152.25,16422.475,11974.4975,da,2026-06-16,2026-06-15,2026-06-15 15:00:00,18,18,17_24,TimeMixer,423.838,424.85382164001464,,,
2026-06-16 19:00:00,470.075,524.195,75663.04,8231.43,1242.16,31003.75,22254.9,9473.59,da,2026-06-16,2026-06-15,2026-06-15 15:00:00,19,19,17_24,TimeMixer,470.075,476.80120428466796,,,
2026-06-16 20:00:00,460.5,472.235,77907.65,9453.265,42.245,30259.25,25222.09,9495.51,da,2026-06-16,2026-06-15,2026-06-15 15:00:00,20,20,17_24,TimeMixer,460.5,480.37599029541013,,,
2026-06-16 21:00:00,440.0,411.149,77222.795,10826.2225,0.0,28474.25,24991.5225,10826.2225,da,2026-06-16,2026-06-15,2026-06-15 15:00:00,21,21,17_24,TimeMixer,440.0,418.31460375976565,,,
2026-06-16 22:00:00,433.838,386.038,74637.8375,12071.1075,0.0,26574.75,23061.18,12071.1075,da,2026-06-16,2026-06-15,2026-06-15 15:00:00,22,22,17_24,TimeMixer,433.838,406.5719779968262,,,
2026-06-16 23:00:00,440.0,437.608,70424.34,12968.435,0.0,24361.75,20163.355,12968.435,da,2026-06-16,2026-06-15,2026-06-15 15:00:00,23,23,17_24,TimeMixer,440.0,476.58793487548826,,,
2026-06-17 00:00:00,450.5,459.6,69301.095,13315.04,0.0,22723.5,20331.755,13315.04,da,2026-06-17,2026-06-16,2026-06-16 15:00:00,0,24,17_24,TimeMixer,450.5,462.78623046875,,,
2026-06-17 01:00:00,487.5,519.48,67248.3575,13154.51,0.0,22992.75,17880.2975,13154.51,da,2026-06-17,2026-06-16,2026-06-16 15:00:00,1,1,1_8,TimeMixer,487.5,500.4426230430603,,,
2026-06-17 02:00:00,469.35,494.69,65122.7675,12536.35,0.0,22971.75,16393.8675,12536.35,da,2026-06-17,2026-06-16,2026-06-16 15:00:00,2,2,1_8,TimeMixer,469.35,448.1242446899414,,,
2026-06-17 03:00:00,460.0,500.67,63551.4225,11396.1175,0.0,23001.75,15932.755,11396.1175,da,2026-06-17,2026-06-16,2026-06-16 15:00:00,3,3,1_8,TimeMixer,460.0,460.0132575988769,,,
2026-06-17 04:00:00,462.5,518.6,62653.2425,9942.7775,0.01,22732.75,16756.905,9942.7875,da,2026-06-17,2026-06-16,2026-06-16 15:00:00,4,4,1_8,TimeMixer,462.5,507.1021533966064,,,
2026-06-17 05:00:00,494.2,524.5,63383.0325,8528.69,30.1975,22145.0,19458.345,8558.8875,da,2026-06-17,2026-06-16,2026-06-16 15:00:00,5,5,1_8,TimeMixer,494.2,497.1356245040893,,,
2026-06-17 06:00:00,496.9,433.65,64920.2575,7214.955,1067.6925,23921.5,19495.31,8282.6475,da,2026-06-17,2026-06-16,2026-06-16 15:00:00,6,6,1_8,TimeMixer,496.9,486.58174865722657,,,
2026-06-17 07:00:00,333.5,-3.68,64490.605,5827.0825,4230.425,28003.25,13216.5475,10057.5075,da,2026-06-17,2026-06-16,2026-06-16 15:00:00,7,7,1_8,TimeMixer,333.5,335.08146232910156,,,
2026-06-17 08:00:00,384.75,258.39,66727.88,4530.2075,9173.06,28400.75,11488.0625,13703.2675,da,2026-06-17,2026-06-16,2026-06-16 15:00:00,8,8,1_8,TimeMixer,384.75,284.6399914627075,,,
2026-06-17 09:00:00,350.0,263.38,66446.92,3524.61,14360.42,26296.75,9184.34,17885.03,da,2026-06-17,2026-06-16,2026-06-16 15:00:00,9,9,9_16,TimeMixer,350.0,212.67061347961425,,,
2026-06-17 10:00:00,300.0,255.56,63701.8925,2791.0425,18597.6075,24500.0,4809.9425,21388.65,da,2026-06-17,2026-06-16,2026-06-16 15:00:00,10,10,9_16,TimeMixer,300.0,63.94020614624023,,,
2026-06-17 11:00:00,247.5,341.9,62602.3725,2158.8225,21220.005,23044.0,3223.745,23378.8275,da,2026-06-17,2026-06-16,2026-06-16 15:00:00,11,11,9_16,TimeMixer,247.5,-32.395537567138675,,,
2026-06-17 12:00:00,171.788,454.49,60082.965,1769.22,22403.6975,22923.75,67.9975,24172.9175,da,2026-06-17,2026-06-16,2026-06-16 15:00:00,12,12,9_16,TimeMixer,171.788,-51.92514495849609,,,
2026-06-17 13:00:00,105.0,437.43,55280.72,1628.2225,22246.1025,22923.75,-4430.655,23874.325,da,2026-06-17,2026-06-16,2026-06-16 15:00:00,13,13,9_16,TimeMixer,105.0,-47.557229614257814,,,
2026-06-17 14:00:00,65.453,436.02,58580.19,1665.6825,20745.965,22998.25,224.4925,22411.6475,da,2026-06-17,2026-06-16,2026-06-16 15:00:00,14,14,9_16,TimeMixer,65.453,-52.3204792175293,,,
2026-06-17 15:00:00,135.0,,62695.3,1865.065,17945.18,23204.0,6677.755,19810.245,da,2026-06-17,2026-06-16,2026-06-16 15:00:00,15,15,9_16,TimeMixer,135.0,1.607328292846681,,,
2026-06-17 16:00:00,357.1,,67612.34,2175.29,13874.665,24739.25,13732.335,16049.955,da,2026-06-17,2026-06-16,2026-06-16 15:00:00,16,16,9_16,TimeMixer,357.1,162.4653952598572,,,
2026-06-17 17:00:00,448.355,,72561.1725,2495.0775,9040.08,27851.75,19960.965,11535.1575,da,2026-06-17,2026-06-16,2026-06-16 15:00:00,17,17,17_24,TimeMixer,448.355,346.3539766311645,,,
2026-06-17 18:00:00,550.0,,76857.315,2893.7075,4261.2175,29158.25,27308.34,7154.925,da,2026-06-17,2026-06-16,2026-06-16 15:00:00,18,18,17_24,TimeMixer,550.0,478.86498247413635,,,
2026-06-17 19:00:00,600.0,,79464.6675,3496.7125,1128.745,29170.5,32427.91,4625.4575,da,2026-06-17,2026-06-16,2026-06-16 15:00:00,19,19,17_24,TimeMixer,600.0,515.5673710422516,,,
2026-06-17 20:00:00,519.163,,81421.6625,4374.1625,41.8425,28380.75,35384.1075,4416.005,da,2026-06-17,2026-06-16,2026-06-16 15:00:00,20,20,17_24,TimeMixer,519.163,496.0945146560669,,,
2026-06-17 21:00:00,523.388,,80759.08,5360.39,0.0,26510.75,35647.14,5360.39,da,2026-06-17,2026-06-16,2026-06-16 15:00:00,21,21,17_24,TimeMixer,523.388,471.13550834655763,,,
2026-06-17 22:00:00,570.0,,78133.0175,6352.1975,0.0,25000.25,33539.77,6352.1975,da,2026-06-17,2026-06-16,2026-06-16 15:00:00,22,22,17_24,TimeMixer,570.0,461.90288236694335,,,
2026-06-17 23:00:00,574.75,,74124.1225,7218.0625,0.0,23826.5,29838.76,7218.0625,da,2026-06-17,2026-06-16,2026-06-16 15:00:00,23,23,17_24,TimeMixer,574.75,498.16097453311085,,,
2026-06-18 00:00:00,594.5,,72873.1425,7525.1875,0.0,22721.75,29385.405,7525.1875,da,2026-06-18,2026-06-17,2026-06-17 15:00:00,0,24,17_24,TimeMixer,594.5,505.39822197437286,,,
2026-06-18 01:00:00,,,69363.87,6224.915,0.0,22921.75,26946.405,6224.915,da,2026-06-18,2026-06-17,2026-06-17 15:00:00,1,1,1_8,TimeMixer,,544.6215229034424,,,
2026-06-18 02:00:00,,,67123.905,5842.7775,0.0,22849.75,25160.5775,5842.7775,da,2026-06-18,2026-06-17,2026-06-17 15:00:00,2,2,1_8,TimeMixer,,543.112534866333,,,
2026-06-18 03:00:00,,,65237.955,5336.2425,0.0,22826.5,23804.4125,5336.2425,da,2026-06-18,2026-06-17,2026-06-17 15:00:00,3,3,1_8,TimeMixer,,539.7209091186523,,,
2026-06-18 04:00:00,,,64413.13,4794.2,0.01,22555.25,23792.87,4794.21,da,2026-06-18,2026-06-17,2026-06-17 15:00:00,4,4,1_8,TimeMixer,,564.6721878051758,,,
2026-06-18 05:00:00,,,64943.535,4249.7075,32.02,22059.0,25332.0075,4281.7275,da,2026-06-18,2026-06-17,2026-06-17 15:00:00,5,5,1_8,TimeMixer,,581.6414536987304,,,
2026-06-18 06:00:00,,,66635.4575,3720.5075,1010.255,23890.0,24743.895,4730.7625,da,2026-06-18,2026-06-17,2026-06-17 15:00:00,6,6,1_8,TimeMixer,,575.6236242675781,,,
2026-06-18 07:00:00,,,67395.9775,3024.2725,3833.0075,27874.0,19401.3975,6857.28,da,2026-06-18,2026-06-17,2026-06-17 15:00:00,7,7,1_8,TimeMixer,,398.26564398193364,,,
2026-06-18 08:00:00,,,71974.495,2173.8925,7827.805,28401.0,20385.9975,10001.6975,da,2026-06-18,2026-06-17,2026-06-17 15:00:00,8,8,1_8,TimeMixer,,394.0549217224121,,,
2026-06-18 09:00:00,,,74090.1625,1569.2525,11728.0725,26509.25,21152.7875,13297.325,da,2026-06-18,2026-06-17,2026-06-17 15:00:00,9,9,9_16,TimeMixer,,343.36336212158204,,,
2026-06-18 10:00:00,,,73822.6325,1304.9625,14760.1325,24970.25,19733.9875,16065.095,da,2026-06-18,2026-06-17,2026-06-17 15:00:00,10,10,9_16,TimeMixer,,295.4790267944336,,,
2026-06-18 11:00:00,,,73568.135,1251.1775,16590.575,23787.25,18933.3325,17841.7525,da,2026-06-18,2026-06-17,2026-06-17 15:00:00,11,11,9_16,TimeMixer,,236.3896557739258,,,
2026-06-18 12:00:00,,,70585.275,1338.9925,17303.605,23697.25,15277.1275,18642.5975,da,2026-06-18,2026-06-17,2026-06-17 15:00:00,12,12,9_16,TimeMixer,,155.09146455078127,,,
2026-06-18 13:00:00,,,65028.515,1571.31,16900.7125,23704.25,9888.9425,18472.0225,da,2026-06-18,2026-06-17,2026-06-17 15:00:00,13,13,9_16,TimeMixer,,131.3859848022461,,,
2026-06-18 14:00:00,,,68058.025,1966.885,15432.225,23590.0,14073.115,17399.11,da,2026-06-18,2026-06-17,2026-06-17 15:00:00,14,14,9_16,TimeMixer,,109.00862403564453,,,
2026-06-18 15:00:00,,,72016.65,2439.085,12820.1725,23722.25,19981.8425,15259.2575,da,2026-06-18,2026-06-17,2026-06-17 15:00:00,15,15,9_16,TimeMixer,,129.80899353027343,,,
2026-06-18 16:00:00,,,75782.365,2877.055,9584.59,25273.0,24906.92,12461.645,da,2026-06-18,2026-06-17,2026-06-17 15:00:00,16,16,9_16,TimeMixer,,310.19684417724613,,,
2026-06-18 17:00:00,,,78185.0375,3331.1925,6111.1025,28362.25,27117.1925,9442.295,da,2026-06-18,2026-06-17,2026-06-17 15:00:00,17,17,17_24,TimeMixer,,412.70370625305173,,,
2026-06-18 18:00:00,,,80126.4425,3791.745,2864.295,29499.0,30685.6025,6656.04,da,2026-06-18,2026-06-17,2026-06-17 15:00:00,18,18,17_24,TimeMixer,,588.3086802368164,,,
2026-06-18 19:00:00,,,81223.69,4311.9225,774.125,29609.0,33237.8425,5086.0475,da,2026-06-18,2026-06-17,2026-06-17 15:00:00,19,19,17_24,TimeMixer,,605.049013376236,,,
2026-06-18 20:00:00,,,82693.925,5050.22,34.22,28840.0,35478.685,5084.44,da,2026-06-18,2026-06-17,2026-06-17 15:00:00,20,20,17_24,TimeMixer,,534.2067826202392,,,
2026-06-18 21:00:00,,,81881.8525,5903.4825,0.0,26534.0,36153.57,5903.4825,da,2026-06-18,2026-06-17,2026-06-17 15:00:00,21,21,17_24,TimeMixer,,554.4316122940063,,,
2026-06-18 22:00:00,,,79201.655,6780.945,0.0,24950.0,34179.91,6780.945,da,2026-06-18,2026-06-17,2026-06-17 15:00:00,22,22,17_24,TimeMixer,,594.2974789428711,,,
2026-06-18 23:00:00,,,75439.68,7473.7625,0.0,23680.0,30995.1175,7473.7625,da,2026-06-18,2026-06-17,2026-06-17 15:00:00,23,23,17_24,TimeMixer,,594.0422508001327,,,
2026-06-01 00:00:00,400.0,296.643,63568.2925,20531.2525,11.6,17238.5,12660.44,20542.8525,rt,2026-06-01,2026-05-31,2026-05-31 15:00:00,0,24,17_24,TimeMixer,296.643,470.8986987589874,479.53760444641114,1.0,-103.35700000000003
2026-06-01 01:00:00,360.0,365.425,62153.1425,19470.2425,12.8,18214.75,11648.85,19483.0425,rt,2026-06-01,2026-05-31,2026-05-31 15:00:00,1,1,1_8,TimeMixer,365.425,378.94386670805363,353.1151272583008,1.0,5.425000000000011
2026-06-01 02:00:00,352.613,356.766,60403.3875,18000.0875,12.1,18203.25,11381.45,18012.1875,rt,2026-06-01,2026-05-31,2026-05-31 15:00:00,2,2,1_8,TimeMixer,356.766,296.8484423538055,301.3961486816406,0.0,0.0
2026-06-01 03:00:00,363.975,355.431,58997.6075,16140.4525,12.5,18362.75,11675.405,16152.9525,rt,2026-06-01,2026-05-31,2026-05-31 15:00:00,3,3,1_8,TimeMixer,355.431,292.8032776519623,273.77303790283196,0.0,-0.0
2026-06-01 04:00:00,387.378,322.16,58306.5325,14034.6075,12.3,18441.0,13012.125,14046.9075,rt,2026-06-01,2026-05-31,2026-05-31 15:00:00,4,4,1_8,TimeMixer,322.16,267.35687217680356,267.36003236694336,0.0,-0.0
2026-06-01 05:00:00,396.5,359.101,58908.2725,12253.87,42.8275,18425.25,15379.825,12296.6975,rt,2026-06-01,2026-05-31,2026-05-31 15:00:00,5,5,1_8,TimeMixer,359.101,259.793076052536,257.4774642944336,0.0,-0.0
2026-06-01 06:00:00,376.25,362.442,60521.0325,10824.8125,1177.2125,19782.75,15929.7575,12002.025,rt,2026-06-01,2026-05-31,2026-05-31 15:00:00,6,6,1_8,TimeMixer,362.442,244.84327554533385,264.6959762573242,0.0,-0.0
2026-06-01 07:00:00,100.0,34.998,59231.97,9471.93,4618.1675,22604.5,9734.6225,14090.0975,rt,2026-06-01,2026-05-31,2026-05-31 15:00:00,7,7,1_8,TimeMixer,34.998,247.55090421354674,55.624948883056646,1.0,-65.00200000000001
2026-06-01 08:00:00,-70.0,-53.391,57053.2425,8060.2175,9894.59,23231.25,3123.185,17954.8075,rt,2026-06-01,2026-05-31,2026-05-31 15:00:00,8,8,1_8,TimeMixer,-53.391,-30.12793671777289,38.76429748535156,1.0,16.609
2026-06-01 09:00:00,-70.0,155.503,55404.1975,6886.0175,15341.655,21785.75,-1340.725,22227.6725,rt,2026-06-01,2026-05-31,2026-05-31 15:00:00,9,9,9_16,TimeMixer,155.503,-65.21991391503852,-20.7690399169922,1.0,225.503
2026-06-01 10:00:00,-75.0,-74.006,52232.135,6213.605,19788.67,19803.25,-6304.89,26002.275,rt,2026-06-01,2026-05-31,2026-05-31 15:00:00,10,10,9_16,TimeMixer,-74.006,-30.782719349608826,-4.248104858398449,1.0,0.9939999999999998
2026-06-01 11:00:00,-75.0,-70.772,52965.7825,5818.94,22595.34,18915.5,-7095.4975,28414.28,rt,2026-06-01,2026-05-31,2026-05-31 15:00:00,11,11,9_16,TimeMixer,-70.772,2.2143063925786635,7.320208740234364,1.0,4.227999999999994
2026-06-01 12:00:00,-75.0,-80.0,52004.3875,5520.07,23906.0975,18778.5,-8931.78,29426.1675,rt,2026-06-01,2026-05-31,2026-05-31 15:00:00,12,12,9_16,TimeMixer,-80.0,-21.054403980956486,6.0529632568359375,1.0,-5.0
2026-06-01 13:00:00,-75.0,-48.675,48133.1025,5212.01,23966.345,18870.0,-12646.7525,29178.355,rt,2026-06-01,2026-05-31,2026-05-31 15:00:00,13,13,9_16,TimeMixer,-48.675,-11.722362893309999,47.54137420654297,1.0,26.325000000000003
2026-06-01 14:00:00,-75.0,-70.535,49869.2825,5133.3,22860.0125,19093.75,-9949.28,27993.3125,rt,2026-06-01,2026-05-31,2026-05-31 15:00:00,14,14,9_16,TimeMixer,-70.535,-3.9913904140619643,30.39684143066404,1.0,4.465000000000003
2026-06-01 15:00:00,-75.0,-80.0,52357.135,5314.7575,20252.735,19872.0,-5813.8575,25567.4925,rt,2026-06-01,2026-05-31,2026-05-31 15:00:00,15,15,9_16,TimeMixer,-80.0,14.423338431152885,72.11752966308592,1.0,-5.0
2026-06-01 16:00:00,-49.34,-80.0,56616.005,5755.225,16034.66,20961.5,1133.12,21789.885,rt,2026-06-01,2026-05-31,2026-05-31 15:00:00,16,16,9_16,TimeMixer,-80.0,79.67555055792289,68.00137182617186,1.0,-30.659999999999997
2026-06-01 17:00:00,310.77,195.515,62909.085,6349.8825,10476.0625,22054.25,11224.89,16825.945,rt,2026-06-01,2026-05-31,2026-05-31 15:00:00,17,17,17_24,TimeMixer,195.515,280.27500081877133,145.0852419433594,0.0,-0.0
2026-06-01 18:00:00,398.5,550.118,68725.975,7147.135,4811.985,23777.5,20166.605,11959.12,rt,2026-06-01,2026-05-31,2026-05-31 15:00:00,18,18,17_24,TimeMixer,550.118,332.256972396492,321.6889741897583,0.0,0.0
2026-06-01 19:00:00,514.873,562.554,73097.8075,8396.66,1117.75,23749.25,27007.6475,9514.41,rt,2026-06-01,2026-05-31,2026-05-31 15:00:00,19,19,17_24,TimeMixer,562.554,471.0216127572479,403.03383560180663,0.0,0.0
2026-06-01 20:00:00,505.875,547.537,75455.8675,10115.1525,30.07,22658.25,29825.895,10145.2225,rt,2026-06-01,2026-05-31,2026-05-31 15:00:00,20,20,17_24,TimeMixer,547.537,420.1700141189423,442.3581712722778,0.0,0.0
2026-06-01 21:00:00,501.375,608.046,74108.5375,11762.1275,12.2,21836.25,27671.46,11774.3275,rt,2026-06-01,2026-05-31,2026-05-31 15:00:00,21,21,17_24,TimeMixer,608.046,436.2586968569793,406.43261114501956,0.0,0.0
2026-06-01 22:00:00,446.875,613.371,71544.965,13293.875,12.7,20453.25,24958.64,13306.575,rt,2026-06-01,2026-05-31,2026-05-31 15:00:00,22,22,17_24,TimeMixer,613.371,490.6719477239838,421.69619808197024,1.0,166.49599999999998
2026-06-01 23:00:00,431.5,514.696,69346.56,14412.445,11.6,18884.25,23211.765,14424.045,rt,2026-06-01,2026-05-31,2026-05-31 15:00:00,23,23,17_24,TimeMixer,514.696,456.11281233824155,409.622518157959,1.0,83.19600000000003
2026-06-02 00:00:00,411.5,424.837,66235.8925,14977.5325,11.6,17302.5,21117.76,14989.1325,rt,2026-06-02,2026-06-01,2026-06-01 15:00:00,0,24,17_24,TimeMixer,424.837,415.106261120285,398.3568717956543,1.0,13.336999999999989
2026-06-02 01:00:00,475.25,404.257,64207.3,14990.43,11.9,19762.25,16636.22,15002.33,rt,2026-06-02,2026-06-01,2026-06-01 15:00:00,1,1,1_8,TimeMixer,404.257,389.917169699997,327.3922592163086,0.0,-0.0
2026-06-02 02:00:00,400.0,354.302,62893.4325,14549.0375,12.0,19768.0,15757.895,14561.0375,rt,2026-06-02,2026-06-01,2026-06-01 15:00:00,2,2,1_8,TimeMixer,354.302,405.1273253420868,286.62533173828126,1.0,-45.69799999999998
2026-06-02 03:00:00,400.0,341.615,61754.745,13852.8425,11.7,19802.0,15281.7025,13864.5425,rt,2026-06-02,2026-06-01,2026-06-01 15:00:00,3,3,1_8,TimeMixer,341.615,396.3068868978729,276.7068994140625,0.0,-0.0
2026-06-02 04:00:00,411.5,335.385,60896.78,13008.9775,12.7,19810.75,15257.8525,13021.6775,rt,2026-06-02,2026-06-01,2026-06-01 15:00:00,4,4,1_8,TimeMixer,335.385,363.605092436203,322.61803535156247,0.0,-0.0
2026-06-02 05:00:00,433.67,369.238,61463.675,12166.9625,46.6175,19622.25,16821.345,12213.58,rt,2026-06-02,2026-06-01,2026-06-01 15:00:00,5,5,1_8,TimeMixer,369.238,383.675163495163,313.914599609375,0.0,-0.0
2026-06-02 06:00:00,367.5,272.422,62133.455,11289.655,1413.38,21046.5,15577.42,12703.035,rt,2026-06-02,2026-06-01,2026-06-01 15:00:00,6,6,1_8,TimeMixer,272.422,395.9227230953827,315.3507354736328,1.0,-95.07799999999997
2026-06-02 07:00:00,86.0,-80.0,59664.2675,10065.22,5561.3475,24695.25,6539.7,15626.5675,rt,2026-06-02,2026-06-01,2026-06-01 15:00:00,7,7,1_8,TimeMixer,-80.0,252.92312632414246,140.70116119384767,1.0,-166.0
2026-06-02 08:00:00,-29.0,-80.0,57333.12,8461.9125,11567.755,25110.25,-550.7975,20029.6675,rt,2026-06-02,2026-06-01,2026-06-01 15:00:00,8,8,1_8,TimeMixer,-80.0,-71.6667251235346,29.071702575683588,0.0,-0.0
2026-06-02 09:00:00,-70.0,-80.0,55326.8325,7212.52,17103.6375,23052.0,-4772.825,24316.1575,rt,2026-06-02,2026-06-01,2026-06-01 15:00:00,9,9,9_16,TimeMixer,-80.0,16.55014233007866,-34.22783813476562,1.0,-10.0
2026-06-02 10:00:00,-74.988,-80.0,52129.3675,6576.7625,21250.1625,21379.5,-9808.5575,27826.925,rt,2026-06-02,2026-06-01,2026-06-01 15:00:00,10,10,9_16,TimeMixer,-80.0,-46.7776435561518,-40.01676330566406,1.0,-5.0120000000000005
2026-06-02 11:00:00,-75.0,-80.0,53060.835,6216.9125,23583.8975,19848.5,-9319.975,29800.81,rt,2026-06-02,2026-06-01,2026-06-01 15:00:00,11,11,9_16,TimeMixer,-80.0,-24.740034325194763,-28.573501586914062,1.0,-5.0
2026-06-02 12:00:00,-75.0,-66.698,52939.6825,5876.1575,24439.485,19613.0,-9720.46,30315.6425,rt,2026-06-02,2026-06-01,2026-06-01 15:00:00,12,12,9_16,TimeMixer,-66.698,-78.14581439843695,-25.9658203125,0.0,0.0
2026-06-02 13:00:00,-75.0,-59.163,49009.885,5577.22,24309.4875,19613.25,-13221.5725,29886.7075,rt,2026-06-02,2026-06-01,2026-06-01 15:00:00,13,13,9_16,TimeMixer,-59.163,-61.37653798974554,20.422531127929688,1.0,15.837000000000003
2026-06-02 14:00:00,-75.0,-56.988,51183.9875,5387.11,23204.6925,19750.25,-9889.565,28591.8025,rt,2026-06-02,2026-06-01,2026-06-01 15:00:00,14,14,9_16,TimeMixer,-56.988,-58.68932648095648,-3.3311538696289062,1.0,18.012
2026-06-02 15:00:00,-70.0,-75.992,53589.2375,5430.4,20588.7225,19953.5,-5114.885,26019.1225,rt,2026-06-02,2026-06-01,2026-06-01 15:00:00,15,15,9_16,TimeMixer,-75.992,-44.29909027246039,30.814483642578125,1.0,-5.992000000000004
2026-06-02 16:00:00,-30.0,64.24,58034.0825,5741.44,16267.0825,21162.5,2131.56,22008.5225,rt,2026-06-02,2026-06-01,2026-06-01 15:00:00,16,16,9_16,TimeMixer,64.24,16.412125106567927,47.54161157226562,1.0,94.24
2026-06-02 17:00:00,312.175,463.308,64635.1175,6309.735,10548.38,24231.0,10742.0025,16858.115,rt,2026-06-02,2026-06-01,2026-06-01 15:00:00,17,17,17_24,TimeMixer,463.308,367.4117069711151,307.67591113281253,1.0,151.13299999999998
2026-06-02 18:00:00,455.7,636.413,70477.2375,7228.7475,4785.135,25879.0,19761.605,12013.8825,rt,2026-06-02,2026-06-01,2026-06-01 15:00:00,18,18,17_24,TimeMixer,636.413,542.1398551226273,394.05671100616456,1.0,180.71300000000002
2026-06-02 19:00:00,546.81,594.886,74789.315,8605.4575,1119.1525,25774.0,26464.205,9724.61,rt,2026-06-02,2026-06-01,2026-06-01 15:00:00,19,19,17_24,TimeMixer,594.886,525.6862780258026,456.35954485778814,0.0,0.0
2026-06-02 20:00:00,546.75,510.564,77639.8725,10165.775,31.8,24847.0,29768.7975,10197.575,rt,2026-06-02,2026-06-01,2026-06-01 15:00:00,20,20,17_24,TimeMixer,510.564,494.53549072660826,468.3312945365906,0.0,-0.0
2026-06-02 21:00:00,551.5,521.208,76700.5025,11524.0625,11.3,23057.0,29281.64,11535.3625,rt,2026-06-02,2026-06-01,2026-06-01 15:00:00,21,21,17_24,TimeMixer,521.208,530.0572839114227,441.4648609161377,0.0,-0.0
2026-06-02 22:00:00,545.75,521.952,74308.615,12417.2025,11.9,21617.0,27436.0125,12429.1025,rt,2026-06-02,2026-06-01,2026-06-01 15:00:00,22,22,17_24,TimeMixer,521.952,557.1220287368621,423.8201843261719,1.0,-23.798000000000002
2026-06-02 23:00:00,521.0,493.448,71600.08,12875.27,12.6,19987.25,25898.46,12887.87,rt,2026-06-02,2026-06-01,2026-06-01 15:00:00,23,23,17_24,TimeMixer,493.448,523.5094275341644,422.24502525329586,1.0,-27.55200000000002
2026-06-03 00:00:00,500.0,615.833,67735.0225,12998.0875,11.4,18536.0,23363.035,13009.4875,rt,2026-06-03,2026-06-02,2026-06-02 15:00:00,0,24,17_24,TimeMixer,615.833,497.54038120298765,396.99061660766597,0.0,0.0
2026-06-03 01:00:00,494.0,516.964,67722.6825,11864.5675,12.6,19530.0,23609.015,11877.1675,rt,2026-06-03,2026-06-02,2026-06-02 15:00:00,1,1,1_8,TimeMixer,516.964,453.84345901274105,400.24670257568357,0.0,0.0
2026-06-03 02:00:00,447.0,471.11,65746.605,11612.245,12.1,19530.0,21885.76,11624.345,rt,2026-06-03,2026-06-02,2026-06-02 15:00:00,2,2,1_8,TimeMixer,471.11,470.7680229147186,362.00315795898433,1.0,24.110000000000014
2026-06-03 03:00:00,440.0,429.557,63826.375,11316.245,11.9,19530.0,20261.73,11328.145,rt,2026-06-03,2026-06-02,2026-06-02 15:00:00,3,3,1_8,TimeMixer,429.557,489.26584539579767,337.46085845947266,1.0,-10.442999999999984
2026-06-03 04:00:00,445.5,434.58,62616.88,11012.2475,11.51,19530.0,19356.6225,11023.7575,rt,2026-06-03,2026-06-02,2026-06-02 15:00:00,4,4,1_8,TimeMixer,434.58,469.6846742465058,379.45518753051755,1.0,-10.920000000000016
2026-06-03 05:00:00,412.5,481.472,63182.1775,10712.045,33.535,19361.0,20369.0975,10745.58,rt,2026-06-03,2026-06-02,2026-06-02 15:00:00,5,5,1_8,TimeMixer,481.472,497.06057179777525,383.3779098815918,1.0,68.97199999999998
2026-06-03 06:00:00,413.2,478.715,64286.2975,10211.7125,927.8625,20823.75,19616.4725,11139.575,rt,2026-06-03,2026-06-02,2026-06-02 15:00:00,6,6,1_8,TimeMixer,478.715,464.33054243193055,321.99366394042966,1.0,65.51499999999999
2026-06-03 07:00:00,274.313,317.513,64883.6825,9345.2725,3496.25,24590.5,14748.91,12841.5225,rt,2026-06-03,2026-06-02,2026-06-02 15:00:00,7,7,1_8,TimeMixer,317.513,284.693718642868,165.8086757659912,1.0,43.19999999999999
2026-06-03 08:00:00,232.64,389.433,66791.265,8350.29,7483.3125,24902.75,13410.9125,15833.6025,rt,2026-06-03,2026-06-02,2026-06-02 15:00:00,8,8,1_8,TimeMixer,389.433,249.70486825773622,120.15812287330627,1.0,156.793
2026-06-03 09:00:00,276.0,465.032,67746.0425,7668.73,11866.3,22662.25,12917.2625,19535.03,rt,2026-06-03,2026-06-02,2026-06-02 15:00:00,9,9,9_16,TimeMixer,465.032,274.87633761595157,137.24595938110352,0.0,0.0
2026-06-03 10:00:00,95.5,482.101,66591.725,7610.97,15498.96,21138.0,9712.295,23109.93,rt,2026-06-03,2026-06-02,2026-06-02 15:00:00,10,10,9_16,TimeMixer,482.101,307.9175299209442,164.18438353271483,1.0,386.601
2026-06-03 11:00:00,4.5,488.563,65908.635,7765.9325,18279.0975,19475.0,7757.105,26045.03,rt,2026-06-03,2026-06-02,2026-06-02 15:00:00,11,11,9_16,TimeMixer,488.563,340.66953012236024,157.62674560546873,1.0,484.063
2026-06-03 12:00:00,30.5,477.629,63208.0,8036.2975,20044.51,19176.0,3319.6925,28080.8075,rt,2026-06-03,2026-06-02,2026-06-02 15:00:00,12,12,9_16,TimeMixer,477.629,85.02987457983451,161.47345581054688,1.0,447.129
2026-06-03 13:00:00,8.5,388.951,58326.6325,8222.8175,20462.5875,19150.25,-2140.5225,28685.405,rt,2026-06-03,2026-06-02,2026-06-02 15:00:00,13,13,9_16,TimeMixer,388.951,33.099126181702204,151.9759130859375,1.0,380.451
2026-06-03 14:00:00,6.56,202.338,60841.9975,8442.3375,19219.1125,19319.75,1229.2975,27661.45,rt,2026-06-03,2026-06-02,2026-06-02 15:00:00,14,14,9_16,TimeMixer,202.338,80.94512244455774,161.3439105834961,1.0,195.778
2026-06-03 15:00:00,83.25,119.573,64340.6375,8702.0175,16530.975,19568.5,6907.645,25232.9925,rt,2026-06-03,2026-06-02,2026-06-02 15:00:00,15,15,9_16,TimeMixer,119.573,284.19875273508455,162.2655456542969,1.0,36.32299999999999
2026-06-03 16:00:00,300.0,42.106,69173.92,9225.59,12580.81,20752.0,13984.02,21806.4,rt,2026-06-03,2026-06-02,2026-06-02 15:00:00,16,16,9_16,TimeMixer,42.106,393.58433997953796,213.8166961669922,1.0,-257.894
2026-06-03 17:00:00,402.5,497.462,73973.2625,9860.7225,7867.675,23776.75,19764.115,17728.3975,rt,2026-06-03,2026-06-02,2026-06-02 15:00:00,17,17,17_24,TimeMixer,497.462,548.2497681826629,366.891238861084,1.0,94.96199999999999
2026-06-03 18:00:00,502.0,572.353,77364.875,10333.8175,3488.9125,25360.75,25458.645,13822.73,rt,2026-06-03,2026-06-02,2026-06-02 15:00:00,18,18,17_24,TimeMixer,572.353,600.0203980129852,433.9074315757751,1.0,70.35299999999995
2026-06-03 19:00:00,524.0,536.775,79504.52,10824.125,822.3525,25323.75,29807.7925,11646.4775,rt,2026-06-03,2026-06-02,2026-06-02 15:00:00,19,19,17_24,TimeMixer,536.775,572.373458250717,500.5659209594726,1.0,12.774999999999977
2026-06-03 20:00:00,520.0,531.978,80497.1675,11263.1075,28.535,24610.75,31868.275,11291.6425,rt,2026-06-03,2026-06-02,2026-06-02 15:00:00,20,20,17_24,TimeMixer,531.978,538.2766064452971,494.839407913208,1.0,11.977999999999952
2026-06-03 21:00:00,527.0,539.882,79361.9475,11085.115,11.6,22984.25,32554.4825,11096.715,rt,2026-06-03,2026-06-02,2026-06-02 15:00:00,21,21,17_24,TimeMixer,539.882,540.8983020770111,512.9612306747437,1.0,12.881999999999948
2026-06-03 22:00:00,545.995,519.857,76176.1075,10720.945,12.6,21417.25,31298.8125,10733.545,rt,2026-06-03,2026-06-02,2026-06-02 15:00:00,22,22,17_24,TimeMixer,519.857,548.9669531112327,487.05995571899416,1.0,-26.138000000000034
2026-06-03 23:00:00,540.5,421.655,72177.335,10239.8025,13.0,19640.5,29557.5325,10252.8025,rt,2026-06-03,2026-06-02,2026-06-02 15:00:00,23,23,17_24,TimeMixer,421.655,507.5344938369598,516.6605054244994,0.0,-0.0
2026-06-04 00:00:00,540.5,414.112,70079.02,9437.9325,11.6,18387.75,29515.2375,9449.5325,rt,2026-06-04,2026-06-03,2026-06-03 15:00:00,0,24,17_24,TimeMixer,414.112,568.8320130062714,483.2982891082764,1.0,-126.38799999999998
2026-06-04 01:00:00,525.0,590.569,62988.9225,8087.0075,0.0,19536.0,22759.415,8087.0075,rt,2026-06-04,2026-06-03,2026-06-03 15:00:00,1,1,1_8,TimeMixer,590.569,577.622780698227,503.0478139877319,1.0,65.56899999999996
2026-06-04 02:00:00,502.5,491.713,61130.3225,7359.6275,0.0,19535.5,21628.695,7359.6275,rt,2026-06-04,2026-06-03,2026-06-03 15:00:00,2,2,1_8,TimeMixer,491.713,569.9136554089965,459.35011606216426,1.0,-10.786999999999978
2026-06-04 03:00:00,457.5,629.895,59909.475,7012.0125,0.0,19534.75,20756.2125,7012.0125,rt,2026-06-04,2026-06-03,2026-06-03 15:00:00,3,3,1_8,TimeMixer,629.895,560.4689822176972,446.2925917863846,1.0,172.39499999999998
2026-06-04 04:00:00,450.0,490.96,59253.4825,7001.33,0.0125,19536.0,20109.64,7001.3425,rt,2026-06-04,2026-06-03,2026-06-03 15:00:00,4,4,1_8,TimeMixer,490.96,550.6770333242646,480.78785095214846,1.0,40.95999999999998
2026-06-04 05:00:00,412.299,618.688,59260.61,7174.565,50.445,19402.25,20026.85,7225.01,rt,2026-06-04,2026-06-03,2026-06-03 15:00:00,5,5,1_8,TimeMixer,618.688,565.3880056661835,476.15581671142576,1.0,206.389
2026-06-04 06:00:00,430.75,575.907,60559.4025,7401.87,932.98,20760.25,18857.8025,8334.85,rt,2026-06-04,2026-06-03,2026-06-03 15:00:00,6,6,1_8,TimeMixer,575.907,543.8073967031708,458.83181862182613,1.0,145.15700000000004
2026-06-04 07:00:00,329.61,378.624,60357.64,7411.75,3578.73,24238.5,12525.91,10990.48,rt,2026-06-04,2026-06-03,2026-06-03 15:00:00,7,7,1_8,TimeMixer,378.624,401.9005275234832,264.4780330474853,1.0,49.01400000000001
2026-06-04 08:00:00,255.5,429.017,62151.36,7396.1275,7697.1775,24670.0,9844.055,15093.305,rt,2026-06-04,2026-06-03,2026-06-03 15:00:00,8,8,1_8,TimeMixer,429.017,333.1416142916718,147.06631697082517,1.0,173.517
2026-06-04 09:00:00,136.0,626.057,61322.3575,7271.96,12271.7,22778.0,6469.1975,19543.66,rt,2026-06-04,2026-06-03,2026-06-03 15:00:00,9,9,9_16,TimeMixer,626.057,298.08834085234065,101.52779922485351,1.0,490.057
2026-06-04 10:00:00,0.0,441.169,58433.95,6897.08,16477.3575,21490.25,1037.7625,23374.4375,rt,2026-06-04,2026-06-03,2026-06-03 15:00:00,10,10,9_16,TimeMixer,441.169,80.08929017431696,-30.42519683837891,1.0,441.169
2026-06-04 11:00:00,-67.948,329.402,56438.5,6543.4825,19781.835,19966.0,-2384.3175,26325.3175,rt,2026-06-04,2026-06-03,2026-06-03 15:00:00,11,11,9_16,TimeMixer,329.402,85.98539499365286,-101.9511932373047,1.0,397.34999999999997
2026-06-04 12:00:00,-44.5,-80.0,53094.375,6164.155,21758.7675,19744.0,-7104.0475,27922.9225,rt,2026-06-04,2026-06-03,2026-06-03 15:00:00,12,12,9_16,TimeMixer,-80.0,70.40633215673883,-76.86024169921875,1.0,-35.5
2026-06-04 13:00:00,-45.875,-80.0,47976.4725,5748.9225,22296.2225,19744.0,-12344.1725,28045.145,rt,2026-06-04,2026-06-03,2026-06-03 15:00:00,13,13,9_16,TimeMixer,-80.0,11.477679334473198,-62.41172637939453,1.0,-34.125
2026-06-04 14:00:00,-60.625,-80.0,49271.6375,5508.7425,21802.755,19842.75,-10414.11,27311.4975,rt,2026-06-04,2026-06-03,2026-06-03 15:00:00,14,14,9_16,TimeMixer,-80.0,-66.11157570947212,-53.70761572265625,0.0,-0.0
2026-06-04 15:00:00,-69.5,-80.0,52433.545,5352.405,19844.7125,19982.5,-5277.5725,25197.1175,rt,2026-06-04,2026-06-03,2026-06-03 15:00:00,15,15,9_16,TimeMixer,-80.0,-92.27039310449165,-5.975571441650395,0.0,-0.0
2026-06-04 16:00:00,-29.95,-80.0,57612.3125,5311.5775,16082.4,21134.5,2552.335,21393.9775,rt,2026-06-04,2026-06-03,2026-06-03 15:00:00,16,16,9_16,TimeMixer,-80.0,-60.70616613061469,199.3567803001404,0.0,-0.0
2026-06-04 17:00:00,260.5,147.833,63189.3425,5280.6375,10809.815,23959.25,10535.64,16090.4525,rt,2026-06-04,2026-06-03,2026-06-03 15:00:00,17,17,17_24,TimeMixer,147.833,448.865843657402,344.4594533920288,1.0,-112.667
2026-06-04 18:00:00,520.25,613.905,69110.315,5108.225,5133.285,25367.75,20878.305,10241.51,rt,2026-06-04,2026-06-03,2026-06-03 15:00:00,18,18,17_24,TimeMixer,613.905,579.5860506432953,497.61202290964127,1.0,93.65499999999997
2026-06-04 19:00:00,546.0,806.969,73030.935,5027.58,1270.625,25274.0,28832.23,6298.205,rt,2026-06-04,2026-06-03,2026-06-03 15:00:00,19,19,17_24,TimeMixer,806.969,597.9398006482544,531.2213389930724,1.0,260.96900000000005
2026-06-04 20:00:00,564.5,707.876,75885.3175,5355.4775,37.445,24354.0,33511.895,5392.9225,rt,2026-06-04,2026-06-03,2026-06-03 15:00:00,20,20,17_24,TimeMixer,707.876,584.3916020858612,524.0769511413574,1.0,143.37599999999998
2026-06-04 21:00:00,566.875,658.026,75159.125,5606.4525,0.0,22546.25,34379.9225,5606.4525,rt,2026-06-04,2026-06-03,2026-06-03 15:00:00,21,21,17_24,TimeMixer,658.026,598.6959106176605,529.6996601104736,1.0,91.15099999999995
2026-06-04 22:00:00,577.5,461.831,72706.57,5562.18,0.0,21144.5,33373.39,5562.18,rt,2026-06-04,2026-06-03,2026-06-03 15:00:00,22,22,17_24,TimeMixer,461.831,617.4941930756988,522.4413214416504,1.0,-115.66899999999998
2026-06-04 23:00:00,580.75,407.503,69290.5125,5601.6525,0.0,19839.0,31223.36,5601.6525,rt,2026-06-04,2026-06-03,2026-06-03 15:00:00,23,23,17_24,TimeMixer,407.503,568.2489963854828,557.5727240562439,0.0,-0.0
2026-06-05 00:00:00,582.5,620.44,66421.8975,5378.3475,0.0,18862.75,29554.3,5378.3475,rt,2026-06-05,2026-06-04,2026-06-04 15:00:00,0,24,17_24,TimeMixer,620.44,588.9223427889863,572.566255569458,1.0,37.940000000000055
2026-06-05 01:00:00,622.5,728.717,63848.0025,4461.875,0.0,19980.0,26994.6275,4461.875,rt,2026-06-05,2026-06-04,2026-06-04 15:00:00,1,1,1_8,TimeMixer,728.717,635.5987413882293,609.4667053222656,1.0,106.21699999999998
2026-06-05 02:00:00,595.688,642.313,61811.5,4301.8675,0.0,19989.0,25109.1325,4301.8675,rt,2026-06-05,2026-06-04,2026-06-04 15:00:00,2,2,1_8,TimeMixer,642.313,607.7553760568085,548.4076622009277,1.0,46.625
2026-06-05 03:00:00,580.5,611.88,60288.3775,4108.76,0.0,19998.75,23769.3675,4108.76,rt,2026-06-05,2026-06-04,2026-06-04 15:00:00,3,3,1_8,TimeMixer,611.88,688.0437005727996,529.79951171875,1.0,31.379999999999995
2026-06-05 04:00:00,569.5,534.406,59440.5,3912.095,0.01,20003.0,23113.895,3912.105,rt,2026-06-05,2026-06-04,2026-06-04 15:00:00,4,4,1_8,TimeMixer,534.406,631.56324131987,567.9698944091797,1.0,-35.09400000000005
2026-06-05 05:00:00,573.5,575.279,60328.725,3688.425,39.69,19828.0,24361.11,3728.115,rt,2026-06-05,2026-06-04,2026-06-04 15:00:00,5,5,1_8,TimeMixer,575.279,673.0713618984831,566.404856237793,1.0,1.7789999999999964
2026-06-05 06:00:00,546.375,510.598,61250.8325,3302.7825,1429.9175,21189.25,22917.3825,4732.7,rt,2026-06-05,2026-06-04,2026-06-04 15:00:00,6,6,1_8,TimeMixer,510.598,658.158124535202,545.5032501220703,1.0,-35.77699999999999
2026-06-05 07:00:00,335.75,220.469,59688.3125,2709.5525,5525.7875,24632.25,14412.9725,8235.34,rt,2026-06-05,2026-06-04,2026-06-04 15:00:00,7,7,1_8,TimeMixer,220.469,525.6501931497039,371.1001049194336,1.0,-115.281
2026-06-05 08:00:00,85.0,593.325,59199.7475,2099.98,11389.0625,25368.5,7993.205,13489.0425,rt,2026-06-05,2026-06-04,2026-06-04 15:00:00,8,8,1_8,TimeMixer,593.325,419.0768837753143,224.91302108764646,1.0,508.32500000000005
2026-06-05 09:00:00,-23.25,528.983,57042.325,1740.8725,16726.8375,23869.0,2369.115,18467.71,rt,2026-06-05,2026-06-04,2026-06-04 15:00:00,9,9,9_16,TimeMixer,528.983,157.09388573584042,64.13050422668456,1.0,552.233
2026-06-05 10:00:00,-58.25,387.179,54282.65,1623.29,20863.6975,21998.5,-2517.5875,22486.9875,rt,2026-06-05,2026-06-04,2026-06-04 15:00:00,10,10,9_16,TimeMixer,387.179,38.283017105469284,-71.85249102783203,1.0,445.429
2026-06-05 11:00:00,-61.5,339.317,53478.99,1626.675,23247.6125,20594.0,-4275.7975,24874.2875,rt,2026-06-05,2026-06-04,2026-06-04 15:00:00,11,11,9_16,TimeMixer,339.317,-6.196787940917428,-127.86580775146484,1.0,400.817
2026-06-05 12:00:00,-67.71,176.983,50758.3975,1679.905,24154.8625,20491.5,-7854.37,25834.7675,rt,2026-06-05,2026-06-04,2026-06-04 15:00:00,12,12,9_16,TimeMixer,176.983,-116.39963037988225,-120.85439453125,0.0,0.0
2026-06-05 13:00:00,-61.0,-80.0,46332.1275,1744.5575,24015.1625,20507.0,-12245.0925,25759.72,rt,2026-06-05,2026-06-04,2026-06-04 15:00:00,13,13,9_16,TimeMixer,-80.0,-151.27065775537054,-64.85662359619141,0.0,-0.0
2026-06-05 14:00:00,-67.225,-80.0,48669.5925,1837.545,22832.8775,20566.75,-8904.08,24670.4225,rt,2026-06-05,2026-06-04,2026-06-04 15:00:00,14,14,9_16,TimeMixer,-80.0,-150.36783408837834,-77.8973021850586,0.0,-0.0
2026-06-05 15:00:00,-61.0,-58.766,52859.7875,1937.3175,20203.3075,20619.0,-2236.3375,22140.625,rt,2026-06-05,2026-06-04,2026-06-04 15:00:00,15,15,9_16,TimeMixer,-58.766,-140.6990029799799,-58.48008361816405,0.0,0.0
2026-06-05 16:00:00,-29.625,504.02,58183.4675,2118.115,15962.155,21741.75,6024.9475,18080.27,rt,2026-06-05,2026-06-04,2026-06-04 15:00:00,16,16,9_16,TimeMixer,504.02,143.04189506987,4.48403289794922,1.0,533.645
2026-06-05 17:00:00,356.04,526.577,64207.0975,2404.535,10415.3,24564.75,14413.5125,12819.835,rt,2026-06-05,2026-06-04,2026-06-04 15:00:00,17,17,17_24,TimeMixer,526.577,381.2502741804352,294.49816783905027,1.0,170.53699999999998
2026-06-05 18:00:00,538.35,641.0,69806.655,2881.645,4771.4175,25939.5,23786.3425,7653.0625,rt,2026-06-05,2026-06-04,2026-06-04 15:00:00,18,18,17_24,TimeMixer,641.0,593.9874365414275,520.6920263671875,1.0,102.64999999999998
2026-06-05 19:00:00,565.0,559.647,73387.1575,3715.325,1148.3575,25894.5,30197.475,4863.6825,rt,2026-06-05,2026-06-04,2026-06-04 15:00:00,19,19,17_24,TimeMixer,559.647,667.8649057617893,556.0501979827881,1.0,-5.352999999999952
2026-06-05 20:00:00,570.0,550.782,76105.3175,4999.5325,23.8675,24988.25,33662.1675,5023.4,rt,2026-06-05,2026-06-04,2026-06-04 15:00:00,20,20,17_24,TimeMixer,550.782,613.443062370285,542.8857442855835,1.0,-19.21799999999996
2026-06-05 21:00:00,565.0,544.16,75732.825,6195.1875,0.0,23040.25,34065.8875,6195.1875,rt,2026-06-05,2026-06-04,2026-06-04 15:00:00,21,21,17_24,TimeMixer,544.16,619.8875147442855,540.6497898101807,1.0,-20.840000000000032
2026-06-05 22:00:00,577.5,535.078,73232.8875,7070.7475,0.0,21691.25,32039.39,7070.7475,rt,2026-06-05,2026-06-04,2026-06-04 15:00:00,22,22,17_24,TimeMixer,535.078,539.8950197130241,539.3554816436767,0.0,-0.0
2026-06-05 23:00:00,550.0,546.457,69444.87,7740.935,0.0,20079.0,29193.435,7740.935,rt,2026-06-05,2026-06-04,2026-06-04 15:00:00,23,23,17_24,TimeMixer,546.457,505.2281139465179,550.5429414367676,0.0,-0.0
2026-06-06 00:00:00,550.0,660.329,67732.7375,7927.545,0.0,18537.5,28836.1925,7927.545,rt,2026-06-06,2026-06-05,2026-06-05 15:00:00,0,24,17_24,TimeMixer,660.329,622.2460382455292,551.0820958614349,1.0,110.32899999999995
2026-06-06 01:00:00,410.0,453.545,61442.71,9294.1,0.0,19771.0,19766.11,9294.1,rt,2026-06-06,2026-06-05,2026-06-05 15:00:00,1,1,1_8,TimeMixer,453.545,690.9405642278996,622.0103394317628,1.0,43.545000000000016
2026-06-06 02:00:00,399.5,415.271,59437.7875,8871.665,0.0,19771.0,18183.6225,8871.665,rt,2026-06-06,2026-06-05,2026-06-05 15:00:00,2,2,1_8,TimeMixer,415.271,681.2234673916473,658.1490899780274,1.0,15.771000000000015
2026-06-06 03:00:00,399.0,404.75,58407.5925,8456.46,0.0,19809.25,17530.3825,8456.46,rt,2026-06-06,2026-06-05,2026-06-05 15:00:00,3,3,1_8,TimeMixer,404.75,644.8782047427214,597.3212036132812,1.0,5.75
2026-06-06 04:00:00,389.5,410.307,57395.16,8180.5925,0.01,19813.25,16789.8075,8180.6025,rt,2026-06-06,2026-06-05,2026-06-05 15:00:00,4,4,1_8,TimeMixer,410.307,630.9980241409148,604.7312362670898,1.0,20.807000000000016
2026-06-06 05:00:00,399.5,406.147,58188.72,8127.8975,20.0825,19561.0,17868.24,8147.98,rt,2026-06-06,2026-06-05,2026-06-05 15:00:00,5,5,1_8,TimeMixer,406.147,665.7639104653778,633.7121719360351,1.0,6.646999999999991
2026-06-06 06:00:00,399.5,401.272,59496.495,7899.8525,411.12,20757.75,17816.2725,8310.9725,rt,2026-06-06,2026-06-05,2026-06-05 15:00:00,6,6,1_8,TimeMixer,401.272,561.1385223568573,563.8532661437988,1.0,1.7719999999999914
2026-06-06 07:00:00,372.5,403.41,61845.96,7583.525,1347.505,24275.25,16031.93,8931.03,rt,2026-06-06,2026-06-05,2026-06-05 15:00:00,7,7,1_8,TimeMixer,403.41,361.6689805813446,305.0652721405029,0.0,0.0
2026-06-06 08:00:00,400.0,523.909,67201.5475,7262.5775,2718.2925,24776.75,19894.9275,9980.87,rt,2026-06-06,2026-06-05,2026-06-05 15:00:00,8,8,1_8,TimeMixer,523.909,496.58589420988466,163.66640594482422,1.0,123.90899999999999
2026-06-06 09:00:00,420.0,610.56,70356.865,6956.9525,4183.2,22833.25,23846.9625,11140.1525,rt,2026-06-06,2026-06-05,2026-06-05 15:00:00,9,9,9_16,TimeMixer,610.56,503.4330907168426,203.24464111328126,1.0,190.55999999999995
2026-06-06 10:00:00,430.22,662.967,71271.3375,6660.0625,5345.555,21288.0,25441.22,12005.6175,rt,2026-06-06,2026-06-05,2026-06-05 15:00:00,10,10,9_16,TimeMixer,662.967,484.8603162954559,246.5218994140625,1.0,232.74699999999996
2026-06-06 11:00:00,420.0,551.464,72871.7025,6810.5125,6154.5425,19802.5,27567.6475,12965.055,rt,2026-06-06,2026-06-05,2026-06-05 15:00:00,11,11,9_16,TimeMixer,551.464,468.36092216947935,248.594970703125,1.0,131.46400000000006
2026-06-06 12:00:00,415.0,431.376,71573.4,7255.5825,6662.7025,19638.75,25479.865,13918.285,rt,2026-06-06,2026-06-05,2026-06-05 15:00:00,12,12,9_16,TimeMixer,431.376,396.9680292544403,248.63162939453125,0.0,0.0
2026-06-06 13:00:00,395.0,27.266,66236.18,7985.35,6715.185,19638.0,19361.145,14700.535,rt,2026-06-06,2026-06-05,2026-06-05 15:00:00,13,13,9_16,TimeMixer,27.266,238.0099693643036,201.06879272460938,0.0,-0.0
2026-06-06 14:00:00,400.0,345.015,68374.945,8768.2375,6347.1675,19732.0,20991.04,15115.405,rt,2026-06-06,2026-06-05,2026-06-05 15:00:00,14,14,9_16,TimeMixer,345.015,269.3409721719208,192.76937011718752,0.0,-0.0
2026-06-06 15:00:00,407.5,345.259,70263.3075,9554.75,5495.96,19864.0,22812.0975,15050.71,rt,2026-06-06,2026-06-05,2026-06-05 15:00:00,15,15,9_16,TimeMixer,345.259,277.37850571195986,178.91968383789063,0.0,-0.0
2026-06-06 16:00:00,420.1,369.377,71748.23,10336.97,4307.545,21007.5,23559.715,14644.515,rt,2026-06-06,2026-06-05,2026-06-05 15:00:00,16,16,9_16,TimeMixer,369.377,519.254055472702,238.98133850097656,1.0,-50.72300000000001
2026-06-06 17:00:00,407.5,339.255,71360.4175,10886.4925,2861.5425,23870.75,21132.6325,13748.035,rt,2026-06-06,2026-06-05,2026-06-05 15:00:00,17,17,17_24,TimeMixer,339.255,499.5206406936492,361.13806936645506,1.0,-68.245
2026-06-06 18:00:00,401.125,339.494,72059.25,11085.44,1428.29,25367.25,21550.52,12513.73,rt,2026-06-06,2026-06-05,2026-06-05 15:00:00,18,18,17_24,TimeMixer,339.494,619.9576505831756,511.51274579238884,1.0,-61.63099999999997
2026-06-06 19:00:00,418.875,317.718,70964.2525,11037.105,419.1975,25263.0,21613.45,11456.3025,rt,2026-06-06,2026-06-05,2026-06-05 15:00:00,19,19,17_24,TimeMixer,317.718,605.8088697808685,543.7108125686646,1.0,-101.15699999999998
2026-06-06 20:00:00,440.0,394.174,71573.9075,10906.305,19.78,24336.75,23679.5725,10926.085,rt,2026-06-06,2026-06-05,2026-06-05 15:00:00,20,20,17_24,TimeMixer,394.174,596.960316477951,529.5029319763183,1.0,-45.82600000000002
2026-06-06 21:00:00,450.0,407.275,71004.08,10640.925,0.0,22545.75,25185.905,10640.925,rt,2026-06-06,2026-06-05,2026-06-05 15:00:00,21,21,17_24,TimeMixer,407.275,578.0517015176238,563.1355776214599,1.0,-42.72500000000002
2026-06-06 22:00:00,444.875,403.961,68890.3775,10036.7075,0.0,21190.0,25032.17,10036.7075,rt,2026-06-06,2026-06-05,2026-06-05 15:00:00,22,22,17_24,TimeMixer,403.961,562.1377532888641,565.5878837585449,1.0,-40.91399999999999
2026-06-06 23:00:00,437.75,388.058,65807.78,9364.115,0.0,19791.75,24020.415,9364.115,rt,2026-06-06,2026-06-05,2026-06-05 15:00:00,23,23,17_24,TimeMixer,388.058,551.2003337393036,610.0817787170411,1.0,-49.69200000000001
2026-06-07 00:00:00,438.5,391.829,64516.3675,8814.745,0.0,18545.0,24525.1225,8814.745,rt,2026-06-07,2026-06-06,2026-06-06 15:00:00,0,24,17_24,TimeMixer,391.829,610.9620775382842,521.9920043945312,1.0,-46.67099999999999
2026-06-07 01:00:00,558.5,504.699,62836.13,8798.6925,0.0,19622.25,21753.6875,8798.6925,rt,2026-06-07,2026-06-06,2026-06-06 15:00:00,1,1,1_8,TimeMixer,504.699,531.0036072656097,450.54744758605955,0.0,-0.0
2026-06-07 02:00:00,522.5,450.695,61367.2175,8649.88,0.0,19622.75,20433.0875,8649.88,rt,2026-06-07,2026-06-06,2026-06-06 15:00:00,2,2,1_8,TimeMixer,450.695,474.0020071536102,398.13167400360106,0.0,-0.0
2026-06-07 03:00:00,522.0,409.898,60138.8975,8529.58,0.0,19623.0,19324.8175,8529.58,rt,2026-06-07,2026-06-06,2026-06-06 15:00:00,3,3,1_8,TimeMixer,409.898,468.6194982302704,385.0405704116821,0.0,-0.0
2026-06-07 04:00:00,491.5,391.717,59404.03,8413.7975,0.01,19623.0,18705.7225,8413.8075,rt,2026-06-07,2026-06-06,2026-06-06 15:00:00,4,4,1_8,TimeMixer,391.717,490.4386537563934,407.24127235412595,0.0,-0.0
2026-06-07 05:00:00,502.5,422.348,59626.56,8205.195,30.685,19454.0,19275.18,8235.88,rt,2026-06-07,2026-06-06,2026-06-06 15:00:00,5,5,1_8,TimeMixer,422.348,468.1230693173065,433.8422454833984,0.0,-0.0
2026-06-07 06:00:00,477.5,409.033,60065.785,7693.0125,1018.7375,20779.25,17913.285,8711.75,rt,2026-06-07,2026-06-06,2026-06-06 15:00:00,6,6,1_8,TimeMixer,409.033,459.3969522073212,431.1901489257812,0.0,-0.0
2026-06-07 07:00:00,374.5,-14.36,60091.09,6817.5725,3929.475,24308.0,12378.2925,10747.0475,rt,2026-06-07,2026-06-06,2026-06-06 15:00:00,7,7,1_8,TimeMixer,-14.36,451.7224158267059,289.0047522735596,1.0,-388.86
2026-06-07 08:00:00,344.0,146.327,62697.8875,5860.7925,8387.0575,24720.25,11130.7875,14247.85,rt,2026-06-07,2026-06-06,2026-06-06 15:00:00,8,8,1_8,TimeMixer,146.327,445.0099642889252,243.3549654464722,1.0,-197.673
2026-06-07 09:00:00,150.0,-25.442,61101.2075,5037.4825,13019.755,22707.0,7750.47,18057.2375,rt,2026-06-07,2026-06-06,2026-06-06 15:00:00,9,9,9_16,TimeMixer,-25.442,430.3633144253387,187.13639840698244,1.0,-175.442
2026-06-07 10:00:00,72.42,-80.0,58220.86,4385.9575,16763.6075,21299.5,3185.295,21149.565,rt,2026-06-07,2026-06-06,2026-06-06 15:00:00,10,10,9_16,TimeMixer,-80.0,160.62154220434624,137.59082415771485,1.0,-152.42000000000002
2026-06-07 11:00:00,-30.0,-80.0,56250.48,3915.395,19275.5725,19801.0,672.0125,23190.9675,rt,2026-06-07,2026-06-06,2026-06-06 15:00:00,11,11,9_16,TimeMixer,-80.0,93.27543059423881,120.08839820556642,1.0,-50.0
2026-06-07 12:00:00,-30.0,-80.0,52225.7825,3564.97,20558.875,19629.75,-4114.3125,24123.845,rt,2026-06-07,2026-06-06,2026-06-06 15:00:00,12,12,9_16,TimeMixer,-80.0,116.95821630773976,65.02308654785156,1.0,-50.0
2026-06-07 13:00:00,-30.0,-80.0,47741.2525,3280.175,20684.5075,19629.25,-8439.18,23964.6825,rt,2026-06-07,2026-06-06,2026-06-06 15:00:00,13,13,9_16,TimeMixer,-80.0,-115.38681449609321,134.1402130126953,0.0,-0.0
2026-06-07 14:00:00,-30.0,-75.965,49306.21,3141.3725,19858.425,19727.75,-6007.8375,22999.7975,rt,2026-06-07,2026-06-06,2026-06-06 15:00:00,14,14,9_16,TimeMixer,-75.965,35.10376105322318,169.73612053222655,1.0,-45.965
2026-06-07 15:00:00,86.5,-71.22,51954.5875,2969.6325,17669.7875,19867.0,-1138.3325,20639.42,rt,2026-06-07,2026-06-06,2026-06-06 15:00:00,15,15,9_16,TimeMixer,-71.22,31.699179837402898,168.15950384521486,0.0,-0.0
2026-06-07 16:00:00,153.875,-77.837,54997.11,2695.295,14166.6625,21018.25,4530.4025,16861.9575,rt,2026-06-07,2026-06-06,2026-06-06 15:00:00,16,16,9_16,TimeMixer,-77.837,321.6085665130463,208.7188447570801,1.0,-231.712
2026-06-07 17:00:00,400.0,-14.331,57925.705,2436.5825,9559.5575,23887.25,9383.315,11996.14,rt,2026-06-07,2026-06-06,2026-06-06 15:00:00,17,17,17_24,TimeMixer,-14.331,387.68512175703427,313.65610262870786,0.0,-0.0
2026-06-07 18:00:00,567.625,532.432,63446.93,2183.25,4553.175,25368.0,18664.755,6736.425,rt,2026-06-07,2026-06-06,2026-06-06 15:00:00,18,18,17_24,TimeMixer,532.432,421.37579913389584,390.7710945129394,0.0,-0.0
2026-06-07 19:00:00,605.411,610.594,67384.0075,1940.47,1156.655,25263.5,26341.8825,3097.125,rt,2026-06-07,2026-06-06,2026-06-06 15:00:00,19,19,17_24,TimeMixer,610.594,490.16986233549494,450.8877101898193,0.0,0.0
2026-06-07 20:00:00,622.963,610.459,70315.4675,1831.1,34.8225,24336.0,31432.045,1865.9225,rt,2026-06-07,2026-06-06,2026-06-06 15:00:00,20,20,17_24,TimeMixer,610.459,505.07160795805356,439.92919569015504,0.0,-0.0
2026-06-07 21:00:00,626.5,605.416,70027.95,1766.7,0.0,22546.0,33033.75,1766.7,rt,2026-06-07,2026-06-06,2026-06-06 15:00:00,21,21,17_24,TimeMixer,605.416,540.6194729043426,440.3828609085083,0.0,-0.0
2026-06-07 22:00:00,565.878,598.833,67787.225,1764.815,0.0,21176.5,32164.41,1764.815,rt,2026-06-07,2026-06-06,2026-06-06 15:00:00,22,22,17_24,TimeMixer,598.833,537.1970680026093,451.58527450561525,0.0,0.0
2026-06-07 23:00:00,602.5,607.958,64652.92,1870.3375,0.0,19733.5,30367.5825,1870.3375,rt,2026-06-07,2026-06-06,2026-06-06 15:00:00,23,23,17_24,TimeMixer,607.958,529.3868836831512,447.8903999328613,0.0,0.0
2026-06-08 00:00:00,620.0,629.224,63469.6675,2087.3,0.0,18657.75,30043.1175,2087.3,rt,2026-06-08,2026-06-07,2026-06-07 15:00:00,0,24,17_24,TimeMixer,629.224,489.51752637113947,449.49964618682856,0.0,0.0
2026-06-08 01:00:00,620.68,653.026,60704.2275,2444.2375,0.0,20141.5,25556.99,2444.2375,rt,2026-06-08,2026-06-07,2026-06-07 15:00:00,1,1,1_8,TimeMixer,653.026,516.3467334628142,523.9131523132323,0.0,0.0
2026-06-08 02:00:00,564.625,617.422,59210.0575,2735.0,0.0,20148.0,23765.5575,2735.0,rt,2026-06-08,2026-06-07,2026-06-07 15:00:00,2,2,1_8,TimeMixer,617.422,515.285749642929,452.48015982818606,0.0,0.0
2026-06-08 03:00:00,561.0,604.53,58043.8775,2936.7525,0.0,20148.25,22397.375,2936.7525,rt,2026-06-08,2026-06-07,2026-06-07 15:00:00,3,3,1_8,TimeMixer,604.53,533.7328064590301,470.3794480323792,0.0,0.0
2026-06-08 04:00:00,522.0,598.25,57442.5475,3006.135,0.015,20149.75,21725.1475,3006.15,rt,2026-06-08,2026-06-07,2026-06-07 15:00:00,4,4,1_8,TimeMixer,598.25,539.8938442654267,485.2495773620605,1.0,76.25
2026-06-08 05:00:00,545.938,602.269,58360.9925,3023.26,45.395,19972.0,22758.8375,3068.655,rt,2026-06-08,2026-06-07,2026-06-07 15:00:00,5,5,1_8,TimeMixer,602.269,527.4216959799041,509.55237579345703,0.0,0.0
2026-06-08 06:00:00,528.5,534.411,60027.6025,2948.9275,1435.2925,21122.0,21959.8825,4384.22,rt,2026-06-08,2026-06-07,2026-06-07 15:00:00,6,6,1_8,TimeMixer,534.411,520.9167176553192,509.0367797851562,0.0,0.0
2026-06-08 07:00:00,330.625,365.882,58140.17,2713.395,5401.895,24463.0,13004.13,8115.29,rt,2026-06-08,2026-06-07,2026-06-07 15:00:00,7,7,1_8,TimeMixer,365.882,317.8337163943329,349.50505218505856,0.0,0.0
2026-06-08 08:00:00,89.0,286.532,58919.475,2298.0825,11204.38,24897.25,8020.7625,13502.4625,rt,2026-06-08,2026-06-07,2026-06-07 15:00:00,8,8,1_8,TimeMixer,286.532,299.77332494451906,245.16599526405335,1.0,197.53199999999998
2026-06-08 09:00:00,0.0,3.82,55293.255,1865.0375,16731.4725,22765.25,1444.995,18596.51,rt,2026-06-08,2026-06-07,2026-06-07 15:00:00,9,9,9_16,TimeMixer,3.82,-45.87596764306586,15.966297912597668,0.0,0.0
2026-06-08 10:00:00,-20.0,-80.0,51704.4875,1664.89,20835.5225,21412.75,-4695.175,22500.4125,rt,2026-06-08,2026-06-07,2026-06-07 15:00:00,10,10,9_16,TimeMixer,-80.0,-133.0928543520502,-72.13201794433594,0.0,-0.0
2026-06-08 11:00:00,-55.5,-80.0,50494.87,1713.115,23133.165,19720.25,-6558.16,24846.28,rt,2026-06-08,2026-06-07,2026-06-07 15:00:00,11,11,9_16,TimeMixer,-80.0,-113.93779009179633,-152.5867858886719,0.0,-0.0
2026-06-08 12:00:00,-67.97,-80.0,47895.285,1822.4275,23994.7125,19483.75,-9892.105,25817.14,rt,2026-06-08,2026-06-07,2026-06-07 15:00:00,12,12,9_16,TimeMixer,-80.0,-107.47672782495063,-140.87386474609377,0.0,-0.0
2026-06-08 13:00:00,-67.5,-80.0,42394.8325,1994.9075,23823.41,19483.75,-15393.735,25818.3175,rt,2026-06-08,2026-06-07,2026-06-07 15:00:00,13,13,9_16,TimeMixer,-80.0,-124.8240037099604,-86.25,0.0,-0.0
2026-06-08 14:00:00,-58.0,-61.962,45100.3975,2274.765,22621.885,19585.75,-11868.5025,24896.65,rt,2026-06-08,2026-06-07,2026-06-07 15:00:00,14,14,9_16,TimeMixer,-61.962,-142.05836122949165,-104.15539855957032,0.0,-0.0
2026-06-08 15:00:00,-59.5,-80.0,49364.405,2684.75,20015.735,19724.5,-5547.08,22700.485,rt,2026-06-08,2026-06-07,2026-06-07 15:00:00,15,15,9_16,TimeMixer,-80.0,-142.68667671777288,-12.857709350585935,0.0,-0.0
2026-06-08 16:00:00,-23.0,-80.0,54487.8775,3271.1525,15962.97,20865.0,1902.255,19234.1225,rt,2026-06-08,2026-06-07,2026-06-07 15:00:00,16,16,9_16,TimeMixer,-80.0,-45.50288945825142,37.29934295654297,0.0,-0.0
2026-06-08 17:00:00,207.48,42.516,59653.61,4119.01,10657.3475,23808.75,8509.5025,14776.3575,rt,2026-06-08,2026-06-07,2026-06-07 15:00:00,17,17,17_24,TimeMixer,42.516,298.64332274656675,360.4088803100586,1.0,-164.964
2026-06-08 18:00:00,453.5,416.322,65611.1875,5268.13,5030.135,25266.0,17469.1725,10298.265,rt,2026-06-08,2026-06-07,2026-06-07 15:00:00,18,18,17_24,TimeMixer,416.322,589.9301965939178,506.67465338706967,1.0,-37.178
2026-06-08 19:00:00,516.5,380.919,69715.065,7057.53,1247.2375,25141.75,23687.0475,8304.7675,rt,2026-06-08,2026-06-07,2026-06-07 15:00:00,19,19,17_24,TimeMixer,380.919,594.5643987219087,550.6803080116272,1.0,-135.58100000000002
2026-06-08 20:00:00,539.625,356.748,72193.39,9419.83,34.1725,24312.25,25845.6375,9454.0025,rt,2026-06-08,2026-06-07,2026-06-07 15:00:00,20,20,17_24,TimeMixer,356.748,576.5253179019012,567.4257088783264,1.0,-182.877
2026-06-08 21:00:00,494.375,361.484,71245.7075,11969.7675,0.0,22530.25,24164.19,11969.7675,rt,2026-06-08,2026-06-07,2026-06-07 15:00:00,21,21,17_24,TimeMixer,361.484,594.8077559692231,542.4619979858398,1.0,-132.89100000000002
2026-06-08 22:00:00,414.952,360.372,68974.7925,14116.405,0.0,21374.75,20902.1375,14116.405,rt,2026-06-08,2026-06-07,2026-06-07 15:00:00,22,22,17_24,TimeMixer,360.372,614.0528088407746,491.1606985443116,1.0,-54.579999999999984
2026-06-08 23:00:00,400.0,441.182,65826.54,15677.065,0.0,20282.75,17285.225,15677.065,rt,2026-06-08,2026-06-07,2026-06-07 15:00:00,23,23,17_24,TimeMixer,441.182,597.7064750147857,519.2199962615966,1.0,41.182000000000016
2026-06-09 00:00:00,400.0,554.691,64667.9225,16319.9675,0.0,19057.25,16709.205,16319.9675,rt,2026-06-09,2026-06-08,2026-06-08 15:00:00,0,24,17_24,TimeMixer,554.691,542.5138209322968,486.3876647949219,1.0,154.69100000000003
2026-06-09 01:00:00,460.5,591.5,62387.735,16451.09,0.0,20202.0,13123.145,16451.09,rt,2026-06-09,2026-06-08,2026-06-08 15:00:00,1,1,1_8,TimeMixer,591.5,531.9773948061982,496.9724874572753,1.0,131.0
2026-06-09 02:00:00,415.87,553.321,60742.6725,15722.465,0.0,20194.5,12214.2075,15722.465,rt,2026-06-09,2026-06-08,2026-06-08 15:00:00,2,2,1_8,TimeMixer,553.321,536.8638850582734,398.88339385986325,1.0,137.45100000000002
2026-06-09 03:00:00,390.0,476.478,59396.71,14448.075,0.0,20185.5,12151.635,14448.075,rt,2026-06-09,2026-06-08,2026-06-08 15:00:00,3,3,1_8,TimeMixer,476.478,518.096518844284,420.1702499389648,1.0,86.47800000000001
2026-06-09 04:00:00,382.5,485.233,58708.76,12741.07,0.01,20186.5,13169.68,12741.08,rt,2026-06-09,2026-06-08,2026-06-08 15:00:00,4,4,1_8,TimeMixer,485.233,523.3602887284699,426.97108612060543,1.0,102.733
2026-06-09 05:00:00,451.0,503.697,59430.375,10984.3725,36.3675,20011.0,15787.135,11020.74,rt,2026-06-09,2026-06-08,2026-06-08 15:00:00,5,5,1_8,TimeMixer,503.697,525.7206091592254,454.12978387145995,1.0,52.697
2026-06-09 06:00:00,465.5,545.959,60544.5125,9131.6525,1246.63,21160.75,16393.98,10378.2825,rt,2026-06-09,2026-06-08,2026-06-08 15:00:00,6,6,1_8,TimeMixer,545.959,476.83849203459164,437.6659194946289,1.0,80.45899999999995
2026-06-09 07:00:00,155.013,257.315,59321.2425,7158.08,4824.26,24493.75,10237.4025,11982.34,rt,2026-06-09,2026-06-08,2026-06-08 15:00:00,7,7,1_8,TimeMixer,257.315,344.947749726242,240.92540779113767,1.0,102.30199999999999
2026-06-09 08:00:00,81.575,487.812,58054.0625,5117.7675,10218.71,24930.75,5237.835,15336.4775,rt,2026-06-09,2026-06-08,2026-06-08 15:00:00,8,8,1_8,TimeMixer,487.812,260.4581174612274,40.6990951538086,1.0,406.237
2026-06-09 09:00:00,-50.0,693.203,54774.4525,3953.305,15617.9025,22795.5,-128.755,19571.2075,rt,2026-06-09,2026-06-08,2026-06-08 15:00:00,9,9,9_16,TimeMixer,693.203,-114.32210282372994,-114.6380615234375,0.0,0.0
2026-06-09 10:00:00,-58.375,607.347,51389.4025,3857.91,19823.4675,21455.0,-6283.475,23681.3775,rt,2026-06-09,2026-06-08,2026-06-08 15:00:00,10,10,9_16,TimeMixer,607.347,-150.55791739648382,-128.8886473388672,0.0,0.0
2026-06-09 11:00:00,-75.0,854.199,50745.28,4277.44,22311.0075,19813.75,-8193.4175,26588.4475,rt,2026-06-09,2026-06-08,2026-06-08 15:00:00,11,11,9_16,TimeMixer,854.199,-144.8129620766596,-135.1813720703125,0.0,0.0
2026-06-09 12:00:00,-74.135,471.302,48250.6925,4804.335,23138.845,19638.75,-11867.7375,27943.18,rt,2026-06-09,2026-06-08,2026-06-08 15:00:00,12,12,9_16,TimeMixer,471.302,-115.94940610253852,-127.91540759277343,0.0,0.0
2026-06-09 13:00:00,-72.97,199.803,42222.255,5256.2775,22835.5775,19637.75,-18043.85,28091.855,rt,2026-06-09,2026-06-08,2026-06-08 15:00:00,13,13,9_16,TimeMixer,199.803,-135.6414304335932,-117.19618530273438,0.0,0.0
2026-06-09 14:00:00,-60.0,436.582,45365.7075,5629.9825,21590.04,19739.75,-14130.565,27220.0225,rt,2026-06-09,2026-06-08,2026-06-08 15:00:00,14,14,9_16,TimeMixer,436.582,-118.21892521874945,-109.95899047851563,0.0,0.0
2026-06-09 15:00:00,10.0,296.094,49769.7,5763.5275,19041.895,19880.0,-7452.2225,24805.4225,rt,2026-06-09,2026-06-08,2026-06-08 15:00:00,15,15,9_16,TimeMixer,296.094,-106.6123512478022,-74.57194824218749,0.0,0.0
2026-06-09 16:00:00,10.0,380.763,54973.5075,5791.035,15137.5925,21021.0,487.38,20928.6275,rt,2026-06-09,2026-06-08,2026-06-08 15:00:00,16,16,9_16,TimeMixer,380.763,-20.00477311730903,-70.97028503417968,0.0,0.0
2026-06-09 17:00:00,297.33,414.096,60285.98,5637.86,10189.1925,23920.5,7929.4275,15827.0525,rt,2026-06-09,2026-06-08,2026-06-08 15:00:00,17,17,17_24,TimeMixer,414.096,347.08242382378955,217.9271011657715,1.0,116.76600000000002
2026-06-09 18:00:00,533.15,643.319,65902.16,5151.5625,4853.3075,25312.25,17957.29,10004.87,rt,2026-06-09,2026-06-08,2026-06-08 15:00:00,18,18,17_24,TimeMixer,643.319,544.9555115106048,424.565669631958,1.0,110.16899999999998
2026-06-09 19:00:00,599.0,717.189,70190.3275,4673.125,1222.12,25174.25,26489.3325,5895.245,rt,2026-06-09,2026-06-08,2026-06-08 15:00:00,19,19,17_24,TimeMixer,717.189,495.1314543887176,475.3806639099121,0.0,0.0
2026-06-09 20:00:00,605.125,702.837,72826.405,4487.6675,34.695,24336.75,31335.7925,4522.3625,rt,2026-06-09,2026-06-08,2026-06-08 15:00:00,20,20,17_24,TimeMixer,702.837,469.8651296108856,512.85667552948,0.0,0.0
2026-06-09 21:00:00,598.0,685.563,72039.78,4396.0125,0.0,22545.75,32466.5175,4396.0125,rt,2026-06-09,2026-06-08,2026-06-08 15:00:00,21,21,17_24,TimeMixer,685.563,467.9374116848602,449.0028358459473,0.0,0.0
2026-06-09 22:00:00,582.25,685.237,69301.1125,4188.7575,0.0,21376.75,31104.105,4188.7575,rt,2026-06-09,2026-06-08,2026-06-08 15:00:00,22,22,17_24,TimeMixer,685.237,492.74710479504006,408.93943730468743,0.0,0.0
2026-06-09 23:00:00,600.0,654.943,65700.8,4112.765,0.0,20290.75,28665.785,4112.765,rt,2026-06-09,2026-06-08,2026-06-08 15:00:00,23,23,17_24,TimeMixer,654.943,521.0150111389389,418.33646125793456,0.0,0.0
2026-06-10 00:00:00,598.0,677.948,64288.0975,3875.3,0.0,19073.0,28708.2975,3875.3,rt,2026-06-10,2026-06-09,2026-06-09 15:00:00,0,24,17_24,TimeMixer,677.948,579.454309677719,450.66132164001465,0.0,0.0
2026-06-10 01:00:00,617.5,731.144,62688.37,3024.1475,0.0,20185.0,26817.7225,3024.1475,rt,2026-06-10,2026-06-09,2026-06-09 15:00:00,1,1,1_8,TimeMixer,731.144,575.4317215096893,521.9849334716797,0.0,0.0
2026-06-10 02:00:00,600.5,712.19,61234.5925,2718.0575,0.0,20184.75,25670.285,2718.0575,rt,2026-06-10,2026-06-09,2026-06-09 15:00:00,2,2,1_8,TimeMixer,712.19,550.424724307846,425.66493315505977,0.0,0.0
2026-06-10 03:00:00,600.0,712.828,59929.92,2566.8075,0.0,20184.25,24517.3625,2566.8075,rt,2026-06-10,2026-06-09,2026-06-09 15:00:00,3,3,1_8,TimeMixer,712.828,528.460432234253,434.022537109375,0.0,0.0
2026-06-10 04:00:00,600.0,715.502,59159.525,2596.8325,0.015,20185.25,23715.9275,2596.8475,rt,2026-06-10,2026-06-09,2026-06-09 15:00:00,4,4,1_8,TimeMixer,715.502,524.3158741792907,479.9018092651367,0.0,0.0
2026-06-10 05:00:00,600.0,723.078,59729.92,2803.29,35.995,20015.75,24213.385,2839.285,rt,2026-06-10,2026-06-09,2026-06-09 15:00:00,5,5,1_8,TimeMixer,723.078,535.3596295527495,522.3666260986328,0.0,0.0
2026-06-10 06:00:00,545.0,648.129,60537.4075,2960.3825,1347.7775,21417.25,22150.4975,4308.16,rt,2026-06-10,2026-06-09,2026-06-09 15:00:00,6,6,1_8,TimeMixer,648.129,562.3431541440643,529.6549752197266,1.0,103.12900000000002
2026-06-10 07:00:00,317.5,406.956,58440.0875,2684.005,5292.285,25072.75,12733.2975,7976.29,rt,2026-06-10,2026-06-09,2026-06-09 15:00:00,7,7,1_8,TimeMixer,406.956,459.62858847074887,288.02721271972655,1.0,89.45600000000002
2026-06-10 08:00:00,267.65,366.687,58362.525,2328.3775,11021.415,25383.5,7030.2325,13349.7925,rt,2026-06-10,2026-06-09,2026-06-09 15:00:00,8,8,1_8,TimeMixer,366.687,507.14581260343937,194.53155944824218,1.0,99.03700000000003
2026-06-10 09:00:00,173.5,334.434,55987.8975,2213.69,16431.6975,23135.0,1621.01,18645.3875,rt,2026-06-10,2026-06-09,2026-06-09 15:00:00,9,9,9_16,TimeMixer,334.434,250.23616676123106,15.70876770019531,1.0,160.93400000000003
2026-06-10 10:00:00,29.5,-80.0,52472.9625,2237.705,20499.9725,21611.25,-4462.465,22737.6775,rt,2026-06-10,2026-06-09,2026-06-09 15:00:00,10,10,9_16,TimeMixer,-80.0,219.6715356259771,-95.43819274902344,1.0,-109.5
2026-06-10 11:00:00,60.0,-80.0,51099.325,2285.7575,22832.35,20128.0,-6733.2825,25118.1075,rt,2026-06-10,2026-06-09,2026-06-09 15:00:00,11,11,9_16,TimeMixer,-80.0,294.6998578452153,-124.84156799316406,1.0,-140.0
2026-06-10 12:00:00,50.0,-80.0,48211.6975,2382.4275,23667.29,19963.0,-10387.52,26049.7175,rt,2026-06-10,2026-06-09,2026-06-09 15:00:00,12,12,9_16,TimeMixer,-80.0,96.17336240576225,-138.10258203125,1.0,-130.0
2026-06-10 13:00:00,20.0,-69.438,41892.3,2366.08,23468.3825,19962.75,-16491.4125,25834.4625,rt,2026-06-10,2026-06-09,2026-06-09 15:00:00,13,13,9_16,TimeMixer,-69.438,-31.56693418603462,-78.2395640258789,0.0,-0.0
2026-06-10 14:00:00,20.0,-80.0,44734.485,2296.6025,22333.58,20060.5,-12542.6975,24630.1825,rt,2026-06-10,2026-06-09,2026-06-09 15:00:00,14,14,9_16,TimeMixer,-80.0,47.27848822119192,-101.62763458251953,1.0,-100.0
2026-06-10 15:00:00,77.063,-80.0,49046.3875,2141.6625,19819.85,20199.0,-5700.625,21961.5125,rt,2026-06-10,2026-06-09,2026-06-09 15:00:00,15,15,9_16,TimeMixer,-80.0,-20.013873565917436,-13.128852844238281,0.0,-0.0
2026-06-10 16:00:00,94.5,216.336,54371.125,1997.5475,15895.65,21468.5,2422.9275,17893.1975,rt,2026-06-10,2026-06-09,2026-06-09 15:00:00,16,16,9_16,TimeMixer,216.336,68.13965521826225,49.196746826171875,0.0,0.0
2026-06-10 17:00:00,348.5,397.907,59766.5125,1859.675,10686.3875,24596.5,9964.95,12546.0625,rt,2026-06-10,2026-06-09,2026-06-09 15:00:00,17,17,17_24,TimeMixer,397.907,477.5843077224578,334.91986393737795,1.0,49.40699999999998
2026-06-10 18:00:00,588.75,693.831,65769.525,1740.0975,5095.7775,26172.0,20083.9,6835.875,rt,2026-06-10,2026-06-09,2026-06-09 15:00:00,18,18,17_24,TimeMixer,693.831,637.9555838873138,521.7521007263183,1.0,105.08100000000002
2026-06-10 19:00:00,631.527,769.264,69512.43,1796.47,1314.62,26074.5,27645.34,3111.09,rt,2026-06-10,2026-06-09,2026-06-09 15:00:00,19,19,17_24,TimeMixer,769.264,644.5488138766326,569.1413990974426,1.0,137.73699999999997
2026-06-10 20:00:00,628.125,731.567,72712.7775,2133.58,43.0225,25197.0,32657.675,2176.6025,rt,2026-06-10,2026-06-09,2026-06-09 15:00:00,20,20,17_24,TimeMixer,731.567,598.96778888945,569.204612224102,0.0,0.0
2026-06-10 21:00:00,616.5,721.966,72206.265,2490.6775,0.0,23412.0,33622.0875,2490.6775,rt,2026-06-10,2026-06-09,2026-06-09 15:00:00,21,21,17_24,TimeMixer,721.966,598.4671530721893,547.1641948699951,0.0,0.0
2026-06-10 22:00:00,611.5,710.905,70156.0625,2666.455,0.0,21929.0,32879.1075,2666.455,rt,2026-06-10,2026-06-09,2026-06-09 15:00:00,22,22,17_24,TimeMixer,710.905,628.4984298843231,532.223170928955,1.0,99.40499999999997
2026-06-10 23:00:00,612.5,699.009,66509.5125,2708.5025,0.0,20311.75,30807.76,2708.5025,rt,2026-06-10,2026-06-09,2026-06-09 15:00:00,23,23,17_24,TimeMixer,699.009,618.5442158297576,557.964436340332,1.0,86.50900000000001
2026-06-11 00:00:00,621.02,704.704,65323.475,2628.935,0.0,19230.0,30783.04,2628.935,rt,2026-06-11,2026-06-10,2026-06-10 15:00:00,0,24,17_24,TimeMixer,704.704,604.9260292863312,577.1009508132935,0.0,0.0
2026-06-11 01:00:00,668.75,747.01,63685.8325,2758.9775,0.0,20571.75,27103.605,2758.9775,rt,2026-06-11,2026-06-10,2026-06-10 15:00:00,1,1,1_8,TimeMixer,747.01,688.4813607398834,624.5154991149902,1.0,78.25999999999999
2026-06-11 02:00:00,656.0,701.172,62097.2475,2724.875,0.0,20571.0,25549.8725,2724.875,rt,2026-06-11,2026-06-10,2026-06-10 15:00:00,2,2,1_8,TimeMixer,701.172,668.2141781494751,555.9107398033142,1.0,45.172000000000025
2026-06-11 03:00:00,636.5,651.211,60812.13,2691.1775,0.0,20570.25,24299.2025,2691.1775,rt,2026-06-11,2026-06-10,2026-06-10 15:00:00,3,3,1_8,TimeMixer,651.211,725.830880575241,561.839691734314,1.0,14.711000000000013
2026-06-11 04:00:00,630.5,594.341,59967.935,2720.5925,0.0125,20569.25,23426.58,2720.605,rt,2026-06-11,2026-06-10,2026-06-10 15:00:00,4,4,1_8,TimeMixer,594.341,690.9711659756317,615.4657852172852,1.0,-36.15899999999999
2026-06-11 05:00:00,643.0,632.807,60718.835,2716.45,40.9675,20320.75,24389.1675,2757.4175,rt,2026-06-11,2026-06-10,2026-06-10 15:00:00,5,5,1_8,TimeMixer,632.807,720.3497628005828,617.6194811401367,1.0,-10.192999999999984
2026-06-11 06:00:00,621.75,606.609,61695.885,2511.9825,1352.035,21522.5,23057.8675,3864.0175,rt,2026-06-11,2026-06-10,2026-06-10 15:00:00,6,6,1_8,TimeMixer,606.609,659.4584179818573,581.6151306152344,1.0,-15.140999999999963
2026-06-11 07:00:00,408.25,316.35,60091.515,2063.3025,5335.1275,25076.5,14368.835,7398.43,rt,2026-06-11,2026-06-10,2026-06-10 15:00:00,7,7,1_8,TimeMixer,316.35,514.1063837917939,343.951385345459,1.0,-91.89999999999998
2026-06-11 08:00:00,273.95,234.528,59841.8825,1523.6975,11219.305,25391.0,8518.88,12743.0025,rt,2026-06-11,2026-06-10,2026-06-10 15:00:00,8,8,1_8,TimeMixer,234.528,453.94637030485535,244.77654594421384,1.0,-39.422
2026-06-11 09:00:00,84.35,19.99,57096.1575,1190.6125,16818.9125,23297.5,2612.6325,18009.525,rt,2026-06-11,2026-06-10,2026-06-10 15:00:00,9,9,9_16,TimeMixer,19.99,143.7927527988287,52.35457000732421,1.0,-64.36
2026-06-11 10:00:00,10.0,-80.0,53714.01,1056.7375,20985.0625,21949.25,-3453.54,22041.8,rt,2026-06-11,2026-06-10,2026-06-10 15:00:00,10,10,9_16,TimeMixer,-80.0,-95.29512220849554,-118.93514709472656,0.0,-0.0
2026-06-11 11:00:00,-9.0,-80.0,52688.5575,1036.5325,23288.5725,20095.75,-4908.7975,24325.105,rt,2026-06-11,2026-06-10,2026-06-10 15:00:00,11,11,9_16,TimeMixer,-80.0,-128.49742582177677,-124.1182255859375,0.0,-0.0
2026-06-11 12:00:00,-30.0,-80.0,50569.4425,1069.345,24110.3225,20192.0,-7978.725,25179.6675,rt,2026-06-11,2026-06-10,2026-06-10 15:00:00,12,12,9_16,TimeMixer,-80.0,-179.65470209130802,-136.93588256835938,0.0,-0.0
2026-06-11 13:00:00,-30.0,-80.0,44465.6125,1152.3025,23985.27,20016.75,-13865.21,25137.5725,rt,2026-06-11,2026-06-10,2026-06-10 15:00:00,13,13,9_16,TimeMixer,-80.0,-203.01555997949163,-104.50718688964844,0.0,-0.0
2026-06-11 14:00:00,-30.0,-80.0,47577.2975,1280.1425,22963.3675,19901.5,-9744.2125,24243.51,rt,2026-06-11,2026-06-10,2026-06-10 15:00:00,14,14,9_16,TimeMixer,-80.0,-209.80582208642522,-131.69373321533203,0.0,-0.0
2026-06-11 15:00:00,-10.0,-80.0,51136.32,1386.1325,20622.7,20056.5,-4105.5125,22008.8325,rt,2026-06-11,2026-06-10,2026-06-10 15:00:00,15,15,9_16,TimeMixer,-80.0,-210.28576898583927,-63.46949064941406,0.0,-0.0
2026-06-11 16:00:00,97.25,-80.0,56055.4375,1470.145,16666.435,21684.5,3057.8575,18136.58,rt,2026-06-11,2026-06-10,2026-06-10 15:00:00,16,16,9_16,TimeMixer,-80.0,-18.18344796655218,-28.064676269531255,0.0,-0.0
2026-06-11 17:00:00,322.075,265.128,61850.6425,1527.16,11206.4075,24826.25,11041.825,12733.5675,rt,2026-06-11,2026-06-10,2026-06-10 15:00:00,17,17,17_24,TimeMixer,265.128,406.884061639389,290.3443008422852,1.0,-56.947
2026-06-11 18:00:00,627.952,596.861,68737.1,1546.345,5322.9425,26173.75,22426.3125,6869.2875,rt,2026-06-11,2026-06-10,2026-06-10 15:00:00,18,18,17_24,TimeMixer,596.861,665.5641129910125,561.8049570877075,1.0,-31.091000000000008
2026-06-11 19:00:00,663.15,721.029,73089.275,1653.2425,1356.5825,26074.5,30733.45,3009.825,rt,2026-06-11,2026-06-10,2026-06-10 15:00:00,19,19,17_24,TimeMixer,721.029,733.9643568846168,605.0308971702576,1.0,57.87900000000002
2026-06-11 20:00:00,673.44,706.791,75753.2075,1934.4875,43.9175,25197.0,35306.3025,1978.405,rt,2026-06-11,2026-06-10,2026-06-10 15:00:00,20,20,17_24,TimeMixer,706.791,691.9258870440522,610.1736454172135,1.0,33.351
2026-06-11 21:00:00,669.25,710.16,75240.1275,2403.9325,0.0,23412.5,36162.195,2403.9325,rt,2026-06-11,2026-06-10,2026-06-10 15:00:00,21,21,17_24,TimeMixer,710.16,678.0536749023285,581.2693003845214,1.0,40.90999999999997
2026-06-11 22:00:00,680.37,699.701,72907.9275,2987.4,0.0,21930.25,34743.7775,2987.4,rt,2026-06-11,2026-06-10,2026-06-10 15:00:00,22,22,17_24,TimeMixer,699.701,670.58985988562,571.1225364685058,0.0,0.0
2026-06-11 23:00:00,654.225,677.582,68997.53,3748.1475,0.0,20455.75,31562.1325,3748.1475,rt,2026-06-11,2026-06-10,2026-06-10 15:00:00,23,23,17_24,TimeMixer,677.582,653.2536037558975,593.6578048706054,0.0,0.0
2026-06-12 00:00:00,650.8,667.608,67578.915,4571.9475,0.0,19469.75,30305.7175,4571.9475,rt,2026-06-12,2026-06-11,2026-06-11 15:00:00,0,24,17_24,TimeMixer,667.608,659.2795528188933,572.2093014831543,1.0,16.807999999999993
2026-06-12 01:00:00,430.5,364.904,66098.0025,5838.95,0.0,20570.5,26477.0525,5838.95,rt,2026-06-12,2026-06-11,2026-06-11 15:00:00,1,1,1_8,TimeMixer,364.904,695.0486368759002,620.2679805755615,1.0,-65.596
2026-06-12 02:00:00,400.0,354.124,64077.765,6343.5675,0.0,20570.0,23952.6975,6343.5675,rt,2026-06-12,2026-06-11,2026-06-11 15:00:00,2,2,1_8,TimeMixer,354.124,684.4794768917884,583.9342550964354,1.0,-45.875999999999976
2026-06-12 03:00:00,395.175,352.51,62538.3775,6479.79,0.0,20570.0,22277.0875,6479.79,rt,2026-06-12,2026-06-11,2026-06-11 15:00:00,3,3,1_8,TimeMixer,352.51,668.1324334133758,570.3144279479981,1.0,-42.66500000000002
2026-06-12 04:00:00,382.25,348.889,61642.4375,6291.3475,0.0125,20570.0,21569.5775,6291.36,rt,2026-06-12,2026-06-11,2026-06-11 15:00:00,4,4,1_8,TimeMixer,348.889,634.1895595834199,599.4904483795166,1.0,-33.36099999999999
2026-06-12 05:00:00,386.0,354.262,62324.9625,6138.405,41.6525,20318.5,22614.905,6180.0575,rt,2026-06-12,2026-06-11,2026-06-11 15:00:00,5,5,1_8,TimeMixer,354.262,672.3756489669647,614.3370007574558,1.0,-31.738
2026-06-12 06:00:00,380.0,347.303,63101.0925,5769.1625,1349.305,21608.5,21162.625,7118.4675,rt,2026-06-12,2026-06-11,2026-06-11 15:00:00,6,6,1_8,TimeMixer,347.303,643.3756590151825,582.5585315704345,1.0,-32.697
2026-06-12 07:00:00,348.15,45.642,62193.685,5081.87,5112.655,25327.0,13464.41,10194.525,rt,2026-06-12,2026-06-11,2026-06-11 15:00:00,7,7,1_8,TimeMixer,45.642,432.14863930967715,343.6086597442627,1.0,-302.508
2026-06-12 08:00:00,299.75,-61.869,63213.395,4029.5825,10495.6525,25663.75,9950.41,14525.235,rt,2026-06-12,2026-06-11,2026-06-11 15:00:00,8,8,1_8,TimeMixer,-61.869,397.5611909576263,168.66040069580075,1.0,-361.619
2026-06-12 09:00:00,234.11,116.335,62859.53,3108.2475,15491.3825,23302.25,8121.15,18599.63,rt,2026-06-12,2026-06-11,2026-06-11 15:00:00,9,9,9_16,TimeMixer,116.335,253.77082949003602,-29.74669479370118,1.0,-117.77500000000002
2026-06-12 10:00:00,101.678,125.484,61195.855,2656.12,19210.6575,21625.25,4867.3275,21866.7775,rt,2026-06-12,2026-06-11,2026-06-11 15:00:00,10,10,9_16,TimeMixer,125.484,-74.78457170190374,-82.42633438110352,0.0,0.0
2026-06-12 11:00:00,104.5,87.227,61476.4675,2641.5625,21304.6775,20165.75,4527.9775,23946.24,rt,2026-06-12,2026-06-11,2026-06-11 15:00:00,11,11,9_16,TimeMixer,87.227,-75.25027537011664,-89.0770652770996,0.0,-0.0
2026-06-12 12:00:00,62.0,61.114,59160.465,2896.9275,22036.1925,20035.0,1355.845,24933.12,rt,2026-06-12,2026-06-11,2026-06-11 15:00:00,12,12,9_16,TimeMixer,61.114,-64.0733547341303,-89.58957046508789,0.0,-0.0
2026-06-12 13:00:00,29.5,-17.492,54353.83,3511.27,21841.51,20036.5,-3871.95,25352.78,rt,2026-06-12,2026-06-11,2026-06-11 15:00:00,13,13,9_16,TimeMixer,-17.492,-151.6477219582514,-108.57149505615234,0.0,-0.0
2026-06-12 14:00:00,29.5,337.286,57174.02,4287.3075,20667.6025,20116.25,-733.64,24954.91,rt,2026-06-12,2026-06-11,2026-06-11 15:00:00,14,14,9_16,TimeMixer,337.286,-144.95479974755804,-96.39922561645508,0.0,0.0
2026-06-12 15:00:00,122.0,313.25,60846.655,5223.6625,18092.12,20217.5,4476.8725,23315.7825,rt,2026-06-12,2026-06-11,2026-06-11 15:00:00,15,15,9_16,TimeMixer,313.25,-138.89273463525333,-58.72335777282715,0.0,0.0
2026-06-12 16:00:00,293.58,337.636,65573.7125,6408.7325,14249.76,21450.5,10628.22,20658.4925,rt,2026-06-12,2026-06-11,2026-06-11 15:00:00,16,16,9_16,TimeMixer,337.636,244.08966050352478,21.229755020141596,0.0,0.0
2026-06-12 17:00:00,279.463,342.176,70371.66,7709.175,9364.86,24715.0,15673.625,17074.035,rt,2026-06-12,2026-06-11,2026-06-11 15:00:00,17,17,17_24,TimeMixer,342.176,476.33307693144224,315.41212300682065,1.0,62.712999999999965
2026-06-12 18:00:00,388.628,350.251,74511.9625,8960.8625,4431.6225,26653.75,21537.9775,13392.485,rt,2026-06-12,2026-06-11,2026-06-11 15:00:00,18,18,17_24,TimeMixer,350.251,635.9672682784882,574.5653288986206,1.0,-38.37700000000001
2026-06-12 19:00:00,400.0,350.112,77432.12,10308.83,1158.975,26631.25,26401.565,11467.805,rt,2026-06-12,2026-06-11,2026-06-11 15:00:00,19,19,17_24,TimeMixer,350.112,660.5390108962097,606.7124353790283,1.0,-49.88799999999998
2026-06-12 20:00:00,400.0,338.321,80255.6025,11966.015,40.55,25761.0,29556.5375,12006.565,rt,2026-06-12,2026-06-11,2026-06-11 15:00:00,20,20,17_24,TimeMixer,338.321,673.9609127169647,614.7630104675294,1.0,-61.678999999999974
2026-06-12 21:00:00,398.0,337.355,80082.825,13482.175,0.0,23976.0,29693.15,13482.175,rt,2026-06-12,2026-06-11,2026-06-11 15:00:00,21,21,17_24,TimeMixer,337.355,643.6149238601531,582.4328224182128,1.0,-60.64499999999998
2026-06-12 22:00:00,389.5,337.14,77582.8875,14653.49,0.0,22493.0,27504.8975,14653.49,rt,2026-06-12,2026-06-11,2026-06-11 15:00:00,22,22,17_24,TimeMixer,337.14,658.3804601499786,586.8931789245605,1.0,-52.360000000000014
2026-06-12 23:00:00,388.0,362.127,73794.87,15483.97,0.0,20808.0,24571.4,15483.97,rt,2026-06-12,2026-06-11,2026-06-11 15:00:00,23,23,17_24,TimeMixer,362.127,627.5583330139007,600.0139621124268,1.0,-25.87299999999999
2026-06-13 00:00:00,386.0,380.508,72082.7375,15840.8175,0.0,19485.5,23824.92,15840.8175,rt,2026-06-13,2026-06-12,2026-06-12 15:00:00,0,24,17_24,TimeMixer,380.508,613.1956046755828,501.9868511962891,1.0,-5.492000000000019
2026-06-13 01:00:00,390.0,388.425,68029.845,15177.02,0.0,20800.5,19190.825,15177.02,rt,2026-06-13,2026-06-12,2026-06-12 15:00:00,1,1,1_8,TimeMixer,388.425,458.1144165737762,320.2736480712891,1.0,-1.5749999999999886
2026-06-13 02:00:00,370.0,370.524,65590.7125,14609.355,0.0,20814.75,17305.1075,14609.355,rt,2026-06-13,2026-06-12,2026-06-12 15:00:00,2,2,1_8,TimeMixer,370.524,467.82301220243835,286.0088806152344,1.0,0.5240000000000009
2026-06-13 03:00:00,335.0,368.188,63569.7275,13805.3475,0.0,20780.75,16122.13,13805.3475,rt,2026-06-13,2026-06-12,2026-06-12 15:00:00,3,3,1_8,TimeMixer,368.188,438.2602588827362,287.8621716308594,1.0,33.18799999999999
2026-06-13 04:00:00,324.5,360.819,62486.6,12868.44,0.01,20779.0,15977.65,12868.45,rt,2026-06-13,2026-06-12,2026-06-12 15:00:00,4,4,1_8,TimeMixer,360.819,440.3046462667694,304.035791015625,1.0,36.31900000000002
2026-06-13 05:00:00,381.0,356.526,62829.8925,11952.9,55.82,20528.0,17431.6725,12008.72,rt,2026-06-13,2026-06-12,2026-06-12 15:00:00,5,5,1_8,TimeMixer,356.526,469.92604715895084,279.6910339355469,1.0,-24.47399999999999
2026-06-13 06:00:00,366.2,362.916,63853.6375,10987.83,1130.2575,21738.25,17135.8,12118.0875,rt,2026-06-13,2026-06-12,2026-06-12 15:00:00,6,6,1_8,TimeMixer,362.916,415.54564899687193,277.5678344726563,1.0,-3.283999999999992
2026-06-13 07:00:00,252.5,340.861,62655.1875,9851.5375,4212.525,25329.25,10404.125,14064.0625,rt,2026-06-13,2026-06-12,2026-06-12 15:00:00,7,7,1_8,TimeMixer,340.861,238.47660121611025,196.5047003173828,0.0,0.0
2026-06-13 08:00:00,151.0,351.274,63273.2675,8575.1575,8925.7775,25663.0,7310.3325,17500.935,rt,2026-06-13,2026-06-12,2026-06-12 15:00:00,8,8,1_8,TimeMixer,351.274,197.67382571684266,151.07360852050783,1.0,200.274
2026-06-13 09:00:00,170.81,369.244,62157.38,7923.6975,13652.4575,23260.25,4534.475,21576.155,rt,2026-06-13,2026-06-12,2026-06-12 15:00:00,9,9,9_16,TimeMixer,369.244,79.30507670507865,124.58745538330078,0.0,0.0
2026-06-13 10:00:00,70.0,359.711,60088.37,7944.3075,17435.7525,21583.75,338.06,25380.06,rt,2026-06-13,2026-06-12,2026-06-12 15:00:00,10,10,9_16,TimeMixer,359.711,85.36284532812554,110.17103995971681,1.0,289.711
2026-06-13 11:00:00,37.0,219.8,60076.6275,8346.19,19867.895,20219.5,-1143.4575,28214.085,rt,2026-06-13,2026-06-12,2026-06-12 15:00:00,11,11,9_16,TimeMixer,219.8,53.820648333496635,112.6876350402832,1.0,182.8
2026-06-13 12:00:00,26.5,-80.0,57950.4975,8872.4825,20908.4875,20151.25,-4768.2225,29780.97,rt,2026-06-13,2026-06-12,2026-06-12 15:00:00,12,12,9_16,TimeMixer,-80.0,87.57332424124198,104.35087738037109,1.0,-106.5
2026-06-13 13:00:00,25.0,-80.0,52877.6275,9490.3475,20559.1125,20107.0,-10065.3325,30049.46,rt,2026-06-13,2026-06-12,2026-06-12 15:00:00,13,13,9_16,TimeMixer,-80.0,-76.78880469506781,43.59774169921876,0.0,-0.0
2026-06-13 14:00:00,99.5,155.709,56508.4175,10254.92,18856.725,20126.75,-5516.4775,29111.645,rt,2026-06-13,2026-06-12,2026-06-12 15:00:00,14,14,9_16,TimeMixer,155.709,141.9316188822027,92.23109779357911,1.0,56.209
2026-06-13 15:00:00,99.5,132.922,60525.0525,10898.8775,15964.24,20227.25,648.185,26863.1175,rt,2026-06-13,2026-06-12,2026-06-12 15:00:00,15,15,9_16,TimeMixer,132.922,134.27554478369194,153.67409172058103,1.0,33.422
2026-06-13 16:00:00,300.0,391.032,65185.96,11236.98,12165.7225,21426.5,7570.2575,23402.7025,rt,2026-06-13,2026-06-12,2026-06-12 15:00:00,16,16,9_16,TimeMixer,391.032,424.18129320036314,236.11055340576172,1.0,91.03199999999998
2026-06-13 17:00:00,319.233,348.906,70422.31,11388.8475,7889.16,24652.0,13633.3025,19278.0075,rt,2026-06-13,2026-06-12,2026-06-12 15:00:00,17,17,17_24,TimeMixer,348.906,425.30474044615175,247.6086700561524,1.0,29.673000000000002
2026-06-13 18:00:00,399.5,359.794,75180.3875,11308.68,3824.2725,26654.25,20515.435,15132.9525,rt,2026-06-13,2026-06-12,2026-06-12 15:00:00,18,18,17_24,TimeMixer,359.794,475.99600088865657,366.04271179199213,1.0,-39.70600000000002
2026-06-13 19:00:00,400.0,346.821,77593.53,11506.9475,1039.36,26631.25,25534.4725,12546.3075,rt,2026-06-13,2026-06-12,2026-06-12 15:00:00,19,19,17_24,TimeMixer,346.821,485.1541381786957,381.94642333984376,1.0,-53.178999999999974
2026-06-13 20:00:00,387.0,354.418,79125.8025,12196.54,58.385,25761.0,28228.3775,12254.925,rt,2026-06-13,2026-06-12,2026-06-12 15:00:00,20,20,17_24,TimeMixer,354.418,501.5151602169648,419.312011642456,1.0,-32.581999999999994
2026-06-13 21:00:00,394.0,353.276,78403.795,13081.675,0.0,23976.0,28464.62,13081.675,rt,2026-06-13,2026-06-12,2026-06-12 15:00:00,21,21,17_24,TimeMixer,353.276,474.706596201767,409.8532427215576,1.0,-40.72399999999999
2026-06-13 22:00:00,390.5,371.079,75980.9925,13719.865,0.0,22493.25,26886.3775,13719.865,rt,2026-06-13,2026-06-12,2026-06-12 15:00:00,22,22,17_24,TimeMixer,371.079,477.883190186142,397.68962783813475,1.0,-19.420999999999992
2026-06-13 23:00:00,395.0,374.751,72208.8975,14067.7375,0.0,20905.25,24354.41,14067.7375,rt,2026-06-13,2026-06-12,2026-06-12 15:00:00,23,23,17_24,TimeMixer,374.751,466.5235619032517,435.74677734374995,1.0,-20.249000000000024
2026-06-14 00:00:00,392.0,414.513,71348.0725,13944.4125,0.0,19697.5,24824.66,13944.4125,rt,2026-06-14,2026-06-13,2026-06-13 15:00:00,0,24,17_24,TimeMixer,414.513,448.6487447683563,341.0912350463867,1.0,22.512999999999977
2026-06-14 01:00:00,400.0,448.756,70127.4075,12594.57,0.0,20800.5,23971.5375,12594.57,rt,2026-06-14,2026-06-13,2026-06-13 15:00:00,1,1,1_8,TimeMixer,448.756,459.6594377877655,352.97762298583984,1.0,48.75599999999997
2026-06-14 02:00:00,386.0,398.522,67667.4925,12069.295,0.0,20814.75,22022.6475,12069.295,rt,2026-06-14,2026-06-13,2026-06-13 15:00:00,2,2,1_8,TimeMixer,398.522,440.7505049403229,317.1855163574219,1.0,12.521999999999991
2026-06-14 03:00:00,385.5,385.068,65663.1225,11299.65,0.0,20781.0,20821.6725,11299.65,rt,2026-06-14,2026-06-13,2026-06-13 15:00:00,3,3,1_8,TimeMixer,385.068,428.40392527296444,292.7936737060547,1.0,-0.43200000000001637
2026-06-14 04:00:00,383.0,374.883,64843.1375,10350.075,0.0125,20779.25,20953.0,10350.0875,rt,2026-06-14,2026-06-13,2026-06-13 15:00:00,4,4,1_8,TimeMixer,374.883,434.242143527359,307.7987945556641,1.0,-8.117000000000019
2026-06-14 05:00:00,389.5,378.919,65030.0975,9489.5725,27.2,20528.0,22224.525,9516.7725,rt,2026-06-14,2026-06-13,2026-06-13 15:00:00,5,5,1_8,TimeMixer,378.919,451.72219665373234,326.7607818603516,1.0,-10.581000000000017
2026-06-14 06:00:00,383.5,377.845,65811.585,8565.2825,943.2625,21738.5,21803.74,9508.545,rt,2026-06-14,2026-06-13,2026-06-13 15:00:00,6,6,1_8,TimeMixer,377.845,425.0282242778077,308.16931488037113,1.0,-5.654999999999973
2026-06-14 07:00:00,333.715,350.426,62696.4825,7460.4825,3729.4975,25329.25,13420.2025,11189.98,rt,2026-06-14,2026-06-13,2026-06-13 15:00:00,7,7,1_8,TimeMixer,350.426,336.0343107235565,189.45716247558593,1.0,16.711000000000013
2026-06-14 08:00:00,342.75,346.917,63447.6075,6283.465,8228.205,25663.25,10574.3875,14511.67,rt,2026-06-14,2026-06-13,2026-06-13 15:00:00,8,8,1_8,TimeMixer,346.917,331.3847664297333,99.02102813720703,0.0,0.0
2026-06-14 09:00:00,291.0,326.857,60446.1475,5636.9475,13416.8375,23259.75,5446.8125,19053.785,rt,2026-06-14,2026-06-13,2026-06-13 15:00:00,9,9,9_16,TimeMixer,326.857,313.6059788046112,69.26625817871093,1.0,35.85700000000003
2026-06-14 10:00:00,165.5,331.67,57504.8325,5596.155,18031.9225,21641.0,-450.045,23628.0775,rt,2026-06-14,2026-06-13,2026-06-13 15:00:00,10,10,9_16,TimeMixer,331.67,50.593585724854066,14.446630554199224,0.0,0.0
2026-06-14 11:00:00,173.5,199.752,55653.6075,5805.24,20968.935,20517.0,-4323.3675,26774.175,rt,2026-06-14,2026-06-13,2026-06-13 15:00:00,11,11,9_16,TimeMixer,199.752,0.40870009985405886,-19.56836700439453,0.0,0.0
2026-06-14 12:00:00,55.0,224.486,53830.97,6193.695,22295.775,20222.5,-7566.8,28489.47,rt,2026-06-14,2026-06-13,2026-06-13 15:00:00,12,12,9_16,TimeMixer,224.486,-47.77664232263129,-21.37637405395508,0.0,0.0
2026-06-14 13:00:00,56.875,-80.0,49506.3375,6600.4125,22202.475,20347.0,-12329.35,28802.8875,rt,2026-06-14,2026-06-13,2026-06-13 15:00:00,13,13,9_16,TimeMixer,-80.0,-99.13814363488714,-31.78072166442871,0.0,-0.0
2026-06-14 14:00:00,56.0,-80.0,52116.525,7009.8075,20803.1775,20502.5,-8884.76,27812.985,rt,2026-06-14,2026-06-13,2026-06-13 15:00:00,14,14,9_16,TimeMixer,-80.0,3.742360104736864,46.678123188018795,0.0,-0.0
2026-06-14 15:00:00,110.5,-64.607,56044.565,7448.9675,18097.6125,20592.5,-2780.315,25546.58,rt,2026-06-14,2026-06-13,2026-06-13 15:00:00,15,15,9_16,TimeMixer,-64.607,-9.092451349120552,65.94124989509581,0.0,-0.0
2026-06-14 16:00:00,315.5,180.289,61358.895,7871.0525,14181.07,21550.75,5070.2225,22052.1225,rt,2026-06-14,2026-06-13,2026-06-13 15:00:00,16,16,9_16,TimeMixer,180.289,388.6521700363006,193.59160232543945,1.0,-135.211
2026-06-14 17:00:00,378.625,275.755,66695.1625,8355.9325,9468.2525,24651.25,11461.4275,17824.185,rt,2026-06-14,2026-06-13,2026-06-13 15:00:00,17,17,17_24,TimeMixer,275.755,384.60813710295105,292.7357705133438,1.0,-102.87
2026-06-14 18:00:00,400.0,351.504,71804.3925,8956.26,4575.195,26653.75,18842.1375,13531.455,rt,2026-06-14,2026-06-13,2026-06-13 15:00:00,18,18,17_24,TimeMixer,351.504,482.43868713652034,398.7062656402588,1.0,-48.49599999999998
2026-06-14 19:00:00,415.0,358.265,75801.275,9750.9175,1190.5675,26631.25,25447.74,10941.485,rt,2026-06-14,2026-06-13,2026-06-13 15:00:00,19,19,17_24,TimeMixer,358.265,534.9306458309784,429.77259939575197,1.0,-56.735000000000014
2026-06-14 20:00:00,397.75,352.996,78280.42,10827.74,40.64,25761.25,28869.99,10868.38,rt,2026-06-14,2026-06-13,2026-06-13 15:00:00,20,20,17_24,TimeMixer,352.996,557.4819591665496,429.9260431976318,1.0,-44.75400000000002
2026-06-14 21:00:00,390.0,350.0,77470.7,12233.385,0.0,23976.25,28480.265,12233.385,rt,2026-06-14,2026-06-13,2026-06-13 15:00:00,21,21,17_24,TimeMixer,350.0,532.6540963247528,440.53065625762935,1.0,-40.0
2026-06-14 22:00:00,392.0,350.22,74701.02,13481.67,0.0,22493.25,25945.3,13481.67,rt,2026-06-14,2026-06-13,2026-06-13 15:00:00,22,22,17_24,TimeMixer,350.22,545.32871225737,414.17146418762206,1.0,-41.77999999999997
2026-06-14 23:00:00,394.0,357.788,71254.5175,14348.32,0.0,20905.5,23219.8975,14348.32,rt,2026-06-14,2026-06-13,2026-06-13 15:00:00,23,23,17_24,TimeMixer,357.788,515.2475297876587,462.98637676239014,1.0,-36.21199999999999
2026-06-15 00:00:00,400.0,361.99,69655.475,14538.9325,0.0,20414.5,21921.2425,14538.9325,rt,2026-06-15,2026-06-14,2026-06-14 15:00:00,0,24,17_24,TimeMixer,361.99,482.20880009550467,408.5864288330078,1.0,-38.00999999999999
2026-06-15 01:00:00,433.0,361.568,65258.0175,12665.6825,0.0,22595.75,17085.785,12665.6825,rt,2026-06-15,2026-06-14,2026-06-14 15:00:00,1,1,1_8,TimeMixer,361.568,486.64899880644225,401.923978729248,1.0,-71.43200000000002
2026-06-15 02:00:00,400.0,349.409,63290.0875,12209.085,0.0,22807.0,15363.2025,12209.085,rt,2026-06-15,2026-06-14,2026-06-14 15:00:00,2,2,1_8,TimeMixer,349.409,504.348907264389,346.8568563110352,1.0,-50.59100000000001
2026-06-15 03:00:00,389.0,351.023,61595.4825,11505.615,0.0,22861.25,14317.8175,11505.615,rt,2026-06-15,2026-06-14,2026-06-14 15:00:00,3,3,1_8,TimeMixer,351.023,508.0119011855926,369.964136352539,1.0,-37.976999999999975
2026-06-15 04:00:00,386.0,352.874,60793.72,10636.275,0.01,22587.0,14659.635,10636.285,rt,2026-06-15,2026-06-14,2026-06-14 15:00:00,4,4,1_8,TimeMixer,352.874,510.4277801974335,388.0395105926513,1.0,-33.125999999999976
2026-06-15 05:00:00,408.0,357.522,61321.71,9719.1225,34.7,22009.5,16647.5875,9753.8225,rt,2026-06-15,2026-06-14,2026-06-14 15:00:00,5,5,1_8,TimeMixer,357.522,502.9398413126983,394.5342863769531,1.0,-50.47800000000001
2026-06-15 06:00:00,412.0,351.12,63266.8625,8783.7475,1101.2675,24283.5,16187.5475,9885.015,rt,2026-06-15,2026-06-14,2026-06-14 15:00:00,6,6,1_8,TimeMixer,351.12,476.834894656662,371.9502883911133,1.0,-60.879999999999995
2026-06-15 07:00:00,339.0,234.573,62464.3925,7641.875,4176.905,29386.5,8352.0625,11818.78,rt,2026-06-15,2026-06-14,2026-06-14 15:00:00,7,7,1_8,TimeMixer,234.573,415.8791341387787,277.77913275146483,1.0,-104.42699999999999
2026-06-15 08:00:00,300.0,317.141,65398.135,6596.2025,8825.815,29605.0,7522.8175,15422.0175,rt,2026-06-15,2026-06-14,2026-06-14 15:00:00,8,8,1_8,TimeMixer,317.141,342.02312070341486,172.944002532959,1.0,17.14100000000002
2026-06-15 09:00:00,300.0,332.297,65094.455,5982.57,13662.88,26685.25,5927.955,19645.45,rt,2026-06-15,2026-06-14,2026-06-14 15:00:00,9,9,9_16,TimeMixer,332.297,283.4807487478485,89.24797973632812,0.0,0.0
2026-06-15 10:00:00,267.0,299.286,62880.0675,5603.0175,17725.03,25179.25,1536.97,23328.0475,rt,2026-06-15,2026-06-14,2026-06-14 15:00:00,10,10,9_16,TimeMixer,299.286,10.936752112793524,21.996659088134763,0.0,0.0
2026-06-15 11:00:00,141.03,2.327,61682.295,5290.785,20473.62,24311.5,-1229.41,25764.405,rt,2026-06-15,2026-06-14,2026-06-14 15:00:00,11,11,9_16,TimeMixer,2.327,-33.084867617431094,9.1074234008789,0.0,-0.0
2026-06-15 12:00:00,58.72,-80.0,58110.18,5164.46,21795.31,23984.5,-5669.89,26959.77,rt,2026-06-15,2026-06-14,2026-06-14 15:00:00,12,12,9_16,TimeMixer,-80.0,4.008312714600152,-30.152198486328125,0.0,-0.0
2026-06-15 13:00:00,29.0,-80.0,52559.4925,5195.8475,21856.4525,24182.75,-11511.3575,27052.3,rt,2026-06-15,2026-06-14,2026-06-14 15:00:00,13,13,9_16,TimeMixer,-80.0,-150.83617035302677,-32.52366256713867,0.0,-0.0
2026-06-15 14:00:00,72.5,-80.0,55049.3025,5429.5675,20802.2725,24377.25,-8395.5875,26231.84,rt,2026-06-15,2026-06-14,2026-06-14 15:00:00,14,14,9_16,TimeMixer,-80.0,-142.19773447656195,-40.4751953125,0.0,-0.0
2026-06-15 15:00:00,41.0,-80.0,58307.795,5882.8975,18394.265,24627.0,-3432.1675,24277.1625,rt,2026-06-15,2026-06-14,2026-06-14 15:00:00,15,15,9_16,TimeMixer,-80.0,-131.41603445580998,20.700341033935544,0.0,-0.0
2026-06-15 16:00:00,281.5,103.351,63178.35,6498.8875,14565.2375,25918.0,3360.425,21064.125,rt,2026-06-15,2026-06-14,2026-06-14 15:00:00,16,16,9_16,TimeMixer,103.351,44.95909238317924,160.87796766662595,0.0,-0.0
2026-06-15 17:00:00,326.5,120.823,68171.9625,7178.2675,9684.1325,29277.5,9123.7625,16862.4,rt,2026-06-15,2026-06-14,2026-06-14 15:00:00,17,17,17_24,TimeMixer,120.823,370.378328557724,316.06435437011714,1.0,-205.67700000000002
2026-06-15 18:00:00,405.5,339.291,73527.4,7828.5725,4664.2,31153.25,16954.3275,12492.7725,rt,2026-06-15,2026-06-14,2026-06-14 15:00:00,18,18,17_24,TimeMixer,339.291,502.4632418041839,387.201887512207,1.0,-66.209
2026-06-15 19:00:00,449.5,346.299,77235.1925,8547.4,1223.205,31003.25,23530.5375,9770.605,rt,2026-06-15,2026-06-14,2026-06-14 15:00:00,19,19,17_24,TimeMixer,346.299,465.3308679257049,421.1995321533203,1.0,-103.20100000000002
2026-06-15 20:00:00,439.5,348.798,79552.835,9484.5875,42.0075,30259.75,26835.69,9526.595,rt,2026-06-15,2026-06-14,2026-06-14 15:00:00,20,20,17_24,TimeMixer,348.798,469.6882782980194,427.3368606567383,1.0,-90.702
2026-06-15 21:00:00,385.545,349.427,78893.2475,10562.3275,0.0,28473.75,26926.37,10562.3275,rt,2026-06-15,2026-06-14,2026-06-14 15:00:00,21,21,17_24,TimeMixer,349.427,458.3628926138153,389.3908966064453,1.0,-36.117999999999995
2026-06-15 22:00:00,389.125,349.372,75771.8675,11836.2875,0.0,26601.75,24403.03,11836.2875,rt,2026-06-15,2026-06-14,2026-06-14 15:00:00,22,22,17_24,TimeMixer,349.372,485.80782048628237,345.34382275390624,1.0,-39.752999999999986
2026-06-15 23:00:00,435.0,361.258,71562.68,12763.8625,0.0,24426.25,21441.7675,12763.8625,rt,2026-06-15,2026-06-14,2026-06-14 15:00:00,23,23,17_24,TimeMixer,361.258,476.76102599028013,394.90080308914185,1.0,-73.74200000000002
2026-06-16 00:00:00,424.0,361.518,70363.2175,13155.025,0.0,22793.5,21483.8925,13155.025,rt,2026-06-16,2026-06-15,2026-06-15 15:00:00,0,24,17_24,TimeMixer,361.518,469.95089581633,369.9035869598389,1.0,-62.48200000000003
2026-06-16 01:00:00,458.0,539.059,66073.06,11108.0475,0.0,22843.5,19210.7125,11108.0475,rt,2026-06-16,2026-06-15,2026-06-15 15:00:00,1,1,1_8,TimeMixer,539.059,445.56323546415706,414.8225978851318,0.0,0.0
2026-06-16 02:00:00,438.25,518.029,64203.03,10383.5675,0.0,22843.75,18064.9125,10383.5675,rt,2026-06-16,2026-06-15,2026-06-15 15:00:00,2,2,1_8,TimeMixer,518.029,467.08411838835144,337.823098449707,1.0,79.779
2026-06-16 03:00:00,432.25,514.629,62886.3075,9574.18,0.0,22900.75,17500.5775,9574.18,rt,2026-06-16,2026-06-15,2026-06-15 15:00:00,3,3,1_8,TimeMixer,514.629,477.0399711207428,342.7529014587402,1.0,82.37900000000002
2026-06-16 04:00:00,439.0,516.556,61946.2925,8772.5725,0.01,22625.25,17637.66,8772.5825,rt,2026-06-16,2026-06-15,2026-06-15 15:00:00,4,4,1_8,TimeMixer,516.556,485.2074764494171,380.3898622512818,1.0,77.55600000000004
2026-06-16 05:00:00,456.0,527.45,62557.8025,8088.7625,34.935,22046.25,19477.055,8123.6975,rt,2026-06-16,2026-06-15,2026-06-15 15:00:00,5,5,1_8,TimeMixer,527.45,483.1570116712799,409.07689274597163,1.0,71.45000000000005
2026-06-16 06:00:00,457.0,492.891,64742.7025,7428.1675,1118.5025,24311.75,18973.4825,8546.67,rt,2026-06-16,2026-06-15,2026-06-15 15:00:00,6,6,1_8,TimeMixer,492.891,465.9302105105438,400.14096755981444,1.0,35.89100000000002
2026-06-16 07:00:00,329.5,184.643,64152.46,6516.8025,4403.7275,29398.5,10926.38,10920.53,rt,2026-06-16,2026-06-15,2026-06-15 15:00:00,7,7,1_8,TimeMixer,184.643,365.32792622404475,247.35613791656496,1.0,-144.857
2026-06-16 08:00:00,284.32,387.135,65813.1525,5546.75,9431.105,29617.5,8369.4975,14977.855,rt,2026-06-16,2026-06-15,2026-06-15 15:00:00,8,8,1_8,TimeMixer,387.135,369.3943046536102,165.47875137329103,1.0,102.815
2026-06-16 09:00:00,265.5,250.223,64997.3375,4799.885,14603.4225,26710.75,6047.48,19403.3075,rt,2026-06-16,2026-06-15,2026-06-15 15:00:00,9,9,9_16,TimeMixer,250.223,360.8519549453583,64.614501953125,1.0,-15.276999999999987
2026-06-16 10:00:00,144.0,373.347,62218.38,4270.8925,18716.4175,25207.75,1187.52,22987.31,rt,2026-06-16,2026-06-15,2026-06-15 15:00:00,10,10,9_16,TimeMixer,373.347,99.54076815283256,37.73980964355468,0.0,0.0
2026-06-16 11:00:00,20.0,540.651,60989.755,3945.035,21384.9225,24343.0,-1519.0025,25329.9575,rt,2026-06-16,2026-06-15,2026-06-15 15:00:00,11,11,9_16,TimeMixer,540.651,26.797251727051314,-62.24651721191407,1.0,520.651
2026-06-16 12:00:00,0.0,315.524,57556.425,3842.6925,22657.2275,24013.5,-5792.795,26499.92,rt,2026-06-16,2026-06-15,2026-06-15 15:00:00,12,12,9_16,TimeMixer,315.524,-80.78707263330023,-83.57974224853515,0.0,0.0
2026-06-16 13:00:00,-30.0,56.218,50232.055,3985.4425,22734.52,24211.5,-13535.2075,26719.9625,rt,2026-06-16,2026-06-15,2026-06-15 15:00:00,13,13,9_16,TimeMixer,56.218,-140.06020017236273,-88.13263061523438,0.0,0.0
2026-06-16 14:00:00,-31.0,36.401,53133.28,4451.7175,21708.5475,24407.0,-10269.785,26160.265,rt,2026-06-16,2026-06-15,2026-06-15 15:00:00,14,14,9_16,TimeMixer,36.401,-91.10055083154242,-70.08765411376953,0.0,0.0
2026-06-16 15:00:00,0.0,-75.294,56478.0825,5042.435,19248.5825,24657.5,-5321.235,24291.0175,rt,2026-06-16,2026-06-15,2026-06-15 15:00:00,15,15,9_16,TimeMixer,-75.294,-107.7277758608393,-49.24303283691407,0.0,-0.0
2026-06-16 16:00:00,145.5,-80.0,61447.4775,5725.4925,15302.285,25936.25,1617.65,21027.7775,rt,2026-06-16,2026-06-15,2026-06-15 15:00:00,16,16,9_16,TimeMixer,-80.0,77.91383197729544,122.17538681030274,0.0,-0.0
2026-06-16 17:00:00,314.0,168.901,66886.03,6413.5325,10152.52,29277.0,8123.4275,16566.0525,rt,2026-06-16,2026-06-15,2026-06-15 15:00:00,17,17,17_24,TimeMixer,168.901,381.4974251133266,306.2144812011719,1.0,-145.099
2026-06-16 18:00:00,423.838,499.266,72476.2725,7178.94,4795.5575,31152.25,16422.475,11974.4975,rt,2026-06-16,2026-06-15,2026-06-15 15:00:00,18,18,17_24,TimeMixer,499.266,545.5525512774506,424.85382164001464,1.0,75.428
2026-06-16 19:00:00,470.075,524.195,75663.04,8231.43,1242.16,31003.75,22254.9,9473.59,rt,2026-06-16,2026-06-15,2026-06-15 15:00:00,19,19,17_24,TimeMixer,524.195,520.2904025332489,476.80120428466796,1.0,54.12000000000006
2026-06-16 20:00:00,460.5,472.235,77907.65,9453.265,42.245,30259.25,25222.09,9495.51,rt,2026-06-16,2026-06-15,2026-06-15 15:00:00,20,20,17_24,TimeMixer,472.235,507.979819267868,480.37599029541013,1.0,11.735000000000014
2026-06-16 21:00:00,440.0,411.149,77222.795,10826.2225,0.0,28474.25,24991.5225,10826.2225,rt,2026-06-16,2026-06-15,2026-06-15 15:00:00,21,21,17_24,TimeMixer,411.149,492.2411396658173,418.31460375976565,1.0,-28.851
2026-06-16 22:00:00,433.838,386.038,74637.8375,12071.1075,0.0,26574.75,23061.18,12071.1075,rt,2026-06-16,2026-06-15,2026-06-15 15:00:00,22,22,17_24,TimeMixer,386.038,526.8057452744904,406.5719779968262,1.0,-47.80000000000001
2026-06-16 23:00:00,440.0,437.608,70424.34,12968.435,0.0,24361.75,20163.355,12968.435,rt,2026-06-16,2026-06-15,2026-06-15 15:00:00,23,23,17_24,TimeMixer,437.608,507.8934537515106,476.58793487548826,1.0,-2.391999999999996
2026-06-17 00:00:00,450.5,459.6,69301.095,13315.04,0.0,22723.5,20331.755,13315.04,rt,2026-06-17,2026-06-16,2026-06-16 15:00:00,0,24,17_24,TimeMixer,459.6,518.8921331490935,462.78623046875,1.0,9.100000000000023
2026-06-17 01:00:00,487.5,519.48,67248.3575,13154.51,0.0,22992.75,17880.2975,13154.51,rt,2026-06-17,2026-06-16,2026-06-16 15:00:00,1,1,1_8,TimeMixer,519.48,568.839480674118,500.4426230430603,1.0,31.980000000000018
2026-06-17 02:00:00,469.35,494.69,65122.7675,12536.35,0.0,22971.75,16393.8675,12536.35,rt,2026-06-17,2026-06-16,2026-06-16 15:00:00,2,2,1_8,TimeMixer,494.69,584.0188401571502,448.1242446899414,1.0,25.339999999999975
2026-06-17 03:00:00,460.0,500.67,63551.4225,11396.1175,0.0,23001.75,15932.755,11396.1175,rt,2026-06-17,2026-06-16,2026-06-16 15:00:00,3,3,1_8,TimeMixer,500.67,613.2610949264374,460.0132575988769,1.0,40.670000000000016
2026-06-17 04:00:00,462.5,518.6,62653.2425,9942.7775,0.01,22732.75,16756.905,9942.7875,rt,2026-06-17,2026-06-16,2026-06-16 15:00:00,4,4,1_8,TimeMixer,518.6,610.389169524826,507.1021533966064,1.0,56.10000000000002
2026-06-17 05:00:00,494.2,524.5,63383.0325,8528.69,30.1975,22145.0,19458.345,8558.8875,rt,2026-06-17,2026-06-16,2026-06-16 15:00:00,5,5,1_8,TimeMixer,524.5,624.7408724871673,497.1356245040893,1.0,30.30000000000001
2026-06-17 06:00:00,496.9,433.65,64920.2575,7214.955,1067.6925,23921.5,19495.31,8282.6475,rt,2026-06-17,2026-06-16,2026-06-16 15:00:00,6,6,1_8,TimeMixer,433.65,585.140515826477,486.58174865722657,1.0,-63.25
2026-06-17 07:00:00,333.5,-3.68,64490.605,5827.0825,4230.425,28003.25,13216.5475,10057.5075,rt,2026-06-17,2026-06-16,2026-06-16 15:00:00,7,7,1_8,TimeMixer,-3.68,430.56027586149594,335.08146232910156,1.0,-337.18
2026-06-17 08:00:00,384.75,258.39,66727.88,4530.2075,9173.06,28400.75,11488.0625,13703.2675,rt,2026-06-17,2026-06-16,2026-06-16 15:00:00,8,8,1_8,TimeMixer,258.39,456.87892762449644,284.6399914627075,1.0,-126.36000000000001
2026-06-17 09:00:00,350.0,263.38,66446.92,3524.61,14360.42,26296.75,9184.34,17885.03,rt,2026-06-17,2026-06-16,2026-06-16 15:00:00,9,9,9_16,TimeMixer,263.38,337.4357691067352,212.67061347961425,0.0,-0.0
2026-06-17 10:00:00,300.0,255.56,63701.8925,2791.0425,18597.6075,24500.0,4809.9425,21388.65,rt,2026-06-17,2026-06-16,2026-06-16 15:00:00,10,10,9_16,TimeMixer,255.56,103.8289564462896,63.94020614624023,0.0,-0.0
2026-06-17 11:00:00,247.5,341.9,62602.3725,2158.8225,21220.005,23044.0,3223.745,23378.8275,rt,2026-06-17,2026-06-16,2026-06-16 15:00:00,11,11,9_16,TimeMixer,341.9,155.87723995214895,-32.395537567138675,0.0,0.0
2026-06-17 12:00:00,171.788,454.49,60082.965,1769.22,22403.6975,22923.75,67.9975,24172.9175,rt,2026-06-17,2026-06-16,2026-06-16 15:00:00,12,12,9_16,TimeMixer,454.49,52.62168108740289,-51.92514495849609,0.0,0.0
2026-06-17 13:00:00,105.0,437.43,55280.72,1628.2225,22246.1025,22923.75,-4430.655,23874.325,rt,2026-06-17,2026-06-16,2026-06-16 15:00:00,13,13,9_16,TimeMixer,437.43,-90.17980586572212,-47.557229614257814,0.0,0.0
2026-06-17 14:00:00,65.453,436.02,58580.19,1665.6825,20745.965,22998.25,224.4925,22411.6475,rt,2026-06-17,2026-06-16,2026-06-16 15:00:00,14,14,9_16,TimeMixer,436.02,-109.94352005761662,-52.3204792175293,0.0,0.0
2026-06-17 15:00:00,135.0,,62695.3,1865.065,17945.18,23204.0,6677.755,19810.245,rt,2026-06-17,2026-06-16,2026-06-16 15:00:00,15,15,9_16,TimeMixer,,-155.27380902246037,1.607328292846681,0.0,
2026-06-17 16:00:00,357.1,,67612.34,2175.29,13874.665,24739.25,13732.335,16049.955,rt,2026-06-17,2026-06-16,2026-06-16 15:00:00,16,16,9_16,TimeMixer,,178.64963447172548,162.4653952598572,0.0,
2026-06-17 17:00:00,448.355,,72561.1725,2495.0775,9040.08,27851.75,19960.965,11535.1575,rt,2026-06-17,2026-06-16,2026-06-16 15:00:00,17,17,17_24,TimeMixer,,400.6697164377441,346.3539766311645,0.0,
2026-06-17 18:00:00,550.0,,76857.315,2893.7075,4261.2175,29158.25,27308.34,7154.925,rt,2026-06-17,2026-06-16,2026-06-16 15:00:00,18,18,17_24,TimeMixer,,615.6859497271575,478.86498247413635,1.0,
2026-06-17 19:00:00,600.0,,79464.6675,3496.7125,1128.745,29170.5,32427.91,4625.4575,rt,2026-06-17,2026-06-16,2026-06-16 15:00:00,19,19,17_24,TimeMixer,,612.8479324853363,515.5673710422516,1.0,
2026-06-17 20:00:00,519.163,,81421.6625,4374.1625,41.8425,28380.75,35384.1075,4416.005,rt,2026-06-17,2026-06-16,2026-06-16 15:00:00,20,20,17_24,TimeMixer,,572.6459385207977,496.0945146560669,1.0,
2026-06-17 21:00:00,523.388,,80759.08,5360.39,0.0,26510.75,35647.14,5360.39,rt,2026-06-17,2026-06-16,2026-06-16 15:00:00,21,21,17_24,TimeMixer,,531.0240666946258,471.13550834655763,1.0,
2026-06-17 22:00:00,570.0,,78133.0175,6352.1975,0.0,25000.25,33539.77,6352.1975,rt,2026-06-17,2026-06-16,2026-06-16 15:00:00,22,22,17_24,TimeMixer,,549.4513422698631,461.90288236694335,0.0,
2026-06-17 23:00:00,574.75,,74124.1225,7218.0625,0.0,23826.5,29838.76,7218.0625,rt,2026-06-17,2026-06-16,2026-06-16 15:00:00,23,23,17_24,TimeMixer,,534.516162915329,498.16097453311085,0.0,
2026-06-18 00:00:00,594.5,,72873.1425,7525.1875,0.0,22721.75,29385.405,7525.1875,rt,2026-06-18,2026-06-17,2026-06-17 15:00:00,0,24,17_24,TimeMixer,,,505.39822197437286,0.0,
2026-06-18 01:00:00,,,69363.87,6224.915,0.0,22921.75,26946.405,6224.915,rt,2026-06-18,2026-06-17,2026-06-17 15:00:00,1,1,1_8,TimeMixer,,,544.6215229034424,0.0,
2026-06-18 02:00:00,,,67123.905,5842.7775,0.0,22849.75,25160.5775,5842.7775,rt,2026-06-18,2026-06-17,2026-06-17 15:00:00,2,2,1_8,TimeMixer,,,543.112534866333,0.0,
2026-06-18 03:00:00,,,65237.955,5336.2425,0.0,22826.5,23804.4125,5336.2425,rt,2026-06-18,2026-06-17,2026-06-17 15:00:00,3,3,1_8,TimeMixer,,,539.7209091186523,0.0,
2026-06-18 04:00:00,,,64413.13,4794.2,0.01,22555.25,23792.87,4794.21,rt,2026-06-18,2026-06-17,2026-06-17 15:00:00,4,4,1_8,TimeMixer,,,564.6721878051758,0.0,
2026-06-18 05:00:00,,,64943.535,4249.7075,32.02,22059.0,25332.0075,4281.7275,rt,2026-06-18,2026-06-17,2026-06-17 15:00:00,5,5,1_8,TimeMixer,,,581.6414536987304,0.0,
2026-06-18 06:00:00,,,66635.4575,3720.5075,1010.255,23890.0,24743.895,4730.7625,rt,2026-06-18,2026-06-17,2026-06-17 15:00:00,6,6,1_8,TimeMixer,,,575.6236242675781,0.0,
2026-06-18 07:00:00,,,67395.9775,3024.2725,3833.0075,27874.0,19401.3975,6857.28,rt,2026-06-18,2026-06-17,2026-06-17 15:00:00,7,7,1_8,TimeMixer,,,398.26564398193364,0.0,
2026-06-18 08:00:00,,,71974.495,2173.8925,7827.805,28401.0,20385.9975,10001.6975,rt,2026-06-18,2026-06-17,2026-06-17 15:00:00,8,8,1_8,TimeMixer,,,394.0549217224121,0.0,
2026-06-18 09:00:00,,,74090.1625,1569.2525,11728.0725,26509.25,21152.7875,13297.325,rt,2026-06-18,2026-06-17,2026-06-17 15:00:00,9,9,9_16,TimeMixer,,,343.36336212158204,0.0,
2026-06-18 10:00:00,,,73822.6325,1304.9625,14760.1325,24970.25,19733.9875,16065.095,rt,2026-06-18,2026-06-17,2026-06-17 15:00:00,10,10,9_16,TimeMixer,,,295.4790267944336,0.0,
2026-06-18 11:00:00,,,73568.135,1251.1775,16590.575,23787.25,18933.3325,17841.7525,rt,2026-06-18,2026-06-17,2026-06-17 15:00:00,11,11,9_16,TimeMixer,,,236.3896557739258,0.0,
2026-06-18 12:00:00,,,70585.275,1338.9925,17303.605,23697.25,15277.1275,18642.5975,rt,2026-06-18,2026-06-17,2026-06-17 15:00:00,12,12,9_16,TimeMixer,,,155.09146455078127,0.0,
2026-06-18 13:00:00,,,65028.515,1571.31,16900.7125,23704.25,9888.9425,18472.0225,rt,2026-06-18,2026-06-17,2026-06-17 15:00:00,13,13,9_16,TimeMixer,,,131.3859848022461,0.0,
2026-06-18 14:00:00,,,68058.025,1966.885,15432.225,23590.0,14073.115,17399.11,rt,2026-06-18,2026-06-17,2026-06-17 15:00:00,14,14,9_16,TimeMixer,,,109.00862403564453,0.0,
2026-06-18 15:00:00,,,72016.65,2439.085,12820.1725,23722.25,19981.8425,15259.2575,rt,2026-06-18,2026-06-17,2026-06-17 15:00:00,15,15,9_16,TimeMixer,,,129.80899353027343,0.0,
2026-06-18 16:00:00,,,75782.365,2877.055,9584.59,25273.0,24906.92,12461.645,rt,2026-06-18,2026-06-17,2026-06-17 15:00:00,16,16,9_16,TimeMixer,,,310.19684417724613,0.0,
2026-06-18 17:00:00,,,78185.0375,3331.1925,6111.1025,28362.25,27117.1925,9442.295,rt,2026-06-18,2026-06-17,2026-06-17 15:00:00,17,17,17_24,TimeMixer,,,412.70370625305173,0.0,
2026-06-18 18:00:00,,,80126.4425,3791.745,2864.295,29499.0,30685.6025,6656.04,rt,2026-06-18,2026-06-17,2026-06-17 15:00:00,18,18,17_24,TimeMixer,,,588.3086802368164,0.0,
2026-06-18 19:00:00,,,81223.69,4311.9225,774.125,29609.0,33237.8425,5086.0475,rt,2026-06-18,2026-06-17,2026-06-17 15:00:00,19,19,17_24,TimeMixer,,,605.049013376236,0.0,
2026-06-18 20:00:00,,,82693.925,5050.22,34.22,28840.0,35478.685,5084.44,rt,2026-06-18,2026-06-17,2026-06-17 15:00:00,20,20,17_24,TimeMixer,,,534.2067826202392,0.0,
2026-06-18 21:00:00,,,81881.8525,5903.4825,0.0,26534.0,36153.57,5903.4825,rt,2026-06-18,2026-06-17,2026-06-17 15:00:00,21,21,17_24,TimeMixer,,,554.4316122940063,0.0,
2026-06-18 22:00:00,,,79201.655,6780.945,0.0,24950.0,34179.91,6780.945,rt,2026-06-18,2026-06-17,2026-06-17 15:00:00,22,22,17_24,TimeMixer,,,594.2974789428711,0.0,
2026-06-18 23:00:00,,,75439.68,7473.7625,0.0,23680.0,30995.1175,7473.7625,rt,2026-06-18,2026-06-17,2026-06-17 15:00:00,23,23,17_24,TimeMixer,,,594.0422508001327,0.0,
