ds,day_ahead_clearing_price,realtime_price,load,wind,solar,interconnect,bidding_space,renewable,task,target_day,decision_day,info_cutoff,hour_physical,hour_business,period,model_name,y_true,y_pred,pred_day_ahead_price,traded,profit_per_mwh
2026-06-01 00:00:00,400.0,296.643,63568.2925,20531.2525,11.6,17238.5,12660.44,20542.8525,da,2026-06-01,2026-05-31,2026-05-31 15:00:00,0,24,17_24,TimeMixer,400.0,457.3649645996094,,,
2026-06-01 01:00:00,360.0,365.425,62153.1425,19470.2425,12.8,18214.75,11648.85,19483.0425,da,2026-06-01,2026-05-31,2026-05-31 15:00:00,1,1,1_8,TimeMixer,360.0,320.46477478027344,,,
2026-06-01 02:00:00,352.613,356.766,60403.3875,18000.0875,12.1,18203.25,11381.45,18012.1875,da,2026-06-01,2026-05-31,2026-05-31 15:00:00,2,2,1_8,TimeMixer,352.613,319.58023834228516,,,
2026-06-01 03:00:00,363.975,355.431,58997.6075,16140.4525,12.5,18362.75,11675.405,16152.9525,da,2026-06-01,2026-05-31,2026-05-31 15:00:00,3,3,1_8,TimeMixer,363.975,262.1871309204101,,,
2026-06-01 04:00:00,387.378,322.16,58306.5325,14034.6075,12.3,18441.0,13012.125,14046.9075,da,2026-06-01,2026-05-31,2026-05-31 15:00:00,4,4,1_8,TimeMixer,387.378,255.79916124267578,,,
2026-06-01 05:00:00,396.5,359.101,58908.2725,12253.87,42.8275,18425.25,15379.825,12296.6975,da,2026-06-01,2026-05-31,2026-05-31 15:00:00,5,5,1_8,TimeMixer,396.5,261.05552825927737,,,
2026-06-01 06:00:00,376.25,362.442,60521.0325,10824.8125,1177.2125,19782.75,15929.7575,12002.025,da,2026-06-01,2026-05-31,2026-05-31 15:00:00,6,6,1_8,TimeMixer,376.25,251.11734771728516,,,
2026-06-01 07:00:00,100.0,34.998,59231.97,9471.93,4618.1675,22604.5,9734.6225,14090.0975,da,2026-06-01,2026-05-31,2026-05-31 15:00:00,7,7,1_8,TimeMixer,100.0,29.539816284179693,,,
2026-06-01 08:00:00,-70.0,-53.391,57053.2425,8060.2175,9894.59,23231.25,3123.185,17954.8075,da,2026-06-01,2026-05-31,2026-05-31 15:00:00,8,8,1_8,TimeMixer,-70.0,59.5037956237793,,,
2026-06-01 09:00:00,-70.0,155.503,55404.1975,6886.0175,15341.655,21785.75,-1340.725,22227.6725,da,2026-06-01,2026-05-31,2026-05-31 15:00:00,9,9,9_16,TimeMixer,-70.0,45.311251831054676,,,
2026-06-01 10:00:00,-75.0,-74.006,52232.135,6213.605,19788.67,19803.25,-6304.89,26002.275,da,2026-06-01,2026-05-31,2026-05-31 15:00:00,10,10,9_16,TimeMixer,-75.0,7.418368530273426,,,
2026-06-01 11:00:00,-75.0,-70.772,52965.7825,5818.94,22595.34,18915.5,-7095.4975,28414.28,da,2026-06-01,2026-05-31,2026-05-31 15:00:00,11,11,9_16,TimeMixer,-75.0,21.779254150390614,,,
2026-06-01 12:00:00,-75.0,-80.0,52004.3875,5520.07,23906.0975,18778.5,-8931.78,29426.1675,da,2026-06-01,2026-05-31,2026-05-31 15:00:00,12,12,9_16,TimeMixer,-75.0,29.98076629638672,,,
2026-06-01 13:00:00,-75.0,-48.675,48133.1025,5212.01,23966.345,18870.0,-12646.7525,29178.355,da,2026-06-01,2026-05-31,2026-05-31 15:00:00,13,13,9_16,TimeMixer,-75.0,13.861129760742188,,,
2026-06-01 14:00:00,-75.0,-70.535,49869.2825,5133.3,22860.0125,19093.75,-9949.28,27993.3125,da,2026-06-01,2026-05-31,2026-05-31 15:00:00,14,14,9_16,TimeMixer,-75.0,-9.257531738281273,,,
2026-06-01 15:00:00,-75.0,-80.0,52357.135,5314.7575,20252.735,19872.0,-5813.8575,25567.4925,da,2026-06-01,2026-05-31,2026-05-31 15:00:00,15,15,9_16,TimeMixer,-75.0,46.32343176269529,,,
2026-06-01 16:00:00,-49.34,-80.0,56616.005,5755.225,16034.66,20961.5,1133.12,21789.885,da,2026-06-01,2026-05-31,2026-05-31 15:00:00,16,16,9_16,TimeMixer,-49.34,154.01217790985106,,,
2026-06-01 17:00:00,310.77,195.515,62909.085,6349.8825,10476.0625,22054.25,11224.89,16825.945,da,2026-06-01,2026-05-31,2026-05-31 15:00:00,17,17,17_24,TimeMixer,310.77,188.58332696533205,,,
2026-06-01 18:00:00,398.5,550.118,68725.975,7147.135,4811.985,23777.5,20166.605,11959.12,da,2026-06-01,2026-05-31,2026-05-31 15:00:00,18,18,17_24,TimeMixer,398.5,318.0053871154785,,,
2026-06-01 19:00:00,514.873,562.554,73097.8075,8396.66,1117.75,23749.25,27007.6475,9514.41,da,2026-06-01,2026-05-31,2026-05-31 15:00:00,19,19,17_24,TimeMixer,514.873,421.86116523742675,,,
2026-06-01 20:00:00,505.875,547.537,75455.8675,10115.1525,30.07,22658.25,29825.895,10145.2225,da,2026-06-01,2026-05-31,2026-05-31 15:00:00,20,20,17_24,TimeMixer,505.875,425.25418930053706,,,
2026-06-01 21:00:00,501.375,608.046,74108.5375,11762.1275,12.2,21836.25,27671.46,11774.3275,da,2026-06-01,2026-05-31,2026-05-31 15:00:00,21,21,17_24,TimeMixer,501.375,427.6924645080567,,,
2026-06-01 22:00:00,446.875,613.371,71544.965,13293.875,12.7,20453.25,24958.64,13306.575,da,2026-06-01,2026-05-31,2026-05-31 15:00:00,22,22,17_24,TimeMixer,446.875,408.6529766082764,,,
2026-06-01 23:00:00,431.5,514.696,69346.56,14412.445,11.6,18884.25,23211.765,14424.045,da,2026-06-01,2026-05-31,2026-05-31 15:00:00,23,23,17_24,TimeMixer,431.5,401.4841552734375,,,
2026-06-02 00:00:00,411.5,424.837,66235.8925,14977.5325,11.6,17302.5,21117.76,14989.1325,da,2026-06-02,2026-06-01,2026-06-01 15:00:00,0,24,17_24,TimeMixer,411.5,383.857112121582,,,
2026-06-02 01:00:00,475.25,404.257,64207.3,14990.43,11.9,19762.25,16636.22,15002.33,da,2026-06-02,2026-06-01,2026-06-01 15:00:00,1,1,1_8,TimeMixer,475.25,299.2850051879883,,,
2026-06-02 02:00:00,400.0,354.302,62893.4325,14549.0375,12.0,19768.0,15757.895,14561.0375,da,2026-06-02,2026-06-01,2026-06-01 15:00:00,2,2,1_8,TimeMixer,400.0,295.6645239379883,,,
2026-06-02 03:00:00,400.0,341.615,61754.745,13852.8425,11.7,19802.0,15281.7025,13864.5425,da,2026-06-02,2026-06-01,2026-06-01 15:00:00,3,3,1_8,TimeMixer,400.0,277.3480584716797,,,
2026-06-02 04:00:00,411.5,335.385,60896.78,13008.9775,12.7,19810.75,15257.8525,13021.6775,da,2026-06-02,2026-06-01,2026-06-01 15:00:00,4,4,1_8,TimeMixer,411.5,305.62827018432614,,,
2026-06-02 05:00:00,433.67,369.238,61463.675,12166.9625,46.6175,19622.25,16821.345,12213.58,da,2026-06-02,2026-06-01,2026-06-01 15:00:00,5,5,1_8,TimeMixer,433.67,316.5440818786621,,,
2026-06-02 06:00:00,367.5,272.422,62133.455,11289.655,1413.38,21046.5,15577.42,12703.035,da,2026-06-02,2026-06-01,2026-06-01 15:00:00,6,6,1_8,TimeMixer,367.5,292.85447387695314,,,
2026-06-02 07:00:00,86.0,-80.0,59664.2675,10065.22,5561.3475,24695.25,6539.7,15626.5675,da,2026-06-02,2026-06-01,2026-06-01 15:00:00,7,7,1_8,TimeMixer,86.0,125.11260681152345,,,
2026-06-02 08:00:00,-29.0,-80.0,57333.12,8461.9125,11567.755,25110.25,-550.7975,20029.6675,da,2026-06-02,2026-06-01,2026-06-01 15:00:00,8,8,1_8,TimeMixer,-29.0,50.28421554565429,,,
2026-06-02 09:00:00,-70.0,-80.0,55326.8325,7212.52,17103.6375,23052.0,-4772.825,24316.1575,da,2026-06-02,2026-06-01,2026-06-01 15:00:00,9,9,9_16,TimeMixer,-70.0,25.5592025756836,,,
2026-06-02 10:00:00,-74.988,-80.0,52129.3675,6576.7625,21250.1625,21379.5,-9808.5575,27826.925,da,2026-06-02,2026-06-01,2026-06-01 15:00:00,10,10,9_16,TimeMixer,-74.988,-21.485330200195307,,,
2026-06-02 11:00:00,-75.0,-80.0,53060.835,6216.9125,23583.8975,19848.5,-9319.975,29800.81,da,2026-06-02,2026-06-01,2026-06-01 15:00:00,11,11,9_16,TimeMixer,-75.0,1.3954620361328125,,,
2026-06-02 12:00:00,-75.0,-66.698,52939.6825,5876.1575,24439.485,19613.0,-9720.46,30315.6425,da,2026-06-02,2026-06-01,2026-06-01 15:00:00,12,12,9_16,TimeMixer,-75.0,9.1826171875,,,
2026-06-02 13:00:00,-75.0,-59.163,49009.885,5577.22,24309.4875,19613.25,-13221.5725,29886.7075,da,2026-06-02,2026-06-01,2026-06-01 15:00:00,13,13,9_16,TimeMixer,-75.0,-5.3078460693359375,,,
2026-06-02 14:00:00,-75.0,-56.988,51183.9875,5387.11,23204.6925,19750.25,-9889.565,28591.8025,da,2026-06-02,2026-06-01,2026-06-01 15:00:00,14,14,9_16,TimeMixer,-75.0,-39.77684020996094,,,
2026-06-02 15:00:00,-70.0,-75.992,53589.2375,5430.4,20588.7225,19953.5,-5114.885,26019.1225,da,2026-06-02,2026-06-01,2026-06-01 15:00:00,15,15,9_16,TimeMixer,-70.0,-4.045143127441406,,,
2026-06-02 16:00:00,-30.0,64.24,58034.0825,5741.44,16267.0825,21162.5,2131.56,22008.5225,da,2026-06-02,2026-06-01,2026-06-01 15:00:00,16,16,9_16,TimeMixer,-30.0,80.87846841430664,,,
2026-06-02 17:00:00,312.175,463.308,64635.1175,6309.735,10548.38,24231.0,10742.0025,16858.115,da,2026-06-02,2026-06-01,2026-06-01 15:00:00,17,17,17_24,TimeMixer,312.175,296.81310671997073,,,
2026-06-02 18:00:00,455.7,636.413,70477.2375,7228.7475,4785.135,25879.0,19761.605,12013.8825,da,2026-06-02,2026-06-01,2026-06-01 15:00:00,18,18,17_24,TimeMixer,455.7,348.48181610107423,,,
2026-06-02 19:00:00,546.81,594.886,74789.315,8605.4575,1119.1525,25774.0,26464.205,9724.61,da,2026-06-02,2026-06-01,2026-06-01 15:00:00,19,19,17_24,TimeMixer,546.81,421.757183178711,,,
2026-06-02 20:00:00,546.75,510.564,77639.8725,10165.775,31.8,24847.0,29768.7975,10197.575,da,2026-06-02,2026-06-01,2026-06-01 15:00:00,20,20,17_24,TimeMixer,546.75,412.19153594970703,,,
2026-06-02 21:00:00,551.5,521.208,76700.5025,11524.0625,11.3,23057.0,29281.64,11535.3625,da,2026-06-02,2026-06-01,2026-06-01 15:00:00,21,21,17_24,TimeMixer,551.5,406.2303771972656,,,
2026-06-02 22:00:00,545.75,521.952,74308.615,12417.2025,11.9,21617.0,27436.0125,12429.1025,da,2026-06-02,2026-06-01,2026-06-01 15:00:00,22,22,17_24,TimeMixer,545.75,368.4252334594727,,,
2026-06-02 23:00:00,521.0,493.448,71600.08,12875.27,12.6,19987.25,25898.46,12887.87,da,2026-06-02,2026-06-01,2026-06-01 15:00:00,23,23,17_24,TimeMixer,521.0,370.55429229736325,,,
2026-06-03 00:00:00,500.0,615.833,67735.0225,12998.0875,11.4,18536.0,23363.035,13009.4875,da,2026-06-03,2026-06-02,2026-06-02 15:00:00,0,24,17_24,TimeMixer,500.0,410.79257564544673,,,
2026-06-03 01:00:00,494.0,516.964,67722.6825,11864.5675,12.6,19530.0,23609.015,11877.1675,da,2026-06-03,2026-06-02,2026-06-02 15:00:00,1,1,1_8,TimeMixer,494.0,399.2986778259277,,,
2026-06-03 02:00:00,447.0,471.11,65746.605,11612.245,12.1,19530.0,21885.76,11624.345,da,2026-06-03,2026-06-02,2026-06-02 15:00:00,2,2,1_8,TimeMixer,447.0,350.94692550659175,,,
2026-06-03 03:00:00,440.0,429.557,63826.375,11316.245,11.9,19530.0,20261.73,11328.145,da,2026-06-03,2026-06-02,2026-06-02 15:00:00,3,3,1_8,TimeMixer,440.0,342.3972750854492,,,
2026-06-03 04:00:00,445.5,434.58,62616.88,11012.2475,11.51,19530.0,19356.6225,11023.7575,da,2026-06-03,2026-06-02,2026-06-02 15:00:00,4,4,1_8,TimeMixer,445.5,355.7451197814941,,,
2026-06-03 05:00:00,412.5,481.472,63182.1775,10712.045,33.535,19361.0,20369.0975,10745.58,da,2026-06-03,2026-06-02,2026-06-02 15:00:00,5,5,1_8,TimeMixer,412.5,376.59100268554687,,,
2026-06-03 06:00:00,413.2,478.715,64286.2975,10211.7125,927.8625,20823.75,19616.4725,11139.575,da,2026-06-03,2026-06-02,2026-06-02 15:00:00,6,6,1_8,TimeMixer,413.2,326.4189378356933,,,
2026-06-03 07:00:00,274.313,317.513,64883.6825,9345.2725,3496.25,24590.5,14748.91,12841.5225,da,2026-06-03,2026-06-02,2026-06-02 15:00:00,7,7,1_8,TimeMixer,274.313,157.0758819580078,,,
2026-06-03 08:00:00,232.64,389.433,66791.265,8350.29,7483.3125,24902.75,13410.9125,15833.6025,da,2026-06-03,2026-06-02,2026-06-02 15:00:00,8,8,1_8,TimeMixer,232.64,114.82489166259765,,,
2026-06-03 09:00:00,276.0,465.032,67746.0425,7668.73,11866.3,22662.25,12917.2625,19535.03,da,2026-06-03,2026-06-02,2026-06-02 15:00:00,9,9,9_16,TimeMixer,276.0,99.34241972351074,,,
2026-06-03 10:00:00,95.5,482.101,66591.725,7610.97,15498.96,21138.0,9712.295,23109.93,da,2026-06-03,2026-06-02,2026-06-02 15:00:00,10,10,9_16,TimeMixer,95.5,82.58833517761231,,,
2026-06-03 11:00:00,4.5,488.563,65908.635,7765.9325,18279.0975,19475.0,7757.105,26045.03,da,2026-06-03,2026-06-02,2026-06-02 15:00:00,11,11,9_16,TimeMixer,4.5,88.45306243896484,,,
2026-06-03 12:00:00,30.5,477.629,63208.0,8036.2975,20044.51,19176.0,3319.6925,28080.8075,da,2026-06-03,2026-06-02,2026-06-02 15:00:00,12,12,9_16,TimeMixer,30.5,67.52604904174805,,,
2026-06-03 13:00:00,8.5,388.951,58326.6325,8222.8175,20462.5875,19150.25,-2140.5225,28685.405,da,2026-06-03,2026-06-02,2026-06-02 15:00:00,13,13,9_16,TimeMixer,8.5,67.23598579406737,,,
2026-06-03 14:00:00,6.56,202.338,60841.9975,8442.3375,19219.1125,19319.75,1229.2975,27661.45,da,2026-06-03,2026-06-02,2026-06-02 15:00:00,14,14,9_16,TimeMixer,6.56,61.27914846801758,,,
2026-06-03 15:00:00,83.25,119.573,64340.6375,8702.0175,16530.975,19568.5,6907.645,25232.9925,da,2026-06-03,2026-06-02,2026-06-02 15:00:00,15,15,9_16,TimeMixer,83.25,82.07833843231201,,,
2026-06-03 16:00:00,300.0,42.106,69173.92,9225.59,12580.81,20752.0,13984.02,21806.4,da,2026-06-03,2026-06-02,2026-06-02 15:00:00,16,16,9_16,TimeMixer,300.0,70.12639999389648,,,
2026-06-03 17:00:00,402.5,497.462,73973.2625,9860.7225,7867.675,23776.75,19764.115,17728.3975,da,2026-06-03,2026-06-02,2026-06-02 15:00:00,17,17,17_24,TimeMixer,402.5,282.2281948852539,,,
2026-06-03 18:00:00,502.0,572.353,77364.875,10333.8175,3488.9125,25360.75,25458.645,13822.73,da,2026-06-03,2026-06-02,2026-06-02 15:00:00,18,18,17_24,TimeMixer,502.0,379.41970202636713,,,
2026-06-03 19:00:00,524.0,536.775,79504.52,10824.125,822.3525,25323.75,29807.7925,11646.4775,da,2026-06-03,2026-06-02,2026-06-02 15:00:00,19,19,17_24,TimeMixer,524.0,455.2859145507812,,,
2026-06-03 20:00:00,520.0,531.978,80497.1675,11263.1075,28.535,24610.75,31868.275,11291.6425,da,2026-06-03,2026-06-02,2026-06-02 15:00:00,20,20,17_24,TimeMixer,520.0,458.7254762573242,,,
2026-06-03 21:00:00,527.0,539.882,79361.9475,11085.115,11.6,22984.25,32554.4825,11096.715,da,2026-06-03,2026-06-02,2026-06-02 15:00:00,21,21,17_24,TimeMixer,527.0,458.50397912597657,,,
2026-06-03 22:00:00,545.995,519.857,76176.1075,10720.945,12.6,21417.25,31298.8125,10733.545,da,2026-06-03,2026-06-02,2026-06-02 15:00:00,22,22,17_24,TimeMixer,545.995,443.79121411132815,,,
2026-06-03 23:00:00,540.5,421.655,72177.335,10239.8025,13.0,19640.5,29557.5325,10252.8025,da,2026-06-03,2026-06-02,2026-06-02 15:00:00,23,23,17_24,TimeMixer,540.5,440.40415490722654,,,
2026-06-04 00:00:00,540.5,414.112,70079.02,9437.9325,11.6,18387.75,29515.2375,9449.5325,da,2026-06-04,2026-06-03,2026-06-03 15:00:00,0,24,17_24,TimeMixer,540.5,486.95692615509034,,,
2026-06-04 01:00:00,525.0,590.569,62988.9225,8087.0075,0.0,19536.0,22759.415,8087.0075,da,2026-06-04,2026-06-03,2026-06-03 15:00:00,1,1,1_8,TimeMixer,525.0,464.7416282653808,,,
2026-06-04 02:00:00,502.5,491.713,61130.3225,7359.6275,0.0,19535.5,21628.695,7359.6275,da,2026-06-04,2026-06-03,2026-06-03 15:00:00,2,2,1_8,TimeMixer,502.5,437.61189537048335,,,
2026-06-04 03:00:00,457.5,629.895,59909.475,7012.0125,0.0,19534.75,20756.2125,7012.0125,da,2026-06-04,2026-06-03,2026-06-03 15:00:00,3,3,1_8,TimeMixer,457.5,420.0677848815918,,,
2026-06-04 04:00:00,450.0,490.96,59253.4825,7001.33,0.0125,19536.0,20109.64,7001.3425,da,2026-06-04,2026-06-03,2026-06-03 15:00:00,4,4,1_8,TimeMixer,450.0,424.26609764099123,,,
2026-06-04 05:00:00,412.299,618.688,59260.61,7174.565,50.445,19402.25,20026.85,7225.01,da,2026-06-04,2026-06-03,2026-06-03 15:00:00,5,5,1_8,TimeMixer,412.299,415.01713243865964,,,
2026-06-04 06:00:00,430.75,575.907,60559.4025,7401.87,932.98,20760.25,18857.8025,8334.85,da,2026-06-04,2026-06-03,2026-06-03 15:00:00,6,6,1_8,TimeMixer,430.75,396.85135559387203,,,
2026-06-04 07:00:00,329.61,378.624,60357.64,7411.75,3578.73,24238.5,12525.91,10990.48,da,2026-06-04,2026-06-03,2026-06-03 15:00:00,7,7,1_8,TimeMixer,329.61,217.69805143432615,,,
2026-06-04 08:00:00,255.5,429.017,62151.36,7396.1275,7697.1775,24670.0,9844.055,15093.305,da,2026-06-04,2026-06-03,2026-06-03 15:00:00,8,8,1_8,TimeMixer,255.5,121.19494665527341,,,
2026-06-04 09:00:00,136.0,626.057,61322.3575,7271.96,12271.7,22778.0,6469.1975,19543.66,da,2026-06-04,2026-06-03,2026-06-03 15:00:00,9,9,9_16,TimeMixer,136.0,115.31829986572265,,,
2026-06-04 10:00:00,0.0,441.169,58433.95,6897.08,16477.3575,21490.25,1037.7625,23374.4375,da,2026-06-04,2026-06-03,2026-06-03 15:00:00,10,10,9_16,TimeMixer,0.0,-11.189795684814456,,,
2026-06-04 11:00:00,-67.948,329.402,56438.5,6543.4825,19781.835,19966.0,-2384.3175,26325.3175,da,2026-06-04,2026-06-03,2026-06-03 15:00:00,11,11,9_16,TimeMixer,-67.948,-64.57738342285157,,,
2026-06-04 12:00:00,-44.5,-80.0,53094.375,6164.155,21758.7675,19744.0,-7104.0475,27922.9225,da,2026-06-04,2026-06-03,2026-06-03 15:00:00,12,12,9_16,TimeMixer,-44.5,-55.15835266113281,,,
2026-06-04 13:00:00,-45.875,-80.0,47976.4725,5748.9225,22296.2225,19744.0,-12344.1725,28045.145,da,2026-06-04,2026-06-03,2026-06-03 15:00:00,13,13,9_16,TimeMixer,-45.875,-61.80297698974609,,,
2026-06-04 14:00:00,-60.625,-80.0,49271.6375,5508.7425,21802.755,19842.75,-10414.11,27311.4975,da,2026-06-04,2026-06-03,2026-06-03 15:00:00,14,14,9_16,TimeMixer,-60.625,-79.33730017089843,,,
2026-06-04 15:00:00,-69.5,-80.0,52433.545,5352.405,19844.7125,19982.5,-5277.5725,25197.1175,da,2026-06-04,2026-06-03,2026-06-03 15:00:00,15,15,9_16,TimeMixer,-69.5,-17.134487915039067,,,
2026-06-04 16:00:00,-29.95,-80.0,57612.3125,5311.5775,16082.4,21134.5,2552.335,21393.9775,da,2026-06-04,2026-06-03,2026-06-03 15:00:00,16,16,9_16,TimeMixer,-29.95,176.8922994232178,,,
2026-06-04 17:00:00,260.5,147.833,63189.3425,5280.6375,10809.815,23959.25,10535.64,16090.4525,da,2026-06-04,2026-06-03,2026-06-03 15:00:00,17,17,17_24,TimeMixer,260.5,292.3777282714844,,,
2026-06-04 18:00:00,520.25,613.905,69110.315,5108.225,5133.285,25367.75,20878.305,10241.51,da,2026-06-04,2026-06-03,2026-06-03 15:00:00,18,18,17_24,TimeMixer,520.25,447.3780073852539,,,
2026-06-04 19:00:00,546.0,806.969,73030.935,5027.58,1270.625,25274.0,28832.23,6298.205,da,2026-06-04,2026-06-03,2026-06-03 15:00:00,19,19,17_24,TimeMixer,546.0,479.2794344482421,,,
2026-06-04 20:00:00,564.5,707.876,75885.3175,5355.4775,37.445,24354.0,33511.895,5392.9225,da,2026-06-04,2026-06-03,2026-06-03 15:00:00,20,20,17_24,TimeMixer,564.5,492.7736979675293,,,
2026-06-04 21:00:00,566.875,658.026,75159.125,5606.4525,0.0,22546.25,34379.9225,5606.4525,da,2026-06-04,2026-06-03,2026-06-03 15:00:00,21,21,17_24,TimeMixer,566.875,502.9412391662597,,,
2026-06-04 22:00:00,577.5,461.831,72706.57,5562.18,0.0,21144.5,33373.39,5562.18,da,2026-06-04,2026-06-03,2026-06-03 15:00:00,22,22,17_24,TimeMixer,577.5,496.618159362793,,,
2026-06-04 23:00:00,580.75,407.503,69290.5125,5601.6525,0.0,19839.0,31223.36,5601.6525,da,2026-06-04,2026-06-03,2026-06-03 15:00:00,23,23,17_24,TimeMixer,580.75,515.7952949523926,,,
2026-06-05 00:00:00,582.5,620.44,66421.8975,5378.3475,0.0,18862.75,29554.3,5378.3475,da,2026-06-05,2026-06-04,2026-06-04 15:00:00,0,24,17_24,TimeMixer,582.5,560.8220624923706,,,
2026-06-05 01:00:00,622.5,728.717,63848.0025,4461.875,0.0,19980.0,26994.6275,4461.875,da,2026-06-05,2026-06-04,2026-06-04 15:00:00,1,1,1_8,TimeMixer,622.5,531.1177167892456,,,
2026-06-05 02:00:00,595.688,642.313,61811.5,4301.8675,0.0,19989.0,25109.1325,4301.8675,da,2026-06-05,2026-06-04,2026-06-04 15:00:00,2,2,1_8,TimeMixer,595.688,507.6106880187988,,,
2026-06-05 03:00:00,580.5,611.88,60288.3775,4108.76,0.0,19998.75,23769.3675,4108.76,da,2026-06-05,2026-06-04,2026-06-04 15:00:00,3,3,1_8,TimeMixer,580.5,471.6620548248291,,,
2026-06-05 04:00:00,569.5,534.406,59440.5,3912.095,0.01,20003.0,23113.895,3912.105,da,2026-06-05,2026-06-04,2026-06-04 15:00:00,4,4,1_8,TimeMixer,569.5,465.9104480743408,,,
2026-06-05 05:00:00,573.5,575.279,60328.725,3688.425,39.69,19828.0,24361.11,3728.115,da,2026-06-05,2026-06-04,2026-06-04 15:00:00,5,5,1_8,TimeMixer,573.5,448.1306858390808,,,
2026-06-05 06:00:00,546.375,510.598,61250.8325,3302.7825,1429.9175,21189.25,22917.3825,4732.7,da,2026-06-05,2026-06-04,2026-06-04 15:00:00,6,6,1_8,TimeMixer,546.375,433.22201442718506,,,
2026-06-05 07:00:00,335.75,220.469,59688.3125,2709.5525,5525.7875,24632.25,14412.9725,8235.34,da,2026-06-05,2026-06-04,2026-06-04 15:00:00,7,7,1_8,TimeMixer,335.75,280.1663366470337,,,
2026-06-05 08:00:00,85.0,593.325,59199.7475,2099.98,11389.0625,25368.5,7993.205,13489.0425,da,2026-06-05,2026-06-04,2026-06-04 15:00:00,8,8,1_8,TimeMixer,85.0,166.5565547943115,,,
2026-06-05 09:00:00,-23.25,528.983,57042.325,1740.8725,16726.8375,23869.0,2369.115,18467.71,da,2026-06-05,2026-06-04,2026-06-04 15:00:00,9,9,9_16,TimeMixer,-23.25,63.50822029113769,,,
2026-06-05 10:00:00,-58.25,387.179,54282.65,1623.29,20863.6975,21998.5,-2517.5875,22486.9875,da,2026-06-05,2026-06-04,2026-06-04 15:00:00,10,10,9_16,TimeMixer,-58.25,-35.68603289794922,,,
2026-06-05 11:00:00,-61.5,339.317,53478.99,1626.675,23247.6125,20594.0,-4275.7975,24874.2875,da,2026-06-05,2026-06-04,2026-06-04 15:00:00,11,11,9_16,TimeMixer,-61.5,-67.00814555053711,,,
2026-06-05 12:00:00,-67.71,176.983,50758.3975,1679.905,24154.8625,20491.5,-7854.37,25834.7675,da,2026-06-05,2026-06-04,2026-06-04 15:00:00,12,12,9_16,TimeMixer,-67.71,-59.11470947265625,,,
2026-06-05 13:00:00,-61.0,-80.0,46332.1275,1744.5575,24015.1625,20507.0,-12245.0925,25759.72,da,2026-06-05,2026-06-04,2026-06-04 15:00:00,13,13,9_16,TimeMixer,-61.0,-52.57520956420898,,,
2026-06-05 14:00:00,-67.225,-80.0,48669.5925,1837.545,22832.8775,20566.75,-8904.08,24670.4225,da,2026-06-05,2026-06-04,2026-06-04 15:00:00,14,14,9_16,TimeMixer,-67.225,-67.32421258544923,,,
2026-06-05 15:00:00,-61.0,-58.766,52859.7875,1937.3175,20203.3075,20619.0,-2236.3375,22140.625,da,2026-06-05,2026-06-04,2026-06-04 15:00:00,15,15,9_16,TimeMixer,-61.0,-41.194542083740224,,,
2026-06-05 16:00:00,-29.625,504.02,58183.4675,2118.115,15962.155,21741.75,6024.9475,18080.27,da,2026-06-05,2026-06-04,2026-06-04 15:00:00,16,16,9_16,TimeMixer,-29.625,11.00711753845215,,,
2026-06-05 17:00:00,356.04,526.577,64207.0975,2404.535,10415.3,24564.75,14413.5125,12819.835,da,2026-06-05,2026-06-04,2026-06-04 15:00:00,17,17,17_24,TimeMixer,356.04,240.41698822021482,,,
2026-06-05 18:00:00,538.35,641.0,69806.655,2881.645,4771.4175,25939.5,23786.3425,7653.0625,da,2026-06-05,2026-06-04,2026-06-04 15:00:00,18,18,17_24,TimeMixer,538.35,456.7145750427246,,,
2026-06-05 19:00:00,565.0,559.647,73387.1575,3715.325,1148.3575,25894.5,30197.475,4863.6825,da,2026-06-05,2026-06-04,2026-06-04 15:00:00,19,19,17_24,TimeMixer,565.0,491.13905944824216,,,
2026-06-05 20:00:00,570.0,550.782,76105.3175,4999.5325,23.8675,24988.25,33662.1675,5023.4,da,2026-06-05,2026-06-04,2026-06-04 15:00:00,20,20,17_24,TimeMixer,570.0,505.36709136962895,,,
2026-06-05 21:00:00,565.0,544.16,75732.825,6195.1875,0.0,23040.25,34065.8875,6195.1875,da,2026-06-05,2026-06-04,2026-06-04 15:00:00,21,21,17_24,TimeMixer,565.0,506.26229095458984,,,
2026-06-05 22:00:00,577.5,535.078,73232.8875,7070.7475,0.0,21691.25,32039.39,7070.7475,da,2026-06-05,2026-06-04,2026-06-04 15:00:00,22,22,17_24,TimeMixer,577.5,496.9966960144043,,,
2026-06-05 23:00:00,550.0,546.457,69444.87,7740.935,0.0,20079.0,29193.435,7740.935,da,2026-06-05,2026-06-04,2026-06-04 15:00:00,23,23,17_24,TimeMixer,550.0,516.8508790588379,,,
2026-06-06 00:00:00,550.0,660.329,67732.7375,7927.545,0.0,18537.5,28836.1925,7927.545,da,2026-06-06,2026-06-05,2026-06-05 15:00:00,0,24,17_24,TimeMixer,550.0,527.5246734619141,,,
2026-06-06 01:00:00,410.0,453.545,61442.71,9294.1,0.0,19771.0,19766.11,9294.1,da,2026-06-06,2026-06-05,2026-06-05 15:00:00,1,1,1_8,TimeMixer,410.0,563.9695126342774,,,
2026-06-06 02:00:00,399.5,415.271,59437.7875,8871.665,0.0,19771.0,18183.6225,8871.665,da,2026-06-06,2026-06-05,2026-06-05 15:00:00,2,2,1_8,TimeMixer,399.5,550.4309350708008,,,
2026-06-06 03:00:00,399.0,404.75,58407.5925,8456.46,0.0,19809.25,17530.3825,8456.46,da,2026-06-06,2026-06-05,2026-06-05 15:00:00,3,3,1_8,TimeMixer,399.0,518.6716522216797,,,
2026-06-06 04:00:00,389.5,410.307,57395.16,8180.5925,0.01,19813.25,16789.8075,8180.6025,da,2026-06-06,2026-06-05,2026-06-05 15:00:00,4,4,1_8,TimeMixer,389.5,519.2848709106445,,,
2026-06-06 05:00:00,399.5,406.147,58188.72,8127.8975,20.0825,19561.0,17868.24,8147.98,da,2026-06-06,2026-06-05,2026-06-05 15:00:00,5,5,1_8,TimeMixer,399.5,532.7052196502685,,,
2026-06-06 06:00:00,399.5,401.272,59496.495,7899.8525,411.12,20757.75,17816.2725,8310.9725,da,2026-06-06,2026-06-05,2026-06-05 15:00:00,6,6,1_8,TimeMixer,399.5,494.7040504455566,,,
2026-06-06 07:00:00,372.5,403.41,61845.96,7583.525,1347.505,24275.25,16031.93,8931.03,da,2026-06-06,2026-06-05,2026-06-05 15:00:00,7,7,1_8,TimeMixer,372.5,240.41344528198238,,,
2026-06-06 08:00:00,400.0,523.909,67201.5475,7262.5775,2718.2925,24776.75,19894.9275,9980.87,da,2026-06-06,2026-06-05,2026-06-05 15:00:00,8,8,1_8,TimeMixer,400.0,213.85849884033203,,,
2026-06-06 09:00:00,420.0,610.56,70356.865,6956.9525,4183.2,22833.25,23846.9625,11140.1525,da,2026-06-06,2026-06-05,2026-06-05 15:00:00,9,9,9_16,TimeMixer,420.0,191.67474060058595,,,
2026-06-06 10:00:00,430.22,662.967,71271.3375,6660.0625,5345.555,21288.0,25441.22,12005.6175,da,2026-06-06,2026-06-05,2026-06-05 15:00:00,10,10,9_16,TimeMixer,430.22,204.99171752929686,,,
2026-06-06 11:00:00,420.0,551.464,72871.7025,6810.5125,6154.5425,19802.5,27567.6475,12965.055,da,2026-06-06,2026-06-05,2026-06-05 15:00:00,11,11,9_16,TimeMixer,420.0,238.52963256835938,,,
2026-06-06 12:00:00,415.0,431.376,71573.4,7255.5825,6662.7025,19638.75,25479.865,13918.285,da,2026-06-06,2026-06-05,2026-06-05 15:00:00,12,12,9_16,TimeMixer,415.0,213.31024877929687,,,
2026-06-06 13:00:00,395.0,27.266,66236.18,7985.35,6715.185,19638.0,19361.145,14700.535,da,2026-06-06,2026-06-05,2026-06-05 15:00:00,13,13,9_16,TimeMixer,395.0,226.09064331054688,,,
2026-06-06 14:00:00,400.0,345.015,68374.945,8768.2375,6347.1675,19732.0,20991.04,15115.405,da,2026-06-06,2026-06-05,2026-06-05 15:00:00,14,14,9_16,TimeMixer,400.0,223.8596716308594,,,
2026-06-06 15:00:00,407.5,345.259,70263.3075,9554.75,5495.96,19864.0,22812.0975,15050.71,da,2026-06-06,2026-06-05,2026-06-05 15:00:00,15,15,9_16,TimeMixer,407.5,181.82942810058594,,,
2026-06-06 16:00:00,420.1,369.377,71748.23,10336.97,4307.545,21007.5,23559.715,14644.515,da,2026-06-06,2026-06-05,2026-06-05 15:00:00,16,16,9_16,TimeMixer,420.1,-63.87474060058594,,,
2026-06-06 17:00:00,407.5,339.255,71360.4175,10886.4925,2861.5425,23870.75,21132.6325,13748.035,da,2026-06-06,2026-06-05,2026-06-05 15:00:00,17,17,17_24,TimeMixer,407.5,215.19125769042967,,,
2026-06-06 18:00:00,401.125,339.494,72059.25,11085.44,1428.29,25367.25,21550.52,12513.73,da,2026-06-06,2026-06-05,2026-06-05 15:00:00,18,18,17_24,TimeMixer,401.125,421.1697563476562,,,
2026-06-06 19:00:00,418.875,317.718,70964.2525,11037.105,419.1975,25263.0,21613.45,11456.3025,da,2026-06-06,2026-06-05,2026-06-05 15:00:00,19,19,17_24,TimeMixer,418.875,454.5009994506836,,,
2026-06-06 20:00:00,440.0,394.174,71573.9075,10906.305,19.78,24336.75,23679.5725,10926.085,da,2026-06-06,2026-06-05,2026-06-05 15:00:00,20,20,17_24,TimeMixer,440.0,487.27599182128904,,,
2026-06-06 21:00:00,450.0,407.275,71004.08,10640.925,0.0,22545.75,25185.905,10640.925,da,2026-06-06,2026-06-05,2026-06-05 15:00:00,21,21,17_24,TimeMixer,450.0,455.611890258789,,,
2026-06-06 22:00:00,444.875,403.961,68890.3775,10036.7075,0.0,21190.0,25032.17,10036.7075,da,2026-06-06,2026-06-05,2026-06-05 15:00:00,22,22,17_24,TimeMixer,444.875,450.63608245849605,,,
2026-06-06 23:00:00,437.75,388.058,65807.78,9364.115,0.0,19791.75,24020.415,9364.115,da,2026-06-06,2026-06-05,2026-06-05 15:00:00,23,23,17_24,TimeMixer,437.75,469.5392028808594,,,
2026-06-07 00:00:00,438.5,391.829,64516.3675,8814.745,0.0,18545.0,24525.1225,8814.745,da,2026-06-07,2026-06-06,2026-06-06 15:00:00,0,24,17_24,TimeMixer,438.5,553.2142324447632,,,
2026-06-07 01:00:00,558.5,504.699,62836.13,8798.6925,0.0,19622.25,21753.6875,8798.6925,da,2026-06-07,2026-06-06,2026-06-06 15:00:00,1,1,1_8,TimeMixer,558.5,424.4214995443821,,,
2026-06-07 02:00:00,522.5,450.695,61367.2175,8649.88,0.0,19622.75,20433.0875,8649.88,da,2026-06-07,2026-06-06,2026-06-06 15:00:00,2,2,1_8,TimeMixer,522.5,416.99854440689086,,,
2026-06-07 03:00:00,522.0,409.898,60138.8975,8529.58,0.0,19623.0,19324.8175,8529.58,da,2026-06-07,2026-06-06,2026-06-06 15:00:00,3,3,1_8,TimeMixer,522.0,398.273067805767,,,
2026-06-07 04:00:00,491.5,391.717,59404.03,8413.7975,0.01,19623.0,18705.7225,8413.8075,da,2026-06-07,2026-06-06,2026-06-06 15:00:00,4,4,1_8,TimeMixer,491.5,387.09927144050596,,,
2026-06-07 05:00:00,502.5,422.348,59626.56,8205.195,30.685,19454.0,19275.18,8235.88,da,2026-06-07,2026-06-06,2026-06-06 15:00:00,5,5,1_8,TimeMixer,502.5,397.73607149124143,,,
2026-06-07 06:00:00,477.5,409.033,60065.785,7693.0125,1018.7375,20779.25,17913.285,8711.75,da,2026-06-07,2026-06-06,2026-06-06 15:00:00,6,6,1_8,TimeMixer,477.5,389.9229556083679,,,
2026-06-07 07:00:00,374.5,-14.36,60091.09,6817.5725,3929.475,24308.0,12378.2925,10747.0475,da,2026-06-07,2026-06-06,2026-06-06 15:00:00,7,7,1_8,TimeMixer,374.5,267.9748638820648,,,
2026-06-07 08:00:00,344.0,146.327,62697.8875,5860.7925,8387.0575,24720.25,11130.7875,14247.85,da,2026-06-07,2026-06-06,2026-06-06 15:00:00,8,8,1_8,TimeMixer,344.0,215.2076160888672,,,
2026-06-07 09:00:00,150.0,-25.442,61101.2075,5037.4825,13019.755,22707.0,7750.47,18057.2375,da,2026-06-07,2026-06-06,2026-06-06 15:00:00,9,9,9_16,TimeMixer,150.0,160.62192926025392,,,
2026-06-07 10:00:00,72.42,-80.0,58220.86,4385.9575,16763.6075,21299.5,3185.295,21149.565,da,2026-06-07,2026-06-06,2026-06-06 15:00:00,10,10,9_16,TimeMixer,72.42,103.59713366699219,,,
2026-06-07 11:00:00,-30.0,-80.0,56250.48,3915.395,19275.5725,19801.0,672.0125,23190.9675,da,2026-06-07,2026-06-06,2026-06-06 15:00:00,11,11,9_16,TimeMixer,-30.0,105.98511909179689,,,
2026-06-07 12:00:00,-30.0,-80.0,52225.7825,3564.97,20558.875,19629.75,-4114.3125,24123.845,da,2026-06-07,2026-06-06,2026-06-06 15:00:00,12,12,9_16,TimeMixer,-30.0,115.2900161743164,,,
2026-06-07 13:00:00,-30.0,-80.0,47741.2525,3280.175,20684.5075,19629.25,-8439.18,23964.6825,da,2026-06-07,2026-06-06,2026-06-06 15:00:00,13,13,9_16,TimeMixer,-30.0,106.54933166503906,,,
2026-06-07 14:00:00,-30.0,-75.965,49306.21,3141.3725,19858.425,19727.75,-6007.8375,22999.7975,da,2026-06-07,2026-06-06,2026-06-06 15:00:00,14,14,9_16,TimeMixer,-30.0,75.76430351562499,,,
2026-06-07 15:00:00,86.5,-71.22,51954.5875,2969.6325,17669.7875,19867.0,-1138.3325,20639.42,da,2026-06-07,2026-06-06,2026-06-06 15:00:00,15,15,9_16,TimeMixer,86.5,91.27331152343751,,,
2026-06-07 16:00:00,153.875,-77.837,54997.11,2695.295,14166.6625,21018.25,4530.4025,16861.9575,da,2026-06-07,2026-06-06,2026-06-06 15:00:00,16,16,9_16,TimeMixer,153.875,292.3782704925537,,,
2026-06-07 17:00:00,400.0,-14.331,57925.705,2436.5825,9559.5575,23887.25,9383.315,11996.14,da,2026-06-07,2026-06-06,2026-06-06 15:00:00,17,17,17_24,TimeMixer,400.0,323.35269519805905,,,
2026-06-07 18:00:00,567.625,532.432,63446.93,2183.25,4553.175,25368.0,18664.755,6736.425,da,2026-06-07,2026-06-06,2026-06-06 15:00:00,18,18,17_24,TimeMixer,567.625,377.76401348114007,,,
2026-06-07 19:00:00,605.411,610.594,67384.0075,1940.47,1156.655,25263.5,26341.8825,3097.125,da,2026-06-07,2026-06-06,2026-06-06 15:00:00,19,19,17_24,TimeMixer,605.411,440.14868888854977,,,
2026-06-07 20:00:00,622.963,610.459,70315.4675,1831.1,34.8225,24336.0,31432.045,1865.9225,da,2026-06-07,2026-06-06,2026-06-06 15:00:00,20,20,17_24,TimeMixer,622.963,442.1154377937317,,,
2026-06-07 21:00:00,626.5,605.416,70027.95,1766.7,0.0,22546.0,33033.75,1766.7,da,2026-06-07,2026-06-06,2026-06-06 15:00:00,21,21,17_24,TimeMixer,626.5,453.1198885536194,,,
2026-06-07 22:00:00,565.878,598.833,67787.225,1764.815,0.0,21176.5,32164.41,1764.815,da,2026-06-07,2026-06-06,2026-06-06 15:00:00,22,22,17_24,TimeMixer,565.878,442.8746765136719,,,
2026-06-07 23:00:00,602.5,607.958,64652.92,1870.3375,0.0,19733.5,30367.5825,1870.3375,da,2026-06-07,2026-06-06,2026-06-06 15:00:00,23,23,17_24,TimeMixer,602.5,443.46212005615234,,,
2026-06-08 00:00:00,620.0,629.224,63469.6675,2087.3,0.0,18657.75,30043.1175,2087.3,da,2026-06-08,2026-06-07,2026-06-07 15:00:00,0,24,17_24,TimeMixer,620.0,450.85076618194574,,,
2026-06-08 01:00:00,620.68,653.026,60704.2275,2444.2375,0.0,20141.5,25556.99,2444.2375,da,2026-06-08,2026-06-07,2026-06-07 15:00:00,1,1,1_8,TimeMixer,620.68,493.7867885589599,,,
2026-06-08 02:00:00,564.625,617.422,59210.0575,2735.0,0.0,20148.0,23765.5575,2735.0,da,2026-06-08,2026-06-07,2026-06-07 15:00:00,2,2,1_8,TimeMixer,564.625,467.5780473442078,,,
2026-06-08 03:00:00,561.0,604.53,58043.8775,2936.7525,0.0,20148.25,22397.375,2936.7525,da,2026-06-08,2026-06-07,2026-06-07 15:00:00,3,3,1_8,TimeMixer,561.0,462.98411486148837,,,
2026-06-08 04:00:00,522.0,598.25,57442.5475,3006.135,0.015,20149.75,21725.1475,3006.15,da,2026-06-08,2026-06-07,2026-06-07 15:00:00,4,4,1_8,TimeMixer,522.0,447.7693888134956,,,
2026-06-08 05:00:00,545.938,602.269,58360.9925,3023.26,45.395,19972.0,22758.8375,3068.655,da,2026-06-08,2026-06-07,2026-06-07 15:00:00,5,5,1_8,TimeMixer,545.938,461.1554789543152,,,
2026-06-08 06:00:00,528.5,534.411,60027.6025,2948.9275,1435.2925,21122.0,21959.8825,4384.22,da,2026-06-08,2026-06-07,2026-06-07 15:00:00,6,6,1_8,TimeMixer,528.5,431.51354827880857,,,
2026-06-08 07:00:00,330.625,365.882,58140.17,2713.395,5401.895,24463.0,13004.13,8115.29,da,2026-06-08,2026-06-07,2026-06-07 15:00:00,7,7,1_8,TimeMixer,330.625,300.01963243484494,,,
2026-06-08 08:00:00,89.0,286.532,58919.475,2298.0825,11204.38,24897.25,8020.7625,13502.4625,da,2026-06-08,2026-06-07,2026-06-07 15:00:00,8,8,1_8,TimeMixer,89.0,219.3137592315674,,,
2026-06-08 09:00:00,0.0,3.82,55293.255,1865.0375,16731.4725,22765.25,1444.995,18596.51,da,2026-06-08,2026-06-07,2026-06-07 15:00:00,9,9,9_16,TimeMixer,0.0,88.96728973388673,,,
2026-06-08 10:00:00,-20.0,-80.0,51704.4875,1664.89,20835.5225,21412.75,-4695.175,22500.4125,da,2026-06-08,2026-06-07,2026-06-07 15:00:00,10,10,9_16,TimeMixer,-20.0,20.681061889648433,,,
2026-06-08 11:00:00,-55.5,-80.0,50494.87,1713.115,23133.165,19720.25,-6558.16,24846.28,da,2026-06-08,2026-06-07,2026-06-07 15:00:00,11,11,9_16,TimeMixer,-55.5,-33.37468872070313,,,
2026-06-08 12:00:00,-67.97,-80.0,47895.285,1822.4275,23994.7125,19483.75,-9892.105,25817.14,da,2026-06-08,2026-06-07,2026-06-07 15:00:00,12,12,9_16,TimeMixer,-67.97,-31.68740997314454,,,
2026-06-08 13:00:00,-67.5,-80.0,42394.8325,1994.9075,23823.41,19483.75,-15393.735,25818.3175,da,2026-06-08,2026-06-07,2026-06-07 15:00:00,13,13,9_16,TimeMixer,-67.5,-31.012062072753906,,,
2026-06-08 14:00:00,-58.0,-61.962,45100.3975,2274.765,22621.885,19585.75,-11868.5025,24896.65,da,2026-06-08,2026-06-07,2026-06-07 15:00:00,14,14,9_16,TimeMixer,-58.0,-55.85081024169922,,,
2026-06-08 15:00:00,-59.5,-80.0,49364.405,2684.75,20015.735,19724.5,-5547.08,22700.485,da,2026-06-08,2026-06-07,2026-06-07 15:00:00,15,15,9_16,TimeMixer,-59.5,33.12913757324219,,,
2026-06-08 16:00:00,-23.0,-80.0,54487.8775,3271.1525,15962.97,20865.0,1902.255,19234.1225,da,2026-06-08,2026-06-07,2026-06-07 15:00:00,16,16,9_16,TimeMixer,-23.0,82.98537048339844,,,
2026-06-08 17:00:00,207.48,42.516,59653.61,4119.01,10657.3475,23808.75,8509.5025,14776.3575,da,2026-06-08,2026-06-07,2026-06-07 15:00:00,17,17,17_24,TimeMixer,207.48,307.03685577392577,,,
2026-06-08 18:00:00,453.5,416.322,65611.1875,5268.13,5030.135,25266.0,17469.1725,10298.265,da,2026-06-08,2026-06-07,2026-06-07 15:00:00,18,18,17_24,TimeMixer,453.5,423.43869171142575,,,
2026-06-08 19:00:00,516.5,380.919,69715.065,7057.53,1247.2375,25141.75,23687.0475,8304.7675,da,2026-06-08,2026-06-07,2026-06-07 15:00:00,19,19,17_24,TimeMixer,516.5,464.9583817993164,,,
2026-06-08 20:00:00,539.625,356.748,72193.39,9419.83,34.1725,24312.25,25845.6375,9454.0025,da,2026-06-08,2026-06-07,2026-06-07 15:00:00,20,20,17_24,TimeMixer,539.625,485.4253784301758,,,
2026-06-08 21:00:00,494.375,361.484,71245.7075,11969.7675,0.0,22530.25,24164.19,11969.7675,da,2026-06-08,2026-06-07,2026-06-07 15:00:00,21,21,17_24,TimeMixer,494.375,473.384521484375,,,
2026-06-08 22:00:00,414.952,360.372,68974.7925,14116.405,0.0,21374.75,20902.1375,14116.405,da,2026-06-08,2026-06-07,2026-06-07 15:00:00,22,22,17_24,TimeMixer,414.952,410.26134742431645,,,
2026-06-08 23:00:00,400.0,441.182,65826.54,15677.065,0.0,20282.75,17285.225,15677.065,da,2026-06-08,2026-06-07,2026-06-07 15:00:00,23,23,17_24,TimeMixer,400.0,454.8126037597656,,,
2026-06-09 00:00:00,400.0,554.691,64667.9225,16319.9675,0.0,19057.25,16709.205,16319.9675,da,2026-06-09,2026-06-08,2026-06-08 15:00:00,0,24,17_24,TimeMixer,400.0,451.5105438232422,,,
2026-06-09 01:00:00,460.5,591.5,62387.735,16451.09,0.0,20202.0,13123.145,16451.09,da,2026-06-09,2026-06-08,2026-06-08 15:00:00,1,1,1_8,TimeMixer,460.5,443.2967481689452,,,
2026-06-09 02:00:00,415.87,553.321,60742.6725,15722.465,0.0,20194.5,12214.2075,15722.465,da,2026-06-09,2026-06-08,2026-06-08 15:00:00,2,2,1_8,TimeMixer,415.87,412.2637802124023,,,
2026-06-09 03:00:00,390.0,476.478,59396.71,14448.075,0.0,20185.5,12151.635,14448.075,da,2026-06-09,2026-06-08,2026-06-08 15:00:00,3,3,1_8,TimeMixer,390.0,398.92585754394526,,,
2026-06-09 04:00:00,382.5,485.233,58708.76,12741.07,0.01,20186.5,13169.68,12741.08,da,2026-06-09,2026-06-08,2026-06-08 15:00:00,4,4,1_8,TimeMixer,382.5,382.1193176269531,,,
2026-06-09 05:00:00,451.0,503.697,59430.375,10984.3725,36.3675,20011.0,15787.135,11020.74,da,2026-06-09,2026-06-08,2026-06-08 15:00:00,5,5,1_8,TimeMixer,451.0,409.82628846435546,,,
2026-06-09 06:00:00,465.5,545.959,60544.5125,9131.6525,1246.63,21160.75,16393.98,10378.2825,da,2026-06-09,2026-06-08,2026-06-08 15:00:00,6,6,1_8,TimeMixer,465.5,383.924494934082,,,
2026-06-09 07:00:00,155.013,257.315,59321.2425,7158.08,4824.26,24493.75,10237.4025,11982.34,da,2026-06-09,2026-06-08,2026-06-08 15:00:00,7,7,1_8,TimeMixer,155.013,201.18536224365232,,,
2026-06-09 08:00:00,81.575,487.812,58054.0625,5117.7675,10218.71,24930.75,5237.835,15336.4775,da,2026-06-09,2026-06-08,2026-06-08 15:00:00,8,8,1_8,TimeMixer,81.575,71.88680305480958,,,
2026-06-09 09:00:00,-50.0,693.203,54774.4525,3953.305,15617.9025,22795.5,-128.755,19571.2075,da,2026-06-09,2026-06-08,2026-06-08 15:00:00,9,9,9_16,TimeMixer,-50.0,-1.0651702880859375,,,
2026-06-09 10:00:00,-58.375,607.347,51389.4025,3857.91,19823.4675,21455.0,-6283.475,23681.3775,da,2026-06-09,2026-06-08,2026-06-08 15:00:00,10,10,9_16,TimeMixer,-58.375,-27.828066131591797,,,
2026-06-09 11:00:00,-75.0,854.199,50745.28,4277.44,22311.0075,19813.75,-8193.4175,26588.4475,da,2026-06-09,2026-06-08,2026-06-08 15:00:00,11,11,9_16,TimeMixer,-75.0,-33.03789367675781,,,
2026-06-09 12:00:00,-74.135,471.302,48250.6925,4804.335,23138.845,19638.75,-11867.7375,27943.18,da,2026-06-09,2026-06-08,2026-06-08 15:00:00,12,12,9_16,TimeMixer,-74.135,-48.338606292724606,,,
2026-06-09 13:00:00,-72.97,199.803,42222.255,5256.2775,22835.5775,19637.75,-18043.85,28091.855,da,2026-06-09,2026-06-08,2026-06-08 15:00:00,13,13,9_16,TimeMixer,-72.97,-43.920691680908206,,,
2026-06-09 14:00:00,-60.0,436.582,45365.7075,5629.9825,21590.04,19739.75,-14130.565,27220.0225,da,2026-06-09,2026-06-08,2026-06-08 15:00:00,14,14,9_16,TimeMixer,-60.0,-66.17338409423829,,,
2026-06-09 15:00:00,10.0,296.094,49769.7,5763.5275,19041.895,19880.0,-7452.2225,24805.4225,da,2026-06-09,2026-06-08,2026-06-08 15:00:00,15,15,9_16,TimeMixer,10.0,-43.73751373291015,,,
2026-06-09 16:00:00,10.0,380.763,54973.5075,5791.035,15137.5925,21021.0,487.38,20928.6275,da,2026-06-09,2026-06-08,2026-06-08 15:00:00,16,16,9_16,TimeMixer,10.0,36.75357677936554,,,
2026-06-09 17:00:00,297.33,414.096,60285.98,5637.86,10189.1925,23920.5,7929.4275,15827.0525,da,2026-06-09,2026-06-08,2026-06-08 15:00:00,17,17,17_24,TimeMixer,297.33,239.96685794067383,,,
2026-06-09 18:00:00,533.15,643.319,65902.16,5151.5625,4853.3075,25312.25,17957.29,10004.87,da,2026-06-09,2026-06-08,2026-06-08 15:00:00,18,18,17_24,TimeMixer,533.15,421.1354957580566,,,
2026-06-09 19:00:00,599.0,717.189,70190.3275,4673.125,1222.12,25174.25,26489.3325,5895.245,da,2026-06-09,2026-06-08,2026-06-08 15:00:00,19,19,17_24,TimeMixer,599.0,476.8268843078613,,,
2026-06-09 20:00:00,605.125,702.837,72826.405,4487.6675,34.695,24336.75,31335.7925,4522.3625,da,2026-06-09,2026-06-08,2026-06-08 15:00:00,20,20,17_24,TimeMixer,605.125,491.12636413574216,,,
2026-06-09 21:00:00,598.0,685.563,72039.78,4396.0125,0.0,22545.75,32466.5175,4396.0125,da,2026-06-09,2026-06-08,2026-06-08 15:00:00,21,21,17_24,TimeMixer,598.0,474.91780815124514,,,
2026-06-09 22:00:00,582.25,685.237,69301.1125,4188.7575,0.0,21376.75,31104.105,4188.7575,da,2026-06-09,2026-06-08,2026-06-08 15:00:00,22,22,17_24,TimeMixer,582.25,415.6041597473144,,,
2026-06-09 23:00:00,600.0,654.943,65700.8,4112.765,0.0,20290.75,28665.785,4112.765,da,2026-06-09,2026-06-08,2026-06-08 15:00:00,23,23,17_24,TimeMixer,600.0,412.8916809082031,,,
2026-06-10 00:00:00,598.0,677.948,64288.0975,3875.3,0.0,19073.0,28708.2975,3875.3,da,2026-06-10,2026-06-09,2026-06-09 15:00:00,0,24,17_24,TimeMixer,598.0,454.5078125,,,
2026-06-10 01:00:00,617.5,731.144,62688.37,3024.1475,0.0,20185.0,26817.7225,3024.1475,da,2026-06-10,2026-06-09,2026-06-09 15:00:00,1,1,1_8,TimeMixer,617.5,477.9014545440674,,,
2026-06-10 02:00:00,600.5,712.19,61234.5925,2718.0575,0.0,20184.75,25670.285,2718.0575,da,2026-06-10,2026-06-09,2026-06-09 15:00:00,2,2,1_8,TimeMixer,600.5,435.14203877258296,,,
2026-06-10 03:00:00,600.0,712.828,59929.92,2566.8075,0.0,20184.25,24517.3625,2566.8075,da,2026-06-10,2026-06-09,2026-06-09 15:00:00,3,3,1_8,TimeMixer,600.0,414.21489417266844,,,
2026-06-10 04:00:00,600.0,715.502,59159.525,2596.8325,0.015,20185.25,23715.9275,2596.8475,da,2026-06-10,2026-06-09,2026-06-09 15:00:00,4,4,1_8,TimeMixer,600.0,408.03675227355956,,,
2026-06-10 05:00:00,600.0,723.078,59729.92,2803.29,35.995,20015.75,24213.385,2839.285,da,2026-06-10,2026-06-09,2026-06-09 15:00:00,5,5,1_8,TimeMixer,600.0,444.7269213943481,,,
2026-06-10 06:00:00,545.0,648.129,60537.4075,2960.3825,1347.7775,21417.25,22150.4975,4308.16,da,2026-06-10,2026-06-09,2026-06-09 15:00:00,6,6,1_8,TimeMixer,545.0,449.440087600708,,,
2026-06-10 07:00:00,317.5,406.956,58440.0875,2684.005,5292.285,25072.75,12733.2975,7976.29,da,2026-06-10,2026-06-09,2026-06-09 15:00:00,7,7,1_8,TimeMixer,317.5,226.76373444061278,,,
2026-06-10 08:00:00,267.65,366.687,58362.525,2328.3775,11021.415,25383.5,7030.2325,13349.7925,da,2026-06-10,2026-06-09,2026-06-09 15:00:00,8,8,1_8,TimeMixer,267.65,134.18537948608397,,,
2026-06-10 09:00:00,173.5,334.434,55987.8975,2213.69,16431.6975,23135.0,1621.01,18645.3875,da,2026-06-10,2026-06-09,2026-06-09 15:00:00,9,9,9_16,TimeMixer,173.5,52.5228775024414,,,
2026-06-10 10:00:00,29.5,-80.0,52472.9625,2237.705,20499.9725,21611.25,-4462.465,22737.6775,da,2026-06-10,2026-06-09,2026-06-09 15:00:00,10,10,9_16,TimeMixer,29.5,-15.415838623046874,,,
2026-06-10 11:00:00,60.0,-80.0,51099.325,2285.7575,22832.35,20128.0,-6733.2825,25118.1075,da,2026-06-10,2026-06-09,2026-06-09 15:00:00,11,11,9_16,TimeMixer,60.0,-37.94275665283203,,,
2026-06-10 12:00:00,50.0,-80.0,48211.6975,2382.4275,23667.29,19963.0,-10387.52,26049.7175,da,2026-06-10,2026-06-09,2026-06-09 15:00:00,12,12,9_16,TimeMixer,50.0,-42.299904876708986,,,
2026-06-10 13:00:00,20.0,-69.438,41892.3,2366.08,23468.3825,19962.75,-16491.4125,25834.4625,da,2026-06-10,2026-06-09,2026-06-09 15:00:00,13,13,9_16,TimeMixer,20.0,-40.80107601928711,,,
2026-06-10 14:00:00,20.0,-80.0,44734.485,2296.6025,22333.58,20060.5,-12542.6975,24630.1825,da,2026-06-10,2026-06-09,2026-06-09 15:00:00,14,14,9_16,TimeMixer,20.0,-58.624109802246096,,,
2026-06-10 15:00:00,77.063,-80.0,49046.3875,2141.6625,19819.85,20199.0,-5700.625,21961.5125,da,2026-06-10,2026-06-09,2026-06-09 15:00:00,15,15,9_16,TimeMixer,77.063,24.527172088623047,,,
2026-06-10 16:00:00,94.5,216.336,54371.125,1997.5475,15895.65,21468.5,2422.9275,17893.1975,da,2026-06-10,2026-06-09,2026-06-09 15:00:00,16,16,9_16,TimeMixer,94.5,116.2182731628418,,,
2026-06-10 17:00:00,348.5,397.907,59766.5125,1859.675,10686.3875,24596.5,9964.95,12546.0625,da,2026-06-10,2026-06-09,2026-06-09 15:00:00,17,17,17_24,TimeMixer,348.5,305.4482052307129,,,
2026-06-10 18:00:00,588.75,693.831,65769.525,1740.0975,5095.7775,26172.0,20083.9,6835.875,da,2026-06-10,2026-06-09,2026-06-09 15:00:00,18,18,17_24,TimeMixer,588.75,475.2188708984375,,,
2026-06-10 19:00:00,631.527,769.264,69512.43,1796.47,1314.62,26074.5,27645.34,3111.09,da,2026-06-10,2026-06-09,2026-06-09 15:00:00,19,19,17_24,TimeMixer,631.527,517.6756813049316,,,
2026-06-10 20:00:00,628.125,731.567,72712.7775,2133.58,43.0225,25197.0,32657.675,2176.6025,da,2026-06-10,2026-06-09,2026-06-09 15:00:00,20,20,17_24,TimeMixer,628.125,526.6355831909179,,,
2026-06-10 21:00:00,616.5,721.966,72206.265,2490.6775,0.0,23412.0,33622.0875,2490.6775,da,2026-06-10,2026-06-09,2026-06-09 15:00:00,21,21,17_24,TimeMixer,616.5,530.2759826660156,,,
2026-06-10 22:00:00,611.5,710.905,70156.0625,2666.455,0.0,21929.0,32879.1075,2666.455,da,2026-06-10,2026-06-09,2026-06-09 15:00:00,22,22,17_24,TimeMixer,611.5,512.5060498046874,,,
2026-06-10 23:00:00,612.5,699.009,66509.5125,2708.5025,0.0,20311.75,30807.76,2708.5025,da,2026-06-10,2026-06-09,2026-06-09 15:00:00,23,23,17_24,TimeMixer,612.5,535.5844505310058,,,
2026-06-11 00:00:00,621.02,704.704,65323.475,2628.935,0.0,19230.0,30783.04,2628.935,da,2026-06-11,2026-06-10,2026-06-10 15:00:00,0,24,17_24,TimeMixer,621.02,534.2090888977051,,,
2026-06-11 01:00:00,668.75,747.01,63685.8325,2758.9775,0.0,20571.75,27103.605,2758.9775,da,2026-06-11,2026-06-10,2026-06-10 15:00:00,1,1,1_8,TimeMixer,668.75,528.8815803527832,,,
2026-06-11 02:00:00,656.0,701.172,62097.2475,2724.875,0.0,20571.0,25549.8725,2724.875,da,2026-06-11,2026-06-10,2026-06-10 15:00:00,2,2,1_8,TimeMixer,656.0,524.2364868164062,,,
2026-06-11 03:00:00,636.5,651.211,60812.13,2691.1775,0.0,20570.25,24299.2025,2691.1775,da,2026-06-11,2026-06-10,2026-06-10 15:00:00,3,3,1_8,TimeMixer,636.5,510.749097442627,,,
2026-06-11 04:00:00,630.5,594.341,59967.935,2720.5925,0.0125,20569.25,23426.58,2720.605,da,2026-06-11,2026-06-10,2026-06-10 15:00:00,4,4,1_8,TimeMixer,630.5,507.1440956115723,,,
2026-06-11 05:00:00,643.0,632.807,60718.835,2716.45,40.9675,20320.75,24389.1675,2757.4175,da,2026-06-11,2026-06-10,2026-06-10 15:00:00,5,5,1_8,TimeMixer,643.0,503.7145395812988,,,
2026-06-11 06:00:00,621.75,606.609,61695.885,2511.9825,1352.035,21522.5,23057.8675,3864.0175,da,2026-06-11,2026-06-10,2026-06-10 15:00:00,6,6,1_8,TimeMixer,621.75,466.33379287719725,,,
2026-06-11 07:00:00,408.25,316.35,60091.515,2063.3025,5335.1275,25076.5,14368.835,7398.43,da,2026-06-11,2026-06-10,2026-06-10 15:00:00,7,7,1_8,TimeMixer,408.25,261.73367675781253,,,
2026-06-11 08:00:00,273.95,234.528,59841.8825,1523.6975,11219.305,25391.0,8518.88,12743.0025,da,2026-06-11,2026-06-10,2026-06-10 15:00:00,8,8,1_8,TimeMixer,273.95,193.73516601562497,,,
2026-06-11 09:00:00,84.35,19.99,57096.1575,1190.6125,16818.9125,23297.5,2612.6325,18009.525,da,2026-06-11,2026-06-10,2026-06-10 15:00:00,9,9,9_16,TimeMixer,84.35,92.06051406860351,,,
2026-06-11 10:00:00,10.0,-80.0,53714.01,1056.7375,20985.0625,21949.25,-3453.54,22041.8,da,2026-06-11,2026-06-10,2026-06-10 15:00:00,10,10,9_16,TimeMixer,10.0,-39.7557991027832,,,
2026-06-11 11:00:00,-9.0,-80.0,52688.5575,1036.5325,23288.5725,20095.75,-4908.7975,24325.105,da,2026-06-11,2026-06-10,2026-06-10 15:00:00,11,11,9_16,TimeMixer,-9.0,-30.28122378540039,,,
2026-06-11 12:00:00,-30.0,-80.0,50569.4425,1069.345,24110.3225,20192.0,-7978.725,25179.6675,da,2026-06-11,2026-06-10,2026-06-10 15:00:00,12,12,9_16,TimeMixer,-30.0,-42.87126922607422,,,
2026-06-11 13:00:00,-30.0,-80.0,44465.6125,1152.3025,23985.27,20016.75,-13865.21,25137.5725,da,2026-06-11,2026-06-10,2026-06-10 15:00:00,13,13,9_16,TimeMixer,-30.0,-48.39037322998047,,,
2026-06-11 14:00:00,-30.0,-80.0,47577.2975,1280.1425,22963.3675,19901.5,-9744.2125,24243.51,da,2026-06-11,2026-06-10,2026-06-10 15:00:00,14,14,9_16,TimeMixer,-30.0,-78.50494384765625,,,
2026-06-11 15:00:00,-10.0,-80.0,51136.32,1386.1325,20622.7,20056.5,-4105.5125,22008.8325,da,2026-06-11,2026-06-10,2026-06-10 15:00:00,15,15,9_16,TimeMixer,-10.0,-25.021072985839844,,,
2026-06-11 16:00:00,97.25,-80.0,56055.4375,1470.145,16666.435,21684.5,3057.8575,18136.58,da,2026-06-11,2026-06-10,2026-06-10 15:00:00,16,16,9_16,TimeMixer,97.25,36.16623784637451,,,
2026-06-11 17:00:00,322.075,265.128,61850.6425,1527.16,11206.4075,24826.25,11041.825,12733.5675,da,2026-06-11,2026-06-10,2026-06-10 15:00:00,17,17,17_24,TimeMixer,322.075,263.1574779510498,,,
2026-06-11 18:00:00,627.952,596.861,68737.1,1546.345,5322.9425,26173.75,22426.3125,6869.2875,da,2026-06-11,2026-06-10,2026-06-10 15:00:00,18,18,17_24,TimeMixer,627.952,515.234582598877,,,
2026-06-11 19:00:00,663.15,721.029,73089.275,1653.2425,1356.5825,26074.5,30733.45,3009.825,da,2026-06-11,2026-06-10,2026-06-10 15:00:00,19,19,17_24,TimeMixer,663.15,551.6503148376465,,,
2026-06-11 20:00:00,673.44,706.791,75753.2075,1934.4875,43.9175,25197.0,35306.3025,1978.405,da,2026-06-11,2026-06-10,2026-06-10 15:00:00,20,20,17_24,TimeMixer,673.44,567.720483581543,,,
2026-06-11 21:00:00,669.25,710.16,75240.1275,2403.9325,0.0,23412.5,36162.195,2403.9325,da,2026-06-11,2026-06-10,2026-06-10 15:00:00,21,21,17_24,TimeMixer,669.25,571.1524829101562,,,
2026-06-11 22:00:00,680.37,699.701,72907.9275,2987.4,0.0,21930.25,34743.7775,2987.4,da,2026-06-11,2026-06-10,2026-06-10 15:00:00,22,22,17_24,TimeMixer,680.37,552.4037979125976,,,
2026-06-11 23:00:00,654.225,677.582,68997.53,3748.1475,0.0,20455.75,31562.1325,3748.1475,da,2026-06-11,2026-06-10,2026-06-10 15:00:00,23,23,17_24,TimeMixer,654.225,576.7520565032959,,,
2026-06-12 00:00:00,650.8,667.608,67578.915,4571.9475,0.0,19469.75,30305.7175,4571.9475,da,2026-06-12,2026-06-11,2026-06-11 15:00:00,0,24,17_24,TimeMixer,650.8,546.4138341064453,,,
2026-06-12 01:00:00,430.5,364.904,66098.0025,5838.95,0.0,20570.5,26477.0525,5838.95,da,2026-06-12,2026-06-11,2026-06-11 15:00:00,1,1,1_8,TimeMixer,430.5,571.6481323242188,,,
2026-06-12 02:00:00,400.0,354.124,64077.765,6343.5675,0.0,20570.0,23952.6975,6343.5675,da,2026-06-12,2026-06-11,2026-06-11 15:00:00,2,2,1_8,TimeMixer,400.0,571.7619452209472,,,
2026-06-12 03:00:00,395.175,352.51,62538.3775,6479.79,0.0,20570.0,22277.0875,6479.79,da,2026-06-12,2026-06-11,2026-06-11 15:00:00,3,3,1_8,TimeMixer,395.175,555.1732078552246,,,
2026-06-12 04:00:00,382.25,348.889,61642.4375,6291.3475,0.0125,20570.0,21569.5775,6291.36,da,2026-06-12,2026-06-11,2026-06-11 15:00:00,4,4,1_8,TimeMixer,382.25,545.369108581543,,,
2026-06-12 05:00:00,386.0,354.262,62324.9625,6138.405,41.6525,20318.5,22614.905,6180.0575,da,2026-06-12,2026-06-11,2026-06-11 15:00:00,5,5,1_8,TimeMixer,386.0,559.8476409912109,,,
2026-06-12 06:00:00,380.0,347.303,63101.0925,5769.1625,1349.305,21608.5,21162.625,7118.4675,da,2026-06-12,2026-06-11,2026-06-11 15:00:00,6,6,1_8,TimeMixer,380.0,531.5847595214843,,,
2026-06-12 07:00:00,348.15,45.642,62193.685,5081.87,5112.655,25327.0,13464.41,10194.525,da,2026-06-12,2026-06-11,2026-06-11 15:00:00,7,7,1_8,TimeMixer,348.15,314.6383056640625,,,
2026-06-12 08:00:00,299.75,-61.869,63213.395,4029.5825,10495.6525,25663.75,9950.41,14525.235,da,2026-06-12,2026-06-11,2026-06-11 15:00:00,8,8,1_8,TimeMixer,299.75,187.49194461822506,,,
2026-06-12 09:00:00,234.11,116.335,62859.53,3108.2475,15491.3825,23302.25,8121.15,18599.63,da,2026-06-12,2026-06-11,2026-06-11 15:00:00,9,9,9_16,TimeMixer,234.11,58.131049880981436,,,
2026-06-12 10:00:00,101.678,125.484,61195.855,2656.12,19210.6575,21625.25,4867.3275,21866.7775,da,2026-06-12,2026-06-11,2026-06-11 15:00:00,10,10,9_16,TimeMixer,101.678,2.4830760955810547,,,
2026-06-12 11:00:00,104.5,87.227,61476.4675,2641.5625,21304.6775,20165.75,4527.9775,23946.24,da,2026-06-12,2026-06-11,2026-06-11 15:00:00,11,11,9_16,TimeMixer,104.5,-7.798483657836911,,,
2026-06-12 12:00:00,62.0,61.114,59160.465,2896.9275,22036.1925,20035.0,1355.845,24933.12,da,2026-06-12,2026-06-11,2026-06-11 15:00:00,12,12,9_16,TimeMixer,62.0,-56.565629425048826,,,
2026-06-12 13:00:00,29.5,-17.492,54353.83,3511.27,21841.51,20036.5,-3871.95,25352.78,da,2026-06-12,2026-06-11,2026-06-11 15:00:00,13,13,9_16,TimeMixer,29.5,-27.796926498413086,,,
2026-06-12 14:00:00,29.5,337.286,57174.02,4287.3075,20667.6025,20116.25,-733.64,24954.91,da,2026-06-12,2026-06-11,2026-06-11 15:00:00,14,14,9_16,TimeMixer,29.5,-43.9262176990509,,,
2026-06-12 15:00:00,122.0,313.25,60846.655,5223.6625,18092.12,20217.5,4476.8725,23315.7825,da,2026-06-12,2026-06-11,2026-06-11 15:00:00,15,15,9_16,TimeMixer,122.0,-3.7518230438232436,,,
2026-06-12 16:00:00,293.58,337.636,65573.7125,6408.7325,14249.76,21450.5,10628.22,20658.4925,da,2026-06-12,2026-06-11,2026-06-11 15:00:00,16,16,9_16,TimeMixer,293.58,-15.374533081054693,,,
2026-06-12 17:00:00,279.463,342.176,70371.66,7709.175,9364.86,24715.0,15673.625,17074.035,da,2026-06-12,2026-06-11,2026-06-11 15:00:00,17,17,17_24,TimeMixer,279.463,244.55743841552732,,,
2026-06-12 18:00:00,388.628,350.251,74511.9625,8960.8625,4431.6225,26653.75,21537.9775,13392.485,da,2026-06-12,2026-06-11,2026-06-11 15:00:00,18,18,17_24,TimeMixer,388.628,508.06338054199216,,,
2026-06-12 19:00:00,400.0,350.112,77432.12,10308.83,1158.975,26631.25,26401.565,11467.805,da,2026-06-12,2026-06-11,2026-06-11 15:00:00,19,19,17_24,TimeMixer,400.0,535.9718557739258,,,
2026-06-12 20:00:00,400.0,338.321,80255.6025,11966.015,40.55,25761.0,29556.5375,12006.565,da,2026-06-12,2026-06-11,2026-06-11 15:00:00,20,20,17_24,TimeMixer,400.0,565.9708847656251,,,
2026-06-12 21:00:00,398.0,337.355,80082.825,13482.175,0.0,23976.0,29693.15,13482.175,da,2026-06-12,2026-06-11,2026-06-11 15:00:00,21,21,17_24,TimeMixer,398.0,550.0258819580077,,,
2026-06-12 22:00:00,389.5,337.14,77582.8875,14653.49,0.0,22493.0,27504.8975,14653.49,da,2026-06-12,2026-06-11,2026-06-11 15:00:00,22,22,17_24,TimeMixer,389.5,548.0678729858398,,,
2026-06-12 23:00:00,388.0,362.127,73794.87,15483.97,0.0,20808.0,24571.4,15483.97,da,2026-06-12,2026-06-11,2026-06-11 15:00:00,23,23,17_24,TimeMixer,388.0,554.6075805053712,,,
2026-06-13 00:00:00,386.0,380.508,72082.7375,15840.8175,0.0,19485.5,23824.92,15840.8175,da,2026-06-13,2026-06-12,2026-06-12 15:00:00,0,24,17_24,TimeMixer,386.0,517.760632019043,,,
2026-06-13 01:00:00,390.0,388.425,68029.845,15177.02,0.0,20800.5,19190.825,15177.02,da,2026-06-13,2026-06-12,2026-06-12 15:00:00,1,1,1_8,TimeMixer,390.0,340.8391998291016,,,
2026-06-13 02:00:00,370.0,370.524,65590.7125,14609.355,0.0,20814.75,17305.1075,14609.355,da,2026-06-13,2026-06-12,2026-06-12 15:00:00,2,2,1_8,TimeMixer,370.0,343.27881622314453,,,
2026-06-13 03:00:00,335.0,368.188,63569.7275,13805.3475,0.0,20780.75,16122.13,13805.3475,da,2026-06-13,2026-06-12,2026-06-12 15:00:00,3,3,1_8,TimeMixer,335.0,322.2302136230469,,,
2026-06-13 04:00:00,324.5,360.819,62486.6,12868.44,0.01,20779.0,15977.65,12868.45,da,2026-06-13,2026-06-12,2026-06-12 15:00:00,4,4,1_8,TimeMixer,324.5,316.24986419677737,,,
2026-06-13 05:00:00,381.0,356.526,62829.8925,11952.9,55.82,20528.0,17431.6725,12008.72,da,2026-06-13,2026-06-12,2026-06-12 15:00:00,5,5,1_8,TimeMixer,381.0,330.6748748779297,,,
2026-06-13 06:00:00,366.2,362.916,63853.6375,10987.83,1130.2575,21738.25,17135.8,12118.0875,da,2026-06-13,2026-06-12,2026-06-12 15:00:00,6,6,1_8,TimeMixer,366.2,321.01968536376955,,,
2026-06-13 07:00:00,252.5,340.861,62655.1875,9851.5375,4212.525,25329.25,10404.125,14064.0625,da,2026-06-13,2026-06-12,2026-06-12 15:00:00,7,7,1_8,TimeMixer,252.5,233.36274017333983,,,
2026-06-13 08:00:00,151.0,351.274,63273.2675,8575.1575,8925.7775,25663.0,7310.3325,17500.935,da,2026-06-13,2026-06-12,2026-06-12 15:00:00,8,8,1_8,TimeMixer,151.0,221.68912136840822,,,
2026-06-13 09:00:00,170.81,369.244,62157.38,7923.6975,13652.4575,23260.25,4534.475,21576.155,da,2026-06-13,2026-06-12,2026-06-12 15:00:00,9,9,9_16,TimeMixer,170.81,139.8258892211914,,,
2026-06-13 10:00:00,70.0,359.711,60088.37,7944.3075,17435.7525,21583.75,338.06,25380.06,da,2026-06-13,2026-06-12,2026-06-12 15:00:00,10,10,9_16,TimeMixer,70.0,42.26129188232423,,,
2026-06-13 11:00:00,37.0,219.8,60076.6275,8346.19,19867.895,20219.5,-1143.4575,28214.085,da,2026-06-13,2026-06-12,2026-06-12 15:00:00,11,11,9_16,TimeMixer,37.0,65.57121429443359,,,
2026-06-13 12:00:00,26.5,-80.0,57950.4975,8872.4825,20908.4875,20151.25,-4768.2225,29780.97,da,2026-06-13,2026-06-12,2026-06-12 15:00:00,12,12,9_16,TimeMixer,26.5,41.80927429199218,,,
2026-06-13 13:00:00,25.0,-80.0,52877.6275,9490.3475,20559.1125,20107.0,-10065.3325,30049.46,da,2026-06-13,2026-06-12,2026-06-12 15:00:00,13,13,9_16,TimeMixer,25.0,15.920114135742196,,,
2026-06-13 14:00:00,99.5,155.709,56508.4175,10254.92,18856.725,20126.75,-5516.4775,29111.645,da,2026-06-13,2026-06-12,2026-06-12 15:00:00,14,14,9_16,TimeMixer,99.5,-22.755178833007804,,,
2026-06-13 15:00:00,99.5,132.922,60525.0525,10898.8775,15964.24,20227.25,648.185,26863.1175,da,2026-06-13,2026-06-12,2026-06-12 15:00:00,15,15,9_16,TimeMixer,99.5,49.737509155273415,,,
2026-06-13 16:00:00,300.0,391.032,65185.96,11236.98,12165.7225,21426.5,7570.2575,23402.7025,da,2026-06-13,2026-06-12,2026-06-12 15:00:00,16,16,9_16,TimeMixer,300.0,223.76266827392578,,,
2026-06-13 17:00:00,319.233,348.906,70422.31,11388.8475,7889.16,24652.0,13633.3025,19278.0075,da,2026-06-13,2026-06-12,2026-06-12 15:00:00,17,17,17_24,TimeMixer,319.233,225.88465577392583,,,
2026-06-13 18:00:00,399.5,359.794,75180.3875,11308.68,3824.2725,26654.25,20515.435,15132.9525,da,2026-06-13,2026-06-12,2026-06-12 15:00:00,18,18,17_24,TimeMixer,399.5,344.5308213806152,,,
2026-06-13 19:00:00,400.0,346.821,77593.53,11506.9475,1039.36,26631.25,25534.4725,12546.3075,da,2026-06-13,2026-06-12,2026-06-12 15:00:00,19,19,17_24,TimeMixer,400.0,361.3692901611328,,,
2026-06-13 20:00:00,387.0,354.418,79125.8025,12196.54,58.385,25761.0,28228.3775,12254.925,da,2026-06-13,2026-06-12,2026-06-12 15:00:00,20,20,17_24,TimeMixer,387.0,386.4610537719726,,,
2026-06-13 21:00:00,394.0,353.276,78403.795,13081.675,0.0,23976.0,28464.62,13081.675,da,2026-06-13,2026-06-12,2026-06-12 15:00:00,21,21,17_24,TimeMixer,394.0,380.26461776733396,,,
2026-06-13 22:00:00,390.5,371.079,75980.9925,13719.865,0.0,22493.25,26886.3775,13719.865,da,2026-06-13,2026-06-12,2026-06-12 15:00:00,22,22,17_24,TimeMixer,390.5,361.10187072753905,,,
2026-06-13 23:00:00,395.0,374.751,72208.8975,14067.7375,0.0,20905.25,24354.41,14067.7375,da,2026-06-13,2026-06-12,2026-06-12 15:00:00,23,23,17_24,TimeMixer,395.0,384.6444137573242,,,
2026-06-14 00:00:00,392.0,414.513,71348.0725,13944.4125,0.0,19697.5,24824.66,13944.4125,da,2026-06-14,2026-06-13,2026-06-13 15:00:00,0,24,17_24,TimeMixer,392.0,413.28237712860107,,,
2026-06-14 01:00:00,400.0,448.756,70127.4075,12594.57,0.0,20800.5,23971.5375,12594.57,da,2026-06-14,2026-06-13,2026-06-13 15:00:00,1,1,1_8,TimeMixer,400.0,404.90625,,,
2026-06-14 02:00:00,386.0,398.522,67667.4925,12069.295,0.0,20814.75,22022.6475,12069.295,da,2026-06-14,2026-06-13,2026-06-13 15:00:00,2,2,1_8,TimeMixer,386.0,391.2725067138672,,,
2026-06-14 03:00:00,385.5,385.068,65663.1225,11299.65,0.0,20781.0,20821.6725,11299.65,da,2026-06-14,2026-06-13,2026-06-13 15:00:00,3,3,1_8,TimeMixer,385.5,356.9833786010742,,,
2026-06-14 04:00:00,383.0,374.883,64843.1375,10350.075,0.0125,20779.25,20953.0,10350.0875,da,2026-06-14,2026-06-13,2026-06-13 15:00:00,4,4,1_8,TimeMixer,383.0,336.70225410461427,,,
2026-06-14 05:00:00,389.5,378.919,65030.0975,9489.5725,27.2,20528.0,22224.525,9516.7725,da,2026-06-14,2026-06-13,2026-06-13 15:00:00,5,5,1_8,TimeMixer,389.5,381.02177772521975,,,
2026-06-14 06:00:00,383.5,377.845,65811.585,8565.2825,943.2625,21738.5,21803.74,9508.545,da,2026-06-14,2026-06-13,2026-06-13 15:00:00,6,6,1_8,TimeMixer,383.5,364.1649546813965,,,
2026-06-14 07:00:00,333.715,350.426,62696.4825,7460.4825,3729.4975,25329.25,13420.2025,11189.98,da,2026-06-14,2026-06-13,2026-06-13 15:00:00,7,7,1_8,TimeMixer,333.715,219.89841709136962,,,
2026-06-14 08:00:00,342.75,346.917,63447.6075,6283.465,8228.205,25663.25,10574.3875,14511.67,da,2026-06-14,2026-06-13,2026-06-13 15:00:00,8,8,1_8,TimeMixer,342.75,139.975431060791,,,
2026-06-14 09:00:00,291.0,326.857,60446.1475,5636.9475,13416.8375,23259.75,5446.8125,19053.785,da,2026-06-14,2026-06-13,2026-06-13 15:00:00,9,9,9_16,TimeMixer,291.0,78.46541207885741,,,
2026-06-14 10:00:00,165.5,331.67,57504.8325,5596.155,18031.9225,21641.0,-450.045,23628.0775,da,2026-06-14,2026-06-13,2026-06-13 15:00:00,10,10,9_16,TimeMixer,165.5,-8.612497253417963,,,
2026-06-14 11:00:00,173.5,199.752,55653.6075,5805.24,20968.935,20517.0,-4323.3675,26774.175,da,2026-06-14,2026-06-13,2026-06-13 15:00:00,11,11,9_16,TimeMixer,173.5,-42.54592514038086,,,
2026-06-14 12:00:00,55.0,224.486,53830.97,6193.695,22295.775,20222.5,-7566.8,28489.47,da,2026-06-14,2026-06-13,2026-06-13 15:00:00,12,12,9_16,TimeMixer,55.0,-57.23434906005859,,,
2026-06-14 13:00:00,56.875,-80.0,49506.3375,6600.4125,22202.475,20347.0,-12329.35,28802.8875,da,2026-06-14,2026-06-13,2026-06-13 15:00:00,13,13,9_16,TimeMixer,56.875,-46.691368103027344,,,
2026-06-14 14:00:00,56.0,-80.0,52116.525,7009.8075,20803.1775,20502.5,-8884.76,27812.985,da,2026-06-14,2026-06-13,2026-06-13 15:00:00,14,14,9_16,TimeMixer,56.0,-32.00484924316407,,,
2026-06-14 15:00:00,110.5,-64.607,56044.565,7448.9675,18097.6125,20592.5,-2780.315,25546.58,da,2026-06-14,2026-06-13,2026-06-13 15:00:00,15,15,9_16,TimeMixer,110.5,10.276345062255842,,,
2026-06-14 16:00:00,315.5,180.289,61358.895,7871.0525,14181.07,21550.75,5070.2225,22052.1225,da,2026-06-14,2026-06-13,2026-06-13 15:00:00,16,16,9_16,TimeMixer,315.5,167.6518783569336,,,
2026-06-14 17:00:00,378.625,275.755,66695.1625,8355.9325,9468.2525,24651.25,11461.4275,17824.185,da,2026-06-14,2026-06-13,2026-06-13 15:00:00,17,17,17_24,TimeMixer,378.625,248.03853767089845,,,
2026-06-14 18:00:00,400.0,351.504,71804.3925,8956.26,4575.195,26653.75,18842.1375,13531.455,da,2026-06-14,2026-06-13,2026-06-13 15:00:00,18,18,17_24,TimeMixer,400.0,367.1695243835449,,,
2026-06-14 19:00:00,415.0,358.265,75801.275,9750.9175,1190.5675,26631.25,25447.74,10941.485,da,2026-06-14,2026-06-13,2026-06-13 15:00:00,19,19,17_24,TimeMixer,415.0,395.6453105773926,,,
2026-06-14 20:00:00,397.75,352.996,78280.42,10827.74,40.64,25761.25,28869.99,10868.38,da,2026-06-14,2026-06-13,2026-06-13 15:00:00,20,20,17_24,TimeMixer,397.75,398.9828154296875,,,
2026-06-14 21:00:00,390.0,350.0,77470.7,12233.385,0.0,23976.25,28480.265,12233.385,da,2026-06-14,2026-06-13,2026-06-13 15:00:00,21,21,17_24,TimeMixer,390.0,400.8808902893066,,,
2026-06-14 22:00:00,392.0,350.22,74701.02,13481.67,0.0,22493.25,25945.3,13481.67,da,2026-06-14,2026-06-13,2026-06-13 15:00:00,22,22,17_24,TimeMixer,392.0,370.27425311279296,,,
2026-06-14 23:00:00,394.0,357.788,71254.5175,14348.32,0.0,20905.5,23219.8975,14348.32,da,2026-06-14,2026-06-13,2026-06-13 15:00:00,23,23,17_24,TimeMixer,394.0,404.2024116516113,,,
2026-06-15 00:00:00,400.0,361.99,69655.475,14538.9325,0.0,20414.5,21921.2425,14538.9325,da,2026-06-15,2026-06-14,2026-06-14 15:00:00,0,24,17_24,TimeMixer,400.0,415.92396850585936,,,
2026-06-15 01:00:00,433.0,361.568,65258.0175,12665.6825,0.0,22595.75,17085.785,12665.6825,da,2026-06-15,2026-06-14,2026-06-14 15:00:00,1,1,1_8,TimeMixer,433.0,388.33940307617183,,,
2026-06-15 02:00:00,400.0,349.409,63290.0875,12209.085,0.0,22807.0,15363.2025,12209.085,da,2026-06-15,2026-06-14,2026-06-14 15:00:00,2,2,1_8,TimeMixer,400.0,377.1828488952637,,,
2026-06-15 03:00:00,389.0,351.023,61595.4825,11505.615,0.0,22861.25,14317.8175,11505.615,da,2026-06-15,2026-06-14,2026-06-14 15:00:00,3,3,1_8,TimeMixer,389.0,373.0904371643066,,,
2026-06-15 04:00:00,386.0,352.874,60793.72,10636.275,0.01,22587.0,14659.635,10636.285,da,2026-06-15,2026-06-14,2026-06-14 15:00:00,4,4,1_8,TimeMixer,386.0,365.4359778015136,,,
2026-06-15 05:00:00,408.0,357.522,61321.71,9719.1225,34.7,22009.5,16647.5875,9753.8225,da,2026-06-15,2026-06-14,2026-06-14 15:00:00,5,5,1_8,TimeMixer,408.0,384.3834532470703,,,
2026-06-15 06:00:00,412.0,351.12,63266.8625,8783.7475,1101.2675,24283.5,16187.5475,9885.015,da,2026-06-15,2026-06-14,2026-06-14 15:00:00,6,6,1_8,TimeMixer,412.0,370.6715026855469,,,
2026-06-15 07:00:00,339.0,234.573,62464.3925,7641.875,4176.905,29386.5,8352.0625,11818.78,da,2026-06-15,2026-06-14,2026-06-14 15:00:00,7,7,1_8,TimeMixer,339.0,261.0567435302734,,,
2026-06-15 08:00:00,300.0,317.141,65398.135,6596.2025,8825.815,29605.0,7522.8175,15422.0175,da,2026-06-15,2026-06-14,2026-06-14 15:00:00,8,8,1_8,TimeMixer,300.0,198.95388069152833,,,
2026-06-15 09:00:00,300.0,332.297,65094.455,5982.57,13662.88,26685.25,5927.955,19645.45,da,2026-06-15,2026-06-14,2026-06-14 15:00:00,9,9,9_16,TimeMixer,300.0,135.43144187927246,,,
2026-06-15 10:00:00,267.0,299.286,62880.0675,5603.0175,17725.03,25179.25,1536.97,23328.0475,da,2026-06-15,2026-06-14,2026-06-14 15:00:00,10,10,9_16,TimeMixer,267.0,44.20029907226562,,,
2026-06-15 11:00:00,141.03,2.327,61682.295,5290.785,20473.62,24311.5,-1229.41,25764.405,da,2026-06-15,2026-06-14,2026-06-14 15:00:00,11,11,9_16,TimeMixer,141.03,49.742089843749994,,,
2026-06-15 12:00:00,58.72,-80.0,58110.18,5164.46,21795.31,23984.5,-5669.89,26959.77,da,2026-06-15,2026-06-14,2026-06-14 15:00:00,12,12,9_16,TimeMixer,58.72,-41.87149398803711,,,
2026-06-15 13:00:00,29.0,-80.0,52559.4925,5195.8475,21856.4525,24182.75,-11511.3575,27052.3,da,2026-06-15,2026-06-14,2026-06-14 15:00:00,13,13,9_16,TimeMixer,29.0,-28.798812866210938,,,
2026-06-15 14:00:00,72.5,-80.0,55049.3025,5429.5675,20802.2725,24377.25,-8395.5875,26231.84,da,2026-06-15,2026-06-14,2026-06-14 15:00:00,14,14,9_16,TimeMixer,72.5,-48.881204986572264,,,
2026-06-15 15:00:00,41.0,-80.0,58307.795,5882.8975,18394.265,24627.0,-3432.1675,24277.1625,da,2026-06-15,2026-06-14,2026-06-14 15:00:00,15,15,9_16,TimeMixer,41.0,4.756062316894528,,,
2026-06-15 16:00:00,281.5,103.351,63178.35,6498.8875,14565.2375,25918.0,3360.425,21064.125,da,2026-06-15,2026-06-14,2026-06-14 15:00:00,16,16,9_16,TimeMixer,281.5,134.99929602050778,,,
2026-06-15 17:00:00,326.5,120.823,68171.9625,7178.2675,9684.1325,29277.5,9123.7625,16862.4,da,2026-06-15,2026-06-14,2026-06-14 15:00:00,17,17,17_24,TimeMixer,326.5,272.85285992431636,,,
2026-06-15 18:00:00,405.5,339.291,73527.4,7828.5725,4664.2,31153.25,16954.3275,12492.7725,da,2026-06-15,2026-06-14,2026-06-14 15:00:00,18,18,17_24,TimeMixer,405.5,356.39510955810545,,,
2026-06-15 19:00:00,449.5,346.299,77235.1925,8547.4,1223.205,31003.25,23530.5375,9770.605,da,2026-06-15,2026-06-14,2026-06-14 15:00:00,19,19,17_24,TimeMixer,449.5,387.2348333618164,,,
2026-06-15 20:00:00,439.5,348.798,79552.835,9484.5875,42.0075,30259.75,26835.69,9526.595,da,2026-06-15,2026-06-14,2026-06-14 15:00:00,20,20,17_24,TimeMixer,439.5,387.2234191894531,,,
2026-06-15 21:00:00,385.545,349.427,78893.2475,10562.3275,0.0,28473.75,26926.37,10562.3275,da,2026-06-15,2026-06-14,2026-06-14 15:00:00,21,21,17_24,TimeMixer,385.545,367.6700714111328,,,
2026-06-15 22:00:00,389.125,349.372,75771.8675,11836.2875,0.0,26601.75,24403.03,11836.2875,da,2026-06-15,2026-06-14,2026-06-14 15:00:00,22,22,17_24,TimeMixer,389.125,333.3762553100586,,,
2026-06-15 23:00:00,435.0,361.258,71562.68,12763.8625,0.0,24426.25,21441.7675,12763.8625,da,2026-06-15,2026-06-14,2026-06-14 15:00:00,23,23,17_24,TimeMixer,435.0,349.9998664855957,,,
2026-06-16 00:00:00,424.0,361.518,70363.2175,13155.025,0.0,22793.5,21483.8925,13155.025,da,2026-06-16,2026-06-15,2026-06-15 15:00:00,0,24,17_24,TimeMixer,424.0,396.81883201599123,,,
2026-06-16 01:00:00,458.0,539.059,66073.06,11108.0475,0.0,22843.5,19210.7125,11108.0475,da,2026-06-16,2026-06-15,2026-06-15 15:00:00,1,1,1_8,TimeMixer,458.0,416.5274833679199,,,
2026-06-16 02:00:00,438.25,518.029,64203.03,10383.5675,0.0,22843.75,18064.9125,10383.5675,da,2026-06-16,2026-06-15,2026-06-15 15:00:00,2,2,1_8,TimeMixer,438.25,380.4037163543701,,,
2026-06-16 03:00:00,432.25,514.629,62886.3075,9574.18,0.0,22900.75,17500.5775,9574.18,da,2026-06-16,2026-06-15,2026-06-15 15:00:00,3,3,1_8,TimeMixer,432.25,361.10550155639646,,,
2026-06-16 04:00:00,439.0,516.556,61946.2925,8772.5725,0.01,22625.25,17637.66,8772.5825,da,2026-06-16,2026-06-15,2026-06-15 15:00:00,4,4,1_8,TimeMixer,439.0,361.3439170837403,,,
2026-06-16 05:00:00,456.0,527.45,62557.8025,8088.7625,34.935,22046.25,19477.055,8123.6975,da,2026-06-16,2026-06-15,2026-06-15 15:00:00,5,5,1_8,TimeMixer,456.0,400.8460101013183,,,
2026-06-16 06:00:00,457.0,492.891,64742.7025,7428.1675,1118.5025,24311.75,18973.4825,8546.67,da,2026-06-16,2026-06-15,2026-06-15 15:00:00,6,6,1_8,TimeMixer,457.0,391.0649787902832,,,
2026-06-16 07:00:00,329.5,184.643,64152.46,6516.8025,4403.7275,29398.5,10926.38,10920.53,da,2026-06-16,2026-06-15,2026-06-15 15:00:00,7,7,1_8,TimeMixer,329.5,233.04872958374025,,,
2026-06-16 08:00:00,284.32,387.135,65813.1525,5546.75,9431.105,29617.5,8369.4975,14977.855,da,2026-06-16,2026-06-15,2026-06-15 15:00:00,8,8,1_8,TimeMixer,284.32,174.97873039245607,,,
2026-06-16 09:00:00,265.5,250.223,64997.3375,4799.885,14603.4225,26710.75,6047.48,19403.3075,da,2026-06-16,2026-06-15,2026-06-15 15:00:00,9,9,9_16,TimeMixer,265.5,125.47892951965332,,,
2026-06-16 10:00:00,144.0,373.347,62218.38,4270.8925,18716.4175,25207.75,1187.52,22987.31,da,2026-06-16,2026-06-15,2026-06-15 15:00:00,10,10,9_16,TimeMixer,144.0,85.42105354003905,,,
2026-06-16 11:00:00,20.0,540.651,60989.755,3945.035,21384.9225,24343.0,-1519.0025,25329.9575,da,2026-06-16,2026-06-15,2026-06-15 15:00:00,11,11,9_16,TimeMixer,20.0,14.872383087158198,,,
2026-06-16 12:00:00,0.0,315.524,57556.425,3842.6925,22657.2275,24013.5,-5792.795,26499.92,da,2026-06-16,2026-06-15,2026-06-15 15:00:00,12,12,9_16,TimeMixer,0.0,-48.60586148071289,,,
2026-06-16 13:00:00,-30.0,56.218,50232.055,3985.4425,22734.52,24211.5,-13535.2075,26719.9625,da,2026-06-16,2026-06-15,2026-06-15 15:00:00,13,13,9_16,TimeMixer,-30.0,-56.051316528320314,,,
2026-06-16 14:00:00,-31.0,36.401,53133.28,4451.7175,21708.5475,24407.0,-10269.785,26160.265,da,2026-06-16,2026-06-15,2026-06-15 15:00:00,14,14,9_16,TimeMixer,-31.0,-47.65666961669922,,,
2026-06-16 15:00:00,0.0,-75.294,56478.0825,5042.435,19248.5825,24657.5,-5321.235,24291.0175,da,2026-06-16,2026-06-15,2026-06-15 15:00:00,15,15,9_16,TimeMixer,0.0,-28.461851501464846,,,
2026-06-16 16:00:00,145.5,-80.0,61447.4775,5725.4925,15302.285,25936.25,1617.65,21027.7775,da,2026-06-16,2026-06-15,2026-06-15 15:00:00,16,16,9_16,TimeMixer,145.5,100.72447052001954,,,
2026-06-16 17:00:00,314.0,168.901,66886.03,6413.5325,10152.52,29277.0,8123.4275,16566.0525,da,2026-06-16,2026-06-15,2026-06-15 15:00:00,17,17,17_24,TimeMixer,314.0,240.98689636230472,,,
2026-06-16 18:00:00,423.838,499.266,72476.2725,7178.94,4795.5575,31152.25,16422.475,11974.4975,da,2026-06-16,2026-06-15,2026-06-15 15:00:00,18,18,17_24,TimeMixer,423.838,363.37462890625,,,
2026-06-16 19:00:00,470.075,524.195,75663.04,8231.43,1242.16,31003.75,22254.9,9473.59,da,2026-06-16,2026-06-15,2026-06-15 15:00:00,19,19,17_24,TimeMixer,470.075,406.5766559448242,,,
2026-06-16 20:00:00,460.5,472.235,77907.65,9453.265,42.245,30259.25,25222.09,9495.51,da,2026-06-16,2026-06-15,2026-06-15 15:00:00,20,20,17_24,TimeMixer,460.5,414.92970886230466,,,
2026-06-16 21:00:00,440.0,411.149,77222.795,10826.2225,0.0,28474.25,24991.5225,10826.2225,da,2026-06-16,2026-06-15,2026-06-15 15:00:00,21,21,17_24,TimeMixer,440.0,366.07795520019533,,,
2026-06-16 22:00:00,433.838,386.038,74637.8375,12071.1075,0.0,26574.75,23061.18,12071.1075,da,2026-06-16,2026-06-15,2026-06-15 15:00:00,22,22,17_24,TimeMixer,433.838,356.0629791259766,,,
2026-06-16 23:00:00,440.0,437.608,70424.34,12968.435,0.0,24361.75,20163.355,12968.435,da,2026-06-16,2026-06-15,2026-06-15 15:00:00,23,23,17_24,TimeMixer,440.0,411.9098419189453,,,
2026-06-17 00:00:00,450.5,459.6,69301.095,13315.04,0.0,22723.5,20331.755,13315.04,da,2026-06-17,2026-06-16,2026-06-16 15:00:00,0,24,17_24,TimeMixer,450.5,441.22662963867185,,,
2026-06-17 01:00:00,487.5,519.48,67248.3575,13154.51,0.0,22992.75,17880.2975,13154.51,da,2026-06-17,2026-06-16,2026-06-16 15:00:00,1,1,1_8,TimeMixer,487.5,423.7630676269531,,,
2026-06-17 02:00:00,469.35,494.69,65122.7675,12536.35,0.0,22971.75,16393.8675,12536.35,da,2026-06-17,2026-06-16,2026-06-16 15:00:00,2,2,1_8,TimeMixer,469.35,418.88402557373047,,,
2026-06-17 03:00:00,460.0,500.67,63551.4225,11396.1175,0.0,23001.75,15932.755,11396.1175,da,2026-06-17,2026-06-16,2026-06-16 15:00:00,3,3,1_8,TimeMixer,460.0,401.0429092407226,,,
2026-06-17 04:00:00,462.5,518.6,62653.2425,9942.7775,0.01,22732.75,16756.905,9942.7875,da,2026-06-17,2026-06-16,2026-06-16 15:00:00,4,4,1_8,TimeMixer,462.5,416.51701507568356,,,
2026-06-17 05:00:00,494.2,524.5,63383.0325,8528.69,30.1975,22145.0,19458.345,8558.8875,da,2026-06-17,2026-06-16,2026-06-16 15:00:00,5,5,1_8,TimeMixer,494.2,427.61660156249997,,,
2026-06-17 06:00:00,496.9,433.65,64920.2575,7214.955,1067.6925,23921.5,19495.31,8282.6475,da,2026-06-17,2026-06-16,2026-06-16 15:00:00,6,6,1_8,TimeMixer,496.9,407.07056396484376,,,
2026-06-17 07:00:00,333.5,-3.68,64490.605,5827.0825,4230.425,28003.25,13216.5475,10057.5075,da,2026-06-17,2026-06-16,2026-06-16 15:00:00,7,7,1_8,TimeMixer,333.5,263.42996162719726,,,
2026-06-17 08:00:00,384.75,258.39,66727.88,4530.2075,9173.06,28400.75,11488.0625,13703.2675,da,2026-06-17,2026-06-16,2026-06-16 15:00:00,8,8,1_8,TimeMixer,384.75,265.9728028182983,,,
2026-06-17 09:00:00,350.0,263.38,66446.92,3524.61,14360.42,26296.75,9184.34,17885.03,da,2026-06-17,2026-06-16,2026-06-16 15:00:00,9,9,9_16,TimeMixer,350.0,241.2461275577545,,,
2026-06-17 10:00:00,300.0,255.56,63701.8925,2791.0425,18597.6075,24500.0,4809.9425,21388.65,da,2026-06-17,2026-06-16,2026-06-16 15:00:00,10,10,9_16,TimeMixer,300.0,91.63044700622558,,,
2026-06-17 11:00:00,247.5,341.9,62602.3725,2158.8225,21220.005,23044.0,3223.745,23378.8275,da,2026-06-17,2026-06-16,2026-06-16 15:00:00,11,11,9_16,TimeMixer,247.5,17.613488960266114,,,
2026-06-17 12:00:00,171.788,454.49,60082.965,1769.22,22403.6975,22923.75,67.9975,24172.9175,da,2026-06-17,2026-06-16,2026-06-16 15:00:00,12,12,9_16,TimeMixer,171.788,-15.19306640625,,,
2026-06-17 13:00:00,105.0,437.43,55280.72,1628.2225,22246.1025,22923.75,-4430.655,23874.325,da,2026-06-17,2026-06-16,2026-06-16 15:00:00,13,13,9_16,TimeMixer,105.0,-28.451043701171876,,,
2026-06-17 14:00:00,65.453,436.02,58580.19,1665.6825,20745.965,22998.25,224.4925,22411.6475,da,2026-06-17,2026-06-16,2026-06-16 15:00:00,14,14,9_16,TimeMixer,65.453,-40.64723092651367,,,
2026-06-17 15:00:00,135.0,,62695.3,1865.065,17945.18,23204.0,6677.755,19810.245,da,2026-06-17,2026-06-16,2026-06-16 15:00:00,15,15,9_16,TimeMixer,135.0,23.01881396484375,,,
2026-06-17 16:00:00,357.1,,67612.34,2175.29,13874.665,24739.25,13732.335,16049.955,da,2026-06-17,2026-06-16,2026-06-16 15:00:00,16,16,9_16,TimeMixer,357.1,154.06197636127473,,,
2026-06-17 17:00:00,448.355,,72561.1725,2495.0775,9040.08,27851.75,19960.965,11535.1575,da,2026-06-17,2026-06-16,2026-06-16 15:00:00,17,17,17_24,TimeMixer,448.355,312.8139575958252,,,
2026-06-17 18:00:00,550.0,,76857.315,2893.7075,4261.2175,29158.25,27308.34,7154.925,da,2026-06-17,2026-06-16,2026-06-16 15:00:00,18,18,17_24,TimeMixer,550.0,448.45397530822754,,,
2026-06-17 19:00:00,600.0,,79464.6675,3496.7125,1128.745,29170.5,32427.91,4625.4575,da,2026-06-17,2026-06-16,2026-06-16 15:00:00,19,19,17_24,TimeMixer,600.0,482.72712841796874,,,
2026-06-17 20:00:00,519.163,,81421.6625,4374.1625,41.8425,28380.75,35384.1075,4416.005,da,2026-06-17,2026-06-16,2026-06-16 15:00:00,20,20,17_24,TimeMixer,519.163,470.3692367553711,,,
2026-06-17 21:00:00,523.388,,80759.08,5360.39,0.0,26510.75,35647.14,5360.39,da,2026-06-17,2026-06-16,2026-06-16 15:00:00,21,21,17_24,TimeMixer,523.388,464.27159576416017,,,
2026-06-17 22:00:00,570.0,,78133.0175,6352.1975,0.0,25000.25,33539.77,6352.1975,da,2026-06-17,2026-06-16,2026-06-16 15:00:00,22,22,17_24,TimeMixer,570.0,456.48636701660155,,,
2026-06-17 23:00:00,574.75,,74124.1225,7218.0625,0.0,23826.5,29838.76,7218.0625,da,2026-06-17,2026-06-16,2026-06-16 15:00:00,23,23,17_24,TimeMixer,574.75,469.1416790008545,,,
2026-06-18 00:00:00,594.5,,72873.1425,7525.1875,0.0,22721.75,29385.405,7525.1875,da,2026-06-18,2026-06-17,2026-06-17 15:00:00,0,24,17_24,TimeMixer,594.5,502.89158905029296,,,
2026-06-18 01:00:00,,,69363.87,6224.915,0.0,22921.75,26946.405,6224.915,da,2026-06-18,2026-06-17,2026-06-17 15:00:00,1,1,1_8,TimeMixer,,500.6214714050293,,,
2026-06-18 02:00:00,,,67123.905,5842.7775,0.0,22849.75,25160.5775,5842.7775,da,2026-06-18,2026-06-17,2026-06-17 15:00:00,2,2,1_8,TimeMixer,,494.93873725891115,,,
2026-06-18 03:00:00,,,65237.955,5336.2425,0.0,22826.5,23804.4125,5336.2425,da,2026-06-18,2026-06-17,2026-06-17 15:00:00,3,3,1_8,TimeMixer,,468.1488494873047,,,
2026-06-18 04:00:00,,,64413.13,4794.2,0.01,22555.25,23792.87,4794.21,da,2026-06-18,2026-06-17,2026-06-17 15:00:00,4,4,1_8,TimeMixer,,476.6454257965088,,,
2026-06-18 05:00:00,,,64943.535,4249.7075,32.02,22059.0,25332.0075,4281.7275,da,2026-06-18,2026-06-17,2026-06-17 15:00:00,5,5,1_8,TimeMixer,,497.09747023925775,,,
2026-06-18 06:00:00,,,66635.4575,3720.5075,1010.255,23890.0,24743.895,4730.7625,da,2026-06-18,2026-06-17,2026-06-17 15:00:00,6,6,1_8,TimeMixer,,487.88595336914057,,,
2026-06-18 07:00:00,,,67395.9775,3024.2725,3833.0075,27874.0,19401.3975,6857.28,da,2026-06-18,2026-06-17,2026-06-17 15:00:00,7,7,1_8,TimeMixer,,323.98967924499516,,,
2026-06-18 08:00:00,,,71974.495,2173.8925,7827.805,28401.0,20385.9975,10001.6975,da,2026-06-18,2026-06-17,2026-06-17 15:00:00,8,8,1_8,TimeMixer,,397.4680839538574,,,
2026-06-18 09:00:00,,,74090.1625,1569.2525,11728.0725,26509.25,21152.7875,13297.325,da,2026-06-18,2026-06-17,2026-06-17 15:00:00,9,9,9_16,TimeMixer,,343.82053833007814,,,
2026-06-18 10:00:00,,,73822.6325,1304.9625,14760.1325,24970.25,19733.9875,16065.095,da,2026-06-18,2026-06-17,2026-06-17 15:00:00,10,10,9_16,TimeMixer,,279.7550735473633,,,
2026-06-18 11:00:00,,,73568.135,1251.1775,16590.575,23787.25,18933.3325,17841.7525,da,2026-06-18,2026-06-17,2026-06-17 15:00:00,11,11,9_16,TimeMixer,,238.97324342041017,,,
2026-06-18 12:00:00,,,70585.275,1338.9925,17303.605,23697.25,15277.1275,18642.5975,da,2026-06-18,2026-06-17,2026-06-17 15:00:00,12,12,9_16,TimeMixer,,163.55122712402346,,,
2026-06-18 13:00:00,,,65028.515,1571.31,16900.7125,23704.25,9888.9425,18472.0225,da,2026-06-18,2026-06-17,2026-06-17 15:00:00,13,13,9_16,TimeMixer,,145.18296661376954,,,
2026-06-18 14:00:00,,,68058.025,1966.885,15432.225,23590.0,14073.115,17399.11,da,2026-06-18,2026-06-17,2026-06-17 15:00:00,14,14,9_16,TimeMixer,,125.19873328857422,,,
2026-06-18 15:00:00,,,72016.65,2439.085,12820.1725,23722.25,19981.8425,15259.2575,da,2026-06-18,2026-06-17,2026-06-17 15:00:00,15,15,9_16,TimeMixer,,166.7596008300781,,,
2026-06-18 16:00:00,,,75782.365,2877.055,9584.59,25273.0,24906.92,12461.645,da,2026-06-18,2026-06-17,2026-06-17 15:00:00,16,16,9_16,TimeMixer,,206.55371482849122,,,
2026-06-18 17:00:00,,,78185.0375,3331.1925,6111.1025,28362.25,27117.1925,9442.295,da,2026-06-18,2026-06-17,2026-06-17 15:00:00,17,17,17_24,TimeMixer,,343.51009320068357,,,
2026-06-18 18:00:00,,,80126.4425,3791.745,2864.295,29499.0,30685.6025,6656.04,da,2026-06-18,2026-06-17,2026-06-17 15:00:00,18,18,17_24,TimeMixer,,512.4801699523925,,,
2026-06-18 19:00:00,,,81223.69,4311.9225,774.125,29609.0,33237.8425,5086.0475,da,2026-06-18,2026-06-17,2026-06-17 15:00:00,19,19,17_24,TimeMixer,,546.1192588806152,,,
2026-06-18 20:00:00,,,82693.925,5050.22,34.22,28840.0,35478.685,5084.44,da,2026-06-18,2026-06-17,2026-06-17 15:00:00,20,20,17_24,TimeMixer,,502.24261597900386,,,
2026-06-18 21:00:00,,,81881.8525,5903.4825,0.0,26534.0,36153.57,5903.4825,da,2026-06-18,2026-06-17,2026-06-17 15:00:00,21,21,17_24,TimeMixer,,504.63725785522456,,,
2026-06-18 22:00:00,,,79201.655,6780.945,0.0,24950.0,34179.91,6780.945,da,2026-06-18,2026-06-17,2026-06-17 15:00:00,22,22,17_24,TimeMixer,,530.5377743530273,,,
2026-06-18 23:00:00,,,75439.68,7473.7625,0.0,23680.0,30995.1175,7473.7625,da,2026-06-18,2026-06-17,2026-06-17 15:00:00,23,23,17_24,TimeMixer,,541.718960571289,,,
2026-06-01 00:00:00,400.0,296.643,63568.2925,20531.2525,11.6,17238.5,12660.44,20542.8525,rt,2026-06-01,2026-05-31,2026-05-31 15:00:00,0,24,17_24,TimeMixer,296.643,468.4457520263672,457.3649645996094,1.0,-103.35700000000003
2026-06-01 01:00:00,360.0,365.425,62153.1425,19470.2425,12.8,18214.75,11648.85,19483.0425,rt,2026-06-01,2026-05-31,2026-05-31 15:00:00,1,1,1_8,TimeMixer,365.425,427.4448568359375,320.46477478027344,1.0,5.425000000000011
2026-06-01 02:00:00,352.613,356.766,60403.3875,18000.0875,12.1,18203.25,11381.45,18012.1875,rt,2026-06-01,2026-05-31,2026-05-31 15:00:00,2,2,1_8,TimeMixer,356.766,268.6759712402344,319.58023834228516,0.0,0.0
2026-06-01 03:00:00,363.975,355.431,58997.6075,16140.4525,12.5,18362.75,11675.405,16152.9525,rt,2026-06-01,2026-05-31,2026-05-31 15:00:00,3,3,1_8,TimeMixer,355.431,233.98390501708982,262.1871309204101,0.0,-0.0
2026-06-01 04:00:00,387.378,322.16,58306.5325,14034.6075,12.3,18441.0,13012.125,14046.9075,rt,2026-06-01,2026-05-31,2026-05-31 15:00:00,4,4,1_8,TimeMixer,322.16,220.53331588134765,255.79916124267578,0.0,-0.0
2026-06-01 05:00:00,396.5,359.101,58908.2725,12253.87,42.8275,18425.25,15379.825,12296.6975,rt,2026-06-01,2026-05-31,2026-05-31 15:00:00,5,5,1_8,TimeMixer,359.101,246.46872994384765,261.05552825927737,0.0,-0.0
2026-06-01 06:00:00,376.25,362.442,60521.0325,10824.8125,1177.2125,19782.75,15929.7575,12002.025,rt,2026-06-01,2026-05-31,2026-05-31 15:00:00,6,6,1_8,TimeMixer,362.442,182.14586484375,251.11734771728516,0.0,-0.0
2026-06-01 07:00:00,100.0,34.998,59231.97,9471.93,4618.1675,22604.5,9734.6225,14090.0975,rt,2026-06-01,2026-05-31,2026-05-31 15:00:00,7,7,1_8,TimeMixer,34.998,154.9852688659668,29.539816284179693,1.0,-65.00200000000001
2026-06-01 08:00:00,-70.0,-53.391,57053.2425,8060.2175,9894.59,23231.25,3123.185,17954.8075,rt,2026-06-01,2026-05-31,2026-05-31 15:00:00,8,8,1_8,TimeMixer,-53.391,45.17123083656361,59.5037956237793,1.0,16.609
2026-06-01 09:00:00,-70.0,155.503,55404.1975,6886.0175,15341.655,21785.75,-1340.725,22227.6725,rt,2026-06-01,2026-05-31,2026-05-31 15:00:00,9,9,9_16,TimeMixer,155.503,-12.526233039779157,45.311251831054676,1.0,225.503
2026-06-01 10:00:00,-75.0,-74.006,52232.135,6213.605,19788.67,19803.25,-6304.89,26002.275,rt,2026-06-01,2026-05-31,2026-05-31 15:00:00,10,10,9_16,TimeMixer,-74.006,-71.72450066307017,7.418368530273426,1.0,0.9939999999999998
2026-06-01 11:00:00,-75.0,-70.772,52965.7825,5818.94,22595.34,18915.5,-7095.4975,28414.28,rt,2026-06-01,2026-05-31,2026-05-31 15:00:00,11,11,9_16,TimeMixer,-70.772,-85.69565271629283,21.779254150390614,0.0,0.0
2026-06-01 12:00:00,-75.0,-80.0,52004.3875,5520.07,23906.0975,18778.5,-8931.78,29426.1675,rt,2026-06-01,2026-05-31,2026-05-31 15:00:00,12,12,9_16,TimeMixer,-80.0,-95.38195342185924,29.98076629638672,0.0,-0.0
2026-06-01 13:00:00,-75.0,-48.675,48133.1025,5212.01,23966.345,18870.0,-12646.7525,29178.355,rt,2026-06-01,2026-05-31,2026-05-31 15:00:00,13,13,9_16,TimeMixer,-48.675,-41.43085639549204,13.861129760742188,1.0,26.325000000000003
2026-06-01 14:00:00,-75.0,-70.535,49869.2825,5133.3,22860.0125,19093.75,-9949.28,27993.3125,rt,2026-06-01,2026-05-31,2026-05-31 15:00:00,14,14,9_16,TimeMixer,-70.535,-59.75347354637097,-9.257531738281273,1.0,4.465000000000003
2026-06-01 15:00:00,-75.0,-80.0,52357.135,5314.7575,20252.735,19872.0,-5813.8575,25567.4925,rt,2026-06-01,2026-05-31,2026-05-31 15:00:00,15,15,9_16,TimeMixer,-80.0,-27.602868236312364,46.32343176269529,1.0,-5.0
2026-06-01 16:00:00,-49.34,-80.0,56616.005,5755.225,16034.66,20961.5,1133.12,21789.885,rt,2026-06-01,2026-05-31,2026-05-31 15:00:00,16,16,9_16,TimeMixer,-80.0,183.38073076782226,154.01217790985106,1.0,-30.659999999999997
2026-06-01 17:00:00,310.77,195.515,62909.085,6349.8825,10476.0625,22054.25,11224.89,16825.945,rt,2026-06-01,2026-05-31,2026-05-31 15:00:00,17,17,17_24,TimeMixer,195.515,209.69072344970704,188.58332696533205,0.0,-0.0
2026-06-01 18:00:00,398.5,550.118,68725.975,7147.135,4811.985,23777.5,20166.605,11959.12,rt,2026-06-01,2026-05-31,2026-05-31 15:00:00,18,18,17_24,TimeMixer,550.118,278.4827012695313,318.0053871154785,0.0,0.0
2026-06-01 19:00:00,514.873,562.554,73097.8075,8396.66,1117.75,23749.25,27007.6475,9514.41,rt,2026-06-01,2026-05-31,2026-05-31 15:00:00,19,19,17_24,TimeMixer,562.554,534.7534645385742,421.86116523742675,1.0,47.680999999999926
2026-06-01 20:00:00,505.875,547.537,75455.8675,10115.1525,30.07,22658.25,29825.895,10145.2225,rt,2026-06-01,2026-05-31,2026-05-31 15:00:00,20,20,17_24,TimeMixer,547.537,490.5996757080078,425.25418930053706,0.0,0.0
2026-06-01 21:00:00,501.375,608.046,74108.5375,11762.1275,12.2,21836.25,27671.46,11774.3275,rt,2026-06-01,2026-05-31,2026-05-31 15:00:00,21,21,17_24,TimeMixer,608.046,504.27345722656247,427.6924645080567,1.0,106.67100000000005
2026-06-01 22:00:00,446.875,613.371,71544.965,13293.875,12.7,20453.25,24958.64,13306.575,rt,2026-06-01,2026-05-31,2026-05-31 15:00:00,22,22,17_24,TimeMixer,613.371,540.0505970825195,408.6529766082764,1.0,166.49599999999998
2026-06-01 23:00:00,431.5,514.696,69346.56,14412.445,11.6,18884.25,23211.765,14424.045,rt,2026-06-01,2026-05-31,2026-05-31 15:00:00,23,23,17_24,TimeMixer,514.696,488.8283834106445,401.4841552734375,1.0,83.19600000000003
2026-06-02 00:00:00,411.5,424.837,66235.8925,14977.5325,11.6,17302.5,21117.76,14989.1325,rt,2026-06-02,2026-06-01,2026-06-01 15:00:00,0,24,17_24,TimeMixer,424.837,303.141820123291,383.857112121582,0.0,0.0
2026-06-02 01:00:00,475.25,404.257,64207.3,14990.43,11.9,19762.25,16636.22,15002.33,rt,2026-06-02,2026-06-01,2026-06-01 15:00:00,1,1,1_8,TimeMixer,404.257,343.1607655105591,299.2850051879883,0.0,-0.0
2026-06-02 02:00:00,400.0,354.302,62893.4325,14549.0375,12.0,19768.0,15757.895,14561.0375,rt,2026-06-02,2026-06-01,2026-06-01 15:00:00,2,2,1_8,TimeMixer,354.302,319.772323147583,295.6645239379883,0.0,-0.0
2026-06-02 03:00:00,400.0,341.615,61754.745,13852.8425,11.7,19802.0,15281.7025,13864.5425,rt,2026-06-02,2026-06-01,2026-06-01 15:00:00,3,3,1_8,TimeMixer,341.615,277.61942781677243,277.3480584716797,0.0,-0.0
2026-06-02 04:00:00,411.5,335.385,60896.78,13008.9775,12.7,19810.75,15257.8525,13021.6775,rt,2026-06-02,2026-06-01,2026-06-01 15:00:00,4,4,1_8,TimeMixer,335.385,258.07359670944214,305.62827018432614,0.0,-0.0
2026-06-02 05:00:00,433.67,369.238,61463.675,12166.9625,46.6175,19622.25,16821.345,12213.58,rt,2026-06-02,2026-06-01,2026-06-01 15:00:00,5,5,1_8,TimeMixer,369.238,303.1408515670777,316.5440818786621,0.0,-0.0
2026-06-02 06:00:00,367.5,272.422,62133.455,11289.655,1413.38,21046.5,15577.42,12703.035,rt,2026-06-02,2026-06-01,2026-06-01 15:00:00,6,6,1_8,TimeMixer,272.422,302.0316476226807,292.85447387695314,0.0,-0.0
2026-06-02 07:00:00,86.0,-80.0,59664.2675,10065.22,5561.3475,24695.25,6539.7,15626.5675,rt,2026-06-02,2026-06-01,2026-06-01 15:00:00,7,7,1_8,TimeMixer,-80.0,58.96069127807617,125.11260681152345,0.0,-0.0
2026-06-02 08:00:00,-29.0,-80.0,57333.12,8461.9125,11567.755,25110.25,-550.7975,20029.6675,rt,2026-06-02,2026-06-01,2026-06-01 15:00:00,8,8,1_8,TimeMixer,-80.0,18.214864973373917,50.28421554565429,1.0,-51.0
2026-06-02 09:00:00,-70.0,-80.0,55326.8325,7212.52,17103.6375,23052.0,-4772.825,24316.1575,rt,2026-06-02,2026-06-01,2026-06-01 15:00:00,9,9,9_16,TimeMixer,-80.0,87.90021816383411,25.5592025756836,1.0,-10.0
2026-06-02 10:00:00,-74.988,-80.0,52129.3675,6576.7625,21250.1625,21379.5,-9808.5575,27826.925,rt,2026-06-02,2026-06-01,2026-06-01 15:00:00,10,10,9_16,TimeMixer,-80.0,-81.39991040428112,-21.485330200195307,0.0,-0.0
2026-06-02 11:00:00,-75.0,-80.0,53060.835,6216.9125,23583.8975,19848.5,-9319.975,29800.81,rt,2026-06-02,2026-06-01,2026-06-01 15:00:00,11,11,9_16,TimeMixer,-80.0,-114.20891829978892,1.3954620361328125,0.0,-0.0
2026-06-02 12:00:00,-75.0,-66.698,52939.6825,5876.1575,24439.485,19613.0,-9720.46,30315.6425,rt,2026-06-02,2026-06-01,2026-06-01 15:00:00,12,12,9_16,TimeMixer,-66.698,-116.91392780418344,9.1826171875,0.0,0.0
2026-06-02 13:00:00,-75.0,-59.163,49009.885,5577.22,24309.4875,19613.25,-13221.5725,29886.7075,rt,2026-06-02,2026-06-01,2026-06-01 15:00:00,13,13,9_16,TimeMixer,-59.163,-60.62484701316782,-5.3078460693359375,1.0,15.837000000000003
2026-06-02 14:00:00,-75.0,-56.988,51183.9875,5387.11,23204.6925,19750.25,-9889.565,28591.8025,rt,2026-06-02,2026-06-01,2026-06-01 15:00:00,14,14,9_16,TimeMixer,-56.988,-92.30565308250375,-39.77684020996094,0.0,0.0
2026-06-02 15:00:00,-70.0,-75.992,53589.2375,5430.4,20588.7225,19953.5,-5114.885,26019.1225,rt,2026-06-02,2026-06-01,2026-06-01 15:00:00,15,15,9_16,TimeMixer,-75.992,-64.03039947898814,-4.045143127441406,1.0,-5.992000000000004
2026-06-02 16:00:00,-30.0,64.24,58034.0825,5741.44,16267.0825,21162.5,2131.56,22008.5225,rt,2026-06-02,2026-06-01,2026-06-01 15:00:00,16,16,9_16,TimeMixer,64.24,76.89958653564453,80.87846841430664,1.0,94.24
2026-06-02 17:00:00,312.175,463.308,64635.1175,6309.735,10548.38,24231.0,10742.0025,16858.115,rt,2026-06-02,2026-06-01,2026-06-01 15:00:00,17,17,17_24,TimeMixer,463.308,234.18775396728512,296.81310671997073,0.0,0.0
2026-06-02 18:00:00,455.7,636.413,70477.2375,7228.7475,4785.135,25879.0,19761.605,12013.8825,rt,2026-06-02,2026-06-01,2026-06-01 15:00:00,18,18,17_24,TimeMixer,636.413,434.53220491943364,348.48181610107423,0.0,0.0
2026-06-02 19:00:00,546.81,594.886,74789.315,8605.4575,1119.1525,25774.0,26464.205,9724.61,rt,2026-06-02,2026-06-01,2026-06-01 15:00:00,19,19,17_24,TimeMixer,594.886,456.22196501464845,421.757183178711,0.0,0.0
2026-06-02 20:00:00,546.75,510.564,77639.8725,10165.775,31.8,24847.0,29768.7975,10197.575,rt,2026-06-02,2026-06-01,2026-06-01 15:00:00,20,20,17_24,TimeMixer,510.564,436.77817520141605,412.19153594970703,0.0,-0.0
2026-06-02 21:00:00,551.5,521.208,76700.5025,11524.0625,11.3,23057.0,29281.64,11535.3625,rt,2026-06-02,2026-06-01,2026-06-01 15:00:00,21,21,17_24,TimeMixer,521.208,458.34581388549805,406.2303771972656,0.0,-0.0
2026-06-02 22:00:00,545.75,521.952,74308.615,12417.2025,11.9,21617.0,27436.0125,12429.1025,rt,2026-06-02,2026-06-01,2026-06-01 15:00:00,22,22,17_24,TimeMixer,521.952,462.9298018981933,368.4252334594727,0.0,-0.0
2026-06-02 23:00:00,521.0,493.448,71600.08,12875.27,12.6,19987.25,25898.46,12887.87,rt,2026-06-02,2026-06-01,2026-06-01 15:00:00,23,23,17_24,TimeMixer,493.448,420.9846055847168,370.55429229736325,0.0,-0.0
2026-06-03 00:00:00,500.0,615.833,67735.0225,12998.0875,11.4,18536.0,23363.035,13009.4875,rt,2026-06-03,2026-06-02,2026-06-02 15:00:00,0,24,17_24,TimeMixer,615.833,406.2163252819061,410.79257564544673,0.0,0.0
2026-06-03 01:00:00,494.0,516.964,67722.6825,11864.5675,12.6,19530.0,23609.015,11877.1675,rt,2026-06-03,2026-06-02,2026-06-02 15:00:00,1,1,1_8,TimeMixer,516.964,402.9515643005371,399.2986778259277,0.0,0.0
2026-06-03 02:00:00,447.0,471.11,65746.605,11612.245,12.1,19530.0,21885.76,11624.345,rt,2026-06-03,2026-06-02,2026-06-02 15:00:00,2,2,1_8,TimeMixer,471.11,359.011907522583,350.94692550659175,0.0,0.0
2026-06-03 03:00:00,440.0,429.557,63826.375,11316.245,11.9,19530.0,20261.73,11328.145,rt,2026-06-03,2026-06-02,2026-06-02 15:00:00,3,3,1_8,TimeMixer,429.557,340.66236990261075,342.3972750854492,0.0,-0.0
2026-06-03 04:00:00,445.5,434.58,62616.88,11012.2475,11.51,19530.0,19356.6225,11023.7575,rt,2026-06-03,2026-06-02,2026-06-02 15:00:00,4,4,1_8,TimeMixer,434.58,337.7088830764771,355.7451197814941,0.0,-0.0
2026-06-03 05:00:00,412.5,481.472,63182.1775,10712.045,33.535,19361.0,20369.0975,10745.58,rt,2026-06-03,2026-06-02,2026-06-02 15:00:00,5,5,1_8,TimeMixer,481.472,356.0727460006714,376.59100268554687,0.0,0.0
2026-06-03 06:00:00,413.2,478.715,64286.2975,10211.7125,927.8625,20823.75,19616.4725,11139.575,rt,2026-06-03,2026-06-02,2026-06-02 15:00:00,6,6,1_8,TimeMixer,478.715,294.8344987800598,326.4189378356933,0.0,0.0
2026-06-03 07:00:00,274.313,317.513,64883.6825,9345.2725,3496.25,24590.5,14748.91,12841.5225,rt,2026-06-03,2026-06-02,2026-06-02 15:00:00,7,7,1_8,TimeMixer,317.513,87.30024345741272,157.0758819580078,0.0,0.0
2026-06-03 08:00:00,232.64,389.433,66791.265,8350.29,7483.3125,24902.75,13410.9125,15833.6025,rt,2026-06-03,2026-06-02,2026-06-02 15:00:00,8,8,1_8,TimeMixer,389.433,207.78764681825095,114.82489166259765,0.0,0.0
2026-06-03 09:00:00,276.0,465.032,67746.0425,7668.73,11866.3,22662.25,12917.2625,19535.03,rt,2026-06-03,2026-06-02,2026-06-02 15:00:00,9,9,9_16,TimeMixer,465.032,190.51997291664298,99.34241972351074,0.0,0.0
2026-06-03 10:00:00,95.5,482.101,66591.725,7610.97,15498.96,21138.0,9712.295,23109.93,rt,2026-06-03,2026-06-02,2026-06-02 15:00:00,10,10,9_16,TimeMixer,482.101,151.53820703834708,82.58833517761231,1.0,386.601
2026-06-03 11:00:00,4.5,488.563,65908.635,7765.9325,18279.0975,19475.0,7757.105,26045.03,rt,2026-06-03,2026-06-02,2026-06-02 15:00:00,11,11,9_16,TimeMixer,488.563,152.3083430735033,88.45306243896484,1.0,484.063
2026-06-03 12:00:00,30.5,477.629,63208.0,8036.2975,20044.51,19176.0,3319.6925,28080.8075,rt,2026-06-03,2026-06-02,2026-06-02 15:00:00,12,12,9_16,TimeMixer,477.629,-11.647222437972525,67.52604904174805,0.0,0.0
2026-06-03 13:00:00,8.5,388.951,58326.6325,8222.8175,20462.5875,19150.25,-2140.5225,28685.405,rt,2026-06-03,2026-06-02,2026-06-02 15:00:00,13,13,9_16,TimeMixer,388.951,1.819062664566541,67.23598579406737,0.0,0.0
2026-06-03 14:00:00,6.56,202.338,60841.9975,8442.3375,19219.1125,19319.75,1229.2975,27661.45,rt,2026-06-03,2026-06-02,2026-06-02 15:00:00,14,14,9_16,TimeMixer,202.338,31.984511570816547,61.27914846801758,1.0,195.778
2026-06-03 15:00:00,83.25,119.573,64340.6375,8702.0175,16530.975,19568.5,6907.645,25232.9925,rt,2026-06-03,2026-06-02,2026-06-02 15:00:00,15,15,9_16,TimeMixer,119.573,158.20977878761465,82.07833843231201,1.0,36.32299999999999
2026-06-03 16:00:00,300.0,42.106,69173.92,9225.59,12580.81,20752.0,13984.02,21806.4,rt,2026-06-03,2026-06-02,2026-06-02 15:00:00,16,16,9_16,TimeMixer,42.106,186.2353128568053,70.12639999389648,0.0,-0.0
2026-06-03 17:00:00,402.5,497.462,73973.2625,9860.7225,7867.675,23776.75,19764.115,17728.3975,rt,2026-06-03,2026-06-02,2026-06-02 15:00:00,17,17,17_24,TimeMixer,497.462,400.6635721557617,282.2281948852539,0.0,0.0
2026-06-03 18:00:00,502.0,572.353,77364.875,10333.8175,3488.9125,25360.75,25458.645,13822.73,rt,2026-06-03,2026-06-02,2026-06-02 15:00:00,18,18,17_24,TimeMixer,572.353,496.64380486450193,379.41970202636713,0.0,0.0
2026-06-03 19:00:00,524.0,536.775,79504.52,10824.125,822.3525,25323.75,29807.7925,11646.4775,rt,2026-06-03,2026-06-02,2026-06-02 15:00:00,19,19,17_24,TimeMixer,536.775,492.7113575561523,455.2859145507812,0.0,0.0
2026-06-03 20:00:00,520.0,531.978,80497.1675,11263.1075,28.535,24610.75,31868.275,11291.6425,rt,2026-06-03,2026-06-02,2026-06-02 15:00:00,20,20,17_24,TimeMixer,531.978,424.41701268310544,458.7254762573242,0.0,0.0
2026-06-03 21:00:00,527.0,539.882,79361.9475,11085.115,11.6,22984.25,32554.4825,11096.715,rt,2026-06-03,2026-06-02,2026-06-02 15:00:00,21,21,17_24,TimeMixer,539.882,417.6965061767578,458.50397912597657,0.0,0.0
2026-06-03 22:00:00,545.995,519.857,76176.1075,10720.945,12.6,21417.25,31298.8125,10733.545,rt,2026-06-03,2026-06-02,2026-06-02 15:00:00,22,22,17_24,TimeMixer,519.857,418.437382836914,443.79121411132815,0.0,-0.0
2026-06-03 23:00:00,540.5,421.655,72177.335,10239.8025,13.0,19640.5,29557.5325,10252.8025,rt,2026-06-03,2026-06-02,2026-06-02 15:00:00,23,23,17_24,TimeMixer,421.655,417.1471908752441,440.40415490722654,0.0,-0.0
2026-06-04 00:00:00,540.5,414.112,70079.02,9437.9325,11.6,18387.75,29515.2375,9449.5325,rt,2026-06-04,2026-06-03,2026-06-03 15:00:00,0,24,17_24,TimeMixer,414.112,513.7832974487304,486.95692615509034,0.0,-0.0
2026-06-04 01:00:00,525.0,590.569,62988.9225,8087.0075,0.0,19536.0,22759.415,8087.0075,rt,2026-06-04,2026-06-03,2026-06-03 15:00:00,1,1,1_8,TimeMixer,590.569,523.1099219421387,464.7416282653808,0.0,0.0
2026-06-04 02:00:00,502.5,491.713,61130.3225,7359.6275,0.0,19535.5,21628.695,7359.6275,rt,2026-06-04,2026-06-03,2026-06-03 15:00:00,2,2,1_8,TimeMixer,491.713,477.7291170501709,437.61189537048335,0.0,-0.0
2026-06-04 03:00:00,457.5,629.895,59909.475,7012.0125,0.0,19534.75,20756.2125,7012.0125,rt,2026-06-04,2026-06-03,2026-06-03 15:00:00,3,3,1_8,TimeMixer,629.895,431.834485546875,420.0677848815918,0.0,0.0
2026-06-04 04:00:00,450.0,490.96,59253.4825,7001.33,0.0125,19536.0,20109.64,7001.3425,rt,2026-06-04,2026-06-03,2026-06-03 15:00:00,4,4,1_8,TimeMixer,490.96,427.9228151306152,424.26609764099123,0.0,0.0
2026-06-04 05:00:00,412.299,618.688,59260.61,7174.565,50.445,19402.25,20026.85,7225.01,rt,2026-06-04,2026-06-03,2026-06-03 15:00:00,5,5,1_8,TimeMixer,618.688,449.35792731323244,415.01713243865964,1.0,206.389
2026-06-04 06:00:00,430.75,575.907,60559.4025,7401.87,932.98,20760.25,18857.8025,8334.85,rt,2026-06-04,2026-06-03,2026-06-03 15:00:00,6,6,1_8,TimeMixer,575.907,399.24445120849606,396.85135559387203,0.0,0.0
2026-06-04 07:00:00,329.61,378.624,60357.64,7411.75,3578.73,24238.5,12525.91,10990.48,rt,2026-06-04,2026-06-03,2026-06-03 15:00:00,7,7,1_8,TimeMixer,378.624,201.35706807861325,217.69805143432615,0.0,0.0
2026-06-04 08:00:00,255.5,429.017,62151.36,7396.1275,7697.1775,24670.0,9844.055,15093.305,rt,2026-06-04,2026-06-03,2026-06-03 15:00:00,8,8,1_8,TimeMixer,429.017,298.3577646985643,121.19494665527341,1.0,173.517
2026-06-04 09:00:00,136.0,626.057,61322.3575,7271.96,12271.7,22778.0,6469.1975,19543.66,rt,2026-06-04,2026-06-03,2026-06-03 15:00:00,9,9,9_16,TimeMixer,626.057,273.7203117624681,115.31829986572265,1.0,490.057
2026-06-04 10:00:00,0.0,441.169,58433.95,6897.08,16477.3575,21490.25,1037.7625,23374.4375,rt,2026-06-04,2026-06-03,2026-06-03 15:00:00,10,10,9_16,TimeMixer,441.169,43.65271210792592,-11.189795684814456,1.0,441.169
2026-06-04 11:00:00,-67.948,329.402,56438.5,6543.4825,19781.835,19966.0,-2384.3175,26325.3175,rt,2026-06-04,2026-06-03,2026-06-03 15:00:00,11,11,9_16,TimeMixer,329.402,-33.107034818343635,-64.57738342285157,1.0,397.34999999999997
2026-06-04 12:00:00,-44.5,-80.0,53094.375,6164.155,21758.7675,19744.0,-7104.0475,27922.9225,rt,2026-06-04,2026-06-03,2026-06-03 15:00:00,12,12,9_16,TimeMixer,-80.0,-8.824314818343606,-55.15835266113281,1.0,-35.5
2026-06-04 13:00:00,-45.875,-80.0,47976.4725,5748.9225,22296.2225,19744.0,-12344.1725,28045.145,rt,2026-06-04,2026-06-03,2026-06-03 15:00:00,13,13,9_16,TimeMixer,-80.0,-2.642179676742053,-61.80297698974609,1.0,-34.125
2026-06-04 14:00:00,-60.625,-80.0,49271.6375,5508.7425,21802.755,19842.75,-10414.11,27311.4975,rt,2026-06-04,2026-06-03,2026-06-03 15:00:00,14,14,9_16,TimeMixer,-80.0,-99.8829819618983,-79.33730017089843,0.0,-0.0
2026-06-04 15:00:00,-69.5,-80.0,52433.545,5352.405,19844.7125,19982.5,-5277.5725,25197.1175,rt,2026-06-04,2026-06-03,2026-06-03 15:00:00,15,15,9_16,TimeMixer,-80.0,-99.21879825828502,-17.134487915039067,0.0,-0.0
2026-06-04 16:00:00,-29.95,-80.0,57612.3125,5311.5775,16082.4,21134.5,2552.335,21393.9775,rt,2026-06-04,2026-06-03,2026-06-03 15:00:00,16,16,9_16,TimeMixer,-80.0,10.134243615722657,176.8922994232178,1.0,-50.05
2026-06-04 17:00:00,260.5,147.833,63189.3425,5280.6375,10809.815,23959.25,10535.64,16090.4525,rt,2026-06-04,2026-06-03,2026-06-03 15:00:00,17,17,17_24,TimeMixer,147.833,333.5174189537048,292.3777282714844,1.0,-112.667
2026-06-04 18:00:00,520.25,613.905,69110.315,5108.225,5133.285,25367.75,20878.305,10241.51,rt,2026-06-04,2026-06-03,2026-06-03 15:00:00,18,18,17_24,TimeMixer,613.905,493.5253873596191,447.3780073852539,0.0,0.0
2026-06-04 19:00:00,546.0,806.969,73030.935,5027.58,1270.625,25274.0,28832.23,6298.205,rt,2026-06-04,2026-06-03,2026-06-03 15:00:00,19,19,17_24,TimeMixer,806.969,547.6333115692139,479.2794344482421,1.0,260.96900000000005
2026-06-04 20:00:00,564.5,707.876,75885.3175,5355.4775,37.445,24354.0,33511.895,5392.9225,rt,2026-06-04,2026-06-03,2026-06-03 15:00:00,20,20,17_24,TimeMixer,707.876,532.3090456726075,492.7736979675293,0.0,0.0
2026-06-04 21:00:00,566.875,658.026,75159.125,5606.4525,0.0,22546.25,34379.9225,5606.4525,rt,2026-06-04,2026-06-03,2026-06-03 15:00:00,21,21,17_24,TimeMixer,658.026,541.3470951293946,502.9412391662597,0.0,0.0
2026-06-04 22:00:00,577.5,461.831,72706.57,5562.18,0.0,21144.5,33373.39,5562.18,rt,2026-06-04,2026-06-03,2026-06-03 15:00:00,22,22,17_24,TimeMixer,461.831,553.4860832519531,496.618159362793,0.0,-0.0
2026-06-04 23:00:00,580.75,407.503,69290.5125,5601.6525,0.0,19839.0,31223.36,5601.6525,rt,2026-06-04,2026-06-03,2026-06-03 15:00:00,23,23,17_24,TimeMixer,407.503,504.4704475372314,515.7952949523926,0.0,-0.0
2026-06-05 00:00:00,582.5,620.44,66421.8975,5378.3475,0.0,18862.75,29554.3,5378.3475,rt,2026-06-05,2026-06-04,2026-06-04 15:00:00,0,24,17_24,TimeMixer,620.44,502.1780758941651,560.8220624923706,0.0,0.0
2026-06-05 01:00:00,622.5,728.717,63848.0025,4461.875,0.0,19980.0,26994.6275,4461.875,rt,2026-06-05,2026-06-04,2026-06-04 15:00:00,1,1,1_8,TimeMixer,728.717,563.7866047637939,531.1177167892456,0.0,0.0
2026-06-05 02:00:00,595.688,642.313,61811.5,4301.8675,0.0,19989.0,25109.1325,4301.8675,rt,2026-06-05,2026-06-04,2026-06-04 15:00:00,2,2,1_8,TimeMixer,642.313,494.72822593688966,507.6106880187988,0.0,0.0
2026-06-05 03:00:00,580.5,611.88,60288.3775,4108.76,0.0,19998.75,23769.3675,4108.76,rt,2026-06-05,2026-06-04,2026-06-04 15:00:00,3,3,1_8,TimeMixer,611.88,556.8307777618407,471.6620548248291,0.0,0.0
2026-06-05 04:00:00,569.5,534.406,59440.5,3912.095,0.01,20003.0,23113.895,3912.105,rt,2026-06-05,2026-06-04,2026-06-04 15:00:00,4,4,1_8,TimeMixer,534.406,480.9416467041016,465.9104480743408,0.0,-0.0
2026-06-05 05:00:00,573.5,575.279,60328.725,3688.425,39.69,19828.0,24361.11,3728.115,rt,2026-06-05,2026-06-04,2026-06-04 15:00:00,5,5,1_8,TimeMixer,575.279,560.1093975311278,448.1306858390808,0.0,0.0
2026-06-05 06:00:00,546.375,510.598,61250.8325,3302.7825,1429.9175,21189.25,22917.3825,4732.7,rt,2026-06-05,2026-06-04,2026-06-04 15:00:00,6,6,1_8,TimeMixer,510.598,508.62670838012696,433.22201442718506,0.0,-0.0
2026-06-05 07:00:00,335.75,220.469,59688.3125,2709.5525,5525.7875,24632.25,14412.9725,8235.34,rt,2026-06-05,2026-06-04,2026-06-04 15:00:00,7,7,1_8,TimeMixer,220.469,308.79978874206546,280.1663366470337,0.0,-0.0
2026-06-05 08:00:00,85.0,593.325,59199.7475,2099.98,11389.0625,25368.5,7993.205,13489.0425,rt,2026-06-05,2026-06-04,2026-06-04 15:00:00,8,8,1_8,TimeMixer,593.325,322.49337006630117,166.5565547943115,1.0,508.32500000000005
2026-06-05 09:00:00,-23.25,528.983,57042.325,1740.8725,16726.8375,23869.0,2369.115,18467.71,rt,2026-06-05,2026-06-04,2026-06-04 15:00:00,9,9,9_16,TimeMixer,528.983,203.26069092445425,63.50822029113769,1.0,552.233
2026-06-05 10:00:00,-58.25,387.179,54282.65,1623.29,20863.6975,21998.5,-2517.5875,22486.9875,rt,2026-06-05,2026-06-04,2026-06-04 15:00:00,10,10,9_16,TimeMixer,387.179,69.6889690988927,-35.68603289794922,1.0,445.429
2026-06-05 11:00:00,-61.5,339.317,53478.99,1626.675,23247.6125,20594.0,-4275.7975,24874.2875,rt,2026-06-05,2026-06-04,2026-06-04 15:00:00,11,11,9_16,TimeMixer,339.317,-29.99277762840221,-67.00814555053711,1.0,400.817
2026-06-05 12:00:00,-67.71,176.983,50758.3975,1679.905,24154.8625,20491.5,-7854.37,25834.7675,rt,2026-06-05,2026-06-04,2026-06-04 15:00:00,12,12,9_16,TimeMixer,176.983,-144.84549952293344,-59.11470947265625,0.0,0.0
2026-06-05 13:00:00,-61.0,-80.0,46332.1275,1744.5575,24015.1625,20507.0,-12245.0925,25759.72,rt,2026-06-05,2026-06-04,2026-06-04 15:00:00,13,13,9_16,TimeMixer,-80.0,-113.68447886375377,-52.57520956420898,0.0,-0.0
2026-06-05 14:00:00,-67.225,-80.0,48669.5925,1837.545,22832.8775,20566.75,-8904.08,24670.4225,rt,2026-06-05,2026-06-04,2026-06-04 15:00:00,14,14,9_16,TimeMixer,-80.0,-118.13464286766002,-67.32421258544923,0.0,-0.0
2026-06-05 15:00:00,-61.0,-58.766,52859.7875,1937.3175,20203.3075,20619.0,-2236.3375,22140.625,rt,2026-06-05,2026-06-04,2026-06-04 15:00:00,15,15,9_16,TimeMixer,-58.766,-97.42600768211312,-41.194542083740224,0.0,0.0
2026-06-05 16:00:00,-29.625,504.02,58183.4675,2118.115,15962.155,21741.75,6024.9475,18080.27,rt,2026-06-05,2026-06-04,2026-06-04 15:00:00,16,16,9_16,TimeMixer,504.02,16.337689166259764,11.00711753845215,1.0,533.645
2026-06-05 17:00:00,356.04,526.577,64207.0975,2404.535,10415.3,24564.75,14413.5125,12819.835,rt,2026-06-05,2026-06-04,2026-06-04 15:00:00,17,17,17_24,TimeMixer,526.577,236.0745177444458,240.41698822021482,0.0,0.0
2026-06-05 18:00:00,538.35,641.0,69806.655,2881.645,4771.4175,25939.5,23786.3425,7653.0625,rt,2026-06-05,2026-06-04,2026-06-04 15:00:00,18,18,17_24,TimeMixer,641.0,524.7736491104125,456.7145750427246,0.0,0.0
2026-06-05 19:00:00,565.0,559.647,73387.1575,3715.325,1148.3575,25894.5,30197.475,4863.6825,rt,2026-06-05,2026-06-04,2026-06-04 15:00:00,19,19,17_24,TimeMixer,559.647,658.2798956893921,491.13905944824216,1.0,-5.352999999999952
2026-06-05 20:00:00,570.0,550.782,76105.3175,4999.5325,23.8675,24988.25,33662.1675,5023.4,rt,2026-06-05,2026-06-04,2026-06-04 15:00:00,20,20,17_24,TimeMixer,550.782,596.0061085998535,505.36709136962895,1.0,-19.21799999999996
2026-06-05 21:00:00,565.0,544.16,75732.825,6195.1875,0.0,23040.25,34065.8875,6195.1875,rt,2026-06-05,2026-06-04,2026-06-04 15:00:00,21,21,17_24,TimeMixer,544.16,568.0634272430419,506.26229095458984,1.0,-20.840000000000032
2026-06-05 22:00:00,577.5,535.078,73232.8875,7070.7475,0.0,21691.25,32039.39,7070.7475,rt,2026-06-05,2026-06-04,2026-06-04 15:00:00,22,22,17_24,TimeMixer,535.078,451.67708153991697,496.9966960144043,0.0,-0.0
2026-06-05 23:00:00,550.0,546.457,69444.87,7740.935,0.0,20079.0,29193.435,7740.935,rt,2026-06-05,2026-06-04,2026-06-04 15:00:00,23,23,17_24,TimeMixer,546.457,424.4055593673706,516.8508790588379,0.0,-0.0
2026-06-06 00:00:00,550.0,660.329,67732.7375,7927.545,0.0,18537.5,28836.1925,7927.545,rt,2026-06-06,2026-06-05,2026-06-05 15:00:00,0,24,17_24,TimeMixer,660.329,529.2258905181885,527.5246734619141,0.0,0.0
2026-06-06 01:00:00,410.0,453.545,61442.71,9294.1,0.0,19771.0,19766.11,9294.1,rt,2026-06-06,2026-06-05,2026-06-05 15:00:00,1,1,1_8,TimeMixer,453.545,649.1932274047851,563.9695126342774,1.0,43.545000000000016
2026-06-06 02:00:00,399.5,415.271,59437.7875,8871.665,0.0,19771.0,18183.6225,8871.665,rt,2026-06-06,2026-06-05,2026-06-05 15:00:00,2,2,1_8,TimeMixer,415.271,575.2445699249267,550.4309350708008,1.0,15.771000000000015
2026-06-06 03:00:00,399.0,404.75,58407.5925,8456.46,0.0,19809.25,17530.3825,8456.46,rt,2026-06-06,2026-06-05,2026-06-05 15:00:00,3,3,1_8,TimeMixer,404.75,529.4237697875976,518.6716522216797,1.0,5.75
2026-06-06 04:00:00,389.5,410.307,57395.16,8180.5925,0.01,19813.25,16789.8075,8180.6025,rt,2026-06-06,2026-06-05,2026-06-05 15:00:00,4,4,1_8,TimeMixer,410.307,488.6692258636474,519.2848709106445,1.0,20.807000000000016
2026-06-06 05:00:00,399.5,406.147,58188.72,8127.8975,20.0825,19561.0,17868.24,8147.98,rt,2026-06-06,2026-06-05,2026-06-05 15:00:00,5,5,1_8,TimeMixer,406.147,524.0937060546875,532.7052196502685,1.0,6.646999999999991
2026-06-06 06:00:00,399.5,401.272,59496.495,7899.8525,411.12,20757.75,17816.2725,8310.9725,rt,2026-06-06,2026-06-05,2026-06-05 15:00:00,6,6,1_8,TimeMixer,401.272,423.2903172393798,494.7040504455566,1.0,1.7719999999999914
2026-06-06 07:00:00,372.5,403.41,61845.96,7583.525,1347.505,24275.25,16031.93,8931.03,rt,2026-06-06,2026-06-05,2026-06-05 15:00:00,7,7,1_8,TimeMixer,403.41,157.89058596191404,240.41344528198238,0.0,0.0
2026-06-06 08:00:00,400.0,523.909,67201.5475,7262.5775,2718.2925,24776.75,19894.9275,9980.87,rt,2026-06-06,2026-06-05,2026-06-05 15:00:00,8,8,1_8,TimeMixer,523.909,425.88007024391345,213.85849884033203,1.0,123.90899999999999
2026-06-06 09:00:00,420.0,610.56,70356.865,6956.9525,4183.2,22833.25,23846.9625,11140.1525,rt,2026-06-06,2026-06-05,2026-06-05 15:00:00,9,9,9_16,TimeMixer,610.56,452.4316937070482,191.67474060058595,1.0,190.55999999999995
2026-06-06 10:00:00,430.22,662.967,71271.3375,6660.0625,5345.555,21288.0,25441.22,12005.6175,rt,2026-06-06,2026-06-05,2026-06-05 15:00:00,10,10,9_16,TimeMixer,662.967,523.9259152878587,204.99171752929686,1.0,232.74699999999996
2026-06-06 11:00:00,420.0,551.464,72871.7025,6810.5125,6154.5425,19802.5,27567.6475,12965.055,rt,2026-06-06,2026-06-05,2026-06-05 15:00:00,11,11,9_16,TimeMixer,551.464,578.7561750925463,238.52963256835938,1.0,131.46400000000006
2026-06-06 12:00:00,415.0,431.376,71573.4,7255.5825,6662.7025,19638.75,25479.865,13918.285,rt,2026-06-06,2026-06-05,2026-06-05 15:00:00,12,12,9_16,TimeMixer,431.376,511.7737436032885,213.31024877929687,1.0,16.375999999999976
2026-06-06 13:00:00,395.0,27.266,66236.18,7985.35,6715.185,19638.0,19361.145,14700.535,rt,2026-06-06,2026-06-05,2026-06-05 15:00:00,13,13,9_16,TimeMixer,27.266,348.15608440895255,226.09064331054688,0.0,-0.0
2026-06-06 14:00:00,400.0,345.015,68374.945,8768.2375,6347.1675,19732.0,20991.04,15115.405,rt,2026-06-06,2026-06-05,2026-06-05 15:00:00,14,14,9_16,TimeMixer,345.015,365.3595969821947,223.8596716308594,0.0,-0.0
2026-06-06 15:00:00,407.5,345.259,70263.3075,9554.75,5495.96,19864.0,22812.0975,15050.71,rt,2026-06-06,2026-06-05,2026-06-05 15:00:00,15,15,9_16,TimeMixer,345.259,284.4010215134447,181.82942810058594,0.0,-0.0
2026-06-06 16:00:00,420.1,369.377,71748.23,10336.97,4307.545,21007.5,23559.715,14644.515,rt,2026-06-06,2026-06-05,2026-06-05 15:00:00,16,16,9_16,TimeMixer,369.377,273.6382583007812,-63.87474060058594,0.0,-0.0
2026-06-06 17:00:00,407.5,339.255,71360.4175,10886.4925,2861.5425,23870.75,21132.6325,13748.035,rt,2026-06-06,2026-06-05,2026-06-05 15:00:00,17,17,17_24,TimeMixer,339.255,287.875567980957,215.19125769042967,0.0,-0.0
2026-06-06 18:00:00,401.125,339.494,72059.25,11085.44,1428.29,25367.25,21550.52,12513.73,rt,2026-06-06,2026-06-05,2026-06-05 15:00:00,18,18,17_24,TimeMixer,339.494,492.59834968261714,421.1697563476562,1.0,-61.63099999999997
2026-06-06 19:00:00,418.875,317.718,70964.2525,11037.105,419.1975,25263.0,21613.45,11456.3025,rt,2026-06-06,2026-06-05,2026-06-05 15:00:00,19,19,17_24,TimeMixer,317.718,443.6433416137695,454.5009994506836,1.0,-101.15699999999998
2026-06-06 20:00:00,440.0,394.174,71573.9075,10906.305,19.78,24336.75,23679.5725,10926.085,rt,2026-06-06,2026-06-05,2026-06-05 15:00:00,20,20,17_24,TimeMixer,394.174,385.8439684936523,487.27599182128904,0.0,-0.0
2026-06-06 21:00:00,450.0,407.275,71004.08,10640.925,0.0,22545.75,25185.905,10640.925,rt,2026-06-06,2026-06-05,2026-06-05 15:00:00,21,21,17_24,TimeMixer,407.275,366.3217851562499,455.611890258789,0.0,-0.0
2026-06-06 22:00:00,444.875,403.961,68890.3775,10036.7075,0.0,21190.0,25032.17,10036.7075,rt,2026-06-06,2026-06-05,2026-06-05 15:00:00,22,22,17_24,TimeMixer,403.961,366.06395279541016,450.63608245849605,0.0,-0.0
2026-06-06 23:00:00,437.75,388.058,65807.78,9364.115,0.0,19791.75,24020.415,9364.115,rt,2026-06-06,2026-06-05,2026-06-05 15:00:00,23,23,17_24,TimeMixer,388.058,384.8287771972656,469.5392028808594,0.0,-0.0
2026-06-07 00:00:00,438.5,391.829,64516.3675,8814.745,0.0,18545.0,24525.1225,8814.745,rt,2026-06-07,2026-06-06,2026-06-06 15:00:00,0,24,17_24,TimeMixer,391.829,561.7767434026717,553.2142324447632,1.0,-46.67099999999999
2026-06-07 01:00:00,558.5,504.699,62836.13,8798.6925,0.0,19622.25,21753.6875,8798.6925,rt,2026-06-07,2026-06-06,2026-06-06 15:00:00,1,1,1_8,TimeMixer,504.699,434.54712402999405,424.4214995443821,0.0,-0.0
2026-06-07 02:00:00,522.5,450.695,61367.2175,8649.88,0.0,19622.75,20433.0875,8649.88,rt,2026-06-07,2026-06-06,2026-06-06 15:00:00,2,2,1_8,TimeMixer,450.695,349.9631342437744,416.99854440689086,0.0,-0.0
2026-06-07 03:00:00,522.0,409.898,60138.8975,8529.58,0.0,19623.0,19324.8175,8529.58,rt,2026-06-07,2026-06-06,2026-06-06 15:00:00,3,3,1_8,TimeMixer,409.898,319.8956851995468,398.273067805767,0.0,-0.0
2026-06-07 04:00:00,491.5,391.717,59404.03,8413.7975,0.01,19623.0,18705.7225,8413.8075,rt,2026-06-07,2026-06-06,2026-06-06 15:00:00,4,4,1_8,TimeMixer,391.717,321.88219215545655,387.09927144050596,0.0,-0.0
2026-06-07 05:00:00,502.5,422.348,59626.56,8205.195,30.685,19454.0,19275.18,8235.88,rt,2026-06-07,2026-06-06,2026-06-06 15:00:00,5,5,1_8,TimeMixer,422.348,328.7964621902466,397.73607149124143,0.0,-0.0
2026-06-07 06:00:00,477.5,409.033,60065.785,7693.0125,1018.7375,20779.25,17913.285,8711.75,rt,2026-06-07,2026-06-06,2026-06-06 15:00:00,6,6,1_8,TimeMixer,409.033,300.63446034240724,389.9229556083679,0.0,-0.0
2026-06-07 07:00:00,374.5,-14.36,60091.09,6817.5725,3929.475,24308.0,12378.2925,10747.0475,rt,2026-06-07,2026-06-06,2026-06-06 15:00:00,7,7,1_8,TimeMixer,-14.36,267.45116235427855,267.9748638820648,0.0,-0.0
2026-06-07 08:00:00,344.0,146.327,62697.8875,5860.7925,8387.0575,24720.25,11130.7875,14247.85,rt,2026-06-07,2026-06-06,2026-06-06 15:00:00,8,8,1_8,TimeMixer,146.327,378.0335668022936,215.2076160888672,1.0,-197.673
2026-06-07 09:00:00,150.0,-25.442,61101.2075,5037.4825,13019.755,22707.0,7750.47,18057.2375,rt,2026-06-07,2026-06-06,2026-06-06 15:00:00,9,9,9_16,TimeMixer,-25.442,384.844611659929,160.62192926025392,1.0,-175.442
2026-06-07 10:00:00,72.42,-80.0,58220.86,4385.9575,16763.6075,21299.5,3185.295,21149.565,rt,2026-06-07,2026-06-06,2026-06-06 15:00:00,10,10,9_16,TimeMixer,-80.0,135.3520181235509,103.59713366699219,1.0,-152.42000000000002
2026-06-07 11:00:00,-30.0,-80.0,56250.48,3915.395,19275.5725,19801.0,672.0125,23190.9675,rt,2026-06-07,2026-06-06,2026-06-06 15:00:00,11,11,9_16,TimeMixer,-80.0,-7.811652538070176,105.98511909179689,1.0,-50.0
2026-06-07 12:00:00,-30.0,-80.0,52225.7825,3564.97,20558.875,19629.75,-4114.3125,24123.845,rt,2026-06-07,2026-06-06,2026-06-06 15:00:00,12,12,9_16,TimeMixer,-80.0,-22.767056903304592,115.2900161743164,1.0,-50.0
2026-06-07 13:00:00,-30.0,-80.0,47741.2525,3280.175,20684.5075,19629.25,-8439.18,23964.6825,rt,2026-06-07,2026-06-06,2026-06-06 15:00:00,13,13,9_16,TimeMixer,-80.0,-156.85615928611705,106.54933166503906,0.0,-0.0
2026-06-07 14:00:00,-30.0,-75.965,49306.21,3141.3725,19858.425,19727.75,-6007.8375,22999.7975,rt,2026-06-07,2026-06-06,2026-06-06 15:00:00,14,14,9_16,TimeMixer,-75.965,-21.090641720199095,75.76430351562499,1.0,-45.965
2026-06-07 15:00:00,86.5,-71.22,51954.5875,2969.6325,17669.7875,19867.0,-1138.3325,20639.42,rt,2026-06-07,2026-06-06,2026-06-06 15:00:00,15,15,9_16,TimeMixer,-71.22,22.093939509048976,91.27331152343751,0.0,-0.0
2026-06-07 16:00:00,153.875,-77.837,54997.11,2695.295,14166.6625,21018.25,4530.4025,16861.9575,rt,2026-06-07,2026-06-06,2026-06-06 15:00:00,16,16,9_16,TimeMixer,-77.837,216.00105694885255,292.3782704925537,1.0,-231.712
2026-06-07 17:00:00,400.0,-14.331,57925.705,2436.5825,9559.5575,23887.25,9383.315,11996.14,rt,2026-06-07,2026-06-06,2026-06-06 15:00:00,17,17,17_24,TimeMixer,-14.331,278.44430500488284,323.35269519805905,0.0,-0.0
2026-06-07 18:00:00,567.625,532.432,63446.93,2183.25,4553.175,25368.0,18664.755,6736.425,rt,2026-06-07,2026-06-06,2026-06-06 15:00:00,18,18,17_24,TimeMixer,532.432,311.0073510803223,377.76401348114007,0.0,-0.0
2026-06-07 19:00:00,605.411,610.594,67384.0075,1940.47,1156.655,25263.5,26341.8825,3097.125,rt,2026-06-07,2026-06-06,2026-06-06 15:00:00,19,19,17_24,TimeMixer,610.594,405.014631451416,440.14868888854977,0.0,0.0
2026-06-07 20:00:00,622.963,610.459,70315.4675,1831.1,34.8225,24336.0,31432.045,1865.9225,rt,2026-06-07,2026-06-06,2026-06-06 15:00:00,20,20,17_24,TimeMixer,610.459,428.3127157348633,442.1154377937317,0.0,-0.0
2026-06-07 21:00:00,626.5,605.416,70027.95,1766.7,0.0,22546.0,33033.75,1766.7,rt,2026-06-07,2026-06-06,2026-06-06 15:00:00,21,21,17_24,TimeMixer,605.416,437.3135653686523,453.1198885536194,0.0,-0.0
2026-06-07 22:00:00,565.878,598.833,67787.225,1764.815,0.0,21176.5,32164.41,1764.815,rt,2026-06-07,2026-06-06,2026-06-06 15:00:00,22,22,17_24,TimeMixer,598.833,459.95631782226565,442.8746765136719,0.0,0.0
2026-06-07 23:00:00,602.5,607.958,64652.92,1870.3375,0.0,19733.5,30367.5825,1870.3375,rt,2026-06-07,2026-06-06,2026-06-06 15:00:00,23,23,17_24,TimeMixer,607.958,442.4472690429687,443.46212005615234,0.0,0.0
2026-06-08 00:00:00,620.0,629.224,63469.6675,2087.3,0.0,18657.75,30043.1175,2087.3,rt,2026-06-08,2026-06-07,2026-06-07 15:00:00,0,24,17_24,TimeMixer,629.224,406.3417809295654,450.85076618194574,0.0,0.0
2026-06-08 01:00:00,620.68,653.026,60704.2275,2444.2375,0.0,20141.5,25556.99,2444.2375,rt,2026-06-08,2026-06-07,2026-06-07 15:00:00,1,1,1_8,TimeMixer,653.026,479.29307331542964,493.7867885589599,0.0,0.0
2026-06-08 02:00:00,564.625,617.422,59210.0575,2735.0,0.0,20148.0,23765.5575,2735.0,rt,2026-06-08,2026-06-07,2026-06-07 15:00:00,2,2,1_8,TimeMixer,617.422,446.6300833312988,467.5780473442078,0.0,0.0
2026-06-08 03:00:00,561.0,604.53,58043.8775,2936.7525,0.0,20148.25,22397.375,2936.7525,rt,2026-06-08,2026-06-07,2026-06-07 15:00:00,3,3,1_8,TimeMixer,604.53,411.0084141723633,462.98411486148837,0.0,0.0
2026-06-08 04:00:00,522.0,598.25,57442.5475,3006.135,0.015,20149.75,21725.1475,3006.15,rt,2026-06-08,2026-06-07,2026-06-07 15:00:00,4,4,1_8,TimeMixer,598.25,400.6578963256836,447.7693888134956,0.0,0.0
2026-06-08 05:00:00,545.938,602.269,58360.9925,3023.26,45.395,19972.0,22758.8375,3068.655,rt,2026-06-08,2026-06-07,2026-06-07 15:00:00,5,5,1_8,TimeMixer,602.269,434.73202112426753,461.1554789543152,0.0,0.0
2026-06-08 06:00:00,528.5,534.411,60027.6025,2948.9275,1435.2925,21122.0,21959.8825,4384.22,rt,2026-06-08,2026-06-07,2026-06-07 15:00:00,6,6,1_8,TimeMixer,534.411,423.91485336303714,431.51354827880857,0.0,0.0
2026-06-08 07:00:00,330.625,365.882,58140.17,2713.395,5401.895,24463.0,13004.13,8115.29,rt,2026-06-08,2026-06-07,2026-06-07 15:00:00,7,7,1_8,TimeMixer,365.882,76.80383895568848,300.01963243484494,0.0,0.0
2026-06-08 08:00:00,89.0,286.532,58919.475,2298.0825,11204.38,24897.25,8020.7625,13502.4625,rt,2026-06-08,2026-06-07,2026-06-07 15:00:00,8,8,1_8,TimeMixer,286.532,217.1388124047106,219.3137592315674,1.0,197.53199999999998
2026-06-08 09:00:00,0.0,3.82,55293.255,1865.0375,16731.4725,22765.25,1444.995,18596.51,rt,2026-06-08,2026-06-07,2026-06-07 15:00:00,9,9,9_16,TimeMixer,3.82,20.908269376907842,88.96728973388673,1.0,3.82
2026-06-08 10:00:00,-20.0,-80.0,51704.4875,1664.89,20835.5225,21412.75,-4695.175,22500.4125,rt,2026-06-08,2026-06-07,2026-06-07 15:00:00,10,10,9_16,TimeMixer,-80.0,-64.20821545371959,20.681061889648433,0.0,-0.0
2026-06-08 11:00:00,-55.5,-80.0,50494.87,1713.115,23133.165,19720.25,-6558.16,24846.28,rt,2026-06-08,2026-06-07,2026-06-07 15:00:00,11,11,9_16,TimeMixer,-80.0,-87.11579348167369,-33.37468872070313,0.0,-0.0
2026-06-08 12:00:00,-67.97,-80.0,47895.285,1822.4275,23994.7125,19483.75,-9892.105,25817.14,rt,2026-06-08,2026-06-07,2026-06-07 15:00:00,12,12,9_16,TimeMixer,-80.0,-82.51559623557993,-31.68740997314454,0.0,-0.0
2026-06-08 13:00:00,-67.5,-80.0,42394.8325,1994.9075,23823.41,19483.75,-15393.735,25818.3175,rt,2026-06-08,2026-06-07,2026-06-07 15:00:00,13,13,9_16,TimeMixer,-80.0,-57.9691923110194,-31.012062072753906,1.0,-12.5
2026-06-08 14:00:00,-58.0,-61.962,45100.3975,2274.765,22621.885,19585.75,-11868.5025,24896.65,rt,2026-06-08,2026-06-07,2026-06-07 15:00:00,14,14,9_16,TimeMixer,-61.962,-50.45081240379284,-55.85081024169922,1.0,-3.9620000000000033
2026-06-08 15:00:00,-59.5,-80.0,49364.405,2684.75,20015.735,19724.5,-5547.08,22700.485,rt,2026-06-08,2026-06-07,2026-06-07 15:00:00,15,15,9_16,TimeMixer,-80.0,-49.35915528160045,33.12913757324219,1.0,-20.5
2026-06-08 16:00:00,-23.0,-80.0,54487.8775,3271.1525,15962.97,20865.0,1902.255,19234.1225,rt,2026-06-08,2026-06-07,2026-06-07 15:00:00,16,16,9_16,TimeMixer,-80.0,-7.1801797546386865,82.98537048339844,1.0,-57.0
2026-06-08 17:00:00,207.48,42.516,59653.61,4119.01,10657.3475,23808.75,8509.5025,14776.3575,rt,2026-06-08,2026-06-07,2026-06-07 15:00:00,17,17,17_24,TimeMixer,42.516,78.11713839416504,307.03685577392577,0.0,-0.0
2026-06-08 18:00:00,453.5,416.322,65611.1875,5268.13,5030.135,25266.0,17469.1725,10298.265,rt,2026-06-08,2026-06-07,2026-06-07 15:00:00,18,18,17_24,TimeMixer,416.322,488.20564704284664,423.43869171142575,1.0,-37.178
2026-06-08 19:00:00,516.5,380.919,69715.065,7057.53,1247.2375,25141.75,23687.0475,8304.7675,rt,2026-06-08,2026-06-07,2026-06-07 15:00:00,19,19,17_24,TimeMixer,380.919,530.5863270324708,464.9583817993164,1.0,-135.58100000000002
2026-06-08 20:00:00,539.625,356.748,72193.39,9419.83,34.1725,24312.25,25845.6375,9454.0025,rt,2026-06-08,2026-06-07,2026-06-07 15:00:00,20,20,17_24,TimeMixer,356.748,504.86397349243157,485.4253784301758,0.0,-0.0
2026-06-08 21:00:00,494.375,361.484,71245.7075,11969.7675,0.0,22530.25,24164.19,11969.7675,rt,2026-06-08,2026-06-07,2026-06-07 15:00:00,21,21,17_24,TimeMixer,361.484,509.81938673706065,473.384521484375,1.0,-132.89100000000002
2026-06-08 22:00:00,414.952,360.372,68974.7925,14116.405,0.0,21374.75,20902.1375,14116.405,rt,2026-06-08,2026-06-07,2026-06-07 15:00:00,22,22,17_24,TimeMixer,360.372,508.43945468749996,410.26134742431645,1.0,-54.579999999999984
2026-06-08 23:00:00,400.0,441.182,65826.54,15677.065,0.0,20282.75,17285.225,15677.065,rt,2026-06-08,2026-06-07,2026-06-07 15:00:00,23,23,17_24,TimeMixer,441.182,500.44777299194334,454.8126037597656,1.0,41.182000000000016
2026-06-09 00:00:00,400.0,554.691,64667.9225,16319.9675,0.0,19057.25,16709.205,16319.9675,rt,2026-06-09,2026-06-08,2026-06-08 15:00:00,0,24,17_24,TimeMixer,554.691,475.3707671325684,451.5105438232422,1.0,154.69100000000003
2026-06-09 01:00:00,460.5,591.5,62387.735,16451.09,0.0,20202.0,13123.145,16451.09,rt,2026-06-09,2026-06-08,2026-06-08 15:00:00,1,1,1_8,TimeMixer,591.5,463.73500483398436,443.2967481689452,1.0,131.0
2026-06-09 02:00:00,415.87,553.321,60742.6725,15722.465,0.0,20194.5,12214.2075,15722.465,rt,2026-06-09,2026-06-08,2026-06-08 15:00:00,2,2,1_8,TimeMixer,553.321,445.64836815795894,412.2637802124023,1.0,137.45100000000002
2026-06-09 03:00:00,390.0,476.478,59396.71,14448.075,0.0,20185.5,12151.635,14448.075,rt,2026-06-09,2026-06-08,2026-06-08 15:00:00,3,3,1_8,TimeMixer,476.478,407.6411096130371,398.92585754394526,1.0,86.47800000000001
2026-06-09 04:00:00,382.5,485.233,58708.76,12741.07,0.01,20186.5,13169.68,12741.08,rt,2026-06-09,2026-06-08,2026-06-08 15:00:00,4,4,1_8,TimeMixer,485.233,402.3096923522949,382.1193176269531,1.0,102.733
2026-06-09 05:00:00,451.0,503.697,59430.375,10984.3725,36.3675,20011.0,15787.135,11020.74,rt,2026-06-09,2026-06-08,2026-06-08 15:00:00,5,5,1_8,TimeMixer,503.697,455.3996105651856,409.82628846435546,1.0,52.697
2026-06-09 06:00:00,465.5,545.959,60544.5125,9131.6525,1246.63,21160.75,16393.98,10378.2825,rt,2026-06-09,2026-06-08,2026-06-08 15:00:00,6,6,1_8,TimeMixer,545.959,385.26783995971675,383.924494934082,0.0,0.0
2026-06-09 07:00:00,155.013,257.315,59321.2425,7158.08,4824.26,24493.75,10237.4025,11982.34,rt,2026-06-09,2026-06-08,2026-06-08 15:00:00,7,7,1_8,TimeMixer,257.315,178.27030233764648,201.18536224365232,1.0,102.30199999999999
2026-06-09 08:00:00,81.575,487.812,58054.0625,5117.7675,10218.71,24930.75,5237.835,15336.4775,rt,2026-06-09,2026-06-08,2026-06-08 15:00:00,8,8,1_8,TimeMixer,487.812,106.66084052281997,71.88680305480958,1.0,406.237
2026-06-09 09:00:00,-50.0,693.203,54774.4525,3953.305,15617.9025,22795.5,-128.755,19571.2075,rt,2026-06-09,2026-06-08,2026-06-08 15:00:00,9,9,9_16,TimeMixer,693.203,-69.75632667725414,-1.0651702880859375,0.0,0.0
2026-06-09 10:00:00,-58.375,607.347,51389.4025,3857.91,19823.4675,21455.0,-6283.475,23681.3775,rt,2026-06-09,2026-06-08,2026-06-08 15:00:00,10,10,9_16,TimeMixer,607.347,-97.98821389478343,-27.828066131591797,0.0,0.0
2026-06-09 11:00:00,-75.0,854.199,50745.28,4277.44,22311.0075,19813.75,-8193.4175,26588.4475,rt,2026-06-09,2026-06-08,2026-06-08 15:00:00,11,11,9_16,TimeMixer,854.199,-103.9978999942097,-33.03789367675781,0.0,0.0
2026-06-09 12:00:00,-74.135,471.302,48250.6925,4804.335,23138.845,19638.75,-11867.7375,27943.18,rt,2026-06-09,2026-06-08,2026-06-08 15:00:00,12,12,9_16,TimeMixer,471.302,-100.66635774225658,-48.338606292724606,0.0,0.0
2026-06-09 13:00:00,-72.97,199.803,42222.255,5256.2775,22835.5775,19637.75,-18043.85,28091.855,rt,2026-06-09,2026-06-08,2026-06-08 15:00:00,13,13,9_16,TimeMixer,199.803,-90.70161812726634,-43.920691680908206,0.0,0.0
2026-06-09 14:00:00,-60.0,436.582,45365.7075,5629.9825,21590.04,19739.75,-14130.565,27220.0225,rt,2026-06-09,2026-06-08,2026-06-08 15:00:00,14,14,9_16,TimeMixer,436.582,-74.44187333078807,-66.17338409423829,0.0,0.0
2026-06-09 15:00:00,10.0,296.094,49769.7,5763.5275,19041.895,19880.0,-7452.2225,24805.4225,rt,2026-06-09,2026-06-08,2026-06-08 15:00:00,15,15,9_16,TimeMixer,296.094,-90.84652923011058,-43.73751373291015,0.0,0.0
2026-06-09 16:00:00,10.0,380.763,54973.5075,5791.035,15137.5925,21021.0,487.38,20928.6275,rt,2026-06-09,2026-06-08,2026-06-08 15:00:00,16,16,9_16,TimeMixer,380.763,52.06423939819335,36.75357677936554,1.0,370.763
2026-06-09 17:00:00,297.33,414.096,60285.98,5637.86,10189.1925,23920.5,7929.4275,15827.0525,rt,2026-06-09,2026-06-08,2026-06-08 15:00:00,17,17,17_24,TimeMixer,414.096,232.89386686401366,239.96685794067383,0.0,0.0
2026-06-09 18:00:00,533.15,643.319,65902.16,5151.5625,4853.3075,25312.25,17957.29,10004.87,rt,2026-06-09,2026-06-08,2026-06-08 15:00:00,18,18,17_24,TimeMixer,643.319,498.0721361999511,421.1354957580566,0.0,0.0
2026-06-09 19:00:00,599.0,717.189,70190.3275,4673.125,1222.12,25174.25,26489.3325,5895.245,rt,2026-06-09,2026-06-08,2026-06-08 15:00:00,19,19,17_24,TimeMixer,717.189,471.8773355224609,476.8268843078613,0.0,0.0
2026-06-09 20:00:00,605.125,702.837,72826.405,4487.6675,34.695,24336.75,31335.7925,4522.3625,rt,2026-06-09,2026-06-08,2026-06-08 15:00:00,20,20,17_24,TimeMixer,702.837,432.8362395568848,491.12636413574216,0.0,0.0
2026-06-09 21:00:00,598.0,685.563,72039.78,4396.0125,0.0,22545.75,32466.5175,4396.0125,rt,2026-06-09,2026-06-08,2026-06-08 15:00:00,21,21,17_24,TimeMixer,685.563,440.6767018981933,474.91780815124514,0.0,0.0
2026-06-09 22:00:00,582.25,685.237,69301.1125,4188.7575,0.0,21376.75,31104.105,4188.7575,rt,2026-06-09,2026-06-08,2026-06-08 15:00:00,22,22,17_24,TimeMixer,685.237,432.5789975219726,415.6041597473144,0.0,0.0
2026-06-09 23:00:00,600.0,654.943,65700.8,4112.765,0.0,20290.75,28665.785,4112.765,rt,2026-06-09,2026-06-08,2026-06-08 15:00:00,23,23,17_24,TimeMixer,654.943,480.8156412109375,412.8916809082031,0.0,0.0
2026-06-10 00:00:00,598.0,677.948,64288.0975,3875.3,0.0,19073.0,28708.2975,3875.3,rt,2026-06-10,2026-06-09,2026-06-09 15:00:00,0,24,17_24,TimeMixer,677.948,516.0799971832275,454.5078125,0.0,0.0
2026-06-10 01:00:00,617.5,731.144,62688.37,3024.1475,0.0,20185.0,26817.7225,3024.1475,rt,2026-06-10,2026-06-09,2026-06-09 15:00:00,1,1,1_8,TimeMixer,731.144,505.0031585388183,477.9014545440674,0.0,0.0
2026-06-10 02:00:00,600.5,712.19,61234.5925,2718.0575,0.0,20184.75,25670.285,2718.0575,rt,2026-06-10,2026-06-09,2026-06-09 15:00:00,2,2,1_8,TimeMixer,712.19,479.4496684478759,435.14203877258296,0.0,0.0
2026-06-10 03:00:00,600.0,712.828,59929.92,2566.8075,0.0,20184.25,24517.3625,2566.8075,rt,2026-06-10,2026-06-09,2026-06-09 15:00:00,3,3,1_8,TimeMixer,712.828,416.56555135498047,414.21489417266844,0.0,0.0
2026-06-10 04:00:00,600.0,715.502,59159.525,2596.8325,0.015,20185.25,23715.9275,2596.8475,rt,2026-06-10,2026-06-09,2026-06-09 15:00:00,4,4,1_8,TimeMixer,715.502,435.9401805023193,408.03675227355956,0.0,0.0
2026-06-10 05:00:00,600.0,723.078,59729.92,2803.29,35.995,20015.75,24213.385,2839.285,rt,2026-06-10,2026-06-09,2026-06-09 15:00:00,5,5,1_8,TimeMixer,723.078,464.43702518157954,444.7269213943481,0.0,0.0
2026-06-10 06:00:00,545.0,648.129,60537.4075,2960.3825,1347.7775,21417.25,22150.4975,4308.16,rt,2026-06-10,2026-06-09,2026-06-09 15:00:00,6,6,1_8,TimeMixer,648.129,486.0537508209228,449.440087600708,0.0,0.0
2026-06-10 07:00:00,317.5,406.956,58440.0875,2684.005,5292.285,25072.75,12733.2975,7976.29,rt,2026-06-10,2026-06-09,2026-06-09 15:00:00,7,7,1_8,TimeMixer,406.956,271.98263079528806,226.76373444061278,0.0,0.0
2026-06-10 08:00:00,267.65,366.687,58362.525,2328.3775,11021.415,25383.5,7030.2325,13349.7925,rt,2026-06-10,2026-06-09,2026-06-09 15:00:00,8,8,1_8,TimeMixer,366.687,448.9731194918364,134.18537948608397,1.0,99.03700000000003
2026-06-10 09:00:00,173.5,334.434,55987.8975,2213.69,16431.6975,23135.0,1621.01,18645.3875,rt,2026-06-10,2026-06-09,2026-06-09 15:00:00,9,9,9_16,TimeMixer,334.434,339.12901526954704,52.5228775024414,1.0,160.93400000000003
2026-06-10 10:00:00,29.5,-80.0,52472.9625,2237.705,20499.9725,21611.25,-4462.465,22737.6775,rt,2026-06-10,2026-06-09,2026-06-09 15:00:00,10,10,9_16,TimeMixer,-80.0,211.98575712013294,-15.415838623046874,1.0,-109.5
2026-06-10 11:00:00,60.0,-80.0,51099.325,2285.7575,22832.35,20128.0,-6733.2825,25118.1075,rt,2026-06-10,2026-06-09,2026-06-09 15:00:00,11,11,9_16,TimeMixer,-80.0,241.29790349708603,-37.94275665283203,1.0,-140.0
2026-06-10 12:00:00,50.0,-80.0,48211.6975,2382.4275,23667.29,19963.0,-10387.52,26049.7175,rt,2026-06-10,2026-06-09,2026-06-09 15:00:00,12,12,9_16,TimeMixer,-80.0,82.5675872568517,-42.299904876708986,1.0,-130.0
2026-06-10 13:00:00,20.0,-69.438,41892.3,2366.08,23468.3825,19962.75,-16491.4125,25834.4625,rt,2026-06-10,2026-06-09,2026-06-09 15:00:00,13,13,9_16,TimeMixer,-69.438,-15.308602584456905,-40.80107601928711,0.0,-0.0
2026-06-10 14:00:00,20.0,-80.0,44734.485,2296.6025,22333.58,20060.5,-12542.6975,24630.1825,rt,2026-06-10,2026-06-09,2026-06-09 15:00:00,14,14,9_16,TimeMixer,-80.0,64.20515020607041,-58.624109802246096,1.0,-100.0
2026-06-10 15:00:00,77.063,-80.0,49046.3875,2141.6625,19819.85,20199.0,-5700.625,21961.5125,rt,2026-06-10,2026-06-09,2026-06-09 15:00:00,15,15,9_16,TimeMixer,-80.0,26.552291897964967,24.527172088623047,0.0,-0.0
2026-06-10 16:00:00,94.5,216.336,54371.125,1997.5475,15895.65,21468.5,2422.9275,17893.1975,rt,2026-06-10,2026-06-09,2026-06-09 15:00:00,16,16,9_16,TimeMixer,216.336,267.530730670166,116.2182731628418,1.0,121.83600000000001
2026-06-10 17:00:00,348.5,397.907,59766.5125,1859.675,10686.3875,24596.5,9964.95,12546.0625,rt,2026-06-10,2026-06-09,2026-06-09 15:00:00,17,17,17_24,TimeMixer,397.907,380.2682312805175,305.4482052307129,1.0,49.40699999999998
2026-06-10 18:00:00,588.75,693.831,65769.525,1740.0975,5095.7775,26172.0,20083.9,6835.875,rt,2026-06-10,2026-06-09,2026-06-09 15:00:00,18,18,17_24,TimeMixer,693.831,543.2039300292968,475.2188708984375,0.0,0.0
2026-06-10 19:00:00,631.527,769.264,69512.43,1796.47,1314.62,26074.5,27645.34,3111.09,rt,2026-06-10,2026-06-09,2026-06-09 15:00:00,19,19,17_24,TimeMixer,769.264,561.8802934692382,517.6756813049316,0.0,0.0
2026-06-10 20:00:00,628.125,731.567,72712.7775,2133.58,43.0225,25197.0,32657.675,2176.6025,rt,2026-06-10,2026-06-09,2026-06-09 15:00:00,20,20,17_24,TimeMixer,731.567,531.1216945190429,526.6355831909179,0.0,0.0
2026-06-10 21:00:00,616.5,721.966,72206.265,2490.6775,0.0,23412.0,33622.0875,2490.6775,rt,2026-06-10,2026-06-09,2026-06-09 15:00:00,21,21,17_24,TimeMixer,721.966,522.8159662841796,530.2759826660156,0.0,0.0
2026-06-10 22:00:00,611.5,710.905,70156.0625,2666.455,0.0,21929.0,32879.1075,2666.455,rt,2026-06-10,2026-06-09,2026-06-09 15:00:00,22,22,17_24,TimeMixer,710.905,523.3163735229492,512.5060498046874,0.0,0.0
2026-06-10 23:00:00,612.5,699.009,66509.5125,2708.5025,0.0,20311.75,30807.76,2708.5025,rt,2026-06-10,2026-06-09,2026-06-09 15:00:00,23,23,17_24,TimeMixer,699.009,489.5263999145508,535.5844505310058,0.0,0.0
2026-06-11 00:00:00,621.02,704.704,65323.475,2628.935,0.0,19230.0,30783.04,2628.935,rt,2026-06-11,2026-06-10,2026-06-10 15:00:00,0,24,17_24,TimeMixer,704.704,534.1622531738282,534.2090888977051,0.0,0.0
2026-06-11 01:00:00,668.75,747.01,63685.8325,2758.9775,0.0,20571.75,27103.605,2758.9775,rt,2026-06-11,2026-06-10,2026-06-10 15:00:00,1,1,1_8,TimeMixer,747.01,634.8550210449218,528.8815803527832,0.0,0.0
2026-06-11 02:00:00,656.0,701.172,62097.2475,2724.875,0.0,20571.0,25549.8725,2724.875,rt,2026-06-11,2026-06-10,2026-06-10 15:00:00,2,2,1_8,TimeMixer,701.172,606.3428854003906,524.2364868164062,0.0,0.0
2026-06-11 03:00:00,636.5,651.211,60812.13,2691.1775,0.0,20570.25,24299.2025,2691.1775,rt,2026-06-11,2026-06-10,2026-06-10 15:00:00,3,3,1_8,TimeMixer,651.211,624.1869618469239,510.749097442627,0.0,0.0
2026-06-11 04:00:00,630.5,594.341,59967.935,2720.5925,0.0125,20569.25,23426.58,2720.605,rt,2026-06-11,2026-06-10,2026-06-10 15:00:00,4,4,1_8,TimeMixer,594.341,593.6269554382324,507.1440956115723,0.0,-0.0
2026-06-11 05:00:00,643.0,632.807,60718.835,2716.45,40.9675,20320.75,24389.1675,2757.4175,rt,2026-06-11,2026-06-10,2026-06-10 15:00:00,5,5,1_8,TimeMixer,632.807,634.5109302551269,503.7145395812988,0.0,-0.0
2026-06-11 06:00:00,621.75,606.609,61695.885,2511.9825,1352.035,21522.5,23057.8675,3864.0175,rt,2026-06-11,2026-06-10,2026-06-10 15:00:00,6,6,1_8,TimeMixer,606.609,552.198742263794,466.33379287719725,0.0,-0.0
2026-06-11 07:00:00,408.25,316.35,60091.515,2063.3025,5335.1275,25076.5,14368.835,7398.43,rt,2026-06-11,2026-06-10,2026-06-10 15:00:00,7,7,1_8,TimeMixer,316.35,302.8555704589844,261.73367675781253,0.0,-0.0
2026-06-11 08:00:00,273.95,234.528,59841.8825,1523.6975,11219.305,25391.0,8518.88,12743.0025,rt,2026-06-11,2026-06-10,2026-06-10 15:00:00,8,8,1_8,TimeMixer,234.528,347.2480349710863,193.73516601562497,1.0,-39.422
2026-06-11 09:00:00,84.35,19.99,57096.1575,1190.6125,16818.9125,23297.5,2612.6325,18009.525,rt,2026-06-11,2026-06-10,2026-06-10 15:00:00,9,9,9_16,TimeMixer,19.99,198.09694583534292,92.06051406860351,1.0,-64.36
2026-06-11 10:00:00,10.0,-80.0,53714.01,1056.7375,20985.0625,21949.25,-3453.54,22041.8,rt,2026-06-11,2026-06-10,2026-06-10 15:00:00,10,10,9_16,TimeMixer,-80.0,-18.77573714012096,-39.7557991027832,0.0,-0.0
2026-06-11 11:00:00,-9.0,-80.0,52688.5575,1036.5325,23288.5725,20095.75,-4908.7975,24325.105,rt,2026-06-11,2026-06-10,2026-06-10 15:00:00,11,11,9_16,TimeMixer,-80.0,-53.20901685813854,-30.28122378540039,0.0,-0.0
2026-06-11 12:00:00,-30.0,-80.0,50569.4425,1069.345,24110.3225,20192.0,-7978.725,25179.6675,rt,2026-06-11,2026-06-10,2026-06-10 15:00:00,12,12,9_16,TimeMixer,-80.0,-123.66215265525767,-42.87126922607422,0.0,-0.0
2026-06-11 13:00:00,-30.0,-80.0,44465.6125,1152.3025,23985.27,20016.75,-13865.21,25137.5725,rt,2026-06-11,2026-06-10,2026-06-10 15:00:00,13,13,9_16,TimeMixer,-80.0,-107.72058630332896,-48.39037322998047,0.0,-0.0
2026-06-11 14:00:00,-30.0,-80.0,47577.2975,1280.1425,22963.3675,19901.5,-9744.2125,24243.51,rt,2026-06-11,2026-06-10,2026-06-10 15:00:00,14,14,9_16,TimeMixer,-80.0,-105.58275087608286,-78.50494384765625,0.0,-0.0
2026-06-11 15:00:00,-10.0,-80.0,51136.32,1386.1325,20622.7,20056.5,-4105.5125,22008.8325,rt,2026-06-11,2026-06-10,2026-06-10 15:00:00,15,15,9_16,TimeMixer,-80.0,-109.43459871543833,-25.021072985839844,0.0,-0.0
2026-06-11 16:00:00,97.25,-80.0,56055.4375,1470.145,16666.435,21684.5,3057.8575,18136.58,rt,2026-06-11,2026-06-10,2026-06-10 15:00:00,16,16,9_16,TimeMixer,-80.0,78.74278309020997,36.16623784637451,0.0,-0.0
2026-06-11 17:00:00,322.075,265.128,61850.6425,1527.16,11206.4075,24826.25,11041.825,12733.5675,rt,2026-06-11,2026-06-10,2026-06-10 15:00:00,17,17,17_24,TimeMixer,265.128,225.56339860839842,263.1574779510498,0.0,-0.0
2026-06-11 18:00:00,627.952,596.861,68737.1,1546.345,5322.9425,26173.75,22426.3125,6869.2875,rt,2026-06-11,2026-06-10,2026-06-10 15:00:00,18,18,17_24,TimeMixer,596.861,577.7855264221191,515.234582598877,0.0,-0.0
2026-06-11 19:00:00,663.15,721.029,73089.275,1653.2425,1356.5825,26074.5,30733.45,3009.825,rt,2026-06-11,2026-06-10,2026-06-10 15:00:00,19,19,17_24,TimeMixer,721.029,690.1574940490723,551.6503148376465,1.0,57.87900000000002
2026-06-11 20:00:00,673.44,706.791,75753.2075,1934.4875,43.9175,25197.0,35306.3025,1978.405,rt,2026-06-11,2026-06-10,2026-06-10 15:00:00,20,20,17_24,TimeMixer,706.791,626.5873449829102,567.720483581543,0.0,0.0
2026-06-11 21:00:00,669.25,710.16,75240.1275,2403.9325,0.0,23412.5,36162.195,2403.9325,rt,2026-06-11,2026-06-10,2026-06-10 15:00:00,21,21,17_24,TimeMixer,710.16,612.4759423095703,571.1524829101562,0.0,0.0
2026-06-11 22:00:00,680.37,699.701,72907.9275,2987.4,0.0,21930.25,34743.7775,2987.4,rt,2026-06-11,2026-06-10,2026-06-10 15:00:00,22,22,17_24,TimeMixer,699.701,573.9356548217772,552.4037979125976,0.0,0.0
2026-06-11 23:00:00,654.225,677.582,68997.53,3748.1475,0.0,20455.75,31562.1325,3748.1475,rt,2026-06-11,2026-06-10,2026-06-10 15:00:00,23,23,17_24,TimeMixer,677.582,557.4818555297852,576.7520565032959,0.0,0.0
2026-06-12 00:00:00,650.8,667.608,67578.915,4571.9475,0.0,19469.75,30305.7175,4571.9475,rt,2026-06-12,2026-06-11,2026-06-11 15:00:00,0,24,17_24,TimeMixer,667.608,649.1517071594237,546.4138341064453,0.0,0.0
2026-06-12 01:00:00,430.5,364.904,66098.0025,5838.95,0.0,20570.5,26477.0525,5838.95,rt,2026-06-12,2026-06-11,2026-06-11 15:00:00,1,1,1_8,TimeMixer,364.904,682.7881222106932,571.6481323242188,1.0,-65.596
2026-06-12 02:00:00,400.0,354.124,64077.765,6343.5675,0.0,20570.0,23952.6975,6343.5675,rt,2026-06-12,2026-06-11,2026-06-11 15:00:00,2,2,1_8,TimeMixer,354.124,648.1871737243652,571.7619452209472,1.0,-45.875999999999976
2026-06-12 03:00:00,395.175,352.51,62538.3775,6479.79,0.0,20570.0,22277.0875,6479.79,rt,2026-06-12,2026-06-11,2026-06-11 15:00:00,3,3,1_8,TimeMixer,352.51,591.607132043457,555.1732078552246,1.0,-42.66500000000002
2026-06-12 04:00:00,382.25,348.889,61642.4375,6291.3475,0.0125,20570.0,21569.5775,6291.36,rt,2026-06-12,2026-06-11,2026-06-11 15:00:00,4,4,1_8,TimeMixer,348.889,548.0751312713624,545.369108581543,1.0,-33.36099999999999
2026-06-12 05:00:00,386.0,354.262,62324.9625,6138.405,41.6525,20318.5,22614.905,6180.0575,rt,2026-06-12,2026-06-11,2026-06-11 15:00:00,5,5,1_8,TimeMixer,354.262,595.1786208221436,559.8476409912109,1.0,-31.738
2026-06-12 06:00:00,380.0,347.303,63101.0925,5769.1625,1349.305,21608.5,21162.625,7118.4675,rt,2026-06-12,2026-06-11,2026-06-11 15:00:00,6,6,1_8,TimeMixer,347.303,547.9825981567383,531.5847595214843,1.0,-32.697
2026-06-12 07:00:00,348.15,45.642,62193.685,5081.87,5112.655,25327.0,13464.41,10194.525,rt,2026-06-12,2026-06-11,2026-06-11 15:00:00,7,7,1_8,TimeMixer,45.642,277.4873517944336,314.6383056640625,0.0,-0.0
2026-06-12 08:00:00,299.75,-61.869,63213.395,4029.5825,10495.6525,25663.75,9950.41,14525.235,rt,2026-06-12,2026-06-11,2026-06-11 15:00:00,8,8,1_8,TimeMixer,-61.869,335.80923213829215,187.49194461822506,1.0,-361.619
2026-06-12 09:00:00,234.11,116.335,62859.53,3108.2475,15491.3825,23302.25,8121.15,18599.63,rt,2026-06-12,2026-06-11,2026-06-11 15:00:00,9,9,9_16,TimeMixer,116.335,228.08743551483326,58.131049880981436,0.0,-0.0
2026-06-12 10:00:00,101.678,125.484,61195.855,2656.12,19210.6575,21625.25,4867.3275,21866.7775,rt,2026-06-12,2026-06-11,2026-06-11 15:00:00,10,10,9_16,TimeMixer,125.484,7.62392612510731,2.4830760955810547,0.0,0.0
2026-06-12 11:00:00,104.5,87.227,61476.4675,2641.5625,21304.6775,20165.75,4527.9775,23946.24,rt,2026-06-12,2026-06-11,2026-06-11 15:00:00,11,11,9_16,TimeMixer,87.227,-3.0787628450770104,-7.798483657836911,0.0,-0.0
2026-06-12 12:00:00,62.0,61.114,59160.465,2896.9275,22036.1925,20035.0,1355.845,24933.12,rt,2026-06-12,2026-06-11,2026-06-11 15:00:00,12,12,9_16,TimeMixer,61.114,-31.271930214156598,-56.565629425048826,0.0,-0.0
2026-06-12 13:00:00,29.5,-17.492,54353.83,3511.27,21841.51,20036.5,-3871.95,25352.78,rt,2026-06-12,2026-06-11,2026-06-11 15:00:00,13,13,9_16,TimeMixer,-17.492,-75.22335909141489,-27.796926498413086,0.0,-0.0
2026-06-12 14:00:00,29.5,337.286,57174.02,4287.3075,20667.6025,20116.25,-733.64,24954.91,rt,2026-06-12,2026-06-11,2026-06-11 15:00:00,14,14,9_16,TimeMixer,337.286,-69.78450572027155,-43.9262176990509,0.0,0.0
2026-06-12 15:00:00,122.0,313.25,60846.655,5223.6625,18092.12,20217.5,4476.8725,23315.7825,rt,2026-06-12,2026-06-11,2026-06-11 15:00:00,15,15,9_16,TimeMixer,313.25,-63.544569631041966,-3.7518230438232436,0.0,0.0
2026-06-12 16:00:00,293.58,337.636,65573.7125,6408.7325,14249.76,21450.5,10628.22,20658.4925,rt,2026-06-12,2026-06-11,2026-06-11 15:00:00,16,16,9_16,TimeMixer,337.636,48.35387313842773,-15.374533081054693,0.0,0.0
2026-06-12 17:00:00,279.463,342.176,70371.66,7709.175,9364.86,24715.0,15673.625,17074.035,rt,2026-06-12,2026-06-11,2026-06-11 15:00:00,17,17,17_24,TimeMixer,342.176,300.5756416870117,244.55743841552732,1.0,62.712999999999965
2026-06-12 18:00:00,388.628,350.251,74511.9625,8960.8625,4431.6225,26653.75,21537.9775,13392.485,rt,2026-06-12,2026-06-11,2026-06-11 15:00:00,18,18,17_24,TimeMixer,350.251,538.5729270202637,508.06338054199216,1.0,-38.37700000000001
2026-06-12 19:00:00,400.0,350.112,77432.12,10308.83,1158.975,26631.25,26401.565,11467.805,rt,2026-06-12,2026-06-11,2026-06-11 15:00:00,19,19,17_24,TimeMixer,350.112,581.2555894897461,535.9718557739258,1.0,-49.88799999999998
2026-06-12 20:00:00,400.0,338.321,80255.6025,11966.015,40.55,25761.0,29556.5375,12006.565,rt,2026-06-12,2026-06-11,2026-06-11 15:00:00,20,20,17_24,TimeMixer,338.321,557.8494360473634,565.9708847656251,1.0,-61.678999999999974
2026-06-12 21:00:00,398.0,337.355,80082.825,13482.175,0.0,23976.0,29693.15,13482.175,rt,2026-06-12,2026-06-11,2026-06-11 15:00:00,21,21,17_24,TimeMixer,337.355,558.8681978027344,550.0258819580077,1.0,-60.64499999999998
2026-06-12 22:00:00,389.5,337.14,77582.8875,14653.49,0.0,22493.0,27504.8975,14653.49,rt,2026-06-12,2026-06-11,2026-06-11 15:00:00,22,22,17_24,TimeMixer,337.14,556.1277422851563,548.0678729858398,1.0,-52.360000000000014
2026-06-12 23:00:00,388.0,362.127,73794.87,15483.97,0.0,20808.0,24571.4,15483.97,rt,2026-06-12,2026-06-11,2026-06-11 15:00:00,23,23,17_24,TimeMixer,362.127,540.1734951049805,554.6075805053712,1.0,-25.87299999999999
2026-06-13 00:00:00,386.0,380.508,72082.7375,15840.8175,0.0,19485.5,23824.92,15840.8175,rt,2026-06-13,2026-06-12,2026-06-12 15:00:00,0,24,17_24,TimeMixer,380.508,545.997873486328,517.760632019043,1.0,-5.492000000000019
2026-06-13 01:00:00,390.0,388.425,68029.845,15177.02,0.0,20800.5,19190.825,15177.02,rt,2026-06-13,2026-06-12,2026-06-12 15:00:00,1,1,1_8,TimeMixer,388.425,307.35304592285155,340.8391998291016,0.0,-0.0
2026-06-13 02:00:00,370.0,370.524,65590.7125,14609.355,0.0,20814.75,17305.1075,14609.355,rt,2026-06-13,2026-06-12,2026-06-12 15:00:00,2,2,1_8,TimeMixer,370.524,296.12361418457033,343.27881622314453,0.0,0.0
2026-06-13 03:00:00,335.0,368.188,63569.7275,13805.3475,0.0,20780.75,16122.13,13805.3475,rt,2026-06-13,2026-06-12,2026-06-12 15:00:00,3,3,1_8,TimeMixer,368.188,275.32537076416014,322.2302136230469,0.0,0.0
2026-06-13 04:00:00,324.5,360.819,62486.6,12868.44,0.01,20779.0,15977.65,12868.45,rt,2026-06-13,2026-06-12,2026-06-12 15:00:00,4,4,1_8,TimeMixer,360.819,267.20772379150395,316.24986419677737,0.0,0.0
2026-06-13 05:00:00,381.0,356.526,62829.8925,11952.9,55.82,20528.0,17431.6725,12008.72,rt,2026-06-13,2026-06-12,2026-06-12 15:00:00,5,5,1_8,TimeMixer,356.526,309.16040051269533,330.6748748779297,0.0,-0.0
2026-06-13 06:00:00,366.2,362.916,63853.6375,10987.83,1130.2575,21738.25,17135.8,12118.0875,rt,2026-06-13,2026-06-12,2026-06-12 15:00:00,6,6,1_8,TimeMixer,362.916,268.98363604736323,321.01968536376955,0.0,-0.0
2026-06-13 07:00:00,252.5,340.861,62655.1875,9851.5375,4212.525,25329.25,10404.125,14064.0625,rt,2026-06-13,2026-06-12,2026-06-12 15:00:00,7,7,1_8,TimeMixer,340.861,57.56124736328127,233.36274017333983,0.0,0.0
2026-06-13 08:00:00,151.0,351.274,63273.2675,8575.1575,8925.7775,25663.0,7310.3325,17500.935,rt,2026-06-13,2026-06-12,2026-06-12 15:00:00,8,8,1_8,TimeMixer,351.274,165.1908231772631,221.68912136840822,1.0,200.274
2026-06-13 09:00:00,170.81,369.244,62157.38,7923.6975,13652.4575,23260.25,4534.475,21576.155,rt,2026-06-13,2026-06-12,2026-06-12 15:00:00,9,9,9_16,TimeMixer,369.244,56.71793711525012,139.8258892211914,0.0,0.0
2026-06-13 10:00:00,70.0,359.711,60088.37,7944.3075,17435.7525,21583.75,338.06,25380.06,rt,2026-06-13,2026-06-12,2026-06-12 15:00:00,10,10,9_16,TimeMixer,359.711,45.09034502052357,42.26129188232423,0.0,0.0
2026-06-13 11:00:00,37.0,219.8,60076.6275,8346.19,19867.895,20219.5,-1143.4575,28214.085,rt,2026-06-13,2026-06-12,2026-06-12 15:00:00,11,11,9_16,TimeMixer,219.8,-21.481129012679546,65.57121429443359,0.0,0.0
2026-06-13 12:00:00,26.5,-80.0,57950.4975,8872.4825,20908.4875,20151.25,-4768.2225,29780.97,rt,2026-06-13,2026-06-12,2026-06-12 15:00:00,12,12,9_16,TimeMixer,-80.0,-55.30660528465221,41.80927429199218,0.0,-0.0
2026-06-13 13:00:00,25.0,-80.0,52877.6275,9490.3475,20559.1125,20107.0,-10065.3325,30049.46,rt,2026-06-13,2026-06-12,2026-06-12 15:00:00,13,13,9_16,TimeMixer,-80.0,-113.97605948875375,15.920114135742196,0.0,-0.0
2026-06-13 14:00:00,99.5,155.709,56508.4175,10254.92,18856.725,20126.75,-5516.4775,29111.645,rt,2026-06-13,2026-06-12,2026-06-12 15:00:00,14,14,9_16,TimeMixer,155.709,97.5161479172521,-22.755178833007804,0.0,0.0
2026-06-13 15:00:00,99.5,132.922,60525.0525,10898.8775,15964.24,20227.25,648.185,26863.1175,rt,2026-06-13,2026-06-12,2026-06-12 15:00:00,15,15,9_16,TimeMixer,132.922,69.84098545509389,49.737509155273415,0.0,0.0
2026-06-13 16:00:00,300.0,391.032,65185.96,11236.98,12165.7225,21426.5,7570.2575,23402.7025,rt,2026-06-13,2026-06-12,2026-06-12 15:00:00,16,16,9_16,TimeMixer,391.032,319.43745430908206,223.76266827392578,1.0,91.03199999999998
2026-06-13 17:00:00,319.233,348.906,70422.31,11388.8475,7889.16,24652.0,13633.3025,19278.0075,rt,2026-06-13,2026-06-12,2026-06-12 15:00:00,17,17,17_24,TimeMixer,348.906,338.36225084838867,225.88465577392583,1.0,29.673000000000002
2026-06-13 18:00:00,399.5,359.794,75180.3875,11308.68,3824.2725,26654.25,20515.435,15132.9525,rt,2026-06-13,2026-06-12,2026-06-12 15:00:00,18,18,17_24,TimeMixer,359.794,424.8770920776367,344.5308213806152,1.0,-39.70600000000002
2026-06-13 19:00:00,400.0,346.821,77593.53,11506.9475,1039.36,26631.25,25534.4725,12546.3075,rt,2026-06-13,2026-06-12,2026-06-12 15:00:00,19,19,17_24,TimeMixer,346.821,428.38892495117193,361.3692901611328,1.0,-53.178999999999974
2026-06-13 20:00:00,387.0,354.418,79125.8025,12196.54,58.385,25761.0,28228.3775,12254.925,rt,2026-06-13,2026-06-12,2026-06-12 15:00:00,20,20,17_24,TimeMixer,354.418,431.62516921386725,386.4610537719726,1.0,-32.581999999999994
2026-06-13 21:00:00,394.0,353.276,78403.795,13081.675,0.0,23976.0,28464.62,13081.675,rt,2026-06-13,2026-06-12,2026-06-12 15:00:00,21,21,17_24,TimeMixer,353.276,436.92545479736333,380.26461776733396,1.0,-40.72399999999999
2026-06-13 22:00:00,390.5,371.079,75980.9925,13719.865,0.0,22493.25,26886.3775,13719.865,rt,2026-06-13,2026-06-12,2026-06-12 15:00:00,22,22,17_24,TimeMixer,371.079,415.5979295410156,361.10187072753905,1.0,-19.420999999999992
2026-06-13 23:00:00,395.0,374.751,72208.8975,14067.7375,0.0,20905.25,24354.41,14067.7375,rt,2026-06-13,2026-06-12,2026-06-12 15:00:00,23,23,17_24,TimeMixer,374.751,426.0590211120606,384.6444137573242,1.0,-20.249000000000024
2026-06-14 00:00:00,392.0,414.513,71348.0725,13944.4125,0.0,19697.5,24824.66,13944.4125,rt,2026-06-14,2026-06-13,2026-06-13 15:00:00,0,24,17_24,TimeMixer,414.513,366.62771382751464,413.28237712860107,0.0,0.0
2026-06-14 01:00:00,400.0,448.756,70127.4075,12594.57,0.0,20800.5,23971.5375,12594.57,rt,2026-06-14,2026-06-13,2026-06-13 15:00:00,1,1,1_8,TimeMixer,448.756,389.1860373382569,404.90625,0.0,0.0
2026-06-14 02:00:00,386.0,398.522,67667.4925,12069.295,0.0,20814.75,22022.6475,12069.295,rt,2026-06-14,2026-06-13,2026-06-13 15:00:00,2,2,1_8,TimeMixer,398.522,338.76254958038334,391.2725067138672,0.0,0.0
2026-06-14 03:00:00,385.5,385.068,65663.1225,11299.65,0.0,20781.0,20821.6725,11299.65,rt,2026-06-14,2026-06-13,2026-06-13 15:00:00,3,3,1_8,TimeMixer,385.068,311.4516316970825,356.9833786010742,0.0,-0.0
2026-06-14 04:00:00,383.0,374.883,64843.1375,10350.075,0.0125,20779.25,20953.0,10350.0875,rt,2026-06-14,2026-06-13,2026-06-13 15:00:00,4,4,1_8,TimeMixer,374.883,307.55015127217774,336.70225410461427,0.0,-0.0
2026-06-14 05:00:00,389.5,378.919,65030.0975,9489.5725,27.2,20528.0,22224.525,9516.7725,rt,2026-06-14,2026-06-13,2026-06-13 15:00:00,5,5,1_8,TimeMixer,378.919,324.4480936080933,381.02177772521975,0.0,-0.0
2026-06-14 06:00:00,383.5,377.845,65811.585,8565.2825,943.2625,21738.5,21803.74,9508.545,rt,2026-06-14,2026-06-13,2026-06-13 15:00:00,6,6,1_8,TimeMixer,377.845,309.5042240110397,364.1649546813965,0.0,-0.0
2026-06-14 07:00:00,333.715,350.426,62696.4825,7460.4825,3729.4975,25329.25,13420.2025,11189.98,rt,2026-06-14,2026-06-13,2026-06-13 15:00:00,7,7,1_8,TimeMixer,350.426,192.87252356681822,219.89841709136962,0.0,0.0
2026-06-14 08:00:00,342.75,346.917,63447.6075,6283.465,8228.205,25663.25,10574.3875,14511.67,rt,2026-06-14,2026-06-13,2026-06-13 15:00:00,8,8,1_8,TimeMixer,346.917,277.72468640602284,139.975431060791,0.0,0.0
2026-06-14 09:00:00,291.0,326.857,60446.1475,5636.9475,13416.8375,23259.75,5446.8125,19053.785,rt,2026-06-14,2026-06-13,2026-06-13 15:00:00,9,9,9_16,TimeMixer,326.857,231.84080959327872,78.46541207885741,0.0,0.0
2026-06-14 10:00:00,165.5,331.67,57504.8325,5596.155,18031.9225,21641.0,-450.045,23628.0775,rt,2026-06-14,2026-06-13,2026-06-13 15:00:00,10,10,9_16,TimeMixer,331.67,56.599474394302874,-8.612497253417963,0.0,0.0
2026-06-14 11:00:00,173.5,199.752,55653.6075,5805.24,20968.935,20517.0,-4323.3675,26774.175,rt,2026-06-14,2026-06-13,2026-06-13 15:00:00,11,11,9_16,TimeMixer,199.752,-21.249782721175645,-42.54592514038086,0.0,0.0
2026-06-14 12:00:00,55.0,224.486,53830.97,6193.695,22295.775,20222.5,-7566.8,28489.47,rt,2026-06-14,2026-06-13,2026-06-13 15:00:00,12,12,9_16,TimeMixer,224.486,-146.34611643089244,-57.23434906005859,0.0,0.0
2026-06-14 13:00:00,56.875,-80.0,49506.3375,6600.4125,22202.475,20347.0,-12329.35,28802.8875,rt,2026-06-14,2026-06-13,2026-06-13 15:00:00,13,13,9_16,TimeMixer,-80.0,-115.3633939577479,-46.691368103027344,0.0,-0.0
2026-06-14 14:00:00,56.0,-80.0,52116.525,7009.8075,20803.1775,20502.5,-8884.76,27812.985,rt,2026-06-14,2026-06-13,2026-06-13 15:00:00,14,14,9_16,TimeMixer,-80.0,-5.716513722762567,-32.00484924316407,0.0,-0.0
2026-06-14 15:00:00,110.5,-64.607,56044.565,7448.9675,18097.6125,20592.5,-2780.315,25546.58,rt,2026-06-14,2026-06-13,2026-06-13 15:00:00,15,15,9_16,TimeMixer,-64.607,-43.61729540672252,10.276345062255842,0.0,-0.0
2026-06-14 16:00:00,315.5,180.289,61358.895,7871.0525,14181.07,21550.75,5070.2225,22052.1225,rt,2026-06-14,2026-06-13,2026-06-13 15:00:00,16,16,9_16,TimeMixer,180.289,235.9542157470703,167.6518783569336,0.0,-0.0
2026-06-14 17:00:00,378.625,275.755,66695.1625,8355.9325,9468.2525,24651.25,11461.4275,17824.185,rt,2026-06-14,2026-06-13,2026-06-13 15:00:00,17,17,17_24,TimeMixer,275.755,236.06941704711915,248.03853767089845,0.0,-0.0
2026-06-14 18:00:00,400.0,351.504,71804.3925,8956.26,4575.195,26653.75,18842.1375,13531.455,rt,2026-06-14,2026-06-13,2026-06-13 15:00:00,18,18,17_24,TimeMixer,351.504,400.7292125793457,367.1695243835449,1.0,-48.49599999999998
2026-06-14 19:00:00,415.0,358.265,75801.275,9750.9175,1190.5675,26631.25,25447.74,10941.485,rt,2026-06-14,2026-06-13,2026-06-13 15:00:00,19,19,17_24,TimeMixer,358.265,468.56775399169925,395.6453105773926,1.0,-56.735000000000014
2026-06-14 20:00:00,397.75,352.996,78280.42,10827.74,40.64,25761.25,28869.99,10868.38,rt,2026-06-14,2026-06-13,2026-06-13 15:00:00,20,20,17_24,TimeMixer,352.996,462.364509008789,398.9828154296875,1.0,-44.75400000000002
2026-06-14 21:00:00,390.0,350.0,77470.7,12233.385,0.0,23976.25,28480.265,12233.385,rt,2026-06-14,2026-06-13,2026-06-13 15:00:00,21,21,17_24,TimeMixer,350.0,464.18175897827155,400.8808902893066,1.0,-40.0
2026-06-14 22:00:00,392.0,350.22,74701.02,13481.67,0.0,22493.25,25945.3,13481.67,rt,2026-06-14,2026-06-13,2026-06-13 15:00:00,22,22,17_24,TimeMixer,350.22,474.50735493774414,370.27425311279296,1.0,-41.77999999999997
2026-06-14 23:00:00,394.0,357.788,71254.5175,14348.32,0.0,20905.5,23219.8975,14348.32,rt,2026-06-14,2026-06-13,2026-06-13 15:00:00,23,23,17_24,TimeMixer,357.788,465.8684108032227,404.2024116516113,1.0,-36.21199999999999
2026-06-15 00:00:00,400.0,361.99,69655.475,14538.9325,0.0,20414.5,21921.2425,14538.9325,rt,2026-06-15,2026-06-14,2026-06-14 15:00:00,0,24,17_24,TimeMixer,361.99,404.8688544311523,415.92396850585936,1.0,-38.00999999999999
2026-06-15 01:00:00,433.0,361.568,65258.0175,12665.6825,0.0,22595.75,17085.785,12665.6825,rt,2026-06-15,2026-06-14,2026-06-14 15:00:00,1,1,1_8,TimeMixer,361.568,413.16800435791015,388.33940307617183,0.0,-0.0
2026-06-15 02:00:00,400.0,349.409,63290.0875,12209.085,0.0,22807.0,15363.2025,12209.085,rt,2026-06-15,2026-06-14,2026-06-14 15:00:00,2,2,1_8,TimeMixer,349.409,389.66214309082034,377.1828488952637,0.0,-0.0
2026-06-15 03:00:00,389.0,351.023,61595.4825,11505.615,0.0,22861.25,14317.8175,11505.615,rt,2026-06-15,2026-06-14,2026-06-14 15:00:00,3,3,1_8,TimeMixer,351.023,375.67332139892574,373.0904371643066,0.0,-0.0
2026-06-15 04:00:00,386.0,352.874,60793.72,10636.275,0.01,22587.0,14659.635,10636.285,rt,2026-06-15,2026-06-14,2026-06-14 15:00:00,4,4,1_8,TimeMixer,352.874,369.6619382751465,365.4359778015136,0.0,-0.0
2026-06-15 05:00:00,408.0,357.522,61321.71,9719.1225,34.7,22009.5,16647.5875,9753.8225,rt,2026-06-15,2026-06-14,2026-06-14 15:00:00,5,5,1_8,TimeMixer,357.522,393.26154887084954,384.3834532470703,0.0,-0.0
2026-06-15 06:00:00,412.0,351.12,63266.8625,8783.7475,1101.2675,24283.5,16187.5475,9885.015,rt,2026-06-15,2026-06-14,2026-06-14 15:00:00,6,6,1_8,TimeMixer,351.12,370.65723972778324,370.6715026855469,0.0,-0.0
2026-06-15 07:00:00,339.0,234.573,62464.3925,7641.875,4176.905,29386.5,8352.0625,11818.78,rt,2026-06-15,2026-06-14,2026-06-14 15:00:00,7,7,1_8,TimeMixer,234.573,276.39462705688476,261.0567435302734,0.0,-0.0
2026-06-15 08:00:00,300.0,317.141,65398.135,6596.2025,8825.815,29605.0,7522.8175,15422.0175,rt,2026-06-15,2026-06-14,2026-06-14 15:00:00,8,8,1_8,TimeMixer,317.141,311.5991345822923,198.95388069152833,1.0,17.14100000000002
2026-06-15 09:00:00,300.0,332.297,65094.455,5982.57,13662.88,26685.25,5927.955,19645.45,rt,2026-06-15,2026-06-14,2026-06-14 15:00:00,9,9,9_16,TimeMixer,332.297,247.49534828956777,135.43144187927246,0.0,0.0
2026-06-15 10:00:00,267.0,299.286,62880.0675,5603.0175,17725.03,25179.25,1536.97,23328.0475,rt,2026-06-15,2026-06-14,2026-06-14 15:00:00,10,10,9_16,TimeMixer,299.286,32.59309778297475,44.20029907226562,0.0,0.0
2026-06-15 11:00:00,141.03,2.327,61682.295,5290.785,20473.62,24311.5,-1229.41,25764.405,rt,2026-06-15,2026-06-14,2026-06-14 15:00:00,11,11,9_16,TimeMixer,2.327,-50.499162511214706,49.742089843749994,0.0,-0.0
2026-06-15 12:00:00,58.72,-80.0,58110.18,5164.46,21795.31,23984.5,-5669.89,26959.77,rt,2026-06-15,2026-06-14,2026-06-14 15:00:00,12,12,9_16,TimeMixer,-80.0,-35.61045300437877,-41.87149398803711,0.0,-0.0
2026-06-15 13:00:00,29.0,-80.0,52559.4925,5195.8475,21856.4525,24182.75,-11511.3575,27052.3,rt,2026-06-15,2026-06-14,2026-06-14 15:00:00,13,13,9_16,TimeMixer,-80.0,-131.97698883689827,-28.798812866210938,0.0,-0.0
2026-06-15 14:00:00,72.5,-80.0,55049.3025,5429.5675,20802.2725,24377.25,-8395.5875,26231.84,rt,2026-06-15,2026-06-14,2026-06-14 15:00:00,14,14,9_16,TimeMixer,-80.0,-126.34257365135142,-48.881204986572264,0.0,-0.0
2026-06-15 15:00:00,41.0,-80.0,58307.795,5882.8975,18394.265,24627.0,-3432.1675,24277.1625,rt,2026-06-15,2026-06-14,2026-06-14 15:00:00,15,15,9_16,TimeMixer,-80.0,-142.3282099037928,4.756062316894528,0.0,-0.0
2026-06-15 16:00:00,281.5,103.351,63178.35,6498.8875,14565.2375,25918.0,3360.425,21064.125,rt,2026-06-15,2026-06-14,2026-06-14 15:00:00,16,16,9_16,TimeMixer,103.351,81.18408830490111,134.99929602050778,0.0,-0.0
2026-06-15 17:00:00,326.5,120.823,68171.9625,7178.2675,9684.1325,29277.5,9123.7625,16862.4,rt,2026-06-15,2026-06-14,2026-06-14 15:00:00,17,17,17_24,TimeMixer,120.823,191.6680915145874,272.85285992431636,0.0,-0.0
2026-06-15 18:00:00,405.5,339.291,73527.4,7828.5725,4664.2,31153.25,16954.3275,12492.7725,rt,2026-06-15,2026-06-14,2026-06-14 15:00:00,18,18,17_24,TimeMixer,339.291,377.9203654724121,356.39510955810545,0.0,-0.0
2026-06-15 19:00:00,449.5,346.299,77235.1925,8547.4,1223.205,31003.25,23530.5375,9770.605,rt,2026-06-15,2026-06-14,2026-06-14 15:00:00,19,19,17_24,TimeMixer,346.299,366.9130670410156,387.2348333618164,0.0,-0.0
2026-06-15 20:00:00,439.5,348.798,79552.835,9484.5875,42.0075,30259.75,26835.69,9526.595,rt,2026-06-15,2026-06-14,2026-06-14 15:00:00,20,20,17_24,TimeMixer,348.798,333.656726385498,387.2234191894531,0.0,-0.0
2026-06-15 21:00:00,385.545,349.427,78893.2475,10562.3275,0.0,28473.75,26926.37,10562.3275,rt,2026-06-15,2026-06-14,2026-06-14 15:00:00,21,21,17_24,TimeMixer,349.427,337.81519705810547,367.6700714111328,0.0,-0.0
2026-06-15 22:00:00,389.125,349.372,75771.8675,11836.2875,0.0,26601.75,24403.03,11836.2875,rt,2026-06-15,2026-06-14,2026-06-14 15:00:00,22,22,17_24,TimeMixer,349.372,343.43972974243167,333.3762553100586,0.0,-0.0
2026-06-15 23:00:00,435.0,361.258,71562.68,12763.8625,0.0,24426.25,21441.7675,12763.8625,rt,2026-06-15,2026-06-14,2026-06-14 15:00:00,23,23,17_24,TimeMixer,361.258,355.84959895629885,349.9998664855957,0.0,-0.0
2026-06-16 00:00:00,424.0,361.518,70363.2175,13155.025,0.0,22793.5,21483.8925,13155.025,rt,2026-06-16,2026-06-15,2026-06-15 15:00:00,0,24,17_24,TimeMixer,361.518,395.6727786682129,396.81883201599123,0.0,-0.0
2026-06-16 01:00:00,458.0,539.059,66073.06,11108.0475,0.0,22843.5,19210.7125,11108.0475,rt,2026-06-16,2026-06-15,2026-06-15 15:00:00,1,1,1_8,TimeMixer,539.059,391.53959322509763,416.5274833679199,0.0,0.0
2026-06-16 02:00:00,438.25,518.029,64203.03,10383.5675,0.0,22843.75,18064.9125,10383.5675,rt,2026-06-16,2026-06-15,2026-06-15 15:00:00,2,2,1_8,TimeMixer,518.029,373.3396542236328,380.4037163543701,0.0,0.0
2026-06-16 03:00:00,432.25,514.629,62886.3075,9574.18,0.0,22900.75,17500.5775,9574.18,rt,2026-06-16,2026-06-15,2026-06-15 15:00:00,3,3,1_8,TimeMixer,514.629,349.2488120239258,361.10550155639646,0.0,0.0
2026-06-16 04:00:00,439.0,516.556,61946.2925,8772.5725,0.01,22625.25,17637.66,8772.5825,rt,2026-06-16,2026-06-15,2026-06-15 15:00:00,4,4,1_8,TimeMixer,516.556,365.76204039611815,361.3439170837403,0.0,0.0
2026-06-16 05:00:00,456.0,527.45,62557.8025,8088.7625,34.935,22046.25,19477.055,8123.6975,rt,2026-06-16,2026-06-15,2026-06-15 15:00:00,5,5,1_8,TimeMixer,527.45,380.7088855117798,400.8460101013183,0.0,0.0
2026-06-16 06:00:00,457.0,492.891,64742.7025,7428.1675,1118.5025,24311.75,18973.4825,8546.67,rt,2026-06-16,2026-06-15,2026-06-15 15:00:00,6,6,1_8,TimeMixer,492.891,366.75222285156246,391.0649787902832,0.0,0.0
2026-06-16 07:00:00,329.5,184.643,64152.46,6516.8025,4403.7275,29398.5,10926.38,10920.53,rt,2026-06-16,2026-06-15,2026-06-15 15:00:00,7,7,1_8,TimeMixer,184.643,176.92317408447263,233.04872958374025,0.0,-0.0
2026-06-16 08:00:00,284.32,387.135,65813.1525,5546.75,9431.105,29617.5,8369.4975,14977.855,rt,2026-06-16,2026-06-15,2026-06-15 15:00:00,8,8,1_8,TimeMixer,387.135,342.4080701117724,174.97873039245607,1.0,102.815
2026-06-16 09:00:00,265.5,250.223,64997.3375,4799.885,14603.4225,26710.75,6047.48,19403.3075,rt,2026-06-16,2026-06-15,2026-06-15 15:00:00,9,9,9_16,TimeMixer,250.223,338.4267420175951,125.47892951965332,1.0,-15.276999999999987
2026-06-16 10:00:00,144.0,373.347,62218.38,4270.8925,18716.4175,25207.75,1187.52,22987.31,rt,2026-06-16,2026-06-15,2026-06-15 15:00:00,10,10,9_16,TimeMixer,373.347,102.67718660743762,85.42105354003905,0.0,0.0
2026-06-16 11:00:00,20.0,540.651,60989.755,3945.035,21384.9225,24343.0,-1519.0025,25329.9575,rt,2026-06-16,2026-06-15,2026-06-15 15:00:00,11,11,9_16,TimeMixer,540.651,-35.00458512840221,14.872383087158198,0.0,0.0
2026-06-16 12:00:00,0.0,315.524,57556.425,3842.6925,22657.2275,24013.5,-5792.795,26499.92,rt,2026-06-16,2026-06-15,2026-06-15 15:00:00,12,12,9_16,TimeMixer,315.524,-127.53715777976937,-48.60586148071289,0.0,0.0
2026-06-16 13:00:00,-30.0,56.218,50232.055,3985.4425,22734.52,24211.5,-13535.2075,26719.9625,rt,2026-06-16,2026-06-15,2026-06-15 15:00:00,13,13,9_16,TimeMixer,56.218,-135.78441251609752,-56.051316528320314,0.0,0.0
2026-06-16 14:00:00,-31.0,36.401,53133.28,4451.7175,21708.5475,24407.0,-10269.785,26160.265,rt,2026-06-16,2026-06-15,2026-06-15 15:00:00,14,14,9_16,TimeMixer,36.401,-102.81978881004282,-47.65666961669922,0.0,0.0
2026-06-16 15:00:00,0.0,-75.294,56478.0825,5042.435,19248.5825,24657.5,-5321.235,24291.0175,rt,2026-06-16,2026-06-15,2026-06-15 15:00:00,15,15,9_16,TimeMixer,-75.294,-121.73844145164439,-28.461851501464846,0.0,-0.0
2026-06-16 16:00:00,145.5,-80.0,61447.4775,5725.4925,15302.285,25936.25,1617.65,21027.7775,rt,2026-06-16,2026-06-15,2026-06-15 15:00:00,16,16,9_16,TimeMixer,-80.0,155.04625617370604,100.72447052001954,1.0,-225.5
2026-06-16 17:00:00,314.0,168.901,66886.03,6413.5325,10152.52,29277.0,8123.4275,16566.0525,rt,2026-06-16,2026-06-15,2026-06-15 15:00:00,17,17,17_24,TimeMixer,168.901,207.40750891113282,240.98689636230472,0.0,-0.0
2026-06-16 18:00:00,423.838,499.266,72476.2725,7178.94,4795.5575,31152.25,16422.475,11974.4975,rt,2026-06-16,2026-06-15,2026-06-15 15:00:00,18,18,17_24,TimeMixer,499.266,419.3362172973633,363.37462890625,0.0,0.0
2026-06-16 19:00:00,470.075,524.195,75663.04,8231.43,1242.16,31003.75,22254.9,9473.59,rt,2026-06-16,2026-06-15,2026-06-15 15:00:00,19,19,17_24,TimeMixer,524.195,423.36471433715815,406.5766559448242,0.0,0.0
2026-06-16 20:00:00,460.5,472.235,77907.65,9453.265,42.245,30259.25,25222.09,9495.51,rt,2026-06-16,2026-06-15,2026-06-15 15:00:00,20,20,17_24,TimeMixer,472.235,386.9942198242187,414.92970886230466,0.0,0.0
2026-06-16 21:00:00,440.0,411.149,77222.795,10826.2225,0.0,28474.25,24991.5225,10826.2225,rt,2026-06-16,2026-06-15,2026-06-15 15:00:00,21,21,17_24,TimeMixer,411.149,377.57908688964847,366.07795520019533,0.0,-0.0
2026-06-16 22:00:00,433.838,386.038,74637.8375,12071.1075,0.0,26574.75,23061.18,12071.1075,rt,2026-06-16,2026-06-15,2026-06-15 15:00:00,22,22,17_24,TimeMixer,386.038,382.9580075683594,356.0629791259766,0.0,-0.0
2026-06-16 23:00:00,440.0,437.608,70424.34,12968.435,0.0,24361.75,20163.355,12968.435,rt,2026-06-16,2026-06-15,2026-06-15 15:00:00,23,23,17_24,TimeMixer,437.608,383.9471268310547,411.9098419189453,0.0,-0.0
2026-06-17 00:00:00,450.5,459.6,69301.095,13315.04,0.0,22723.5,20331.755,13315.04,rt,2026-06-17,2026-06-16,2026-06-16 15:00:00,0,24,17_24,TimeMixer,459.6,418.155879119873,441.22662963867185,0.0,0.0
2026-06-17 01:00:00,487.5,519.48,67248.3575,13154.51,0.0,22992.75,17880.2975,13154.51,rt,2026-06-17,2026-06-16,2026-06-16 15:00:00,1,1,1_8,TimeMixer,519.48,482.16416284179684,423.7630676269531,0.0,0.0
2026-06-17 02:00:00,469.35,494.69,65122.7675,12536.35,0.0,22971.75,16393.8675,12536.35,rt,2026-06-17,2026-06-16,2026-06-16 15:00:00,2,2,1_8,TimeMixer,494.69,465.6879704345703,418.88402557373047,0.0,0.0
2026-06-17 03:00:00,460.0,500.67,63551.4225,11396.1175,0.0,23001.75,15932.755,11396.1175,rt,2026-06-17,2026-06-16,2026-06-16 15:00:00,3,3,1_8,TimeMixer,500.67,466.4477504150391,401.0429092407226,1.0,40.670000000000016
2026-06-17 04:00:00,462.5,518.6,62653.2425,9942.7775,0.01,22732.75,16756.905,9942.7875,rt,2026-06-17,2026-06-16,2026-06-16 15:00:00,4,4,1_8,TimeMixer,518.6,475.0604463134765,416.51701507568356,1.0,56.10000000000002
2026-06-17 05:00:00,494.2,524.5,63383.0325,8528.69,30.1975,22145.0,19458.345,8558.8875,rt,2026-06-17,2026-06-16,2026-06-16 15:00:00,5,5,1_8,TimeMixer,524.5,500.1292987182617,427.61660156249997,1.0,30.30000000000001
2026-06-17 06:00:00,496.9,433.65,64920.2575,7214.955,1067.6925,23921.5,19495.31,8282.6475,rt,2026-06-17,2026-06-16,2026-06-16 15:00:00,6,6,1_8,TimeMixer,433.65,460.25889156494134,407.07056396484376,0.0,-0.0
2026-06-17 07:00:00,333.5,-3.68,64490.605,5827.0825,4230.425,28003.25,13216.5475,10057.5075,rt,2026-06-17,2026-06-16,2026-06-16 15:00:00,7,7,1_8,TimeMixer,-3.68,209.4721731262207,263.42996162719726,0.0,-0.0
2026-06-17 08:00:00,384.75,258.39,66727.88,4530.2075,9173.06,28400.75,11488.0625,13703.2675,rt,2026-06-17,2026-06-16,2026-06-16 15:00:00,8,8,1_8,TimeMixer,258.39,413.6365947168748,265.9728028182983,1.0,-126.36000000000001
2026-06-17 09:00:00,350.0,263.38,66446.92,3524.61,14360.42,26296.75,9184.34,17885.03,rt,2026-06-17,2026-06-16,2026-06-16 15:00:00,9,9,9_16,TimeMixer,263.38,316.089141612932,241.2461275577545,0.0,-0.0
2026-06-17 10:00:00,300.0,255.56,63701.8925,2791.0425,18597.6075,24500.0,4809.9425,21388.65,rt,2026-06-17,2026-06-16,2026-06-16 15:00:00,10,10,9_16,TimeMixer,255.56,85.7780274887853,91.63044700622558,0.0,-0.0
2026-06-17 11:00:00,247.5,341.9,62602.3725,2158.8225,21220.005,23044.0,3223.745,23378.8275,rt,2026-06-17,2026-06-16,2026-06-16 15:00:00,11,11,9_16,TimeMixer,341.9,99.7077029013829,17.613488960266114,0.0,0.0
2026-06-17 12:00:00,171.788,454.49,60082.965,1769.22,22403.6975,22923.75,67.9975,24172.9175,rt,2026-06-17,2026-06-16,2026-06-16 15:00:00,12,12,9_16,TimeMixer,454.49,13.013228021011862,-15.19306640625,0.0,0.0
2026-06-17 13:00:00,105.0,437.43,55280.72,1628.2225,22246.1025,22923.75,-4430.655,23874.325,rt,2026-06-17,2026-06-16,2026-06-16 15:00:00,13,13,9_16,TimeMixer,437.43,-75.02722987937877,-28.451043701171876,0.0,0.0
2026-06-17 14:00:00,65.453,436.02,58580.19,1665.6825,20745.965,22998.25,224.4925,22411.6475,rt,2026-06-17,2026-06-16,2026-06-16 15:00:00,14,14,9_16,TimeMixer,436.02,-125.1058915810389,-40.64723092651367,0.0,0.0
2026-06-17 15:00:00,135.0,,62695.3,1865.065,17945.18,23204.0,6677.755,19810.245,rt,2026-06-17,2026-06-16,2026-06-16 15:00:00,15,15,9_16,TimeMixer,,-161.96034436424205,23.01881396484375,0.0,
2026-06-17 16:00:00,357.1,,67612.34,2175.29,13874.665,24739.25,13732.335,16049.955,rt,2026-06-17,2026-06-16,2026-06-16 15:00:00,16,16,9_16,TimeMixer,,30.312594931030276,154.06197636127473,0.0,
2026-06-17 17:00:00,448.355,,72561.1725,2495.0775,9040.08,27851.75,19960.965,11535.1575,rt,2026-06-17,2026-06-16,2026-06-16 15:00:00,17,17,17_24,TimeMixer,,280.1261989692688,312.8139575958252,0.0,
2026-06-17 18:00:00,550.0,,76857.315,2893.7075,4261.2175,29158.25,27308.34,7154.925,rt,2026-06-17,2026-06-16,2026-06-16 15:00:00,18,18,17_24,TimeMixer,,555.7667335918426,448.45397530822754,1.0,
2026-06-17 19:00:00,600.0,,79464.6675,3496.7125,1128.745,29170.5,32427.91,4625.4575,rt,2026-06-17,2026-06-16,2026-06-16 15:00:00,19,19,17_24,TimeMixer,,586.6537142210007,482.72712841796874,0.0,
2026-06-17 20:00:00,519.163,,81421.6625,4374.1625,41.8425,28380.75,35384.1075,4416.005,rt,2026-06-17,2026-06-16,2026-06-16 15:00:00,20,20,17_24,TimeMixer,,527.5790486938477,470.3692367553711,1.0,
2026-06-17 21:00:00,523.388,,80759.08,5360.39,0.0,26510.75,35647.14,5360.39,rt,2026-06-17,2026-06-16,2026-06-16 15:00:00,21,21,17_24,TimeMixer,,487.7270618469238,464.27159576416017,0.0,
2026-06-17 22:00:00,570.0,,78133.0175,6352.1975,0.0,25000.25,33539.77,6352.1975,rt,2026-06-17,2026-06-16,2026-06-16 15:00:00,22,22,17_24,TimeMixer,,463.99812459716793,456.48636701660155,0.0,
2026-06-17 23:00:00,574.75,,74124.1225,7218.0625,0.0,23826.5,29838.76,7218.0625,rt,2026-06-17,2026-06-16,2026-06-16 15:00:00,23,23,17_24,TimeMixer,,488.5093240859985,469.1416790008545,0.0,
2026-06-18 00:00:00,594.5,,72873.1425,7525.1875,0.0,22721.75,29385.405,7525.1875,rt,2026-06-18,2026-06-17,2026-06-17 15:00:00,0,24,17_24,TimeMixer,,,502.89158905029296,0.0,
2026-06-18 01:00:00,,,69363.87,6224.915,0.0,22921.75,26946.405,6224.915,rt,2026-06-18,2026-06-17,2026-06-17 15:00:00,1,1,1_8,TimeMixer,,,500.6214714050293,0.0,
2026-06-18 02:00:00,,,67123.905,5842.7775,0.0,22849.75,25160.5775,5842.7775,rt,2026-06-18,2026-06-17,2026-06-17 15:00:00,2,2,1_8,TimeMixer,,,494.93873725891115,0.0,
2026-06-18 03:00:00,,,65237.955,5336.2425,0.0,22826.5,23804.4125,5336.2425,rt,2026-06-18,2026-06-17,2026-06-17 15:00:00,3,3,1_8,TimeMixer,,,468.1488494873047,0.0,
2026-06-18 04:00:00,,,64413.13,4794.2,0.01,22555.25,23792.87,4794.21,rt,2026-06-18,2026-06-17,2026-06-17 15:00:00,4,4,1_8,TimeMixer,,,476.6454257965088,0.0,
2026-06-18 05:00:00,,,64943.535,4249.7075,32.02,22059.0,25332.0075,4281.7275,rt,2026-06-18,2026-06-17,2026-06-17 15:00:00,5,5,1_8,TimeMixer,,,497.09747023925775,0.0,
2026-06-18 06:00:00,,,66635.4575,3720.5075,1010.255,23890.0,24743.895,4730.7625,rt,2026-06-18,2026-06-17,2026-06-17 15:00:00,6,6,1_8,TimeMixer,,,487.88595336914057,0.0,
2026-06-18 07:00:00,,,67395.9775,3024.2725,3833.0075,27874.0,19401.3975,6857.28,rt,2026-06-18,2026-06-17,2026-06-17 15:00:00,7,7,1_8,TimeMixer,,,323.98967924499516,0.0,
2026-06-18 08:00:00,,,71974.495,2173.8925,7827.805,28401.0,20385.9975,10001.6975,rt,2026-06-18,2026-06-17,2026-06-17 15:00:00,8,8,1_8,TimeMixer,,,397.4680839538574,0.0,
2026-06-18 09:00:00,,,74090.1625,1569.2525,11728.0725,26509.25,21152.7875,13297.325,rt,2026-06-18,2026-06-17,2026-06-17 15:00:00,9,9,9_16,TimeMixer,,,343.82053833007814,0.0,
2026-06-18 10:00:00,,,73822.6325,1304.9625,14760.1325,24970.25,19733.9875,16065.095,rt,2026-06-18,2026-06-17,2026-06-17 15:00:00,10,10,9_16,TimeMixer,,,279.7550735473633,0.0,
2026-06-18 11:00:00,,,73568.135,1251.1775,16590.575,23787.25,18933.3325,17841.7525,rt,2026-06-18,2026-06-17,2026-06-17 15:00:00,11,11,9_16,TimeMixer,,,238.97324342041017,0.0,
2026-06-18 12:00:00,,,70585.275,1338.9925,17303.605,23697.25,15277.1275,18642.5975,rt,2026-06-18,2026-06-17,2026-06-17 15:00:00,12,12,9_16,TimeMixer,,,163.55122712402346,0.0,
2026-06-18 13:00:00,,,65028.515,1571.31,16900.7125,23704.25,9888.9425,18472.0225,rt,2026-06-18,2026-06-17,2026-06-17 15:00:00,13,13,9_16,TimeMixer,,,145.18296661376954,0.0,
2026-06-18 14:00:00,,,68058.025,1966.885,15432.225,23590.0,14073.115,17399.11,rt,2026-06-18,2026-06-17,2026-06-17 15:00:00,14,14,9_16,TimeMixer,,,125.19873328857422,0.0,
2026-06-18 15:00:00,,,72016.65,2439.085,12820.1725,23722.25,19981.8425,15259.2575,rt,2026-06-18,2026-06-17,2026-06-17 15:00:00,15,15,9_16,TimeMixer,,,166.7596008300781,0.0,
2026-06-18 16:00:00,,,75782.365,2877.055,9584.59,25273.0,24906.92,12461.645,rt,2026-06-18,2026-06-17,2026-06-17 15:00:00,16,16,9_16,TimeMixer,,,206.55371482849122,0.0,
2026-06-18 17:00:00,,,78185.0375,3331.1925,6111.1025,28362.25,27117.1925,9442.295,rt,2026-06-18,2026-06-17,2026-06-17 15:00:00,17,17,17_24,TimeMixer,,,343.51009320068357,0.0,
2026-06-18 18:00:00,,,80126.4425,3791.745,2864.295,29499.0,30685.6025,6656.04,rt,2026-06-18,2026-06-17,2026-06-17 15:00:00,18,18,17_24,TimeMixer,,,512.4801699523925,0.0,
2026-06-18 19:00:00,,,81223.69,4311.9225,774.125,29609.0,33237.8425,5086.0475,rt,2026-06-18,2026-06-17,2026-06-17 15:00:00,19,19,17_24,TimeMixer,,,546.1192588806152,0.0,
2026-06-18 20:00:00,,,82693.925,5050.22,34.22,28840.0,35478.685,5084.44,rt,2026-06-18,2026-06-17,2026-06-17 15:00:00,20,20,17_24,TimeMixer,,,502.24261597900386,0.0,
2026-06-18 21:00:00,,,81881.8525,5903.4825,0.0,26534.0,36153.57,5903.4825,rt,2026-06-18,2026-06-17,2026-06-17 15:00:00,21,21,17_24,TimeMixer,,,504.63725785522456,0.0,
2026-06-18 22:00:00,,,79201.655,6780.945,0.0,24950.0,34179.91,6780.945,rt,2026-06-18,2026-06-17,2026-06-17 15:00:00,22,22,17_24,TimeMixer,,,530.5377743530273,0.0,
2026-06-18 23:00:00,,,75439.68,7473.7625,0.0,23680.0,30995.1175,7473.7625,rt,2026-06-18,2026-06-17,2026-06-17 15:00:00,23,23,17_24,TimeMixer,,,541.718960571289,0.0,
