ds,day_ahead_clearing_price,realtime_price,load,wind,solar,interconnect,bidding_space,renewable,task,target_day,decision_day,info_cutoff,hour_physical,hour_business,period,model_name,y_true,y_pred,pred_day_ahead_price,traded,profit_per_mwh
2026-06-01 00:00:00,400.0,296.643,63568.2925,20531.2525,11.6,17238.5,12660.44,20542.8525,da,2026-06-01,2026-05-31,2026-05-31 15:00:00,0,24,17_24,TimeMixer,400.0,496.3403130722046,,,
2026-06-01 01:00:00,360.0,365.425,62153.1425,19470.2425,12.8,18214.75,11648.85,19483.0425,da,2026-06-01,2026-05-31,2026-05-31 15:00:00,1,1,1_8,TimeMixer,360.0,399.45472496032716,,,
2026-06-01 02:00:00,352.613,356.766,60403.3875,18000.0875,12.1,18203.25,11381.45,18012.1875,da,2026-06-01,2026-05-31,2026-05-31 15:00:00,2,2,1_8,TimeMixer,352.613,356.42041397094727,,,
2026-06-01 03:00:00,363.975,355.431,58997.6075,16140.4525,12.5,18362.75,11675.405,16152.9525,da,2026-06-01,2026-05-31,2026-05-31 15:00:00,3,3,1_8,TimeMixer,363.975,323.7147149963378,,,
2026-06-01 04:00:00,387.378,322.16,58306.5325,14034.6075,12.3,18441.0,13012.125,14046.9075,da,2026-06-01,2026-05-31,2026-05-31 15:00:00,4,4,1_8,TimeMixer,387.378,312.9329560272217,,,
2026-06-01 05:00:00,396.5,359.101,58908.2725,12253.87,42.8275,18425.25,15379.825,12296.6975,da,2026-06-01,2026-05-31,2026-05-31 15:00:00,5,5,1_8,TimeMixer,396.5,309.2182956695557,,,
2026-06-01 06:00:00,376.25,362.442,60521.0325,10824.8125,1177.2125,19782.75,15929.7575,12002.025,da,2026-06-01,2026-05-31,2026-05-31 15:00:00,6,6,1_8,TimeMixer,376.25,317.711275100708,,,
2026-06-01 07:00:00,100.0,34.998,59231.97,9471.93,4618.1675,22604.5,9734.6225,14090.0975,da,2026-06-01,2026-05-31,2026-05-31 15:00:00,7,7,1_8,TimeMixer,100.0,67.18516006469727,,,
2026-06-01 08:00:00,-70.0,-53.391,57053.2425,8060.2175,9894.59,23231.25,3123.185,17954.8075,da,2026-06-01,2026-05-31,2026-05-31 15:00:00,8,8,1_8,TimeMixer,-70.0,51.151329040527344,,,
2026-06-01 09:00:00,-70.0,155.503,55404.1975,6886.0175,15341.655,21785.75,-1340.725,22227.6725,da,2026-06-01,2026-05-31,2026-05-31 15:00:00,9,9,9_16,TimeMixer,-70.0,-47.75422363281251,,,
2026-06-01 10:00:00,-75.0,-74.006,52232.135,6213.605,19788.67,19803.25,-6304.89,26002.275,da,2026-06-01,2026-05-31,2026-05-31 15:00:00,10,10,9_16,TimeMixer,-75.0,-60.9422576904297,,,
2026-06-01 11:00:00,-75.0,-70.772,52965.7825,5818.94,22595.34,18915.5,-7095.4975,28414.28,da,2026-06-01,2026-05-31,2026-05-31 15:00:00,11,11,9_16,TimeMixer,-75.0,-66.21934204101564,,,
2026-06-01 12:00:00,-75.0,-80.0,52004.3875,5520.07,23906.0975,18778.5,-8931.78,29426.1675,da,2026-06-01,2026-05-31,2026-05-31 15:00:00,12,12,9_16,TimeMixer,-75.0,-32.52699279785156,,,
2026-06-01 13:00:00,-75.0,-48.675,48133.1025,5212.01,23966.345,18870.0,-12646.7525,29178.355,da,2026-06-01,2026-05-31,2026-05-31 15:00:00,13,13,9_16,TimeMixer,-75.0,-63.35758972167969,,,
2026-06-01 14:00:00,-75.0,-70.535,49869.2825,5133.3,22860.0125,19093.75,-9949.28,27993.3125,da,2026-06-01,2026-05-31,2026-05-31 15:00:00,14,14,9_16,TimeMixer,-75.0,-33.52730712890627,,,
2026-06-01 15:00:00,-75.0,-80.0,52357.135,5314.7575,20252.735,19872.0,-5813.8575,25567.4925,da,2026-06-01,2026-05-31,2026-05-31 15:00:00,15,15,9_16,TimeMixer,-75.0,-4.464257446289082,,,
2026-06-01 16:00:00,-49.34,-80.0,56616.005,5755.225,16034.66,20961.5,1133.12,21789.885,da,2026-06-01,2026-05-31,2026-05-31 15:00:00,16,16,9_16,TimeMixer,-49.34,86.52805944824217,,,
2026-06-01 17:00:00,310.77,195.515,62909.085,6349.8825,10476.0625,22054.25,11224.89,16825.945,da,2026-06-01,2026-05-31,2026-05-31 15:00:00,17,17,17_24,TimeMixer,310.77,178.812746673584,,,
2026-06-01 18:00:00,398.5,550.118,68725.975,7147.135,4811.985,23777.5,20166.605,11959.12,da,2026-06-01,2026-05-31,2026-05-31 15:00:00,18,18,17_24,TimeMixer,398.5,312.7321804046631,,,
2026-06-01 19:00:00,514.873,562.554,73097.8075,8396.66,1117.75,23749.25,27007.6475,9514.41,da,2026-06-01,2026-05-31,2026-05-31 15:00:00,19,19,17_24,TimeMixer,514.873,409.1749641418457,,,
2026-06-01 20:00:00,505.875,547.537,75455.8675,10115.1525,30.07,22658.25,29825.895,10145.2225,da,2026-06-01,2026-05-31,2026-05-31 15:00:00,20,20,17_24,TimeMixer,505.875,455.8854749679565,,,
2026-06-01 21:00:00,501.375,608.046,74108.5375,11762.1275,12.2,21836.25,27671.46,11774.3275,da,2026-06-01,2026-05-31,2026-05-31 15:00:00,21,21,17_24,TimeMixer,501.375,433.60698572540286,,,
2026-06-01 22:00:00,446.875,613.371,71544.965,13293.875,12.7,20453.25,24958.64,13306.575,da,2026-06-01,2026-05-31,2026-05-31 15:00:00,22,22,17_24,TimeMixer,446.875,438.8006783485413,,,
2026-06-01 23:00:00,431.5,514.696,69346.56,14412.445,11.6,18884.25,23211.765,14424.045,da,2026-06-01,2026-05-31,2026-05-31 15:00:00,23,23,17_24,TimeMixer,431.5,441.60884246826174,,,
2026-06-02 00:00:00,411.5,424.837,66235.8925,14977.5325,11.6,17302.5,21117.76,14989.1325,da,2026-06-02,2026-06-01,2026-06-01 15:00:00,0,24,17_24,TimeMixer,411.5,415.42879219055175,,,
2026-06-02 01:00:00,475.25,404.257,64207.3,14990.43,11.9,19762.25,16636.22,15002.33,da,2026-06-02,2026-06-01,2026-06-01 15:00:00,1,1,1_8,TimeMixer,475.25,377.17611131668093,,,
2026-06-02 02:00:00,400.0,354.302,62893.4325,14549.0375,12.0,19768.0,15757.895,14561.0375,da,2026-06-02,2026-06-01,2026-06-01 15:00:00,2,2,1_8,TimeMixer,400.0,333.8527678039551,,,
2026-06-02 03:00:00,400.0,341.615,61754.745,13852.8425,11.7,19802.0,15281.7025,13864.5425,da,2026-06-02,2026-06-01,2026-06-01 15:00:00,3,3,1_8,TimeMixer,400.0,337.78938652038573,,,
2026-06-02 04:00:00,411.5,335.385,60896.78,13008.9775,12.7,19810.75,15257.8525,13021.6775,da,2026-06-02,2026-06-01,2026-06-01 15:00:00,4,4,1_8,TimeMixer,411.5,364.3091445320129,,,
2026-06-02 05:00:00,433.67,369.238,61463.675,12166.9625,46.6175,19622.25,16821.345,12213.58,da,2026-06-02,2026-06-01,2026-06-01 15:00:00,5,5,1_8,TimeMixer,433.67,369.3327075958252,,,
2026-06-02 06:00:00,367.5,272.422,62133.455,11289.655,1413.38,21046.5,15577.42,12703.035,da,2026-06-02,2026-06-01,2026-06-01 15:00:00,6,6,1_8,TimeMixer,367.5,360.38136178180577,,,
2026-06-02 07:00:00,86.0,-80.0,59664.2675,10065.22,5561.3475,24695.25,6539.7,15626.5675,da,2026-06-02,2026-06-01,2026-06-01 15:00:00,7,7,1_8,TimeMixer,86.0,162.48601608276368,,,
2026-06-02 08:00:00,-29.0,-80.0,57333.12,8461.9125,11567.755,25110.25,-550.7975,20029.6675,da,2026-06-02,2026-06-01,2026-06-01 15:00:00,8,8,1_8,TimeMixer,-29.0,43.432683563232416,,,
2026-06-02 09:00:00,-70.0,-80.0,55326.8325,7212.52,17103.6375,23052.0,-4772.825,24316.1575,da,2026-06-02,2026-06-01,2026-06-01 15:00:00,9,9,9_16,TimeMixer,-70.0,-42.49027404785156,,,
2026-06-02 10:00:00,-74.988,-80.0,52129.3675,6576.7625,21250.1625,21379.5,-9808.5575,27826.925,da,2026-06-02,2026-06-01,2026-06-01 15:00:00,10,10,9_16,TimeMixer,-74.988,-63.066308593749994,,,
2026-06-02 11:00:00,-75.0,-80.0,53060.835,6216.9125,23583.8975,19848.5,-9319.975,29800.81,da,2026-06-02,2026-06-01,2026-06-01 15:00:00,11,11,9_16,TimeMixer,-75.0,-68.42156982421875,,,
2026-06-02 12:00:00,-75.0,-66.698,52939.6825,5876.1575,24439.485,19613.0,-9720.46,30315.6425,da,2026-06-02,2026-06-01,2026-06-01 15:00:00,12,12,9_16,TimeMixer,-75.0,-40.42112731933594,,,
2026-06-02 13:00:00,-75.0,-59.163,49009.885,5577.22,24309.4875,19613.25,-13221.5725,29886.7075,da,2026-06-02,2026-06-01,2026-06-01 15:00:00,13,13,9_16,TimeMixer,-75.0,-70.75161743164062,,,
2026-06-02 14:00:00,-75.0,-56.988,51183.9875,5387.11,23204.6925,19750.25,-9889.565,28591.8025,da,2026-06-02,2026-06-01,2026-06-01 15:00:00,14,14,9_16,TimeMixer,-75.0,-48.51033020019531,,,
2026-06-02 15:00:00,-70.0,-75.992,53589.2375,5430.4,20588.7225,19953.5,-5114.885,26019.1225,da,2026-06-02,2026-06-01,2026-06-01 15:00:00,15,15,9_16,TimeMixer,-70.0,-25.183319091796875,,,
2026-06-02 16:00:00,-30.0,64.24,58034.0825,5741.44,16267.0825,21162.5,2131.56,22008.5225,da,2026-06-02,2026-06-01,2026-06-01 15:00:00,16,16,9_16,TimeMixer,-30.0,57.77950372314453,,,
2026-06-02 17:00:00,312.175,463.308,64635.1175,6309.735,10548.38,24231.0,10742.0025,16858.115,da,2026-06-02,2026-06-01,2026-06-01 15:00:00,17,17,17_24,TimeMixer,312.175,323.2635557098389,,,
2026-06-02 18:00:00,455.7,636.413,70477.2375,7228.7475,4785.135,25879.0,19761.605,12013.8825,da,2026-06-02,2026-06-01,2026-06-01 15:00:00,18,18,17_24,TimeMixer,455.7,386.8593776702881,,,
2026-06-02 19:00:00,546.81,594.886,74789.315,8605.4575,1119.1525,25774.0,26464.205,9724.61,da,2026-06-02,2026-06-01,2026-06-01 15:00:00,19,19,17_24,TimeMixer,546.81,451.5287209594727,,,
2026-06-02 20:00:00,546.75,510.564,77639.8725,10165.775,31.8,24847.0,29768.7975,10197.575,da,2026-06-02,2026-06-01,2026-06-01 15:00:00,20,20,17_24,TimeMixer,546.75,477.29270696640015,,,
2026-06-02 21:00:00,551.5,521.208,76700.5025,11524.0625,11.3,23057.0,29281.64,11535.3625,da,2026-06-02,2026-06-01,2026-06-01 15:00:00,21,21,17_24,TimeMixer,551.5,460.74671268463135,,,
2026-06-02 22:00:00,545.75,521.952,74308.615,12417.2025,11.9,21617.0,27436.0125,12429.1025,da,2026-06-02,2026-06-01,2026-06-01 15:00:00,22,22,17_24,TimeMixer,545.75,439.2587700843811,,,
2026-06-02 23:00:00,521.0,493.448,71600.08,12875.27,12.6,19987.25,25898.46,12887.87,da,2026-06-02,2026-06-01,2026-06-01 15:00:00,23,23,17_24,TimeMixer,521.0,442.33557853698727,,,
2026-06-03 00:00:00,500.0,615.833,67735.0225,12998.0875,11.4,18536.0,23363.035,13009.4875,da,2026-06-03,2026-06-02,2026-06-02 15:00:00,0,24,17_24,TimeMixer,500.0,407.89878253936763,,,
2026-06-03 01:00:00,494.0,516.964,67722.6825,11864.5675,12.6,19530.0,23609.015,11877.1675,da,2026-06-03,2026-06-02,2026-06-02 15:00:00,1,1,1_8,TimeMixer,494.0,436.2549222946167,,,
2026-06-03 02:00:00,447.0,471.11,65746.605,11612.245,12.1,19530.0,21885.76,11624.345,da,2026-06-03,2026-06-02,2026-06-02 15:00:00,2,2,1_8,TimeMixer,447.0,373.35077510833736,,,
2026-06-03 03:00:00,440.0,429.557,63826.375,11316.245,11.9,19530.0,20261.73,11328.145,da,2026-06-03,2026-06-02,2026-06-02 15:00:00,3,3,1_8,TimeMixer,440.0,362.56361877441407,,,
2026-06-03 04:00:00,445.5,434.58,62616.88,11012.2475,11.51,19530.0,19356.6225,11023.7575,da,2026-06-03,2026-06-02,2026-06-02 15:00:00,4,4,1_8,TimeMixer,445.5,369.4767462921142,,,
2026-06-03 05:00:00,412.5,481.472,63182.1775,10712.045,33.535,19361.0,20369.0975,10745.58,da,2026-06-03,2026-06-02,2026-06-02 15:00:00,5,5,1_8,TimeMixer,412.5,389.85027239990234,,,
2026-06-03 06:00:00,413.2,478.715,64286.2975,10211.7125,927.8625,20823.75,19616.4725,11139.575,da,2026-06-03,2026-06-02,2026-06-02 15:00:00,6,6,1_8,TimeMixer,413.2,343.92138114929196,,,
2026-06-03 07:00:00,274.313,317.513,64883.6825,9345.2725,3496.25,24590.5,14748.91,12841.5225,da,2026-06-03,2026-06-02,2026-06-02 15:00:00,7,7,1_8,TimeMixer,274.313,163.92930030822754,,,
2026-06-03 08:00:00,232.64,389.433,66791.265,8350.29,7483.3125,24902.75,13410.9125,15833.6025,da,2026-06-03,2026-06-02,2026-06-02 15:00:00,8,8,1_8,TimeMixer,232.64,116.50923500061035,,,
2026-06-03 09:00:00,276.0,465.032,67746.0425,7668.73,11866.3,22662.25,12917.2625,19535.03,da,2026-06-03,2026-06-02,2026-06-02 15:00:00,9,9,9_16,TimeMixer,276.0,112.33340958738327,,,
2026-06-03 10:00:00,95.5,482.101,66591.725,7610.97,15498.96,21138.0,9712.295,23109.93,da,2026-06-03,2026-06-02,2026-06-02 15:00:00,10,10,9_16,TimeMixer,95.5,92.17746748657227,,,
2026-06-03 11:00:00,4.5,488.563,65908.635,7765.9325,18279.0975,19475.0,7757.105,26045.03,da,2026-06-03,2026-06-02,2026-06-02 15:00:00,11,11,9_16,TimeMixer,4.5,82.63284530639648,,,
2026-06-03 12:00:00,30.5,477.629,63208.0,8036.2975,20044.51,19176.0,3319.6925,28080.8075,da,2026-06-03,2026-06-02,2026-06-02 15:00:00,12,12,9_16,TimeMixer,30.5,91.58294525146485,,,
2026-06-03 13:00:00,8.5,388.951,58326.6325,8222.8175,20462.5875,19150.25,-2140.5225,28685.405,da,2026-06-03,2026-06-02,2026-06-02 15:00:00,13,13,9_16,TimeMixer,8.5,69.83713630676269,,,
2026-06-03 14:00:00,6.56,202.338,60841.9975,8442.3375,19219.1125,19319.75,1229.2975,27661.45,da,2026-06-03,2026-06-02,2026-06-02 15:00:00,14,14,9_16,TimeMixer,6.56,84.2666515197754,,,
2026-06-03 15:00:00,83.25,119.573,64340.6375,8702.0175,16530.975,19568.5,6907.645,25232.9925,da,2026-06-03,2026-06-02,2026-06-02 15:00:00,15,15,9_16,TimeMixer,83.25,103.35840301513672,,,
2026-06-03 16:00:00,300.0,42.106,69173.92,9225.59,12580.81,20752.0,13984.02,21806.4,da,2026-06-03,2026-06-02,2026-06-02 15:00:00,16,16,9_16,TimeMixer,300.0,124.21652030944824,,,
2026-06-03 17:00:00,402.5,497.462,73973.2625,9860.7225,7867.675,23776.75,19764.115,17728.3975,da,2026-06-03,2026-06-02,2026-06-02 15:00:00,17,17,17_24,TimeMixer,402.5,324.3220764923096,,,
2026-06-03 18:00:00,502.0,572.353,77364.875,10333.8175,3488.9125,25360.75,25458.645,13822.73,da,2026-06-03,2026-06-02,2026-06-02 15:00:00,18,18,17_24,TimeMixer,502.0,429.732041809082,,,
2026-06-03 19:00:00,524.0,536.775,79504.52,10824.125,822.3525,25323.75,29807.7925,11646.4775,da,2026-06-03,2026-06-02,2026-06-02 15:00:00,19,19,17_24,TimeMixer,524.0,507.6017600402831,,,
2026-06-03 20:00:00,520.0,531.978,80497.1675,11263.1075,28.535,24610.75,31868.275,11291.6425,da,2026-06-03,2026-06-02,2026-06-02 15:00:00,20,20,17_24,TimeMixer,520.0,517.6855282707214,,,
2026-06-03 21:00:00,527.0,539.882,79361.9475,11085.115,11.6,22984.25,32554.4825,11096.715,da,2026-06-03,2026-06-02,2026-06-02 15:00:00,21,21,17_24,TimeMixer,527.0,531.7053550872803,,,
2026-06-03 22:00:00,545.995,519.857,76176.1075,10720.945,12.6,21417.25,31298.8125,10733.545,da,2026-06-03,2026-06-02,2026-06-02 15:00:00,22,22,17_24,TimeMixer,545.995,509.24005997467043,,,
2026-06-03 23:00:00,540.5,421.655,72177.335,10239.8025,13.0,19640.5,29557.5325,10252.8025,da,2026-06-03,2026-06-02,2026-06-02 15:00:00,23,23,17_24,TimeMixer,540.5,485.8436881408691,,,
2026-06-04 00:00:00,540.5,414.112,70079.02,9437.9325,11.6,18387.75,29515.2375,9449.5325,da,2026-06-04,2026-06-03,2026-06-03 15:00:00,0,24,17_24,TimeMixer,540.5,492.6248864412308,,,
2026-06-04 01:00:00,525.0,590.569,62988.9225,8087.0075,0.0,19536.0,22759.415,8087.0075,da,2026-06-04,2026-06-03,2026-06-03 15:00:00,1,1,1_8,TimeMixer,525.0,510.0877471923828,,,
2026-06-04 02:00:00,502.5,491.713,61130.3225,7359.6275,0.0,19535.5,21628.695,7359.6275,da,2026-06-04,2026-06-03,2026-06-03 15:00:00,2,2,1_8,TimeMixer,502.5,461.0588076591491,,,
2026-06-04 03:00:00,457.5,629.895,59909.475,7012.0125,0.0,19534.75,20756.2125,7012.0125,da,2026-06-04,2026-06-03,2026-06-03 15:00:00,3,3,1_8,TimeMixer,457.5,453.8654371261597,,,
2026-06-04 04:00:00,450.0,490.96,59253.4825,7001.33,0.0125,19536.0,20109.64,7001.3425,da,2026-06-04,2026-06-03,2026-06-03 15:00:00,4,4,1_8,TimeMixer,450.0,464.5640808105469,,,
2026-06-04 05:00:00,412.299,618.688,59260.61,7174.565,50.445,19402.25,20026.85,7225.01,da,2026-06-04,2026-06-03,2026-06-03 15:00:00,5,5,1_8,TimeMixer,412.299,446.27370230102537,,,
2026-06-04 06:00:00,430.75,575.907,60559.4025,7401.87,932.98,20760.25,18857.8025,8334.85,da,2026-06-04,2026-06-03,2026-06-03 15:00:00,6,6,1_8,TimeMixer,430.75,429.4462728912353,,,
2026-06-04 07:00:00,329.61,378.624,60357.64,7411.75,3578.73,24238.5,12525.91,10990.48,da,2026-06-04,2026-06-03,2026-06-03 15:00:00,7,7,1_8,TimeMixer,329.61,243.28826354103086,,,
2026-06-04 08:00:00,255.5,429.017,62151.36,7396.1275,7697.1775,24670.0,9844.055,15093.305,da,2026-06-04,2026-06-03,2026-06-03 15:00:00,8,8,1_8,TimeMixer,255.5,118.79114950561521,,,
2026-06-04 09:00:00,136.0,626.057,61322.3575,7271.96,12271.7,22778.0,6469.1975,19543.66,da,2026-06-04,2026-06-03,2026-06-03 15:00:00,9,9,9_16,TimeMixer,136.0,85.98690185546874,,,
2026-06-04 10:00:00,0.0,441.169,58433.95,6897.08,16477.3575,21490.25,1037.7625,23374.4375,da,2026-06-04,2026-06-03,2026-06-03 15:00:00,10,10,9_16,TimeMixer,0.0,-45.63681335449219,,,
2026-06-04 11:00:00,-67.948,329.402,56438.5,6543.4825,19781.835,19966.0,-2384.3175,26325.3175,da,2026-06-04,2026-06-03,2026-06-03 15:00:00,11,11,9_16,TimeMixer,-67.948,-130.7484344482422,,,
2026-06-04 12:00:00,-44.5,-80.0,53094.375,6164.155,21758.7675,19744.0,-7104.0475,27922.9225,da,2026-06-04,2026-06-03,2026-06-03 15:00:00,12,12,9_16,TimeMixer,-44.5,-100.05310516357422,,,
2026-06-04 13:00:00,-45.875,-80.0,47976.4725,5748.9225,22296.2225,19744.0,-12344.1725,28045.145,da,2026-06-04,2026-06-03,2026-06-03 15:00:00,13,13,9_16,TimeMixer,-45.875,-117.19297637939454,,,
2026-06-04 14:00:00,-60.625,-80.0,49271.6375,5508.7425,21802.755,19842.75,-10414.11,27311.4975,da,2026-06-04,2026-06-03,2026-06-03 15:00:00,14,14,9_16,TimeMixer,-60.625,-104.49409948730468,,,
2026-06-04 15:00:00,-69.5,-80.0,52433.545,5352.405,19844.7125,19982.5,-5277.5725,25197.1175,da,2026-06-04,2026-06-03,2026-06-03 15:00:00,15,15,9_16,TimeMixer,-69.5,-35.61261444091797,,,
2026-06-04 16:00:00,-29.95,-80.0,57612.3125,5311.5775,16082.4,21134.5,2552.335,21393.9775,da,2026-06-04,2026-06-03,2026-06-03 15:00:00,16,16,9_16,TimeMixer,-29.95,163.11548400878908,,,
2026-06-04 17:00:00,260.5,147.833,63189.3425,5280.6375,10809.815,23959.25,10535.64,16090.4525,da,2026-06-04,2026-06-03,2026-06-03 15:00:00,17,17,17_24,TimeMixer,260.5,310.8702075958252,,,
2026-06-04 18:00:00,520.25,613.905,69110.315,5108.225,5133.285,25367.75,20878.305,10241.51,da,2026-06-04,2026-06-03,2026-06-03 15:00:00,18,18,17_24,TimeMixer,520.25,478.24219844055176,,,
2026-06-04 19:00:00,546.0,806.969,73030.935,5027.58,1270.625,25274.0,28832.23,6298.205,da,2026-06-04,2026-06-03,2026-06-03 15:00:00,19,19,17_24,TimeMixer,546.0,505.23184609985344,,,
2026-06-04 20:00:00,564.5,707.876,75885.3175,5355.4775,37.445,24354.0,33511.895,5392.9225,da,2026-06-04,2026-06-03,2026-06-03 15:00:00,20,20,17_24,TimeMixer,564.5,539.9112120819092,,,
2026-06-04 21:00:00,566.875,658.026,75159.125,5606.4525,0.0,22546.25,34379.9225,5606.4525,da,2026-06-04,2026-06-03,2026-06-03 15:00:00,21,21,17_24,TimeMixer,566.875,543.9867094039917,,,
2026-06-04 22:00:00,577.5,461.831,72706.57,5562.18,0.0,21144.5,33373.39,5562.18,da,2026-06-04,2026-06-03,2026-06-03 15:00:00,22,22,17_24,TimeMixer,577.5,538.841849395752,,,
2026-06-04 23:00:00,580.75,407.503,69290.5125,5601.6525,0.0,19839.0,31223.36,5601.6525,da,2026-06-04,2026-06-03,2026-06-03 15:00:00,23,23,17_24,TimeMixer,580.75,551.608748626709,,,
2026-06-05 00:00:00,582.5,620.44,66421.8975,5378.3475,0.0,18862.75,29554.3,5378.3475,da,2026-06-05,2026-06-04,2026-06-04 15:00:00,0,24,17_24,TimeMixer,582.5,561.9506683349609,,,
2026-06-05 01:00:00,622.5,728.717,63848.0025,4461.875,0.0,19980.0,26994.6275,4461.875,da,2026-06-05,2026-06-04,2026-06-04 15:00:00,1,1,1_8,TimeMixer,622.5,571.6885833740234,,,
2026-06-05 02:00:00,595.688,642.313,61811.5,4301.8675,0.0,19989.0,25109.1325,4301.8675,da,2026-06-05,2026-06-04,2026-06-04 15:00:00,2,2,1_8,TimeMixer,595.688,531.3742473602294,,,
2026-06-05 03:00:00,580.5,611.88,60288.3775,4108.76,0.0,19998.75,23769.3675,4108.76,da,2026-06-05,2026-06-04,2026-06-04 15:00:00,3,3,1_8,TimeMixer,580.5,514.4729564666748,,,
2026-06-05 04:00:00,569.5,534.406,59440.5,3912.095,0.01,20003.0,23113.895,3912.105,da,2026-06-05,2026-06-04,2026-06-04 15:00:00,4,4,1_8,TimeMixer,569.5,513.7705383300781,,,
2026-06-05 05:00:00,573.5,575.279,60328.725,3688.425,39.69,19828.0,24361.11,3728.115,da,2026-06-05,2026-06-04,2026-06-04 15:00:00,5,5,1_8,TimeMixer,573.5,485.1677003234863,,,
2026-06-05 06:00:00,546.375,510.598,61250.8325,3302.7825,1429.9175,21189.25,22917.3825,4732.7,da,2026-06-05,2026-06-04,2026-06-04 15:00:00,6,6,1_8,TimeMixer,546.375,468.8596134185791,,,
2026-06-05 07:00:00,335.75,220.469,59688.3125,2709.5525,5525.7875,24632.25,14412.9725,8235.34,da,2026-06-05,2026-06-04,2026-06-04 15:00:00,7,7,1_8,TimeMixer,335.75,314.59559785461425,,,
2026-06-05 08:00:00,85.0,593.325,59199.7475,2099.98,11389.0625,25368.5,7993.205,13489.0425,da,2026-06-05,2026-06-04,2026-06-04 15:00:00,8,8,1_8,TimeMixer,85.0,168.75636196136472,,,
2026-06-05 09:00:00,-23.25,528.983,57042.325,1740.8725,16726.8375,23869.0,2369.115,18467.71,da,2026-06-05,2026-06-04,2026-06-04 15:00:00,9,9,9_16,TimeMixer,-23.25,27.285195922851557,,,
2026-06-05 10:00:00,-58.25,387.179,54282.65,1623.29,20863.6975,21998.5,-2517.5875,22486.9875,da,2026-06-05,2026-06-04,2026-06-04 15:00:00,10,10,9_16,TimeMixer,-58.25,-73.83499682617187,,,
2026-06-05 11:00:00,-61.5,339.317,53478.99,1626.675,23247.6125,20594.0,-4275.7975,24874.2875,da,2026-06-05,2026-06-04,2026-06-04 15:00:00,11,11,9_16,TimeMixer,-61.5,-149.7337658203125,,,
2026-06-05 12:00:00,-67.71,176.983,50758.3975,1679.905,24154.8625,20491.5,-7854.37,25834.7675,da,2026-06-05,2026-06-04,2026-06-04 15:00:00,12,12,9_16,TimeMixer,-67.71,-130.18858489990234,,,
2026-06-05 13:00:00,-61.0,-80.0,46332.1275,1744.5575,24015.1625,20507.0,-12245.0925,25759.72,da,2026-06-05,2026-06-04,2026-06-04 15:00:00,13,13,9_16,TimeMixer,-61.0,-117.10438818359376,,,
2026-06-05 14:00:00,-67.225,-80.0,48669.5925,1837.545,22832.8775,20566.75,-8904.08,24670.4225,da,2026-06-05,2026-06-04,2026-06-04 15:00:00,14,14,9_16,TimeMixer,-67.225,-100.86117700195314,,,
2026-06-05 15:00:00,-61.0,-58.766,52859.7875,1937.3175,20203.3075,20619.0,-2236.3375,22140.625,da,2026-06-05,2026-06-04,2026-06-04 15:00:00,15,15,9_16,TimeMixer,-61.0,-66.87250915527343,,,
2026-06-05 16:00:00,-29.625,504.02,58183.4675,2118.115,15962.155,21741.75,6024.9475,18080.27,da,2026-06-05,2026-06-04,2026-06-04 15:00:00,16,16,9_16,TimeMixer,-29.625,-13.216551513671874,,,
2026-06-05 17:00:00,356.04,526.577,64207.0975,2404.535,10415.3,24564.75,14413.5125,12819.835,da,2026-06-05,2026-06-04,2026-06-04 15:00:00,17,17,17_24,TimeMixer,356.04,259.2923830413818,,,
2026-06-05 18:00:00,538.35,641.0,69806.655,2881.645,4771.4175,25939.5,23786.3425,7653.0625,da,2026-06-05,2026-06-04,2026-06-04 15:00:00,18,18,17_24,TimeMixer,538.35,483.8101446533203,,,
2026-06-05 19:00:00,565.0,559.647,73387.1575,3715.325,1148.3575,25894.5,30197.475,4863.6825,da,2026-06-05,2026-06-04,2026-06-04 15:00:00,19,19,17_24,TimeMixer,565.0,507.72467651367185,,,
2026-06-05 20:00:00,570.0,550.782,76105.3175,4999.5325,23.8675,24988.25,33662.1675,5023.4,da,2026-06-05,2026-06-04,2026-06-04 15:00:00,20,20,17_24,TimeMixer,570.0,552.0695659637452,,,
2026-06-05 21:00:00,565.0,544.16,75732.825,6195.1875,0.0,23040.25,34065.8875,6195.1875,da,2026-06-05,2026-06-04,2026-06-04 15:00:00,21,21,17_24,TimeMixer,565.0,540.2353553771973,,,
2026-06-05 22:00:00,577.5,535.078,73232.8875,7070.7475,0.0,21691.25,32039.39,7070.7475,da,2026-06-05,2026-06-04,2026-06-04 15:00:00,22,22,17_24,TimeMixer,577.5,529.8796363067627,,,
2026-06-05 23:00:00,550.0,546.457,69444.87,7740.935,0.0,20079.0,29193.435,7740.935,da,2026-06-05,2026-06-04,2026-06-04 15:00:00,23,23,17_24,TimeMixer,550.0,552.4708856201172,,,
2026-06-06 00:00:00,550.0,660.329,67732.7375,7927.545,0.0,18537.5,28836.1925,7927.545,da,2026-06-06,2026-06-05,2026-06-05 15:00:00,0,24,17_24,TimeMixer,550.0,542.5771465301514,,,
2026-06-06 01:00:00,410.0,453.545,61442.71,9294.1,0.0,19771.0,19766.11,9294.1,da,2026-06-06,2026-06-05,2026-06-05 15:00:00,1,1,1_8,TimeMixer,410.0,602.4210764694215,,,
2026-06-06 02:00:00,399.5,415.271,59437.7875,8871.665,0.0,19771.0,18183.6225,8871.665,da,2026-06-06,2026-06-05,2026-06-05 15:00:00,2,2,1_8,TimeMixer,399.5,578.3349696853638,,,
2026-06-06 03:00:00,399.0,404.75,58407.5925,8456.46,0.0,19809.25,17530.3825,8456.46,da,2026-06-06,2026-06-05,2026-06-05 15:00:00,3,3,1_8,TimeMixer,399.0,523.6310752868652,,,
2026-06-06 04:00:00,389.5,410.307,57395.16,8180.5925,0.01,19813.25,16789.8075,8180.6025,da,2026-06-06,2026-06-05,2026-06-05 15:00:00,4,4,1_8,TimeMixer,389.5,530.8920391082763,,,
2026-06-06 05:00:00,399.5,406.147,58188.72,8127.8975,20.0825,19561.0,17868.24,8147.98,da,2026-06-06,2026-06-05,2026-06-05 15:00:00,5,5,1_8,TimeMixer,399.5,546.5462745666504,,,
2026-06-06 06:00:00,399.5,401.272,59496.495,7899.8525,411.12,20757.75,17816.2725,8310.9725,da,2026-06-06,2026-06-05,2026-06-05 15:00:00,6,6,1_8,TimeMixer,399.5,504.05896224975584,,,
2026-06-06 07:00:00,372.5,403.41,61845.96,7583.525,1347.505,24275.25,16031.93,8931.03,da,2026-06-06,2026-06-05,2026-06-05 15:00:00,7,7,1_8,TimeMixer,372.5,265.9308279037475,,,
2026-06-06 08:00:00,400.0,523.909,67201.5475,7262.5775,2718.2925,24776.75,19894.9275,9980.87,da,2026-06-06,2026-06-05,2026-06-05 15:00:00,8,8,1_8,TimeMixer,400.0,121.4467594909668,,,
2026-06-06 09:00:00,420.0,610.56,70356.865,6956.9525,4183.2,22833.25,23846.9625,11140.1525,da,2026-06-06,2026-06-05,2026-06-05 15:00:00,9,9,9_16,TimeMixer,420.0,118.77782897949218,,,
2026-06-06 10:00:00,430.22,662.967,71271.3375,6660.0625,5345.555,21288.0,25441.22,12005.6175,da,2026-06-06,2026-06-05,2026-06-05 15:00:00,10,10,9_16,TimeMixer,430.22,120.0228759765625,,,
2026-06-06 11:00:00,420.0,551.464,72871.7025,6810.5125,6154.5425,19802.5,27567.6475,12965.055,da,2026-06-06,2026-06-05,2026-06-05 15:00:00,11,11,9_16,TimeMixer,420.0,102.47178649902344,,,
2026-06-06 12:00:00,415.0,431.376,71573.4,7255.5825,6662.7025,19638.75,25479.865,13918.285,da,2026-06-06,2026-06-05,2026-06-05 15:00:00,12,12,9_16,TimeMixer,415.0,96.61928503417968,,,
2026-06-06 13:00:00,395.0,27.266,66236.18,7985.35,6715.185,19638.0,19361.145,14700.535,da,2026-06-06,2026-06-05,2026-06-05 15:00:00,13,13,9_16,TimeMixer,395.0,80.08612670898438,,,
2026-06-06 14:00:00,400.0,345.015,68374.945,8768.2375,6347.1675,19732.0,20991.04,15115.405,da,2026-06-06,2026-06-05,2026-06-05 15:00:00,14,14,9_16,TimeMixer,400.0,80.38759521484376,,,
2026-06-06 15:00:00,407.5,345.259,70263.3075,9554.75,5495.96,19864.0,22812.0975,15050.71,da,2026-06-06,2026-06-05,2026-06-05 15:00:00,15,15,9_16,TimeMixer,407.5,88.21292724609376,,,
2026-06-06 16:00:00,420.1,369.377,71748.23,10336.97,4307.545,21007.5,23559.715,14644.515,da,2026-06-06,2026-06-05,2026-06-05 15:00:00,16,16,9_16,TimeMixer,420.1,90.2827377319336,,,
2026-06-06 17:00:00,407.5,339.255,71360.4175,10886.4925,2861.5425,23870.75,21132.6325,13748.035,da,2026-06-06,2026-06-05,2026-06-05 15:00:00,17,17,17_24,TimeMixer,407.5,304.64801666641233,,,
2026-06-06 18:00:00,401.125,339.494,72059.25,11085.44,1428.29,25367.25,21550.52,12513.73,da,2026-06-06,2026-06-05,2026-06-05 15:00:00,18,18,17_24,TimeMixer,401.125,500.8958277053832,,,
2026-06-06 19:00:00,418.875,317.718,70964.2525,11037.105,419.1975,25263.0,21613.45,11456.3025,da,2026-06-06,2026-06-05,2026-06-05 15:00:00,19,19,17_24,TimeMixer,418.875,540.1140651702881,,,
2026-06-06 20:00:00,440.0,394.174,71573.9075,10906.305,19.78,24336.75,23679.5725,10926.085,da,2026-06-06,2026-06-05,2026-06-05 15:00:00,20,20,17_24,TimeMixer,440.0,557.2513507843017,,,
2026-06-06 21:00:00,450.0,407.275,71004.08,10640.925,0.0,22545.75,25185.905,10640.925,da,2026-06-06,2026-06-05,2026-06-05 15:00:00,21,21,17_24,TimeMixer,450.0,562.0755051994323,,,
2026-06-06 22:00:00,444.875,403.961,68890.3775,10036.7075,0.0,21190.0,25032.17,10036.7075,da,2026-06-06,2026-06-05,2026-06-05 15:00:00,22,22,17_24,TimeMixer,444.875,562.0249841690063,,,
2026-06-06 23:00:00,437.75,388.058,65807.78,9364.115,0.0,19791.75,24020.415,9364.115,da,2026-06-06,2026-06-05,2026-06-05 15:00:00,23,23,17_24,TimeMixer,437.75,528.9266960144043,,,
2026-06-07 00:00:00,438.5,391.829,64516.3675,8814.745,0.0,18545.0,24525.1225,8814.745,da,2026-06-07,2026-06-06,2026-06-06 15:00:00,0,24,17_24,TimeMixer,438.5,540.629153251648,,,
2026-06-07 01:00:00,558.5,504.699,62836.13,8798.6925,0.0,19622.25,21753.6875,8798.6925,da,2026-06-07,2026-06-06,2026-06-06 15:00:00,1,1,1_8,TimeMixer,558.5,444.7863468170166,,,
2026-06-07 02:00:00,522.5,450.695,61367.2175,8649.88,0.0,19622.75,20433.0875,8649.88,da,2026-06-07,2026-06-06,2026-06-06 15:00:00,2,2,1_8,TimeMixer,522.5,406.4794151306152,,,
2026-06-07 03:00:00,522.0,409.898,60138.8975,8529.58,0.0,19623.0,19324.8175,8529.58,da,2026-06-07,2026-06-06,2026-06-06 15:00:00,3,3,1_8,TimeMixer,522.0,405.83256546020505,,,
2026-06-07 04:00:00,491.5,391.717,59404.03,8413.7975,0.01,19623.0,18705.7225,8413.8075,da,2026-06-07,2026-06-06,2026-06-06 15:00:00,4,4,1_8,TimeMixer,491.5,408.1089805603027,,,
2026-06-07 05:00:00,502.5,422.348,59626.56,8205.195,30.685,19454.0,19275.18,8235.88,da,2026-06-07,2026-06-06,2026-06-06 15:00:00,5,5,1_8,TimeMixer,502.5,405.52055683135984,,,
2026-06-07 06:00:00,477.5,409.033,60065.785,7693.0125,1018.7375,20779.25,17913.285,8711.75,da,2026-06-07,2026-06-06,2026-06-06 15:00:00,6,6,1_8,TimeMixer,477.5,399.34022674560543,,,
2026-06-07 07:00:00,374.5,-14.36,60091.09,6817.5725,3929.475,24308.0,12378.2925,10747.0475,da,2026-06-07,2026-06-06,2026-06-06 15:00:00,7,7,1_8,TimeMixer,374.5,277.4022508811951,,,
2026-06-07 08:00:00,344.0,146.327,62697.8875,5860.7925,8387.0575,24720.25,11130.7875,14247.85,da,2026-06-07,2026-06-06,2026-06-06 15:00:00,8,8,1_8,TimeMixer,344.0,212.117539642334,,,
2026-06-07 09:00:00,150.0,-25.442,61101.2075,5037.4825,13019.755,22707.0,7750.47,18057.2375,da,2026-06-07,2026-06-06,2026-06-06 15:00:00,9,9,9_16,TimeMixer,150.0,139.6478768310547,,,
2026-06-07 10:00:00,72.42,-80.0,58220.86,4385.9575,16763.6075,21299.5,3185.295,21149.565,da,2026-06-07,2026-06-06,2026-06-06 15:00:00,10,10,9_16,TimeMixer,72.42,114.69131854248047,,,
2026-06-07 11:00:00,-30.0,-80.0,56250.48,3915.395,19275.5725,19801.0,672.0125,23190.9675,da,2026-06-07,2026-06-06,2026-06-06 15:00:00,11,11,9_16,TimeMixer,-30.0,87.5867578857422,,,
2026-06-07 12:00:00,-30.0,-80.0,52225.7825,3564.97,20558.875,19629.75,-4114.3125,24123.845,da,2026-06-07,2026-06-06,2026-06-06 15:00:00,12,12,9_16,TimeMixer,-30.0,93.21839904785156,,,
2026-06-07 13:00:00,-30.0,-80.0,47741.2525,3280.175,20684.5075,19629.25,-8439.18,23964.6825,da,2026-06-07,2026-06-06,2026-06-06 15:00:00,13,13,9_16,TimeMixer,-30.0,90.67533111572266,,,
2026-06-07 14:00:00,-30.0,-75.965,49306.21,3141.3725,19858.425,19727.75,-6007.8375,22999.7975,da,2026-06-07,2026-06-06,2026-06-06 15:00:00,14,14,9_16,TimeMixer,-30.0,88.37306816406249,,,
2026-06-07 15:00:00,86.5,-71.22,51954.5875,2969.6325,17669.7875,19867.0,-1138.3325,20639.42,da,2026-06-07,2026-06-06,2026-06-06 15:00:00,15,15,9_16,TimeMixer,86.5,116.91326513671876,,,
2026-06-07 16:00:00,153.875,-77.837,54997.11,2695.295,14166.6625,21018.25,4530.4025,16861.9575,da,2026-06-07,2026-06-06,2026-06-06 15:00:00,16,16,9_16,TimeMixer,153.875,184.67168365478517,,,
2026-06-07 17:00:00,400.0,-14.331,57925.705,2436.5825,9559.5575,23887.25,9383.315,11996.14,da,2026-06-07,2026-06-06,2026-06-06 15:00:00,17,17,17_24,TimeMixer,400.0,276.2562510681152,,,
2026-06-07 18:00:00,567.625,532.432,63446.93,2183.25,4553.175,25368.0,18664.755,6736.425,da,2026-06-07,2026-06-06,2026-06-06 15:00:00,18,18,17_24,TimeMixer,567.625,346.76563377380364,,,
2026-06-07 19:00:00,605.411,610.594,67384.0075,1940.47,1156.655,25263.5,26341.8825,3097.125,da,2026-06-07,2026-06-06,2026-06-06 15:00:00,19,19,17_24,TimeMixer,605.411,394.3160148620605,,,
2026-06-07 20:00:00,622.963,610.459,70315.4675,1831.1,34.8225,24336.0,31432.045,1865.9225,da,2026-06-07,2026-06-06,2026-06-06 15:00:00,20,20,17_24,TimeMixer,622.963,439.20351390838624,,,
2026-06-07 21:00:00,626.5,605.416,70027.95,1766.7,0.0,22546.0,33033.75,1766.7,da,2026-06-07,2026-06-06,2026-06-06 15:00:00,21,21,17_24,TimeMixer,626.5,435.200034866333,,,
2026-06-07 22:00:00,565.878,598.833,67787.225,1764.815,0.0,21176.5,32164.41,1764.815,da,2026-06-07,2026-06-06,2026-06-06 15:00:00,22,22,17_24,TimeMixer,565.878,416.33748321533204,,,
2026-06-07 23:00:00,602.5,607.958,64652.92,1870.3375,0.0,19733.5,30367.5825,1870.3375,da,2026-06-07,2026-06-06,2026-06-06 15:00:00,23,23,17_24,TimeMixer,602.5,430.1920790672302,,,
2026-06-08 00:00:00,620.0,629.224,63469.6675,2087.3,0.0,18657.75,30043.1175,2087.3,da,2026-06-08,2026-06-07,2026-06-07 15:00:00,0,24,17_24,TimeMixer,620.0,441.0244216918945,,,
2026-06-08 01:00:00,620.68,653.026,60704.2275,2444.2375,0.0,20141.5,25556.99,2444.2375,da,2026-06-08,2026-06-07,2026-06-07 15:00:00,1,1,1_8,TimeMixer,620.68,514.4458805084228,,,
2026-06-08 02:00:00,564.625,617.422,59210.0575,2735.0,0.0,20148.0,23765.5575,2735.0,da,2026-06-08,2026-06-07,2026-06-07 15:00:00,2,2,1_8,TimeMixer,564.625,466.4302486867905,,,
2026-06-08 03:00:00,561.0,604.53,58043.8775,2936.7525,0.0,20148.25,22397.375,2936.7525,da,2026-06-08,2026-06-07,2026-06-07 15:00:00,3,3,1_8,TimeMixer,561.0,478.3310209274292,,,
2026-06-08 04:00:00,522.0,598.25,57442.5475,3006.135,0.015,20149.75,21725.1475,3006.15,da,2026-06-08,2026-06-07,2026-06-07 15:00:00,4,4,1_8,TimeMixer,522.0,486.8500221557617,,,
2026-06-08 05:00:00,545.938,602.269,58360.9925,3023.26,45.395,19972.0,22758.8375,3068.655,da,2026-06-08,2026-06-07,2026-06-07 15:00:00,5,5,1_8,TimeMixer,545.938,489.68356704711914,,,
2026-06-08 06:00:00,528.5,534.411,60027.6025,2948.9275,1435.2925,21122.0,21959.8825,4384.22,da,2026-06-08,2026-06-07,2026-06-07 15:00:00,6,6,1_8,TimeMixer,528.5,457.47785034179685,,,
2026-06-08 07:00:00,330.625,365.882,58140.17,2713.395,5401.895,24463.0,13004.13,8115.29,da,2026-06-08,2026-06-07,2026-06-07 15:00:00,7,7,1_8,TimeMixer,330.625,314.2364068984985,,,
2026-06-08 08:00:00,89.0,286.532,58919.475,2298.0825,11204.38,24897.25,8020.7625,13502.4625,da,2026-06-08,2026-06-07,2026-06-07 15:00:00,8,8,1_8,TimeMixer,89.0,213.69346084594727,,,
2026-06-08 09:00:00,0.0,3.82,55293.255,1865.0375,16731.4725,22765.25,1444.995,18596.51,da,2026-06-08,2026-06-07,2026-06-07 15:00:00,9,9,9_16,TimeMixer,0.0,13.594044494628918,,,
2026-06-08 10:00:00,-20.0,-80.0,51704.4875,1664.89,20835.5225,21412.75,-4695.175,22500.4125,da,2026-06-08,2026-06-07,2026-06-07 15:00:00,10,10,9_16,TimeMixer,-20.0,-59.32839855957032,,,
2026-06-08 11:00:00,-55.5,-80.0,50494.87,1713.115,23133.165,19720.25,-6558.16,24846.28,da,2026-06-08,2026-06-07,2026-06-07 15:00:00,11,11,9_16,TimeMixer,-55.5,-157.86325988769534,,,
2026-06-08 12:00:00,-67.97,-80.0,47895.285,1822.4275,23994.7125,19483.75,-9892.105,25817.14,da,2026-06-08,2026-06-07,2026-06-07 15:00:00,12,12,9_16,TimeMixer,-67.97,-129.28130493164065,,,
2026-06-08 13:00:00,-67.5,-80.0,42394.8325,1994.9075,23823.41,19483.75,-15393.735,25818.3175,da,2026-06-08,2026-06-07,2026-06-07 15:00:00,13,13,9_16,TimeMixer,-67.5,-141.58978271484375,,,
2026-06-08 14:00:00,-58.0,-61.962,45100.3975,2274.765,22621.885,19585.75,-11868.5025,24896.65,da,2026-06-08,2026-06-07,2026-06-07 15:00:00,14,14,9_16,TimeMixer,-58.0,-112.00699157714844,,,
2026-06-08 15:00:00,-59.5,-80.0,49364.405,2684.75,20015.735,19724.5,-5547.08,22700.485,da,2026-06-08,2026-06-07,2026-06-07 15:00:00,15,15,9_16,TimeMixer,-59.5,-10.172223510742185,,,
2026-06-08 16:00:00,-23.0,-80.0,54487.8775,3271.1525,15962.97,20865.0,1902.255,19234.1225,da,2026-06-08,2026-06-07,2026-06-07 15:00:00,16,16,9_16,TimeMixer,-23.0,75.16726287841797,,,
2026-06-08 17:00:00,207.48,42.516,59653.61,4119.01,10657.3475,23808.75,8509.5025,14776.3575,da,2026-06-08,2026-06-07,2026-06-07 15:00:00,17,17,17_24,TimeMixer,207.48,355.66371543884276,,,
2026-06-08 18:00:00,453.5,416.322,65611.1875,5268.13,5030.135,25266.0,17469.1725,10298.265,da,2026-06-08,2026-06-07,2026-06-07 15:00:00,18,18,17_24,TimeMixer,453.5,476.9293991088867,,,
2026-06-08 19:00:00,516.5,380.919,69715.065,7057.53,1247.2375,25141.75,23687.0475,8304.7675,da,2026-06-08,2026-06-07,2026-06-07 15:00:00,19,19,17_24,TimeMixer,516.5,515.0713235412597,,,
2026-06-08 20:00:00,539.625,356.748,72193.39,9419.83,34.1725,24312.25,25845.6375,9454.0025,da,2026-06-08,2026-06-07,2026-06-07 15:00:00,20,20,17_24,TimeMixer,539.625,566.6989623191834,,,
2026-06-08 21:00:00,494.375,361.484,71245.7075,11969.7675,0.0,22530.25,24164.19,11969.7675,da,2026-06-08,2026-06-07,2026-06-07 15:00:00,21,21,17_24,TimeMixer,494.375,545.432710647583,,,
2026-06-08 22:00:00,414.952,360.372,68974.7925,14116.405,0.0,21374.75,20902.1375,14116.405,da,2026-06-08,2026-06-07,2026-06-07 15:00:00,22,22,17_24,TimeMixer,414.952,492.8756834381104,,,
2026-06-08 23:00:00,400.0,441.182,65826.54,15677.065,0.0,20282.75,17285.225,15677.065,da,2026-06-08,2026-06-07,2026-06-07 15:00:00,23,23,17_24,TimeMixer,400.0,533.0118115425109,,,
2026-06-09 00:00:00,400.0,554.691,64667.9225,16319.9675,0.0,19057.25,16709.205,16319.9675,da,2026-06-09,2026-06-08,2026-06-08 15:00:00,0,24,17_24,TimeMixer,400.0,517.7251424789429,,,
2026-06-09 01:00:00,460.5,591.5,62387.735,16451.09,0.0,20202.0,13123.145,16451.09,da,2026-06-09,2026-06-08,2026-06-08 15:00:00,1,1,1_8,TimeMixer,460.5,550.2623486595153,,,
2026-06-09 02:00:00,415.87,553.321,60742.6725,15722.465,0.0,20194.5,12214.2075,15722.465,da,2026-06-09,2026-06-08,2026-06-08 15:00:00,2,2,1_8,TimeMixer,415.87,471.6616188049316,,,
2026-06-09 03:00:00,390.0,476.478,59396.71,14448.075,0.0,20185.5,12151.635,14448.075,da,2026-06-09,2026-06-08,2026-06-08 15:00:00,3,3,1_8,TimeMixer,390.0,469.01699256896967,,,
2026-06-09 04:00:00,382.5,485.233,58708.76,12741.07,0.01,20186.5,13169.68,12741.08,da,2026-06-09,2026-06-08,2026-06-08 15:00:00,4,4,1_8,TimeMixer,382.5,466.16861096620556,,,
2026-06-09 05:00:00,451.0,503.697,59430.375,10984.3725,36.3675,20011.0,15787.135,11020.74,da,2026-06-09,2026-06-08,2026-06-08 15:00:00,5,5,1_8,TimeMixer,451.0,485.63062450556754,,,
2026-06-09 06:00:00,465.5,545.959,60544.5125,9131.6525,1246.63,21160.75,16393.98,10378.2825,da,2026-06-09,2026-06-08,2026-06-08 15:00:00,6,6,1_8,TimeMixer,465.5,455.61157579421996,,,
2026-06-09 07:00:00,155.013,257.315,59321.2425,7158.08,4824.26,24493.75,10237.4025,11982.34,da,2026-06-09,2026-06-08,2026-06-08 15:00:00,7,7,1_8,TimeMixer,155.013,246.82896461486814,,,
2026-06-09 08:00:00,81.575,487.812,58054.0625,5117.7675,10218.71,24930.75,5237.835,15336.4775,da,2026-06-09,2026-06-08,2026-06-08 15:00:00,8,8,1_8,TimeMixer,81.575,44.46396102905274,,,
2026-06-09 09:00:00,-50.0,693.203,54774.4525,3953.305,15617.9025,22795.5,-128.755,19571.2075,da,2026-06-09,2026-06-08,2026-06-08 15:00:00,9,9,9_16,TimeMixer,-50.0,-102.71638488769531,,,
2026-06-09 10:00:00,-58.375,607.347,51389.4025,3857.91,19823.4675,21455.0,-6283.475,23681.3775,da,2026-06-09,2026-06-08,2026-06-08 15:00:00,10,10,9_16,TimeMixer,-58.375,-128.85455920410158,,,
2026-06-09 11:00:00,-75.0,854.199,50745.28,4277.44,22311.0075,19813.75,-8193.4175,26588.4475,da,2026-06-09,2026-06-08,2026-06-08 15:00:00,11,11,9_16,TimeMixer,-75.0,-147.24190368652344,,,
2026-06-09 12:00:00,-74.135,471.302,48250.6925,4804.335,23138.845,19638.75,-11867.7375,27943.18,da,2026-06-09,2026-06-08,2026-06-08 15:00:00,12,12,9_16,TimeMixer,-74.135,-136.8039268798828,,,
2026-06-09 13:00:00,-72.97,199.803,42222.255,5256.2775,22835.5775,19637.75,-18043.85,28091.855,da,2026-06-09,2026-06-08,2026-06-08 15:00:00,13,13,9_16,TimeMixer,-72.97,-157.33304138183593,,,
2026-06-09 14:00:00,-60.0,436.582,45365.7075,5629.9825,21590.04,19739.75,-14130.565,27220.0225,da,2026-06-09,2026-06-08,2026-06-08 15:00:00,14,14,9_16,TimeMixer,-60.0,-136.80505981445313,,,
2026-06-09 15:00:00,10.0,296.094,49769.7,5763.5275,19041.895,19880.0,-7452.2225,24805.4225,da,2026-06-09,2026-06-08,2026-06-08 15:00:00,15,15,9_16,TimeMixer,10.0,-114.02848358154296,,,
2026-06-09 16:00:00,10.0,380.763,54973.5075,5791.035,15137.5925,21021.0,487.38,20928.6275,da,2026-06-09,2026-06-08,2026-06-08 15:00:00,16,16,9_16,TimeMixer,10.0,-32.53597412109375,,,
2026-06-09 17:00:00,297.33,414.096,60285.98,5637.86,10189.1925,23920.5,7929.4275,15827.0525,da,2026-06-09,2026-06-08,2026-06-08 15:00:00,17,17,17_24,TimeMixer,297.33,229.60330584716797,,,
2026-06-09 18:00:00,533.15,643.319,65902.16,5151.5625,4853.3075,25312.25,17957.29,10004.87,da,2026-06-09,2026-06-08,2026-06-08 15:00:00,18,18,17_24,TimeMixer,533.15,418.2385765075683,,,
2026-06-09 19:00:00,599.0,717.189,70190.3275,4673.125,1222.12,25174.25,26489.3325,5895.245,da,2026-06-09,2026-06-08,2026-06-08 15:00:00,19,19,17_24,TimeMixer,599.0,474.3545484924316,,,
2026-06-09 20:00:00,605.125,702.837,72826.405,4487.6675,34.695,24336.75,31335.7925,4522.3625,da,2026-06-09,2026-06-08,2026-06-08 15:00:00,20,20,17_24,TimeMixer,605.125,520.1315402030945,,,
2026-06-09 21:00:00,598.0,685.563,72039.78,4396.0125,0.0,22545.75,32466.5175,4396.0125,da,2026-06-09,2026-06-08,2026-06-08 15:00:00,21,21,17_24,TimeMixer,598.0,474.8447719573975,,,
2026-06-09 22:00:00,582.25,685.237,69301.1125,4188.7575,0.0,21376.75,31104.105,4188.7575,da,2026-06-09,2026-06-08,2026-06-08 15:00:00,22,22,17_24,TimeMixer,582.25,434.48521939392083,,,
2026-06-09 23:00:00,600.0,654.943,65700.8,4112.765,0.0,20290.75,28665.785,4112.765,da,2026-06-09,2026-06-08,2026-06-08 15:00:00,23,23,17_24,TimeMixer,600.0,435.4165287733078,,,
2026-06-10 00:00:00,598.0,677.948,64288.0975,3875.3,0.0,19073.0,28708.2975,3875.3,da,2026-06-10,2026-06-09,2026-06-09 15:00:00,0,24,17_24,TimeMixer,598.0,431.9777127504349,,,
2026-06-10 01:00:00,617.5,731.144,62688.37,3024.1475,0.0,20185.0,26817.7225,3024.1475,da,2026-06-10,2026-06-09,2026-06-09 15:00:00,1,1,1_8,TimeMixer,617.5,487.2864471435547,,,
2026-06-10 02:00:00,600.5,712.19,61234.5925,2718.0575,0.0,20184.75,25670.285,2718.0575,da,2026-06-10,2026-06-09,2026-06-09 15:00:00,2,2,1_8,TimeMixer,600.5,427.3498920898437,,,
2026-06-10 03:00:00,600.0,712.828,59929.92,2566.8075,0.0,20184.25,24517.3625,2566.8075,da,2026-06-10,2026-06-09,2026-06-09 15:00:00,3,3,1_8,TimeMixer,600.0,419.5912760467529,,,
2026-06-10 04:00:00,600.0,715.502,59159.525,2596.8325,0.015,20185.25,23715.9275,2596.8475,da,2026-06-10,2026-06-09,2026-06-09 15:00:00,4,4,1_8,TimeMixer,600.0,432.33118014526366,,,
2026-06-10 05:00:00,600.0,723.078,59729.92,2803.29,35.995,20015.75,24213.385,2839.285,da,2026-06-10,2026-06-09,2026-06-09 15:00:00,5,5,1_8,TimeMixer,600.0,459.7347157745361,,,
2026-06-10 06:00:00,545.0,648.129,60537.4075,2960.3825,1347.7775,21417.25,22150.4975,4308.16,da,2026-06-10,2026-06-09,2026-06-09 15:00:00,6,6,1_8,TimeMixer,545.0,457.07799462890625,,,
2026-06-10 07:00:00,317.5,406.956,58440.0875,2684.005,5292.285,25072.75,12733.2975,7976.29,da,2026-06-10,2026-06-09,2026-06-09 15:00:00,7,7,1_8,TimeMixer,317.5,230.0801187561035,,,
2026-06-10 08:00:00,267.65,366.687,58362.525,2328.3775,11021.415,25383.5,7030.2325,13349.7925,da,2026-06-10,2026-06-09,2026-06-09 15:00:00,8,8,1_8,TimeMixer,267.65,136.51278923034667,,,
2026-06-10 09:00:00,173.5,334.434,55987.8975,2213.69,16431.6975,23135.0,1621.01,18645.3875,da,2026-06-10,2026-06-09,2026-06-09 15:00:00,9,9,9_16,TimeMixer,173.5,4.51461486816406,,,
2026-06-10 10:00:00,29.5,-80.0,52472.9625,2237.705,20499.9725,21611.25,-4462.465,22737.6775,da,2026-06-10,2026-06-09,2026-06-09 15:00:00,10,10,9_16,TimeMixer,29.5,-68.86820831298829,,,
2026-06-10 11:00:00,60.0,-80.0,51099.325,2285.7575,22832.35,20128.0,-6733.2825,25118.1075,da,2026-06-10,2026-06-09,2026-06-09 15:00:00,11,11,9_16,TimeMixer,60.0,-119.76217651367188,,,
2026-06-10 12:00:00,50.0,-80.0,48211.6975,2382.4275,23667.29,19963.0,-10387.52,26049.7175,da,2026-06-10,2026-06-09,2026-06-09 15:00:00,12,12,9_16,TimeMixer,50.0,-116.44139581298828,,,
2026-06-10 13:00:00,20.0,-69.438,41892.3,2366.08,23468.3825,19962.75,-16491.4125,25834.4625,da,2026-06-10,2026-06-09,2026-06-09 15:00:00,13,13,9_16,TimeMixer,20.0,-113.03504284667969,,,
2026-06-10 14:00:00,20.0,-80.0,44734.485,2296.6025,22333.58,20060.5,-12542.6975,24630.1825,da,2026-06-10,2026-06-09,2026-06-09 15:00:00,14,14,9_16,TimeMixer,20.0,-95.6909814453125,,,
2026-06-10 15:00:00,77.063,-80.0,49046.3875,2141.6625,19819.85,20199.0,-5700.625,21961.5125,da,2026-06-10,2026-06-09,2026-06-09 15:00:00,15,15,9_16,TimeMixer,77.063,-2.1683425903320312,,,
2026-06-10 16:00:00,94.5,216.336,54371.125,1997.5475,15895.65,21468.5,2422.9275,17893.1975,da,2026-06-10,2026-06-09,2026-06-09 15:00:00,16,16,9_16,TimeMixer,94.5,77.75594711303711,,,
2026-06-10 17:00:00,348.5,397.907,59766.5125,1859.675,10686.3875,24596.5,9964.95,12546.0625,da,2026-06-10,2026-06-09,2026-06-09 15:00:00,17,17,17_24,TimeMixer,348.5,314.3567783813477,,,
2026-06-10 18:00:00,588.75,693.831,65769.525,1740.0975,5095.7775,26172.0,20083.9,6835.875,da,2026-06-10,2026-06-09,2026-06-09 15:00:00,18,18,17_24,TimeMixer,588.75,487.96247937316895,,,
2026-06-10 19:00:00,631.527,769.264,69512.43,1796.47,1314.62,26074.5,27645.34,3111.09,da,2026-06-10,2026-06-09,2026-06-09 15:00:00,19,19,17_24,TimeMixer,631.527,525.0993225097656,,,
2026-06-10 20:00:00,628.125,731.567,72712.7775,2133.58,43.0225,25197.0,32657.675,2176.6025,da,2026-06-10,2026-06-09,2026-06-09 15:00:00,20,20,17_24,TimeMixer,628.125,567.6524973201751,,,
2026-06-10 21:00:00,616.5,721.966,72206.265,2490.6775,0.0,23412.0,33622.0875,2490.6775,da,2026-06-10,2026-06-09,2026-06-09 15:00:00,21,21,17_24,TimeMixer,616.5,542.5725276947021,,,
2026-06-10 22:00:00,611.5,710.905,70156.0625,2666.455,0.0,21929.0,32879.1075,2666.455,da,2026-06-10,2026-06-09,2026-06-09 15:00:00,22,22,17_24,TimeMixer,611.5,529.2204262542724,,,
2026-06-10 23:00:00,612.5,699.009,66509.5125,2708.5025,0.0,20311.75,30807.76,2708.5025,da,2026-06-10,2026-06-09,2026-06-09 15:00:00,23,23,17_24,TimeMixer,612.5,559.8504202842712,,,
2026-06-11 00:00:00,621.02,704.704,65323.475,2628.935,0.0,19230.0,30783.04,2628.935,da,2026-06-11,2026-06-10,2026-06-10 15:00:00,0,24,17_24,TimeMixer,621.02,564.9583413213492,,,
2026-06-11 01:00:00,668.75,747.01,63685.8325,2758.9775,0.0,20571.75,27103.605,2758.9775,da,2026-06-11,2026-06-10,2026-06-10 15:00:00,1,1,1_8,TimeMixer,668.75,603.3187618255615,,,
2026-06-11 02:00:00,656.0,701.172,62097.2475,2724.875,0.0,20571.0,25549.8725,2724.875,da,2026-06-11,2026-06-10,2026-06-10 15:00:00,2,2,1_8,TimeMixer,656.0,567.9169672966003,,,
2026-06-11 03:00:00,636.5,651.211,60812.13,2691.1775,0.0,20570.25,24299.2025,2691.1775,da,2026-06-11,2026-06-10,2026-06-10 15:00:00,3,3,1_8,TimeMixer,636.5,562.8968559265137,,,
2026-06-11 04:00:00,630.5,594.341,59967.935,2720.5925,0.0125,20569.25,23426.58,2720.605,da,2026-06-11,2026-06-10,2026-06-10 15:00:00,4,4,1_8,TimeMixer,630.5,574.3946830749512,,,
2026-06-11 05:00:00,643.0,632.807,60718.835,2716.45,40.9675,20320.75,24389.1675,2757.4175,da,2026-06-11,2026-06-10,2026-06-10 15:00:00,5,5,1_8,TimeMixer,643.0,557.8858347473144,,,
2026-06-11 06:00:00,621.75,606.609,61695.885,2511.9825,1352.035,21522.5,23057.8675,3864.0175,da,2026-06-11,2026-06-10,2026-06-10 15:00:00,6,6,1_8,TimeMixer,621.75,513.6416046142579,,,
2026-06-11 07:00:00,408.25,316.35,60091.515,2063.3025,5335.1275,25076.5,14368.835,7398.43,da,2026-06-11,2026-06-10,2026-06-10 15:00:00,7,7,1_8,TimeMixer,408.25,298.81955226898197,,,
2026-06-11 08:00:00,273.95,234.528,59841.8825,1523.6975,11219.305,25391.0,8518.88,12743.0025,da,2026-06-11,2026-06-10,2026-06-10 15:00:00,8,8,1_8,TimeMixer,273.95,192.70626396179196,,,
2026-06-11 09:00:00,84.35,19.99,57096.1575,1190.6125,16818.9125,23297.5,2612.6325,18009.525,da,2026-06-11,2026-06-10,2026-06-10 15:00:00,9,9,9_16,TimeMixer,84.35,44.78123626708984,,,
2026-06-11 10:00:00,10.0,-80.0,53714.01,1056.7375,20985.0625,21949.25,-3453.54,22041.8,da,2026-06-11,2026-06-10,2026-06-10 15:00:00,10,10,9_16,TimeMixer,10.0,-90.69662933349609,,,
2026-06-11 11:00:00,-9.0,-80.0,52688.5575,1036.5325,23288.5725,20095.75,-4908.7975,24325.105,da,2026-06-11,2026-06-10,2026-06-10 15:00:00,11,11,9_16,TimeMixer,-9.0,-99.05394030761718,,,
2026-06-11 12:00:00,-30.0,-80.0,50569.4425,1069.345,24110.3225,20192.0,-7978.725,25179.6675,da,2026-06-11,2026-06-10,2026-06-10 15:00:00,12,12,9_16,TimeMixer,-30.0,-108.04847717285156,,,
2026-06-11 13:00:00,-30.0,-80.0,44465.6125,1152.3025,23985.27,20016.75,-13865.21,25137.5725,da,2026-06-11,2026-06-10,2026-06-10 15:00:00,13,13,9_16,TimeMixer,-30.0,-111.19844055175781,,,
2026-06-11 14:00:00,-30.0,-80.0,47577.2975,1280.1425,22963.3675,19901.5,-9744.2125,24243.51,da,2026-06-11,2026-06-10,2026-06-10 15:00:00,14,14,9_16,TimeMixer,-30.0,-116.0501937866211,,,
2026-06-11 15:00:00,-10.0,-80.0,51136.32,1386.1325,20622.7,20056.5,-4105.5125,22008.8325,da,2026-06-11,2026-06-10,2026-06-10 15:00:00,15,15,9_16,TimeMixer,-10.0,-52.05352843017578,,,
2026-06-11 16:00:00,97.25,-80.0,56055.4375,1470.145,16666.435,21684.5,3057.8575,18136.58,da,2026-06-11,2026-06-10,2026-06-10 15:00:00,16,16,9_16,TimeMixer,97.25,-0.6336154785156296,,,
2026-06-11 17:00:00,322.075,265.128,61850.6425,1527.16,11206.4075,24826.25,11041.825,12733.5675,da,2026-06-11,2026-06-10,2026-06-10 15:00:00,17,17,17_24,TimeMixer,322.075,267.2086006164551,,,
2026-06-11 18:00:00,627.952,596.861,68737.1,1546.345,5322.9425,26173.75,22426.3125,6869.2875,da,2026-06-11,2026-06-10,2026-06-10 15:00:00,18,18,17_24,TimeMixer,627.952,522.8205601531982,,,
2026-06-11 19:00:00,663.15,721.029,73089.275,1653.2425,1356.5825,26074.5,30733.45,3009.825,da,2026-06-11,2026-06-10,2026-06-10 15:00:00,19,19,17_24,TimeMixer,663.15,557.9302525817872,,,
2026-06-11 20:00:00,673.44,706.791,75753.2075,1934.4875,43.9175,25197.0,35306.3025,1978.405,da,2026-06-11,2026-06-10,2026-06-10 15:00:00,20,20,17_24,TimeMixer,673.44,606.4105270309449,,,
2026-06-11 21:00:00,669.25,710.16,75240.1275,2403.9325,0.0,23412.5,36162.195,2403.9325,da,2026-06-11,2026-06-10,2026-06-10 15:00:00,21,21,17_24,TimeMixer,669.25,578.8437270355224,,,
2026-06-11 22:00:00,680.37,699.701,72907.9275,2987.4,0.0,21930.25,34743.7775,2987.4,da,2026-06-11,2026-06-10,2026-06-10 15:00:00,22,22,17_24,TimeMixer,680.37,561.163956451416,,,
2026-06-11 23:00:00,654.225,677.582,68997.53,3748.1475,0.0,20455.75,31562.1325,3748.1475,da,2026-06-11,2026-06-10,2026-06-10 15:00:00,23,23,17_24,TimeMixer,654.225,596.4901765823364,,,
2026-06-12 00:00:00,650.8,667.608,67578.915,4571.9475,0.0,19469.75,30305.7175,4571.9475,da,2026-06-12,2026-06-11,2026-06-11 15:00:00,0,24,17_24,TimeMixer,650.8,592.8883423919677,,,
2026-06-12 01:00:00,430.5,364.904,66098.0025,5838.95,0.0,20570.5,26477.0525,5838.95,da,2026-06-12,2026-06-11,2026-06-11 15:00:00,1,1,1_8,TimeMixer,430.5,663.9812440872192,,,
2026-06-12 02:00:00,400.0,354.124,64077.765,6343.5675,0.0,20570.0,23952.6975,6343.5675,da,2026-06-12,2026-06-11,2026-06-11 15:00:00,2,2,1_8,TimeMixer,400.0,626.4298181266784,,,
2026-06-12 03:00:00,395.175,352.51,62538.3775,6479.79,0.0,20570.0,22277.0875,6479.79,da,2026-06-12,2026-06-11,2026-06-11 15:00:00,3,3,1_8,TimeMixer,395.175,603.5234962463379,,,
2026-06-12 04:00:00,382.25,348.889,61642.4375,6291.3475,0.0125,20570.0,21569.5775,6291.36,da,2026-06-12,2026-06-11,2026-06-11 15:00:00,4,4,1_8,TimeMixer,382.25,605.1303693294525,,,
2026-06-12 05:00:00,386.0,354.262,62324.9625,6138.405,41.6525,20318.5,22614.905,6180.0575,da,2026-06-12,2026-06-11,2026-06-11 15:00:00,5,5,1_8,TimeMixer,386.0,608.0687479972839,,,
2026-06-12 06:00:00,380.0,347.303,63101.0925,5769.1625,1349.305,21608.5,21162.625,7118.4675,da,2026-06-12,2026-06-11,2026-06-11 15:00:00,6,6,1_8,TimeMixer,380.0,576.4761627197265,,,
2026-06-12 07:00:00,348.15,45.642,62193.685,5081.87,5112.655,25327.0,13464.41,10194.525,da,2026-06-12,2026-06-11,2026-06-11 15:00:00,7,7,1_8,TimeMixer,348.15,348.75207328796387,,,
2026-06-12 08:00:00,299.75,-61.869,63213.395,4029.5825,10495.6525,25663.75,9950.41,14525.235,da,2026-06-12,2026-06-11,2026-06-11 15:00:00,8,8,1_8,TimeMixer,299.75,162.87171012878414,,,
2026-06-12 09:00:00,234.11,116.335,62859.53,3108.2475,15491.3825,23302.25,8121.15,18599.63,da,2026-06-12,2026-06-11,2026-06-11 15:00:00,9,9,9_16,TimeMixer,234.11,-10.67939971923829,,,
2026-06-12 10:00:00,101.678,125.484,61195.855,2656.12,19210.6575,21625.25,4867.3275,21866.7775,da,2026-06-12,2026-06-11,2026-06-11 15:00:00,10,10,9_16,TimeMixer,101.678,-70.68936538696289,,,
2026-06-12 11:00:00,104.5,87.227,61476.4675,2641.5625,21304.6775,20165.75,4527.9775,23946.24,da,2026-06-12,2026-06-11,2026-06-11 15:00:00,11,11,9_16,TimeMixer,104.5,-71.23711853027343,,,
2026-06-12 12:00:00,62.0,61.114,59160.465,2896.9275,22036.1925,20035.0,1355.845,24933.12,da,2026-06-12,2026-06-11,2026-06-11 15:00:00,12,12,9_16,TimeMixer,62.0,-93.66249221801758,,,
2026-06-12 13:00:00,29.5,-17.492,54353.83,3511.27,21841.51,20036.5,-3871.95,25352.78,da,2026-06-12,2026-06-11,2026-06-11 15:00:00,13,13,9_16,TimeMixer,29.5,-90.1383056640625,,,
2026-06-12 14:00:00,29.5,337.286,57174.02,4287.3075,20667.6025,20116.25,-733.64,24954.91,da,2026-06-12,2026-06-11,2026-06-11 15:00:00,14,14,9_16,TimeMixer,29.5,-97.26935424804688,,,
2026-06-12 15:00:00,122.0,313.25,60846.655,5223.6625,18092.12,20217.5,4476.8725,23315.7825,da,2026-06-12,2026-06-11,2026-06-11 15:00:00,15,15,9_16,TimeMixer,122.0,-65.81469116210937,,,
2026-06-12 16:00:00,293.58,337.636,65573.7125,6408.7325,14249.76,21450.5,10628.22,20658.4925,da,2026-06-12,2026-06-11,2026-06-11 15:00:00,16,16,9_16,TimeMixer,293.58,22.178279495239252,,,
2026-06-12 17:00:00,279.463,342.176,70371.66,7709.175,9364.86,24715.0,15673.625,17074.035,da,2026-06-12,2026-06-11,2026-06-11 15:00:00,17,17,17_24,TimeMixer,279.463,286.8143144073486,,,
2026-06-12 18:00:00,388.628,350.251,74511.9625,8960.8625,4431.6225,26653.75,21537.9775,13392.485,da,2026-06-12,2026-06-11,2026-06-11 15:00:00,18,18,17_24,TimeMixer,388.628,553.3707192565918,,,
2026-06-12 19:00:00,400.0,350.112,77432.12,10308.83,1158.975,26631.25,26401.565,11467.805,da,2026-06-12,2026-06-11,2026-06-11 15:00:00,19,19,17_24,TimeMixer,400.0,595.8890577697754,,,
2026-06-12 20:00:00,400.0,338.321,80255.6025,11966.015,40.55,25761.0,29556.5375,12006.565,da,2026-06-12,2026-06-11,2026-06-11 15:00:00,20,20,17_24,TimeMixer,400.0,627.0805258407594,,,
2026-06-12 21:00:00,398.0,337.355,80082.825,13482.175,0.0,23976.0,29693.15,13482.175,da,2026-06-12,2026-06-11,2026-06-11 15:00:00,21,21,17_24,TimeMixer,398.0,607.3545276641845,,,
2026-06-12 22:00:00,389.5,337.14,77582.8875,14653.49,0.0,22493.0,27504.8975,14653.49,da,2026-06-12,2026-06-11,2026-06-11 15:00:00,22,22,17_24,TimeMixer,389.5,596.1099033203125,,,
2026-06-12 23:00:00,388.0,362.127,73794.87,15483.97,0.0,20808.0,24571.4,15483.97,da,2026-06-12,2026-06-11,2026-06-11 15:00:00,23,23,17_24,TimeMixer,388.0,592.3148959503175,,,
2026-06-13 00:00:00,386.0,380.508,72082.7375,15840.8175,0.0,19485.5,23824.92,15840.8175,da,2026-06-13,2026-06-12,2026-06-12 15:00:00,0,24,17_24,TimeMixer,386.0,574.8704113769531,,,
2026-06-13 01:00:00,390.0,388.425,68029.845,15177.02,0.0,20800.5,19190.825,15177.02,da,2026-06-13,2026-06-12,2026-06-12 15:00:00,1,1,1_8,TimeMixer,390.0,429.14756088256837,,,
2026-06-13 02:00:00,370.0,370.524,65590.7125,14609.355,0.0,20814.75,17305.1075,14609.355,da,2026-06-13,2026-06-12,2026-06-12 15:00:00,2,2,1_8,TimeMixer,370.0,378.5786247253418,,,
2026-06-13 03:00:00,335.0,368.188,63569.7275,13805.3475,0.0,20780.75,16122.13,13805.3475,da,2026-06-13,2026-06-12,2026-06-12 15:00:00,3,3,1_8,TimeMixer,335.0,370.6006970214844,,,
2026-06-13 04:00:00,324.5,360.819,62486.6,12868.44,0.01,20779.0,15977.65,12868.45,da,2026-06-13,2026-06-12,2026-06-12 15:00:00,4,4,1_8,TimeMixer,324.5,366.34607086181643,,,
2026-06-13 05:00:00,381.0,356.526,62829.8925,11952.9,55.82,20528.0,17431.6725,12008.72,da,2026-06-13,2026-06-12,2026-06-12 15:00:00,5,5,1_8,TimeMixer,381.0,367.72041473388674,,,
2026-06-13 06:00:00,366.2,362.916,63853.6375,10987.83,1130.2575,21738.25,17135.8,12118.0875,da,2026-06-13,2026-06-12,2026-06-12 15:00:00,6,6,1_8,TimeMixer,366.2,363.76846466064455,,,
2026-06-13 07:00:00,252.5,340.861,62655.1875,9851.5375,4212.525,25329.25,10404.125,14064.0625,da,2026-06-13,2026-06-12,2026-06-12 15:00:00,7,7,1_8,TimeMixer,252.5,254.37922729492186,,,
2026-06-13 08:00:00,151.0,351.274,63273.2675,8575.1575,8925.7775,25663.0,7310.3325,17500.935,da,2026-06-13,2026-06-12,2026-06-12 15:00:00,8,8,1_8,TimeMixer,151.0,187.2850266723633,,,
2026-06-13 09:00:00,170.81,369.244,62157.38,7923.6975,13652.4575,23260.25,4534.475,21576.155,da,2026-06-13,2026-06-12,2026-06-12 15:00:00,9,9,9_16,TimeMixer,170.81,102.48243676757812,,,
2026-06-13 10:00:00,70.0,359.711,60088.37,7944.3075,17435.7525,21583.75,338.06,25380.06,da,2026-06-13,2026-06-12,2026-06-12 15:00:00,10,10,9_16,TimeMixer,70.0,51.93354835205079,,,
2026-06-13 11:00:00,37.0,219.8,60076.6275,8346.19,19867.895,20219.5,-1143.4575,28214.085,da,2026-06-13,2026-06-12,2026-06-12 15:00:00,11,11,9_16,TimeMixer,37.0,74.8715606689453,,,
2026-06-13 12:00:00,26.5,-80.0,57950.4975,8872.4825,20908.4875,20151.25,-4768.2225,29780.97,da,2026-06-13,2026-06-12,2026-06-12 15:00:00,12,12,9_16,TimeMixer,26.5,54.09864959716796,,,
2026-06-13 13:00:00,25.0,-80.0,52877.6275,9490.3475,20559.1125,20107.0,-10065.3325,30049.46,da,2026-06-13,2026-06-12,2026-06-12 15:00:00,13,13,9_16,TimeMixer,25.0,18.54268798828126,,,
2026-06-13 14:00:00,99.5,155.709,56508.4175,10254.92,18856.725,20126.75,-5516.4775,29111.645,da,2026-06-13,2026-06-12,2026-06-12 15:00:00,14,14,9_16,TimeMixer,99.5,8.204064941406259,,,
2026-06-13 15:00:00,99.5,132.922,60525.0525,10898.8775,15964.24,20227.25,648.185,26863.1175,da,2026-06-13,2026-06-12,2026-06-12 15:00:00,15,15,9_16,TimeMixer,99.5,51.75913085937498,,,
2026-06-13 16:00:00,300.0,391.032,65185.96,11236.98,12165.7225,21426.5,7570.2575,23402.7025,da,2026-06-13,2026-06-12,2026-06-12 15:00:00,16,16,9_16,TimeMixer,300.0,203.85982861328125,,,
2026-06-13 17:00:00,319.233,348.906,70422.31,11388.8475,7889.16,24652.0,13633.3025,19278.0075,da,2026-06-13,2026-06-12,2026-06-12 15:00:00,17,17,17_24,TimeMixer,319.233,234.90561372070317,,,
2026-06-13 18:00:00,399.5,359.794,75180.3875,11308.68,3824.2725,26654.25,20515.435,15132.9525,da,2026-06-13,2026-06-12,2026-06-12 15:00:00,18,18,17_24,TimeMixer,399.5,370.57543998718256,,,
2026-06-13 19:00:00,400.0,346.821,77593.53,11506.9475,1039.36,26631.25,25534.4725,12546.3075,da,2026-06-13,2026-06-12,2026-06-12 15:00:00,19,19,17_24,TimeMixer,400.0,402.9531276702881,,,
2026-06-13 20:00:00,387.0,354.418,79125.8025,12196.54,58.385,25761.0,28228.3775,12254.925,da,2026-06-13,2026-06-12,2026-06-12 15:00:00,20,20,17_24,TimeMixer,387.0,438.5445305538177,,,
2026-06-13 21:00:00,394.0,353.276,78403.795,13081.675,0.0,23976.0,28464.62,13081.675,da,2026-06-13,2026-06-12,2026-06-12 15:00:00,21,21,17_24,TimeMixer,394.0,414.8914850616455,,,
2026-06-13 22:00:00,390.5,371.079,75980.9925,13719.865,0.0,22493.25,26886.3775,13719.865,da,2026-06-13,2026-06-12,2026-06-12 15:00:00,22,22,17_24,TimeMixer,390.5,407.7010643005371,,,
2026-06-13 23:00:00,395.0,374.751,72208.8975,14067.7375,0.0,20905.25,24354.41,14067.7375,da,2026-06-13,2026-06-12,2026-06-12 15:00:00,23,23,17_24,TimeMixer,395.0,413.64522724151607,,,
2026-06-14 00:00:00,392.0,414.513,71348.0725,13944.4125,0.0,19697.5,24824.66,13944.4125,da,2026-06-14,2026-06-13,2026-06-13 15:00:00,0,24,17_24,TimeMixer,392.0,403.11595428466796,,,
2026-06-14 01:00:00,400.0,448.756,70127.4075,12594.57,0.0,20800.5,23971.5375,12594.57,da,2026-06-14,2026-06-13,2026-06-13 15:00:00,1,1,1_8,TimeMixer,400.0,426.2284827232361,,,
2026-06-14 02:00:00,386.0,398.522,67667.4925,12069.295,0.0,20814.75,22022.6475,12069.295,da,2026-06-14,2026-06-13,2026-06-13 15:00:00,2,2,1_8,TimeMixer,386.0,382.08716773986816,,,
2026-06-14 03:00:00,385.5,385.068,65663.1225,11299.65,0.0,20781.0,20821.6725,11299.65,da,2026-06-14,2026-06-13,2026-06-13 15:00:00,3,3,1_8,TimeMixer,385.5,354.872700881958,,,
2026-06-14 04:00:00,383.0,374.883,64843.1375,10350.075,0.0125,20779.25,20953.0,10350.0875,da,2026-06-14,2026-06-13,2026-06-13 15:00:00,4,4,1_8,TimeMixer,383.0,343.60070877075196,,,
2026-06-14 05:00:00,389.5,378.919,65030.0975,9489.5725,27.2,20528.0,22224.525,9516.7725,da,2026-06-14,2026-06-13,2026-06-13 15:00:00,5,5,1_8,TimeMixer,389.5,374.2594848632813,,,
2026-06-14 06:00:00,383.5,377.845,65811.585,8565.2825,943.2625,21738.5,21803.74,9508.545,da,2026-06-14,2026-06-13,2026-06-13 15:00:00,6,6,1_8,TimeMixer,383.5,364.3851103973389,,,
2026-06-14 07:00:00,333.715,350.426,62696.4825,7460.4825,3729.4975,25329.25,13420.2025,11189.98,da,2026-06-14,2026-06-13,2026-06-13 15:00:00,7,7,1_8,TimeMixer,333.715,212.64427337646484,,,
2026-06-14 08:00:00,342.75,346.917,63447.6075,6283.465,8228.205,25663.25,10574.3875,14511.67,da,2026-06-14,2026-06-13,2026-06-13 15:00:00,8,8,1_8,TimeMixer,342.75,105.65044555664062,,,
2026-06-14 09:00:00,291.0,326.857,60446.1475,5636.9475,13416.8375,23259.75,5446.8125,19053.785,da,2026-06-14,2026-06-13,2026-06-13 15:00:00,9,9,9_16,TimeMixer,291.0,24.10610955810546,,,
2026-06-14 10:00:00,165.5,331.67,57504.8325,5596.155,18031.9225,21641.0,-450.045,23628.0775,da,2026-06-14,2026-06-13,2026-06-13 15:00:00,10,10,9_16,TimeMixer,165.5,-42.75174896240234,,,
2026-06-14 11:00:00,173.5,199.752,55653.6075,5805.24,20968.935,20517.0,-4323.3675,26774.175,da,2026-06-14,2026-06-13,2026-06-13 15:00:00,11,11,9_16,TimeMixer,173.5,-72.47750091552734,,,
2026-06-14 12:00:00,55.0,224.486,53830.97,6193.695,22295.775,20222.5,-7566.8,28489.47,da,2026-06-14,2026-06-13,2026-06-13 15:00:00,12,12,9_16,TimeMixer,55.0,-65.77613525390625,,,
2026-06-14 13:00:00,56.875,-80.0,49506.3375,6600.4125,22202.475,20347.0,-12329.35,28802.8875,da,2026-06-14,2026-06-13,2026-06-13 15:00:00,13,13,9_16,TimeMixer,56.875,-78.34512329101562,,,
2026-06-14 14:00:00,56.0,-80.0,52116.525,7009.8075,20803.1775,20502.5,-8884.76,27812.985,da,2026-06-14,2026-06-13,2026-06-13 15:00:00,14,14,9_16,TimeMixer,56.0,-44.866108703613286,,,
2026-06-14 15:00:00,110.5,-64.607,56044.565,7448.9675,18097.6125,20592.5,-2780.315,25546.58,da,2026-06-14,2026-06-13,2026-06-13 15:00:00,15,15,9_16,TimeMixer,110.5,-22.523425292968767,,,
2026-06-14 16:00:00,315.5,180.289,61358.895,7871.0525,14181.07,21550.75,5070.2225,22052.1225,da,2026-06-14,2026-06-13,2026-06-13 15:00:00,16,16,9_16,TimeMixer,315.5,150.60295486450195,,,
2026-06-14 17:00:00,378.625,275.755,66695.1625,8355.9325,9468.2525,24651.25,11461.4275,17824.185,da,2026-06-14,2026-06-13,2026-06-13 15:00:00,17,17,17_24,TimeMixer,378.625,256.80308692626954,,,
2026-06-14 18:00:00,400.0,351.504,71804.3925,8956.26,4575.195,26653.75,18842.1375,13531.455,da,2026-06-14,2026-06-13,2026-06-13 15:00:00,18,18,17_24,TimeMixer,400.0,395.83480377197264,,,
2026-06-14 19:00:00,415.0,358.265,75801.275,9750.9175,1190.5675,26631.25,25447.74,10941.485,da,2026-06-14,2026-06-13,2026-06-13 15:00:00,19,19,17_24,TimeMixer,415.0,427.99840467834474,,,
2026-06-14 20:00:00,397.75,352.996,78280.42,10827.74,40.64,25761.25,28869.99,10868.38,da,2026-06-14,2026-06-13,2026-06-13 15:00:00,20,20,17_24,TimeMixer,397.75,444.629403755188,,,
2026-06-14 21:00:00,390.0,350.0,77470.7,12233.385,0.0,23976.25,28480.265,12233.385,da,2026-06-14,2026-06-13,2026-06-13 15:00:00,21,21,17_24,TimeMixer,390.0,435.2844261322021,,,
2026-06-14 22:00:00,392.0,350.22,74701.02,13481.67,0.0,22493.25,25945.3,13481.67,da,2026-06-14,2026-06-13,2026-06-13 15:00:00,22,22,17_24,TimeMixer,392.0,414.33570025634765,,,
2026-06-14 23:00:00,394.0,357.788,71254.5175,14348.32,0.0,20905.5,23219.8975,14348.32,da,2026-06-14,2026-06-13,2026-06-13 15:00:00,23,23,17_24,TimeMixer,394.0,427.680757522583,,,
2026-06-15 00:00:00,400.0,361.99,69655.475,14538.9325,0.0,20414.5,21921.2425,14538.9325,da,2026-06-15,2026-06-14,2026-06-14 15:00:00,0,24,17_24,TimeMixer,400.0,414.05836029052733,,,
2026-06-15 01:00:00,433.0,361.568,65258.0175,12665.6825,0.0,22595.75,17085.785,12665.6825,da,2026-06-15,2026-06-14,2026-06-14 15:00:00,1,1,1_8,TimeMixer,433.0,442.3554081153869,,,
2026-06-15 02:00:00,400.0,349.409,63290.0875,12209.085,0.0,22807.0,15363.2025,12209.085,da,2026-06-15,2026-06-14,2026-06-14 15:00:00,2,2,1_8,TimeMixer,400.0,402.0658292419434,,,
2026-06-15 03:00:00,389.0,351.023,61595.4825,11505.615,0.0,22861.25,14317.8175,11505.615,da,2026-06-15,2026-06-14,2026-06-14 15:00:00,3,3,1_8,TimeMixer,389.0,397.63441490173335,,,
2026-06-15 04:00:00,386.0,352.874,60793.72,10636.275,0.01,22587.0,14659.635,10636.285,da,2026-06-15,2026-06-14,2026-06-14 15:00:00,4,4,1_8,TimeMixer,386.0,404.82504068298334,,,
2026-06-15 05:00:00,408.0,357.522,61321.71,9719.1225,34.7,22009.5,16647.5875,9753.8225,da,2026-06-15,2026-06-14,2026-06-14 15:00:00,5,5,1_8,TimeMixer,408.0,416.9651659698486,,,
2026-06-15 06:00:00,412.0,351.12,63266.8625,8783.7475,1101.2675,24283.5,16187.5475,9885.015,da,2026-06-15,2026-06-14,2026-06-14 15:00:00,6,6,1_8,TimeMixer,412.0,397.4352489471436,,,
2026-06-15 07:00:00,339.0,234.573,62464.3925,7641.875,4176.905,29386.5,8352.0625,11818.78,da,2026-06-15,2026-06-14,2026-06-14 15:00:00,7,7,1_8,TimeMixer,339.0,270.93770399475096,,,
2026-06-15 08:00:00,300.0,317.141,65398.135,6596.2025,8825.815,29605.0,7522.8175,15422.0175,da,2026-06-15,2026-06-14,2026-06-14 15:00:00,8,8,1_8,TimeMixer,300.0,183.79835357666016,,,
2026-06-15 09:00:00,300.0,332.297,65094.455,5982.57,13662.88,26685.25,5927.955,19645.45,da,2026-06-15,2026-06-14,2026-06-14 15:00:00,9,9,9_16,TimeMixer,300.0,84.29472503662109,,,
2026-06-15 10:00:00,267.0,299.286,62880.0675,5603.0175,17725.03,25179.25,1536.97,23328.0475,da,2026-06-15,2026-06-14,2026-06-14 15:00:00,10,10,9_16,TimeMixer,267.0,12.167897033691403,,,
2026-06-15 11:00:00,141.03,2.327,61682.295,5290.785,20473.62,24311.5,-1229.41,25764.405,da,2026-06-15,2026-06-14,2026-06-14 15:00:00,11,11,9_16,TimeMixer,141.03,7.149423217773432,,,
2026-06-15 12:00:00,58.72,-80.0,58110.18,5164.46,21795.31,23984.5,-5669.89,26959.77,da,2026-06-15,2026-06-14,2026-06-14 15:00:00,12,12,9_16,TimeMixer,58.72,-68.3400341796875,,,
2026-06-15 13:00:00,29.0,-80.0,52559.4925,5195.8475,21856.4525,24182.75,-11511.3575,27052.3,da,2026-06-15,2026-06-14,2026-06-14 15:00:00,13,13,9_16,TimeMixer,29.0,-89.31047821044922,,,
2026-06-15 14:00:00,72.5,-80.0,55049.3025,5429.5675,20802.2725,24377.25,-8395.5875,26231.84,da,2026-06-15,2026-06-14,2026-06-14 15:00:00,14,14,9_16,TimeMixer,72.5,-77.18164672851563,,,
2026-06-15 15:00:00,41.0,-80.0,58307.795,5882.8975,18394.265,24627.0,-3432.1675,24277.1625,da,2026-06-15,2026-06-14,2026-06-14 15:00:00,15,15,9_16,TimeMixer,41.0,-12.590724182128909,,,
2026-06-15 16:00:00,281.5,103.351,63178.35,6498.8875,14565.2375,25918.0,3360.425,21064.125,da,2026-06-15,2026-06-14,2026-06-14 15:00:00,16,16,9_16,TimeMixer,281.5,141.24785406494138,,,
2026-06-15 17:00:00,326.5,120.823,68171.9625,7178.2675,9684.1325,29277.5,9123.7625,16862.4,da,2026-06-15,2026-06-14,2026-06-14 15:00:00,17,17,17_24,TimeMixer,326.5,301.3798412780761,,,
2026-06-15 18:00:00,405.5,339.291,73527.4,7828.5725,4664.2,31153.25,16954.3275,12492.7725,da,2026-06-15,2026-06-14,2026-06-14 15:00:00,18,18,17_24,TimeMixer,405.5,384.11222114562986,,,
2026-06-15 19:00:00,449.5,346.299,77235.1925,8547.4,1223.205,31003.25,23530.5375,9770.605,da,2026-06-15,2026-06-14,2026-06-14 15:00:00,19,19,17_24,TimeMixer,449.5,431.82255232543946,,,
2026-06-15 20:00:00,439.5,348.798,79552.835,9484.5875,42.0075,30259.75,26835.69,9526.595,da,2026-06-15,2026-06-14,2026-06-14 15:00:00,20,20,17_24,TimeMixer,439.5,441.4715714454651,,,
2026-06-15 21:00:00,385.545,349.427,78893.2475,10562.3275,0.0,28473.75,26926.37,10562.3275,da,2026-06-15,2026-06-14,2026-06-14 15:00:00,21,21,17_24,TimeMixer,385.545,410.3340042114258,,,
2026-06-15 22:00:00,389.125,349.372,75771.8675,11836.2875,0.0,26601.75,24403.03,11836.2875,da,2026-06-15,2026-06-14,2026-06-14 15:00:00,22,22,17_24,TimeMixer,389.125,372.9213106994629,,,
2026-06-15 23:00:00,435.0,361.258,71562.68,12763.8625,0.0,24426.25,21441.7675,12763.8625,da,2026-06-15,2026-06-14,2026-06-14 15:00:00,23,23,17_24,TimeMixer,435.0,388.8501091003418,,,
2026-06-16 00:00:00,424.0,361.518,70363.2175,13155.025,0.0,22793.5,21483.8925,13155.025,da,2026-06-16,2026-06-15,2026-06-15 15:00:00,0,24,17_24,TimeMixer,424.0,373.9585186004639,,,
2026-06-16 01:00:00,458.0,539.059,66073.06,11108.0475,0.0,22843.5,19210.7125,11108.0475,da,2026-06-16,2026-06-15,2026-06-15 15:00:00,1,1,1_8,TimeMixer,458.0,448.6790899276733,,,
2026-06-16 02:00:00,438.25,518.029,64203.03,10383.5675,0.0,22843.75,18064.9125,10383.5675,da,2026-06-16,2026-06-15,2026-06-15 15:00:00,2,2,1_8,TimeMixer,438.25,389.0532572555542,,,
2026-06-16 03:00:00,432.25,514.629,62886.3075,9574.18,0.0,22900.75,17500.5775,9574.18,da,2026-06-16,2026-06-15,2026-06-15 15:00:00,3,3,1_8,TimeMixer,432.25,372.21803131103513,,,
2026-06-16 04:00:00,439.0,516.556,61946.2925,8772.5725,0.01,22625.25,17637.66,8772.5825,da,2026-06-16,2026-06-15,2026-06-15 15:00:00,4,4,1_8,TimeMixer,439.0,388.51149080395703,,,
2026-06-16 05:00:00,456.0,527.45,62557.8025,8088.7625,34.935,22046.25,19477.055,8123.6975,da,2026-06-16,2026-06-15,2026-06-15 15:00:00,5,5,1_8,TimeMixer,456.0,421.3456124191284,,,
2026-06-16 06:00:00,457.0,492.891,64742.7025,7428.1675,1118.5025,24311.75,18973.4825,8546.67,da,2026-06-16,2026-06-15,2026-06-15 15:00:00,6,6,1_8,TimeMixer,457.0,408.7130786895752,,,
2026-06-16 07:00:00,329.5,184.643,64152.46,6516.8025,4403.7275,29398.5,10926.38,10920.53,da,2026-06-16,2026-06-15,2026-06-15 15:00:00,7,7,1_8,TimeMixer,329.5,239.92958705139162,,,
2026-06-16 08:00:00,284.32,387.135,65813.1525,5546.75,9431.105,29617.5,8369.4975,14977.855,da,2026-06-16,2026-06-15,2026-06-15 15:00:00,8,8,1_8,TimeMixer,284.32,164.3210517883301,,,
2026-06-16 09:00:00,265.5,250.223,64997.3375,4799.885,14603.4225,26710.75,6047.48,19403.3075,da,2026-06-16,2026-06-15,2026-06-15 15:00:00,9,9,9_16,TimeMixer,265.5,69.16693878173828,,,
2026-06-16 10:00:00,144.0,373.347,62218.38,4270.8925,18716.4175,25207.75,1187.52,22987.31,da,2026-06-16,2026-06-15,2026-06-15 15:00:00,10,10,9_16,TimeMixer,144.0,54.01612342529296,,,
2026-06-16 11:00:00,20.0,540.651,60989.755,3945.035,21384.9225,24343.0,-1519.0025,25329.9575,da,2026-06-16,2026-06-15,2026-06-15 15:00:00,11,11,9_16,TimeMixer,20.0,-32.63174060058594,,,
2026-06-16 12:00:00,0.0,315.524,57556.425,3842.6925,22657.2275,24013.5,-5792.795,26499.92,da,2026-06-16,2026-06-15,2026-06-15 15:00:00,12,12,9_16,TimeMixer,0.0,-76.86721783447265,,,
2026-06-16 13:00:00,-30.0,56.218,50232.055,3985.4425,22734.52,24211.5,-13535.2075,26719.9625,da,2026-06-16,2026-06-15,2026-06-15 15:00:00,13,13,9_16,TimeMixer,-30.0,-118.13578918457031,,,
2026-06-16 14:00:00,-31.0,36.401,53133.28,4451.7175,21708.5475,24407.0,-10269.785,26160.265,da,2026-06-16,2026-06-15,2026-06-15 15:00:00,14,14,9_16,TimeMixer,-31.0,-77.69361114501953,,,
2026-06-16 15:00:00,0.0,-75.294,56478.0825,5042.435,19248.5825,24657.5,-5321.235,24291.0175,da,2026-06-16,2026-06-15,2026-06-15 15:00:00,15,15,9_16,TimeMixer,0.0,-48.094328308105474,,,
2026-06-16 16:00:00,145.5,-80.0,61447.4775,5725.4925,15302.285,25936.25,1617.65,21027.7775,da,2026-06-16,2026-06-15,2026-06-15 15:00:00,16,16,9_16,TimeMixer,145.5,123.2892936706543,,,
2026-06-16 17:00:00,314.0,168.901,66886.03,6413.5325,10152.52,29277.0,8123.4275,16566.0525,da,2026-06-16,2026-06-15,2026-06-15 15:00:00,17,17,17_24,TimeMixer,314.0,288.94692214965823,,,
2026-06-16 18:00:00,423.838,499.266,72476.2725,7178.94,4795.5575,31152.25,16422.475,11974.4975,da,2026-06-16,2026-06-15,2026-06-15 15:00:00,18,18,17_24,TimeMixer,423.838,416.2766121673584,,,
2026-06-16 19:00:00,470.075,524.195,75663.04,8231.43,1242.16,31003.75,22254.9,9473.59,da,2026-06-16,2026-06-15,2026-06-15 15:00:00,19,19,17_24,TimeMixer,470.075,472.24298246765136,,,
2026-06-16 20:00:00,460.5,472.235,77907.65,9453.265,42.245,30259.25,25222.09,9495.51,da,2026-06-16,2026-06-15,2026-06-15 15:00:00,20,20,17_24,TimeMixer,460.5,488.0803226470947,,,
2026-06-16 21:00:00,440.0,411.149,77222.795,10826.2225,0.0,28474.25,24991.5225,10826.2225,da,2026-06-16,2026-06-15,2026-06-15 15:00:00,21,21,17_24,TimeMixer,440.0,439.36315341186526,,,
2026-06-16 22:00:00,433.838,386.038,74637.8375,12071.1075,0.0,26574.75,23061.18,12071.1075,da,2026-06-16,2026-06-15,2026-06-15 15:00:00,22,22,17_24,TimeMixer,433.838,425.9244522094727,,,
2026-06-16 23:00:00,440.0,437.608,70424.34,12968.435,0.0,24361.75,20163.355,12968.435,da,2026-06-16,2026-06-15,2026-06-15 15:00:00,23,23,17_24,TimeMixer,440.0,475.8195737838745,,,
2026-06-17 00:00:00,450.5,459.6,69301.095,13315.04,0.0,22723.5,20331.755,13315.04,da,2026-06-17,2026-06-16,2026-06-16 15:00:00,0,24,17_24,TimeMixer,450.5,458.60141410827634,,,
2026-06-17 01:00:00,487.5,519.48,67248.3575,13154.51,0.0,22992.75,17880.2975,13154.51,da,2026-06-17,2026-06-16,2026-06-16 15:00:00,1,1,1_8,TimeMixer,487.5,513.8697437286377,,,
2026-06-17 02:00:00,469.35,494.69,65122.7675,12536.35,0.0,22971.75,16393.8675,12536.35,da,2026-06-17,2026-06-16,2026-06-16 15:00:00,2,2,1_8,TimeMixer,469.35,477.5019359588623,,,
2026-06-17 03:00:00,460.0,500.67,63551.4225,11396.1175,0.0,23001.75,15932.755,11396.1175,da,2026-06-17,2026-06-16,2026-06-16 15:00:00,3,3,1_8,TimeMixer,460.0,463.2848516464233,,,
2026-06-17 04:00:00,462.5,518.6,62653.2425,9942.7775,0.01,22732.75,16756.905,9942.7875,da,2026-06-17,2026-06-16,2026-06-16 15:00:00,4,4,1_8,TimeMixer,462.5,483.2813628673553,,,
2026-06-17 05:00:00,494.2,524.5,63383.0325,8528.69,30.1975,22145.0,19458.345,8558.8875,da,2026-06-17,2026-06-16,2026-06-16 15:00:00,5,5,1_8,TimeMixer,494.2,490.08110342025753,,,
2026-06-17 06:00:00,496.9,433.65,64920.2575,7214.955,1067.6925,23921.5,19495.31,8282.6475,da,2026-06-17,2026-06-16,2026-06-16 15:00:00,6,6,1_8,TimeMixer,496.9,465.80952089309693,,,
2026-06-17 07:00:00,333.5,-3.68,64490.605,5827.0825,4230.425,28003.25,13216.5475,10057.5075,da,2026-06-17,2026-06-16,2026-06-16 15:00:00,7,7,1_8,TimeMixer,333.5,310.39165205307006,,,
2026-06-17 08:00:00,384.75,258.39,66727.88,4530.2075,9173.06,28400.75,11488.0625,13703.2675,da,2026-06-17,2026-06-16,2026-06-16 15:00:00,8,8,1_8,TimeMixer,384.75,263.1207634811401,,,
2026-06-17 09:00:00,350.0,263.38,66446.92,3524.61,14360.42,26296.75,9184.34,17885.03,da,2026-06-17,2026-06-16,2026-06-16 15:00:00,9,9,9_16,TimeMixer,350.0,202.49762649536132,,,
2026-06-17 10:00:00,300.0,255.56,63701.8925,2791.0425,18597.6075,24500.0,4809.9425,21388.65,da,2026-06-17,2026-06-16,2026-06-16 15:00:00,10,10,9_16,TimeMixer,300.0,69.91435394287109,,,
2026-06-17 11:00:00,247.5,341.9,62602.3725,2158.8225,21220.005,23044.0,3223.745,23378.8275,da,2026-06-17,2026-06-16,2026-06-16 15:00:00,11,11,9_16,TimeMixer,247.5,-15.659087371826171,,,
2026-06-17 12:00:00,171.788,454.49,60082.965,1769.22,22403.6975,22923.75,67.9975,24172.9175,da,2026-06-17,2026-06-16,2026-06-16 15:00:00,12,12,9_16,TimeMixer,171.788,-32.74454193115234,,,
2026-06-17 13:00:00,105.0,437.43,55280.72,1628.2225,22246.1025,22923.75,-4430.655,23874.325,da,2026-06-17,2026-06-16,2026-06-16 15:00:00,13,13,9_16,TimeMixer,105.0,-70.21378479003906,,,
2026-06-17 14:00:00,65.453,436.02,58580.19,1665.6825,20745.965,22998.25,224.4925,22411.6475,da,2026-06-17,2026-06-16,2026-06-16 15:00:00,14,14,9_16,TimeMixer,65.453,-72.41935235595703,,,
2026-06-17 15:00:00,135.0,,62695.3,1865.065,17945.18,23204.0,6677.755,19810.245,da,2026-06-17,2026-06-16,2026-06-16 15:00:00,15,15,9_16,TimeMixer,135.0,13.643615600585939,,,
2026-06-17 16:00:00,357.1,,67612.34,2175.29,13874.665,24739.25,13732.335,16049.955,da,2026-06-17,2026-06-16,2026-06-16 15:00:00,16,16,9_16,TimeMixer,357.1,142.58319549560548,,,
2026-06-17 17:00:00,448.355,,72561.1725,2495.0775,9040.08,27851.75,19960.965,11535.1575,da,2026-06-17,2026-06-16,2026-06-16 15:00:00,17,17,17_24,TimeMixer,448.355,316.33284034729,,,
2026-06-17 18:00:00,550.0,,76857.315,2893.7075,4261.2175,29158.25,27308.34,7154.925,da,2026-06-17,2026-06-16,2026-06-16 15:00:00,18,18,17_24,TimeMixer,550.0,450.98477326660156,,,
2026-06-17 19:00:00,600.0,,79464.6675,3496.7125,1128.745,29170.5,32427.91,4625.4575,da,2026-06-17,2026-06-16,2026-06-16 15:00:00,19,19,17_24,TimeMixer,600.0,493.2845338897705,,,
2026-06-17 20:00:00,519.163,,81421.6625,4374.1625,41.8425,28380.75,35384.1075,4416.005,da,2026-06-17,2026-06-16,2026-06-16 15:00:00,20,20,17_24,TimeMixer,519.163,500.96730213165284,,,
2026-06-17 21:00:00,523.388,,80759.08,5360.39,0.0,26510.75,35647.14,5360.39,da,2026-06-17,2026-06-16,2026-06-16 15:00:00,21,21,17_24,TimeMixer,523.388,481.7309711456299,,,
2026-06-17 22:00:00,570.0,,78133.0175,6352.1975,0.0,25000.25,33539.77,6352.1975,da,2026-06-17,2026-06-16,2026-06-16 15:00:00,22,22,17_24,TimeMixer,570.0,457.64890745239256,,,
2026-06-17 23:00:00,574.75,,74124.1225,7218.0625,0.0,23826.5,29838.76,7218.0625,da,2026-06-17,2026-06-16,2026-06-16 15:00:00,23,23,17_24,TimeMixer,574.75,476.4656383514404,,,
2026-06-18 00:00:00,594.5,,72873.1425,7525.1875,0.0,22721.75,29385.405,7525.1875,da,2026-06-18,2026-06-17,2026-06-17 15:00:00,0,24,17_24,TimeMixer,594.5,494.0463589477539,,,
2026-06-18 01:00:00,,,69363.87,6224.915,0.0,22921.75,26946.405,6224.915,da,2026-06-18,2026-06-17,2026-06-17 15:00:00,1,1,1_8,TimeMixer,,535.0537600517273,,,
2026-06-18 02:00:00,,,67123.905,5842.7775,0.0,22849.75,25160.5775,5842.7775,da,2026-06-18,2026-06-17,2026-06-17 15:00:00,2,2,1_8,TimeMixer,,518.9458774185181,,,
2026-06-18 03:00:00,,,65237.955,5336.2425,0.0,22826.5,23804.4125,5336.2425,da,2026-06-18,2026-06-17,2026-06-17 15:00:00,3,3,1_8,TimeMixer,,472.52879905700684,,,
2026-06-18 04:00:00,,,64413.13,4794.2,0.01,22555.25,23792.87,4794.21,da,2026-06-18,2026-06-17,2026-06-17 15:00:00,4,4,1_8,TimeMixer,,481.3204116821289,,,
2026-06-18 05:00:00,,,64943.535,4249.7075,32.02,22059.0,25332.0075,4281.7275,da,2026-06-18,2026-06-17,2026-06-17 15:00:00,5,5,1_8,TimeMixer,,506.39702601776116,,,
2026-06-18 06:00:00,,,66635.4575,3720.5075,1010.255,23890.0,24743.895,4730.7625,da,2026-06-18,2026-06-17,2026-06-17 15:00:00,6,6,1_8,TimeMixer,,499.93830245971674,,,
2026-06-18 07:00:00,,,67395.9775,3024.2725,3833.0075,27874.0,19401.3975,6857.28,da,2026-06-18,2026-06-17,2026-06-17 15:00:00,7,7,1_8,TimeMixer,,333.42422094726567,,,
2026-06-18 08:00:00,,,71974.495,2173.8925,7827.805,28401.0,20385.9975,10001.6975,da,2026-06-18,2026-06-17,2026-06-17 15:00:00,8,8,1_8,TimeMixer,,373.39956436157223,,,
2026-06-18 09:00:00,,,74090.1625,1569.2525,11728.0725,26509.25,21152.7875,13297.325,da,2026-06-18,2026-06-17,2026-06-17 15:00:00,9,9,9_16,TimeMixer,,311.6425216674805,,,
2026-06-18 10:00:00,,,73822.6325,1304.9625,14760.1325,24970.25,19733.9875,16065.095,da,2026-06-18,2026-06-17,2026-06-17 15:00:00,10,10,9_16,TimeMixer,,247.36074829101562,,,
2026-06-18 11:00:00,,,73568.135,1251.1775,16590.575,23787.25,18933.3325,17841.7525,da,2026-06-18,2026-06-17,2026-06-17 15:00:00,11,11,9_16,TimeMixer,,203.53122681884767,,,
2026-06-18 12:00:00,,,70585.275,1338.9925,17303.605,23697.25,15277.1275,18642.5975,da,2026-06-18,2026-06-17,2026-06-17 15:00:00,12,12,9_16,TimeMixer,,122.4877543762207,,,
2026-06-18 13:00:00,,,65028.515,1571.31,16900.7125,23704.25,9888.9425,18472.0225,da,2026-06-18,2026-06-17,2026-06-17 15:00:00,13,13,9_16,TimeMixer,,105.37908401489258,,,
2026-06-18 14:00:00,,,68058.025,1966.885,15432.225,23590.0,14073.115,17399.11,da,2026-06-18,2026-06-17,2026-06-17 15:00:00,14,14,9_16,TimeMixer,,32.13922305755615,,,
2026-06-18 15:00:00,,,72016.65,2439.085,12820.1725,23722.25,19981.8425,15259.2575,da,2026-06-18,2026-06-17,2026-06-17 15:00:00,15,15,9_16,TimeMixer,,135.17899627685546,,,
2026-06-18 16:00:00,,,75782.365,2877.055,9584.59,25273.0,24906.92,12461.645,da,2026-06-18,2026-06-17,2026-06-17 15:00:00,16,16,9_16,TimeMixer,,281.76080902099613,,,
2026-06-18 17:00:00,,,78185.0375,3331.1925,6111.1025,28362.25,27117.1925,9442.295,da,2026-06-18,2026-06-17,2026-06-17 15:00:00,17,17,17_24,TimeMixer,,388.6889209707379,,,
2026-06-18 18:00:00,,,80126.4425,3791.745,2864.295,29499.0,30685.6025,6656.04,da,2026-06-18,2026-06-17,2026-06-17 15:00:00,18,18,17_24,TimeMixer,,532.4234034423828,,,
2026-06-18 19:00:00,,,81223.69,4311.9225,774.125,29609.0,33237.8425,5086.0475,da,2026-06-18,2026-06-17,2026-06-17 15:00:00,19,19,17_24,TimeMixer,,590.2017631530762,,,
2026-06-18 20:00:00,,,82693.925,5050.22,34.22,28840.0,35478.685,5084.44,da,2026-06-18,2026-06-17,2026-06-17 15:00:00,20,20,17_24,TimeMixer,,546.1739724090576,,,
2026-06-18 21:00:00,,,81881.8525,5903.4825,0.0,26534.0,36153.57,5903.4825,da,2026-06-18,2026-06-17,2026-06-17 15:00:00,21,21,17_24,TimeMixer,,551.8042776992797,,,
2026-06-18 22:00:00,,,79201.655,6780.945,0.0,24950.0,34179.91,6780.945,da,2026-06-18,2026-06-17,2026-06-17 15:00:00,22,22,17_24,TimeMixer,,562.6100170898437,,,
2026-06-18 23:00:00,,,75439.68,7473.7625,0.0,23680.0,30995.1175,7473.7625,da,2026-06-18,2026-06-17,2026-06-17 15:00:00,23,23,17_24,TimeMixer,,565.0121849060058,,,
2026-06-01 00:00:00,400.0,296.643,63568.2925,20531.2525,11.6,17238.5,12660.44,20542.8525,rt,2026-06-01,2026-05-31,2026-05-31 15:00:00,0,24,17_24,TimeMixer,296.643,471.2908192674628,496.3403130722046,1.0,-103.35700000000003
2026-06-01 01:00:00,360.0,365.425,62153.1425,19470.2425,12.8,18214.75,11648.85,19483.0425,rt,2026-06-01,2026-05-31,2026-05-31 15:00:00,1,1,1_8,TimeMixer,365.425,431.38518584400094,399.45472496032716,1.0,5.425000000000011
2026-06-01 02:00:00,352.613,356.766,60403.3875,18000.0875,12.1,18203.25,11381.45,18012.1875,rt,2026-06-01,2026-05-31,2026-05-31 15:00:00,2,2,1_8,TimeMixer,356.766,318.345030540351,356.42041397094727,0.0,0.0
2026-06-01 03:00:00,363.975,355.431,58997.6075,16140.4525,12.5,18362.75,11675.405,16152.9525,rt,2026-06-01,2026-05-31,2026-05-31 15:00:00,3,3,1_8,TimeMixer,355.431,302.32015974185856,323.7147149963378,0.0,-0.0
2026-06-01 04:00:00,387.378,322.16,58306.5325,14034.6075,12.3,18441.0,13012.125,14046.9075,rt,2026-06-01,2026-05-31,2026-05-31 15:00:00,4,4,1_8,TimeMixer,322.16,272.31926083942324,312.9329560272217,0.0,-0.0
2026-06-01 05:00:00,396.5,359.101,58908.2725,12253.87,42.8275,18425.25,15379.825,12296.6975,rt,2026-06-01,2026-05-31,2026-05-31 15:00:00,5,5,1_8,TimeMixer,359.101,296.682938450965,309.2182956695557,0.0,-0.0
2026-06-01 06:00:00,376.25,362.442,60521.0325,10824.8125,1177.2125,19782.75,15929.7575,12002.025,rt,2026-06-01,2026-05-31,2026-05-31 15:00:00,6,6,1_8,TimeMixer,362.442,270.0863400006476,317.711275100708,0.0,-0.0
2026-06-01 07:00:00,100.0,34.998,59231.97,9471.93,4618.1675,22604.5,9734.6225,14090.0975,rt,2026-06-01,2026-05-31,2026-05-31 15:00:00,7,7,1_8,TimeMixer,34.998,258.79167288867865,67.18516006469727,1.0,-65.00200000000001
2026-06-01 08:00:00,-70.0,-53.391,57053.2425,8060.2175,9894.59,23231.25,3123.185,17954.8075,rt,2026-06-01,2026-05-31,2026-05-31 15:00:00,8,8,1_8,TimeMixer,-53.391,3.6263405355045606,51.151329040527344,1.0,16.609
2026-06-01 09:00:00,-70.0,155.503,55404.1975,6886.0175,15341.655,21785.75,-1340.725,22227.6725,rt,2026-06-01,2026-05-31,2026-05-31 15:00:00,9,9,9_16,TimeMixer,155.503,-8.759173038714184,-47.75422363281251,1.0,225.503
2026-06-01 10:00:00,-75.0,-74.006,52232.135,6213.605,19788.67,19803.25,-6304.89,26002.275,rt,2026-06-01,2026-05-31,2026-05-31 15:00:00,10,10,9_16,TimeMixer,-74.006,-35.061419391253246,-60.9422576904297,1.0,0.9939999999999998
2026-06-01 11:00:00,-75.0,-70.772,52965.7825,5818.94,22595.34,18915.5,-7095.4975,28414.28,rt,2026-06-01,2026-05-31,2026-05-31 15:00:00,11,11,9_16,TimeMixer,-70.772,-43.495846590960284,-66.21934204101564,1.0,4.227999999999994
2026-06-01 12:00:00,-75.0,-80.0,52004.3875,5520.07,23906.0975,18778.5,-8931.78,29426.1675,rt,2026-06-01,2026-05-31,2026-05-31 15:00:00,12,12,9_16,TimeMixer,-80.0,-14.12656181679036,-32.52699279785156,1.0,-5.0
2026-06-01 13:00:00,-75.0,-48.675,48133.1025,5212.01,23966.345,18870.0,-12646.7525,29178.355,rt,2026-06-01,2026-05-31,2026-05-31 15:00:00,13,13,9_16,TimeMixer,-48.675,-17.213539283831373,-63.35758972167969,1.0,26.325000000000003
2026-06-01 14:00:00,-75.0,-70.535,49869.2825,5133.3,22860.0125,19093.75,-9949.28,27993.3125,rt,2026-06-01,2026-05-31,2026-05-31 15:00:00,14,14,9_16,TimeMixer,-70.535,-9.743843812639978,-33.52730712890627,1.0,4.465000000000003
2026-06-01 15:00:00,-75.0,-80.0,52357.135,5314.7575,20252.735,19872.0,-5813.8575,25567.4925,rt,2026-06-01,2026-05-31,2026-05-31 15:00:00,15,15,9_16,TimeMixer,-80.0,38.7189639510319,-4.464257446289082,1.0,-5.0
2026-06-01 16:00:00,-49.34,-80.0,56616.005,5755.225,16034.66,20961.5,1133.12,21789.885,rt,2026-06-01,2026-05-31,2026-05-31 15:00:00,16,16,9_16,TimeMixer,-80.0,47.53029415794108,86.52805944824217,1.0,-30.659999999999997
2026-06-01 17:00:00,310.77,195.515,62909.085,6349.8825,10476.0625,22054.25,11224.89,16825.945,rt,2026-06-01,2026-05-31,2026-05-31 15:00:00,17,17,17_24,TimeMixer,195.515,292.46740342410953,178.812746673584,0.0,-0.0
2026-06-01 18:00:00,398.5,550.118,68725.975,7147.135,4811.985,23777.5,20166.605,11959.12,rt,2026-06-01,2026-05-31,2026-05-31 15:00:00,18,18,17_24,TimeMixer,550.118,353.0472505253974,312.7321804046631,0.0,0.0
2026-06-01 19:00:00,514.873,562.554,73097.8075,8396.66,1117.75,23749.25,27007.6475,9514.41,rt,2026-06-01,2026-05-31,2026-05-31 15:00:00,19,19,17_24,TimeMixer,562.554,512.281782791938,409.1749641418457,0.0,0.0
2026-06-01 20:00:00,505.875,547.537,75455.8675,10115.1525,30.07,22658.25,29825.895,10145.2225,rt,2026-06-01,2026-05-31,2026-05-31 15:00:00,20,20,17_24,TimeMixer,547.537,491.9794788161078,455.8854749679565,0.0,0.0
2026-06-01 21:00:00,501.375,608.046,74108.5375,11762.1275,12.2,21836.25,27671.46,11774.3275,rt,2026-06-01,2026-05-31,2026-05-31 15:00:00,21,21,17_24,TimeMixer,608.046,477.96242110233214,433.60698572540286,0.0,0.0
2026-06-01 22:00:00,446.875,613.371,71544.965,13293.875,12.7,20453.25,24958.64,13306.575,rt,2026-06-01,2026-05-31,2026-05-31 15:00:00,22,22,17_24,TimeMixer,613.371,524.8529811009589,438.8006783485413,1.0,166.49599999999998
2026-06-01 23:00:00,431.5,514.696,69346.56,14412.445,11.6,18884.25,23211.765,14424.045,rt,2026-06-01,2026-05-31,2026-05-31 15:00:00,23,23,17_24,TimeMixer,514.696,488.79583279102235,441.60884246826174,1.0,83.19600000000003
2026-06-02 00:00:00,411.5,424.837,66235.8925,14977.5325,11.6,17302.5,21117.76,14989.1325,rt,2026-06-02,2026-06-01,2026-06-01 15:00:00,0,24,17_24,TimeMixer,424.837,429.2749532840338,415.42879219055175,1.0,13.336999999999989
2026-06-02 01:00:00,475.25,404.257,64207.3,14990.43,11.9,19762.25,16636.22,15002.33,rt,2026-06-02,2026-06-01,2026-06-01 15:00:00,1,1,1_8,TimeMixer,404.257,457.81949089969544,377.17611131668093,0.0,-0.0
2026-06-02 02:00:00,400.0,354.302,62893.4325,14549.0375,12.0,19768.0,15757.895,14561.0375,rt,2026-06-02,2026-06-01,2026-06-01 15:00:00,2,2,1_8,TimeMixer,354.302,436.15731597156434,333.8527678039551,1.0,-45.69799999999998
2026-06-02 03:00:00,400.0,341.615,61754.745,13852.8425,11.7,19802.0,15281.7025,13864.5425,rt,2026-06-02,2026-06-01,2026-06-01 15:00:00,3,3,1_8,TimeMixer,341.615,417.027366032714,337.78938652038573,1.0,-58.38499999999999
2026-06-02 04:00:00,411.5,335.385,60896.78,13008.9775,12.7,19810.75,15257.8525,13021.6775,rt,2026-06-02,2026-06-01,2026-06-01 15:00:00,4,4,1_8,TimeMixer,335.385,380.4998596770087,364.3091445320129,0.0,-0.0
2026-06-02 05:00:00,433.67,369.238,61463.675,12166.9625,46.6175,19622.25,16821.345,12213.58,rt,2026-06-02,2026-06-01,2026-06-01 15:00:00,5,5,1_8,TimeMixer,369.238,430.73155798091807,369.3327075958252,0.0,-0.0
2026-06-02 06:00:00,367.5,272.422,62133.455,11289.655,1413.38,21046.5,15577.42,12703.035,rt,2026-06-02,2026-06-01,2026-06-01 15:00:00,6,6,1_8,TimeMixer,272.422,431.84890422511967,360.38136178180577,1.0,-95.07799999999997
2026-06-02 07:00:00,86.0,-80.0,59664.2675,10065.22,5561.3475,24695.25,6539.7,15626.5675,rt,2026-06-02,2026-06-01,2026-06-01 15:00:00,7,7,1_8,TimeMixer,-80.0,254.6175630214301,162.48601608276368,1.0,-166.0
2026-06-02 08:00:00,-29.0,-80.0,57333.12,8461.9125,11567.755,25110.25,-550.7975,20029.6675,rt,2026-06-02,2026-06-01,2026-06-01 15:00:00,8,8,1_8,TimeMixer,-80.0,-30.42108014869953,43.432683563232416,0.0,-0.0
2026-06-02 09:00:00,-70.0,-80.0,55326.8325,7212.52,17103.6375,23052.0,-4772.825,24316.1575,rt,2026-06-02,2026-06-01,2026-06-01 15:00:00,9,9,9_16,TimeMixer,-80.0,88.02976900962565,-42.49027404785156,1.0,-10.0
2026-06-02 10:00:00,-74.988,-80.0,52129.3675,6576.7625,21250.1625,21379.5,-9808.5575,27826.925,rt,2026-06-02,2026-06-01,2026-06-01 15:00:00,10,10,9_16,TimeMixer,-80.0,-48.136490387347,-63.066308593749994,1.0,-5.0120000000000005
2026-06-02 11:00:00,-75.0,-80.0,53060.835,6216.9125,23583.8975,19848.5,-9319.975,29800.81,rt,2026-06-02,2026-06-01,2026-06-01 15:00:00,11,11,9_16,TimeMixer,-80.0,-67.99690819496418,-68.42156982421875,1.0,-5.0
2026-06-02 12:00:00,-75.0,-66.698,52939.6825,5876.1575,24439.485,19613.0,-9720.46,30315.6425,rt,2026-06-02,2026-06-01,2026-06-01 15:00:00,12,12,9_16,TimeMixer,-66.698,-44.475608495257156,-40.42112731933594,1.0,8.302000000000007
2026-06-02 13:00:00,-75.0,-59.163,49009.885,5577.22,24309.4875,19613.25,-13221.5725,29886.7075,rt,2026-06-02,2026-06-01,2026-06-01 15:00:00,13,13,9_16,TimeMixer,-59.163,-47.75815551185871,-70.75161743164062,1.0,15.837000000000003
2026-06-02 14:00:00,-75.0,-56.988,51183.9875,5387.11,23204.6925,19750.25,-9889.565,28591.8025,rt,2026-06-02,2026-06-01,2026-06-01 15:00:00,14,14,9_16,TimeMixer,-56.988,-44.42013070961262,-48.51033020019531,1.0,18.012
2026-06-02 15:00:00,-70.0,-75.992,53589.2375,5430.4,20588.7225,19953.5,-5114.885,26019.1225,rt,2026-06-02,2026-06-01,2026-06-01 15:00:00,15,15,9_16,TimeMixer,-75.992,-11.01270089760091,-25.183319091796875,1.0,-5.992000000000004
2026-06-02 16:00:00,-30.0,64.24,58034.0825,5741.44,16267.0825,21162.5,2131.56,22008.5225,rt,2026-06-02,2026-06-01,2026-06-01 15:00:00,16,16,9_16,TimeMixer,64.24,8.957261582257491,57.77950372314453,1.0,94.24
2026-06-02 17:00:00,312.175,463.308,64635.1175,6309.735,10548.38,24231.0,10742.0025,16858.115,rt,2026-06-02,2026-06-01,2026-06-01 15:00:00,17,17,17_24,TimeMixer,463.308,386.9888440163031,323.2635557098389,1.0,151.13299999999998
2026-06-02 18:00:00,455.7,636.413,70477.2375,7228.7475,4785.135,25879.0,19761.605,12013.8825,rt,2026-06-02,2026-06-01,2026-06-01 15:00:00,18,18,17_24,TimeMixer,636.413,551.269337658271,386.8593776702881,1.0,180.71300000000002
2026-06-02 19:00:00,546.81,594.886,74789.315,8605.4575,1119.1525,25774.0,26464.205,9724.61,rt,2026-06-02,2026-06-01,2026-06-01 15:00:00,19,19,17_24,TimeMixer,594.886,554.2157374586859,451.5287209594727,1.0,48.07600000000002
2026-06-02 20:00:00,546.75,510.564,77639.8725,10165.775,31.8,24847.0,29768.7975,10197.575,rt,2026-06-02,2026-06-01,2026-06-01 15:00:00,20,20,17_24,TimeMixer,510.564,561.1783084663764,477.29270696640015,1.0,-36.18599999999998
2026-06-02 21:00:00,551.5,521.208,76700.5025,11524.0625,11.3,23057.0,29281.64,11535.3625,rt,2026-06-02,2026-06-01,2026-06-01 15:00:00,21,21,17_24,TimeMixer,521.208,574.4941930427542,460.74671268463135,1.0,-30.29200000000003
2026-06-02 22:00:00,545.75,521.952,74308.615,12417.2025,11.9,21617.0,27436.0125,12429.1025,rt,2026-06-02,2026-06-01,2026-06-01 15:00:00,22,22,17_24,TimeMixer,521.952,591.4199125853338,439.2587700843811,1.0,-23.798000000000002
2026-06-02 23:00:00,521.0,493.448,71600.08,12875.27,12.6,19987.25,25898.46,12887.87,rt,2026-06-02,2026-06-01,2026-06-01 15:00:00,23,23,17_24,TimeMixer,493.448,550.5516446498481,442.33557853698727,1.0,-27.55200000000002
2026-06-03 00:00:00,500.0,615.833,67735.0225,12998.0875,11.4,18536.0,23363.035,13009.4875,rt,2026-06-03,2026-06-02,2026-06-02 15:00:00,0,24,17_24,TimeMixer,615.833,495.69477108917147,407.89878253936763,0.0,0.0
2026-06-03 01:00:00,494.0,516.964,67722.6825,11864.5675,12.6,19530.0,23609.015,11877.1675,rt,2026-06-03,2026-06-02,2026-06-02 15:00:00,1,1,1_8,TimeMixer,516.964,484.00476453975585,436.2549222946167,0.0,0.0
2026-06-03 02:00:00,447.0,471.11,65746.605,11612.245,12.1,19530.0,21885.76,11624.345,rt,2026-06-03,2026-06-02,2026-06-02 15:00:00,2,2,1_8,TimeMixer,471.11,452.6699154854956,373.35077510833736,1.0,24.110000000000014
2026-06-03 03:00:00,440.0,429.557,63826.375,11316.245,11.9,19530.0,20261.73,11328.145,rt,2026-06-03,2026-06-02,2026-06-02 15:00:00,3,3,1_8,TimeMixer,429.557,437.698343425788,362.56361877441407,0.0,-0.0
2026-06-03 04:00:00,445.5,434.58,62616.88,11012.2475,11.51,19530.0,19356.6225,11023.7575,rt,2026-06-03,2026-06-02,2026-06-02 15:00:00,4,4,1_8,TimeMixer,434.58,426.5557686204902,369.4767462921142,0.0,-0.0
2026-06-03 05:00:00,412.5,481.472,63182.1775,10712.045,33.535,19361.0,20369.0975,10745.58,rt,2026-06-03,2026-06-02,2026-06-02 15:00:00,5,5,1_8,TimeMixer,481.472,442.15095595142276,389.85027239990234,1.0,68.97199999999998
2026-06-03 06:00:00,413.2,478.715,64286.2975,10211.7125,927.8625,20823.75,19616.4725,11139.575,rt,2026-06-03,2026-06-02,2026-06-02 15:00:00,6,6,1_8,TimeMixer,478.715,418.190967431449,343.92138114929196,1.0,65.51499999999999
2026-06-03 07:00:00,274.313,317.513,64883.6825,9345.2725,3496.25,24590.5,14748.91,12841.5225,rt,2026-06-03,2026-06-02,2026-06-02 15:00:00,7,7,1_8,TimeMixer,317.513,265.0123249759284,163.92930030822754,0.0,0.0
2026-06-03 08:00:00,232.64,389.433,66791.265,8350.29,7483.3125,24902.75,13410.9125,15833.6025,rt,2026-06-03,2026-06-02,2026-06-02 15:00:00,8,8,1_8,TimeMixer,389.433,276.14437498332893,116.50923500061035,1.0,156.793
2026-06-03 09:00:00,276.0,465.032,67746.0425,7668.73,11866.3,22662.25,12917.2625,19535.03,rt,2026-06-03,2026-06-02,2026-06-02 15:00:00,9,9,9_16,TimeMixer,465.032,292.16309905889426,112.33340958738327,1.0,189.03199999999998
2026-06-03 10:00:00,95.5,482.101,66591.725,7610.97,15498.96,21138.0,9712.295,23109.93,rt,2026-06-03,2026-06-02,2026-06-02 15:00:00,10,10,9_16,TimeMixer,482.101,301.1626063429633,92.17746748657227,1.0,386.601
2026-06-03 11:00:00,4.5,488.563,65908.635,7765.9325,18279.0975,19475.0,7757.105,26045.03,rt,2026-06-03,2026-06-02,2026-06-02 15:00:00,11,11,9_16,TimeMixer,488.563,310.15219819248114,82.63284530639648,1.0,484.063
2026-06-03 12:00:00,30.5,477.629,63208.0,8036.2975,20044.51,19176.0,3319.6925,28080.8075,rt,2026-06-03,2026-06-02,2026-06-02 15:00:00,12,12,9_16,TimeMixer,477.629,55.17361816650125,91.58294525146485,1.0,447.129
2026-06-03 13:00:00,8.5,388.951,58326.6325,8222.8175,20462.5875,19150.25,-2140.5225,28685.405,rt,2026-06-03,2026-06-02,2026-06-02 15:00:00,13,13,9_16,TimeMixer,388.951,46.5472090341923,69.83713630676269,1.0,380.451
2026-06-03 14:00:00,6.56,202.338,60841.9975,8442.3375,19219.1125,19319.75,1229.2975,27661.45,rt,2026-06-03,2026-06-02,2026-06-02 15:00:00,14,14,9_16,TimeMixer,202.338,88.51994954353069,84.2666515197754,1.0,195.778
2026-06-03 15:00:00,83.25,119.573,64340.6375,8702.0175,16530.975,19568.5,6907.645,25232.9925,rt,2026-06-03,2026-06-02,2026-06-02 15:00:00,15,15,9_16,TimeMixer,119.573,309.36130917285834,103.35840301513672,1.0,36.32299999999999
2026-06-03 16:00:00,300.0,42.106,69173.92,9225.59,12580.81,20752.0,13984.02,21806.4,rt,2026-06-03,2026-06-02,2026-06-02 15:00:00,16,16,9_16,TimeMixer,42.106,344.06916735904605,124.21652030944824,1.0,-257.894
2026-06-03 17:00:00,402.5,497.462,73973.2625,9860.7225,7867.675,23776.75,19764.115,17728.3975,rt,2026-06-03,2026-06-02,2026-06-02 15:00:00,17,17,17_24,TimeMixer,497.462,502.22587106342223,324.3220764923096,1.0,94.96199999999999
2026-06-03 18:00:00,502.0,572.353,77364.875,10333.8175,3488.9125,25360.75,25458.645,13822.73,rt,2026-06-03,2026-06-02,2026-06-02 15:00:00,18,18,17_24,TimeMixer,572.353,573.8879401408758,429.732041809082,1.0,70.35299999999995
2026-06-03 19:00:00,524.0,536.775,79504.52,10824.125,822.3525,25323.75,29807.7925,11646.4775,rt,2026-06-03,2026-06-02,2026-06-02 15:00:00,19,19,17_24,TimeMixer,536.775,572.2715828065864,507.6017600402831,1.0,12.774999999999977
2026-06-03 20:00:00,520.0,531.978,80497.1675,11263.1075,28.535,24610.75,31868.275,11291.6425,rt,2026-06-03,2026-06-02,2026-06-02 15:00:00,20,20,17_24,TimeMixer,531.978,548.2156814425268,517.6855282707214,1.0,11.977999999999952
2026-06-03 21:00:00,527.0,539.882,79361.9475,11085.115,11.6,22984.25,32554.4825,11096.715,rt,2026-06-03,2026-06-02,2026-06-02 15:00:00,21,21,17_24,TimeMixer,539.882,531.2614260225287,531.7053550872803,1.0,12.881999999999948
2026-06-03 22:00:00,545.995,519.857,76176.1075,10720.945,12.6,21417.25,31298.8125,10733.545,rt,2026-06-03,2026-06-02,2026-06-02 15:00:00,22,22,17_24,TimeMixer,519.857,541.2417348788824,509.24005997467043,0.0,-0.0
2026-06-03 23:00:00,540.5,421.655,72177.335,10239.8025,13.0,19640.5,29557.5325,10252.8025,rt,2026-06-03,2026-06-02,2026-06-02 15:00:00,23,23,17_24,TimeMixer,421.655,539.1901230348387,485.8436881408691,0.0,-0.0
2026-06-04 00:00:00,540.5,414.112,70079.02,9437.9325,11.6,18387.75,29515.2375,9449.5325,rt,2026-06-04,2026-06-03,2026-06-03 15:00:00,0,24,17_24,TimeMixer,414.112,583.866101979598,492.6248864412308,1.0,-126.38799999999998
2026-06-04 01:00:00,525.0,590.569,62988.9225,8087.0075,0.0,19536.0,22759.415,8087.0075,rt,2026-06-04,2026-06-03,2026-06-03 15:00:00,1,1,1_8,TimeMixer,590.569,619.0324040867988,510.0877471923828,1.0,65.56899999999996
2026-06-04 02:00:00,502.5,491.713,61130.3225,7359.6275,0.0,19535.5,21628.695,7359.6275,rt,2026-06-04,2026-06-03,2026-06-03 15:00:00,2,2,1_8,TimeMixer,491.713,569.016924823226,461.0588076591491,1.0,-10.786999999999978
2026-06-04 03:00:00,457.5,629.895,59909.475,7012.0125,0.0,19534.75,20756.2125,7012.0125,rt,2026-06-04,2026-06-03,2026-06-03 15:00:00,3,3,1_8,TimeMixer,629.895,544.2226050874701,453.8654371261597,1.0,172.39499999999998
2026-06-04 04:00:00,450.0,490.96,59253.4825,7001.33,0.0125,19536.0,20109.64,7001.3425,rt,2026-06-04,2026-06-03,2026-06-03 15:00:00,4,4,1_8,TimeMixer,490.96,528.7829214566412,464.5640808105469,1.0,40.95999999999998
2026-06-04 05:00:00,412.299,618.688,59260.61,7174.565,50.445,19402.25,20026.85,7225.01,rt,2026-06-04,2026-06-03,2026-06-03 15:00:00,5,5,1_8,TimeMixer,618.688,546.9651675069038,446.27370230102537,1.0,206.389
2026-06-04 06:00:00,430.75,575.907,60559.4025,7401.87,932.98,20760.25,18857.8025,8334.85,rt,2026-06-04,2026-06-03,2026-06-03 15:00:00,6,6,1_8,TimeMixer,575.907,519.8141346547309,429.4462728912353,1.0,145.15700000000004
2026-06-04 07:00:00,329.61,378.624,60357.64,7411.75,3578.73,24238.5,12525.91,10990.48,rt,2026-06-04,2026-06-03,2026-06-03 15:00:00,7,7,1_8,TimeMixer,378.624,360.52067394519713,243.28826354103086,1.0,49.01400000000001
2026-06-04 08:00:00,255.5,429.017,62151.36,7396.1275,7697.1775,24670.0,9844.055,15093.305,rt,2026-06-04,2026-06-03,2026-06-03 15:00:00,8,8,1_8,TimeMixer,429.017,338.8328407304755,118.79114950561521,1.0,173.517
2026-06-04 09:00:00,136.0,626.057,61322.3575,7271.96,12271.7,22778.0,6469.1975,19543.66,rt,2026-06-04,2026-06-03,2026-06-03 15:00:00,9,9,9_16,TimeMixer,626.057,349.6826125639716,85.98690185546874,1.0,490.057
2026-06-04 10:00:00,0.0,441.169,58433.95,6897.08,16477.3575,21490.25,1037.7625,23374.4375,rt,2026-06-04,2026-06-03,2026-06-03 15:00:00,10,10,9_16,TimeMixer,441.169,102.63671012778971,-45.63681335449219,1.0,441.169
2026-06-04 11:00:00,-67.948,329.402,56438.5,6543.4825,19781.835,19966.0,-2384.3175,26325.3175,rt,2026-06-04,2026-06-03,2026-06-03 15:00:00,11,11,9_16,TimeMixer,329.402,73.10969177818032,-130.7484344482422,1.0,397.34999999999997
2026-06-04 12:00:00,-44.5,-80.0,53094.375,6164.155,21758.7675,19744.0,-7104.0475,27922.9225,rt,2026-06-04,2026-06-03,2026-06-03 15:00:00,12,12,9_16,TimeMixer,-80.0,69.25300137778973,-100.05310516357422,1.0,-35.5
2026-06-04 13:00:00,-45.875,-80.0,47976.4725,5748.9225,22296.2225,19744.0,-12344.1725,28045.145,rt,2026-06-04,2026-06-03,2026-06-03 15:00:00,13,13,9_16,TimeMixer,-80.0,36.248573409039714,-117.19297637939454,1.0,-34.125
2026-06-04 14:00:00,-60.625,-80.0,49271.6375,5508.7425,21802.755,19842.75,-10414.11,27311.4975,rt,2026-06-04,2026-06-03,2026-06-03 15:00:00,14,14,9_16,TimeMixer,-80.0,-33.983333002093104,-104.49409948730468,1.0,-19.375
2026-06-04 15:00:00,-69.5,-80.0,52433.545,5352.405,19844.7125,19982.5,-5277.5725,25197.1175,rt,2026-06-04,2026-06-03,2026-06-03 15:00:00,15,15,9_16,TimeMixer,-80.0,-45.79524259071614,-35.61261444091797,1.0,-10.5
2026-06-04 16:00:00,-29.95,-80.0,57612.3125,5311.5775,16082.4,21134.5,2552.335,21393.9775,rt,2026-06-04,2026-06-03,2026-06-03 15:00:00,16,16,9_16,TimeMixer,-80.0,-46.323533851092115,163.11548400878908,0.0,-0.0
2026-06-04 17:00:00,260.5,147.833,63189.3425,5280.6375,10809.815,23959.25,10535.64,16090.4525,rt,2026-06-04,2026-06-03,2026-06-03 15:00:00,17,17,17_24,TimeMixer,147.833,431.38914547748476,310.8702075958252,1.0,-112.667
2026-06-04 18:00:00,520.25,613.905,69110.315,5108.225,5133.285,25367.75,20878.305,10241.51,rt,2026-06-04,2026-06-03,2026-06-03 15:00:00,18,18,17_24,TimeMixer,613.905,554.9654811798468,478.24219844055176,1.0,93.65499999999997
2026-06-04 19:00:00,546.0,806.969,73030.935,5027.58,1270.625,25274.0,28832.23,6298.205,rt,2026-06-04,2026-06-03,2026-06-03 15:00:00,19,19,17_24,TimeMixer,806.969,591.0156999672308,505.23184609985344,1.0,260.96900000000005
2026-06-04 20:00:00,564.5,707.876,75885.3175,5355.4775,37.445,24354.0,33511.895,5392.9225,rt,2026-06-04,2026-06-03,2026-06-03 15:00:00,20,20,17_24,TimeMixer,707.876,596.5578752547065,539.9112120819092,1.0,143.37599999999998
2026-06-04 21:00:00,566.875,658.026,75159.125,5606.4525,0.0,22546.25,34379.9225,5606.4525,rt,2026-06-04,2026-06-03,2026-06-03 15:00:00,21,21,17_24,TimeMixer,658.026,599.2820936452094,543.9867094039917,1.0,91.15099999999995
2026-06-04 22:00:00,577.5,461.831,72706.57,5562.18,0.0,21144.5,33373.39,5562.18,rt,2026-06-04,2026-06-03,2026-06-03 15:00:00,22,22,17_24,TimeMixer,461.831,612.7369887855903,538.841849395752,1.0,-115.66899999999998
2026-06-04 23:00:00,580.75,407.503,69290.5125,5601.6525,0.0,19839.0,31223.36,5601.6525,rt,2026-06-04,2026-06-03,2026-06-03 15:00:00,23,23,17_24,TimeMixer,407.503,577.2674954063407,551.608748626709,0.0,-0.0
2026-06-05 00:00:00,582.5,620.44,66421.8975,5378.3475,0.0,18862.75,29554.3,5378.3475,rt,2026-06-05,2026-06-04,2026-06-04 15:00:00,0,24,17_24,TimeMixer,620.44,576.9221497932426,561.9506683349609,0.0,0.0
2026-06-05 01:00:00,622.5,728.717,63848.0025,4461.875,0.0,19980.0,26994.6275,4461.875,rt,2026-06-05,2026-06-04,2026-06-04 15:00:00,1,1,1_8,TimeMixer,728.717,652.6628155748358,571.6885833740234,1.0,106.21699999999998
2026-06-05 02:00:00,595.688,642.313,61811.5,4301.8675,0.0,19989.0,25109.1325,4301.8675,rt,2026-06-05,2026-06-04,2026-06-04 15:00:00,2,2,1_8,TimeMixer,642.313,587.3106037697212,531.3742473602294,0.0,0.0
2026-06-05 03:00:00,580.5,611.88,60288.3775,4108.76,0.0,19998.75,23769.3675,4108.76,rt,2026-06-05,2026-06-04,2026-06-04 15:00:00,3,3,1_8,TimeMixer,611.88,639.1446108113471,514.4729564666748,1.0,31.379999999999995
2026-06-05 04:00:00,569.5,534.406,59440.5,3912.095,0.01,20003.0,23113.895,3912.105,rt,2026-06-05,2026-06-04,2026-06-04 15:00:00,4,4,1_8,TimeMixer,534.406,579.8675441594305,513.7705383300781,1.0,-35.09400000000005
2026-06-05 05:00:00,573.5,575.279,60328.725,3688.425,39.69,19828.0,24361.11,3728.115,rt,2026-06-05,2026-06-04,2026-06-04 15:00:00,5,5,1_8,TimeMixer,575.279,634.5230097087469,485.1677003234863,1.0,1.7789999999999964
2026-06-05 06:00:00,546.375,510.598,61250.8325,3302.7825,1429.9175,21189.25,22917.3825,4732.7,rt,2026-06-05,2026-06-04,2026-06-04 15:00:00,6,6,1_8,TimeMixer,510.598,608.8936312169258,468.8596134185791,1.0,-35.77699999999999
2026-06-05 07:00:00,335.75,220.469,59688.3125,2709.5525,5525.7875,24632.25,14412.9725,8235.34,rt,2026-06-05,2026-06-04,2026-06-04 15:00:00,7,7,1_8,TimeMixer,220.469,448.68195694583807,314.59559785461425,1.0,-115.281
2026-06-05 08:00:00,85.0,593.325,59199.7475,2099.98,11389.0625,25368.5,7993.205,13489.0425,rt,2026-06-05,2026-06-04,2026-06-04 15:00:00,8,8,1_8,TimeMixer,593.325,381.16231866324335,168.75636196136472,1.0,508.32500000000005
2026-06-05 09:00:00,-23.25,528.983,57042.325,1740.8725,16726.8375,23869.0,2369.115,18467.71,rt,2026-06-05,2026-06-04,2026-06-04 15:00:00,9,9,9_16,TimeMixer,528.983,201.96408095786785,27.285195922851557,1.0,552.233
2026-06-05 10:00:00,-58.25,387.179,54282.65,1623.29,20863.6975,21998.5,-2517.5875,22486.9875,rt,2026-06-05,2026-06-04,2026-06-04 15:00:00,10,10,9_16,TimeMixer,387.179,84.83759266807292,-73.83499682617187,1.0,445.429
2026-06-05 11:00:00,-61.5,339.317,53478.99,1626.675,23247.6125,20594.0,-4275.7975,24874.2875,rt,2026-06-05,2026-06-04,2026-06-04 15:00:00,11,11,9_16,TimeMixer,339.317,22.066805566022133,-149.7337658203125,1.0,400.817
2026-06-05 12:00:00,-67.71,176.983,50758.3975,1679.905,24154.8625,20491.5,-7854.37,25834.7675,rt,2026-06-05,2026-06-04,2026-06-04 15:00:00,12,12,9_16,TimeMixer,176.983,-118.64363498695636,-130.18858489990234,0.0,0.0
2026-06-05 13:00:00,-61.0,-80.0,46332.1275,1744.5575,24015.1625,20507.0,-12245.0925,25759.72,rt,2026-06-05,2026-06-04,2026-06-04 15:00:00,13,13,9_16,TimeMixer,-80.0,-112.99337177406574,-117.10438818359376,0.0,-0.0
2026-06-05 14:00:00,-67.225,-80.0,48669.5925,1837.545,22832.8775,20566.75,-8904.08,24670.4225,rt,2026-06-05,2026-06-04,2026-06-04 15:00:00,14,14,9_16,TimeMixer,-80.0,-108.62586533729817,-100.86117700195314,0.0,-0.0
2026-06-05 15:00:00,-61.0,-58.766,52859.7875,1937.3175,20203.3075,20619.0,-2236.3375,22140.625,rt,2026-06-05,2026-06-04,2026-06-04 15:00:00,15,15,9_16,TimeMixer,-58.766,-76.05542595253254,-66.87250915527343,0.0,0.0
2026-06-05 16:00:00,-29.625,504.02,58183.4675,2118.115,15962.155,21741.75,6024.9475,18080.27,rt,2026-06-05,2026-06-04,2026-06-04 15:00:00,16,16,9_16,TimeMixer,504.02,182.00301515491398,-13.216551513671874,1.0,533.645
2026-06-05 17:00:00,356.04,526.577,64207.0975,2404.535,10415.3,24564.75,14413.5125,12819.835,rt,2026-06-05,2026-06-04,2026-06-04 15:00:00,17,17,17_24,TimeMixer,526.577,367.7789211781684,259.2923830413818,1.0,170.53699999999998
2026-06-05 18:00:00,538.35,641.0,69806.655,2881.645,4771.4175,25939.5,23786.3425,7653.0625,rt,2026-06-05,2026-06-04,2026-06-04 15:00:00,18,18,17_24,TimeMixer,641.0,577.9899508720961,483.8101446533203,1.0,102.64999999999998
2026-06-05 19:00:00,565.0,559.647,73387.1575,3715.325,1148.3575,25894.5,30197.475,4863.6825,rt,2026-06-05,2026-06-04,2026-06-04 15:00:00,19,19,17_24,TimeMixer,559.647,672.2324267121496,507.72467651367185,1.0,-5.352999999999952
2026-06-05 20:00:00,570.0,550.782,76105.3175,4999.5325,23.8675,24988.25,33662.1675,5023.4,rt,2026-06-05,2026-06-04,2026-06-04 15:00:00,20,20,17_24,TimeMixer,550.782,632.6833592627326,552.0695659637452,1.0,-19.21799999999996
2026-06-05 21:00:00,565.0,544.16,75732.825,6195.1875,0.0,23040.25,34065.8875,6195.1875,rt,2026-06-05,2026-06-04,2026-06-04 15:00:00,21,21,17_24,TimeMixer,544.16,613.6361355684271,540.2353553771973,1.0,-20.840000000000032
2026-06-05 22:00:00,577.5,535.078,73232.8875,7070.7475,0.0,21691.25,32039.39,7070.7475,rt,2026-06-05,2026-06-04,2026-06-04 15:00:00,22,22,17_24,TimeMixer,535.078,532.5199860643378,529.8796363067627,0.0,-0.0
2026-06-05 23:00:00,550.0,546.457,69444.87,7740.935,0.0,20079.0,29193.435,7740.935,rt,2026-06-05,2026-06-04,2026-06-04 15:00:00,23,23,17_24,TimeMixer,546.457,509.69640985858825,552.4708856201172,0.0,-0.0
2026-06-06 00:00:00,550.0,660.329,67732.7375,7927.545,0.0,18537.5,28836.1925,7927.545,rt,2026-06-06,2026-06-05,2026-06-05 15:00:00,0,24,17_24,TimeMixer,660.329,589.6014420067206,542.5771465301514,1.0,110.32899999999995
2026-06-06 01:00:00,410.0,453.545,61442.71,9294.1,0.0,19771.0,19766.11,9294.1,rt,2026-06-06,2026-06-05,2026-06-05 15:00:00,1,1,1_8,TimeMixer,453.545,687.0298743475714,602.4210764694215,1.0,43.545000000000016
2026-06-06 02:00:00,399.5,415.271,59437.7875,8871.665,0.0,19771.0,18183.6225,8871.665,rt,2026-06-06,2026-06-05,2026-06-05 15:00:00,2,2,1_8,TimeMixer,415.271,619.5177413920966,578.3349696853638,1.0,15.771000000000015
2026-06-06 03:00:00,399.0,404.75,58407.5925,8456.46,0.0,19809.25,17530.3825,8456.46,rt,2026-06-06,2026-06-05,2026-06-05 15:00:00,3,3,1_8,TimeMixer,404.75,584.4575134950628,523.6310752868652,1.0,5.75
2026-06-06 04:00:00,389.5,410.307,57395.16,8180.5925,0.01,19813.25,16789.8075,8180.6025,rt,2026-06-06,2026-06-05,2026-06-05 15:00:00,4,4,1_8,TimeMixer,410.307,551.5634397658148,530.8920391082763,1.0,20.807000000000016
2026-06-06 05:00:00,399.5,406.147,58188.72,8127.8975,20.0825,19561.0,17868.24,8147.98,rt,2026-06-06,2026-06-05,2026-06-05 15:00:00,5,5,1_8,TimeMixer,406.147,575.9356449455634,546.5462745666504,1.0,6.646999999999991
2026-06-06 06:00:00,399.5,401.272,59496.495,7899.8525,411.12,20757.75,17816.2725,8310.9725,rt,2026-06-06,2026-06-05,2026-06-05 15:00:00,6,6,1_8,TimeMixer,401.272,518.3374192935553,504.05896224975584,1.0,1.7719999999999914
2026-06-06 07:00:00,372.5,403.41,61845.96,7583.525,1347.505,24275.25,16031.93,8931.03,rt,2026-06-06,2026-06-05,2026-06-05 15:00:00,7,7,1_8,TimeMixer,403.41,316.6717851985541,265.9308279037475,0.0,0.0
2026-06-06 08:00:00,400.0,523.909,67201.5475,7262.5775,2718.2925,24776.75,19894.9275,9980.87,rt,2026-06-06,2026-06-05,2026-06-05 15:00:00,8,8,1_8,TimeMixer,523.909,471.9858539212409,121.4467594909668,1.0,123.90899999999999
2026-06-06 09:00:00,420.0,610.56,70356.865,6956.9525,4183.2,22833.25,23846.9625,11140.1525,rt,2026-06-06,2026-06-05,2026-06-05 15:00:00,9,9,9_16,TimeMixer,610.56,470.02923544483093,118.77782897949218,1.0,190.55999999999995
2026-06-06 10:00:00,430.22,662.967,71271.3375,6660.0625,5345.555,21288.0,25441.22,12005.6175,rt,2026-06-06,2026-06-05,2026-06-05 15:00:00,10,10,9_16,TimeMixer,662.967,409.3691612950507,120.0228759765625,0.0,0.0
2026-06-06 11:00:00,420.0,551.464,72871.7025,6810.5125,6154.5425,19802.5,27567.6475,12965.055,rt,2026-06-06,2026-06-05,2026-06-05 15:00:00,11,11,9_16,TimeMixer,551.464,415.27403963001166,102.47178649902344,0.0,0.0
2026-06-06 12:00:00,415.0,431.376,71573.4,7255.5825,6662.7025,19638.75,25479.865,13918.285,rt,2026-06-06,2026-06-05,2026-06-05 15:00:00,12,12,9_16,TimeMixer,431.376,332.38302507190616,96.61928503417968,0.0,0.0
2026-06-06 13:00:00,395.0,27.266,66236.18,7985.35,6715.185,19638.0,19361.145,14700.535,rt,2026-06-06,2026-06-05,2026-06-05 15:00:00,13,13,9_16,TimeMixer,27.266,215.28513287586125,80.08612670898438,0.0,-0.0
2026-06-06 14:00:00,400.0,345.015,68374.945,8768.2375,6347.1675,19732.0,20991.04,15115.405,rt,2026-06-06,2026-06-05,2026-06-05 15:00:00,14,14,9_16,TimeMixer,345.015,226.7021632103339,80.38759521484376,0.0,-0.0
2026-06-06 15:00:00,407.5,345.259,70263.3075,9554.75,5495.96,19864.0,22812.0975,15050.71,rt,2026-06-06,2026-06-05,2026-06-05 15:00:00,15,15,9_16,TimeMixer,345.259,225.0711870763007,88.21292724609376,0.0,-0.0
2026-06-06 16:00:00,420.1,369.377,71748.23,10336.97,4307.545,21007.5,23559.715,14644.515,rt,2026-06-06,2026-06-05,2026-06-05 15:00:00,16,16,9_16,TimeMixer,369.377,462.1878855949774,90.2827377319336,1.0,-50.72300000000001
2026-06-06 17:00:00,407.5,339.255,71360.4175,10886.4925,2861.5425,23870.75,21132.6325,13748.035,rt,2026-06-06,2026-06-05,2026-06-05 15:00:00,17,17,17_24,TimeMixer,339.255,453.9897935774603,304.64801666641233,1.0,-68.245
2026-06-06 18:00:00,401.125,339.494,72059.25,11085.44,1428.29,25367.25,21550.52,12513.73,rt,2026-06-06,2026-06-05,2026-06-05 15:00:00,18,18,17_24,TimeMixer,339.494,582.1180863115301,500.8958277053832,1.0,-61.63099999999997
2026-06-06 19:00:00,418.875,317.718,70964.2525,11037.105,419.1975,25263.0,21613.45,11456.3025,rt,2026-06-06,2026-06-05,2026-06-05 15:00:00,19,19,17_24,TimeMixer,317.718,560.8418833671942,540.1140651702881,1.0,-101.15699999999998
2026-06-06 20:00:00,440.0,394.174,71573.9075,10906.305,19.78,24336.75,23679.5725,10926.085,rt,2026-06-06,2026-06-05,2026-06-05 15:00:00,20,20,17_24,TimeMixer,394.174,556.0554871229926,557.2513507843017,1.0,-45.82600000000002
2026-06-06 21:00:00,450.0,407.275,71004.08,10640.925,0.0,22545.75,25185.905,10640.925,rt,2026-06-06,2026-06-05,2026-06-05 15:00:00,21,21,17_24,TimeMixer,407.275,537.2167736290351,562.0755051994323,1.0,-42.72500000000002
2026-06-06 22:00:00,444.875,403.961,68890.3775,10036.7075,0.0,21190.0,25032.17,10036.7075,rt,2026-06-06,2026-06-05,2026-06-05 15:00:00,22,22,17_24,TimeMixer,403.961,534.5745951146307,562.0249841690063,1.0,-40.91399999999999
2026-06-06 23:00:00,437.75,388.058,65807.78,9364.115,0.0,19791.75,24020.415,9364.115,rt,2026-06-06,2026-06-05,2026-06-05 15:00:00,23,23,17_24,TimeMixer,388.058,539.9809928944769,528.9266960144043,1.0,-49.69200000000001
2026-06-07 00:00:00,438.5,391.829,64516.3675,8814.745,0.0,18545.0,24525.1225,8814.745,rt,2026-06-07,2026-06-06,2026-06-06 15:00:00,0,24,17_24,TimeMixer,391.829,598.8659789763251,540.629153251648,1.0,-46.67099999999999
2026-06-07 01:00:00,558.5,504.699,62836.13,8798.6925,0.0,19622.25,21753.6875,8798.6925,rt,2026-06-07,2026-06-06,2026-06-06 15:00:00,1,1,1_8,TimeMixer,504.699,529.5326898064033,444.7863468170166,0.0,-0.0
2026-06-07 02:00:00,522.5,450.695,61367.2175,8649.88,0.0,19622.75,20433.0875,8649.88,rt,2026-06-07,2026-06-06,2026-06-06 15:00:00,2,2,1_8,TimeMixer,450.695,451.1489152263632,406.4794151306152,0.0,-0.0
2026-06-07 03:00:00,522.0,409.898,60138.8975,8529.58,0.0,19623.0,19324.8175,8529.58,rt,2026-06-07,2026-06-06,2026-06-06 15:00:00,3,3,1_8,TimeMixer,409.898,437.4835303121558,405.83256546020505,0.0,-0.0
2026-06-07 04:00:00,491.5,391.717,59404.03,8413.7975,0.01,19623.0,18705.7225,8413.8075,rt,2026-06-07,2026-06-06,2026-06-06 15:00:00,4,4,1_8,TimeMixer,391.717,435.14206576877507,408.1089805603027,0.0,-0.0
2026-06-07 05:00:00,502.5,422.348,59626.56,8205.195,30.685,19454.0,19275.18,8235.88,rt,2026-06-07,2026-06-06,2026-06-06 15:00:00,5,5,1_8,TimeMixer,422.348,438.33717535663516,405.52055683135984,0.0,-0.0
2026-06-07 06:00:00,477.5,409.033,60065.785,7693.0125,1018.7375,20779.25,17913.285,8711.75,rt,2026-06-07,2026-06-06,2026-06-06 15:00:00,6,6,1_8,TimeMixer,409.033,425.83827496723086,399.34022674560543,0.0,-0.0
2026-06-07 07:00:00,374.5,-14.36,60091.09,6817.5725,3929.475,24308.0,12378.2925,10747.0475,rt,2026-06-07,2026-06-06,2026-06-06 15:00:00,7,7,1_8,TimeMixer,-14.36,381.39754462451845,277.4022508811951,1.0,-388.86
2026-06-07 08:00:00,344.0,146.327,62697.8875,5860.7925,8387.0575,24720.25,11130.7875,14247.85,rt,2026-06-07,2026-06-06,2026-06-06 15:00:00,8,8,1_8,TimeMixer,146.327,421.940571182746,212.117539642334,1.0,-197.673
2026-06-07 09:00:00,150.0,-25.442,61101.2075,5037.4825,13019.755,22707.0,7750.47,18057.2375,rt,2026-06-07,2026-06-06,2026-06-06 15:00:00,9,9,9_16,TimeMixer,-25.442,450.0124517833319,139.6478768310547,1.0,-175.442
2026-06-07 10:00:00,72.42,-80.0,58220.86,4385.9575,16763.6075,21299.5,3185.295,21149.565,rt,2026-06-07,2026-06-06,2026-06-06 15:00:00,10,10,9_16,TimeMixer,-80.0,185.0697907100651,114.69131854248047,1.0,-152.42000000000002
2026-06-07 11:00:00,-30.0,-80.0,56250.48,3915.395,19275.5725,19801.0,672.0125,23190.9675,rt,2026-06-07,2026-06-06,2026-06-06 15:00:00,11,11,9_16,TimeMixer,-80.0,112.69180425254558,87.5867578857422,1.0,-50.0
2026-06-07 12:00:00,-30.0,-80.0,52225.7825,3564.97,20558.875,19629.75,-4114.3125,24123.845,rt,2026-06-07,2026-06-06,2026-06-06 15:00:00,12,12,9_16,TimeMixer,-80.0,67.90830464194983,93.21839904785156,1.0,-50.0
2026-06-07 13:00:00,-30.0,-80.0,47741.2525,3280.175,20684.5075,19629.25,-8439.18,23964.6825,rt,2026-06-07,2026-06-06,2026-06-06 15:00:00,13,13,9_16,TimeMixer,-80.0,-79.90121323768878,90.67533111572266,0.0,-0.0
2026-06-07 14:00:00,-30.0,-75.965,49306.21,3141.3725,19858.425,19727.75,-6007.8375,22999.7975,rt,2026-06-07,2026-06-06,2026-06-06 15:00:00,14,14,9_16,TimeMixer,-75.965,47.45595700767252,88.37306816406249,1.0,-45.965
2026-06-07 15:00:00,86.5,-71.22,51954.5875,2969.6325,17669.7875,19867.0,-1138.3325,20639.42,rt,2026-06-07,2026-06-06,2026-06-06 15:00:00,15,15,9_16,TimeMixer,-71.22,56.83212225181317,116.91326513671876,0.0,-0.0
2026-06-07 16:00:00,153.875,-77.837,54997.11,2695.295,14166.6625,21018.25,4530.4025,16861.9575,rt,2026-06-07,2026-06-06,2026-06-06 15:00:00,16,16,9_16,TimeMixer,-77.837,315.91447362354194,184.67168365478517,1.0,-231.712
2026-06-07 17:00:00,400.0,-14.331,57925.705,2436.5825,9559.5575,23887.25,9383.315,11996.14,rt,2026-06-07,2026-06-06,2026-06-06 15:00:00,17,17,17_24,TimeMixer,-14.331,370.6781517847053,276.2562510681152,0.0,-0.0
2026-06-07 18:00:00,567.625,532.432,63446.93,2183.25,4553.175,25368.0,18664.755,6736.425,rt,2026-06-07,2026-06-06,2026-06-06 15:00:00,18,18,17_24,TimeMixer,532.432,404.8611962384406,346.76563377380364,0.0,-0.0
2026-06-07 19:00:00,605.411,610.594,67384.0075,1940.47,1156.655,25263.5,26341.8825,3097.125,rt,2026-06-07,2026-06-06,2026-06-06 15:00:00,19,19,17_24,TimeMixer,610.594,466.7520376897803,394.3160148620605,0.0,0.0
2026-06-07 20:00:00,622.963,610.459,70315.4675,1831.1,34.8225,24336.0,31432.045,1865.9225,rt,2026-06-07,2026-06-06,2026-06-06 15:00:00,20,20,17_24,TimeMixer,610.459,483.0695287286225,439.20351390838624,0.0,-0.0
2026-06-07 21:00:00,626.5,605.416,70027.95,1766.7,0.0,22546.0,33033.75,1766.7,rt,2026-06-07,2026-06-06,2026-06-06 15:00:00,21,21,17_24,TimeMixer,605.416,493.8797152752295,435.200034866333,0.0,-0.0
2026-06-07 22:00:00,565.878,598.833,67787.225,1764.815,0.0,21176.5,32164.41,1764.815,rt,2026-06-07,2026-06-06,2026-06-06 15:00:00,22,22,17_24,TimeMixer,598.833,506.1345924207679,416.33748321533204,0.0,0.0
2026-06-07 23:00:00,602.5,607.958,64652.92,1870.3375,0.0,19733.5,30367.5825,1870.3375,rt,2026-06-07,2026-06-06,2026-06-06 15:00:00,23,23,17_24,TimeMixer,607.958,486.2992460243597,430.1920790672302,0.0,0.0
2026-06-08 00:00:00,620.0,629.224,63469.6675,2087.3,0.0,18657.75,30043.1175,2087.3,rt,2026-06-08,2026-06-07,2026-06-07 15:00:00,0,24,17_24,TimeMixer,629.224,368.2258090969337,441.0244216918945,0.0,0.0
2026-06-08 01:00:00,620.68,653.026,60704.2275,2444.2375,0.0,20141.5,25556.99,2444.2375,rt,2026-06-08,2026-06-07,2026-06-07 15:00:00,1,1,1_8,TimeMixer,653.026,415.4855298469313,514.4458805084228,0.0,0.0
2026-06-08 02:00:00,564.625,617.422,59210.0575,2735.0,0.0,20148.0,23765.5575,2735.0,rt,2026-06-08,2026-06-07,2026-06-07 15:00:00,2,2,1_8,TimeMixer,617.422,391.1992074373428,466.4302486867905,0.0,0.0
2026-06-08 03:00:00,561.0,604.53,58043.8775,2936.7525,0.0,20148.25,22397.375,2936.7525,rt,2026-06-08,2026-06-07,2026-06-07 15:00:00,3,3,1_8,TimeMixer,604.53,382.7600698854627,478.3310209274292,0.0,0.0
2026-06-08 04:00:00,522.0,598.25,57442.5475,3006.135,0.015,20149.75,21725.1475,3006.15,rt,2026-06-08,2026-06-07,2026-06-07 15:00:00,4,4,1_8,TimeMixer,598.25,370.88566718657285,486.8500221557617,0.0,0.0
2026-06-08 05:00:00,545.938,602.269,58360.9925,3023.26,45.395,19972.0,22758.8375,3068.655,rt,2026-06-08,2026-06-07,2026-06-07 15:00:00,5,5,1_8,TimeMixer,602.269,387.1708447828532,489.68356704711914,0.0,0.0
2026-06-08 06:00:00,528.5,534.411,60027.6025,2948.9275,1435.2925,21122.0,21959.8825,4384.22,rt,2026-06-08,2026-06-07,2026-06-07 15:00:00,6,6,1_8,TimeMixer,534.411,381.19338712202165,457.47785034179685,0.0,0.0
2026-06-08 07:00:00,330.625,365.882,58140.17,2713.395,5401.895,24463.0,13004.13,8115.29,rt,2026-06-08,2026-06-07,2026-06-07 15:00:00,7,7,1_8,TimeMixer,365.882,197.25393426488344,314.2364068984985,0.0,0.0
2026-06-08 08:00:00,89.0,286.532,58919.475,2298.0825,11204.38,24897.25,8020.7625,13502.4625,rt,2026-06-08,2026-06-07,2026-06-07 15:00:00,8,8,1_8,TimeMixer,286.532,216.8322902749283,213.69346084594727,1.0,197.53199999999998
2026-06-08 09:00:00,0.0,3.82,55293.255,1865.0375,16731.4725,22765.25,1444.995,18596.51,rt,2026-06-08,2026-06-07,2026-06-07 15:00:00,9,9,9_16,TimeMixer,3.82,1.700415973133561,13.594044494628918,1.0,3.82
2026-06-08 10:00:00,-20.0,-80.0,51704.4875,1664.89,20835.5225,21412.75,-4695.175,22500.4125,rt,2026-06-08,2026-06-07,2026-06-07 15:00:00,10,10,9_16,TimeMixer,-80.0,-69.83044196600807,-59.32839855957032,0.0,-0.0
2026-06-08 11:00:00,-55.5,-80.0,50494.87,1713.115,23133.165,19720.25,-6558.16,24846.28,rt,2026-06-08,2026-06-07,2026-06-07 15:00:00,11,11,9_16,TimeMixer,-80.0,-79.64028270011805,-157.86325988769534,0.0,-0.0
2026-06-08 12:00:00,-67.97,-80.0,47895.285,1822.4275,23994.7125,19483.75,-9892.105,25817.14,rt,2026-06-08,2026-06-07,2026-06-07 15:00:00,12,12,9_16,TimeMixer,-80.0,-62.9317437880515,-129.28130493164065,1.0,-12.030000000000001
2026-06-08 13:00:00,-67.5,-80.0,42394.8325,1994.9075,23823.41,19483.75,-15393.735,25818.3175,rt,2026-06-08,2026-06-07,2026-06-07 15:00:00,13,13,9_16,TimeMixer,-80.0,-68.11577687164117,-141.58978271484375,0.0,-0.0
2026-06-08 14:00:00,-58.0,-61.962,45100.3975,2274.765,22621.885,19585.75,-11868.5025,24896.65,rt,2026-06-08,2026-06-07,2026-06-07 15:00:00,14,14,9_16,TimeMixer,-61.962,-72.79623319142767,-112.00699157714844,0.0,-0.0
2026-06-08 15:00:00,-59.5,-80.0,49364.405,2684.75,20015.735,19724.5,-5547.08,22700.485,rt,2026-06-08,2026-06-07,2026-06-07 15:00:00,15,15,9_16,TimeMixer,-80.0,-20.114851737242756,-10.172223510742185,1.0,-20.5
2026-06-08 16:00:00,-23.0,-80.0,54487.8775,3271.1525,15962.97,20865.0,1902.255,19234.1225,rt,2026-06-08,2026-06-07,2026-06-07 15:00:00,16,16,9_16,TimeMixer,-80.0,-23.048324333396717,75.16726287841797,0.0,-0.0
2026-06-08 17:00:00,207.48,42.516,59653.61,4119.01,10657.3475,23808.75,8509.5025,14776.3575,rt,2026-06-08,2026-06-07,2026-06-07 15:00:00,17,17,17_24,TimeMixer,42.516,215.54900755305815,355.66371543884276,1.0,-164.964
2026-06-08 18:00:00,453.5,416.322,65611.1875,5268.13,5030.135,25266.0,17469.1725,10298.265,rt,2026-06-08,2026-06-07,2026-06-07 15:00:00,18,18,17_24,TimeMixer,416.322,442.07902312998647,476.9293991088867,0.0,-0.0
2026-06-08 19:00:00,516.5,380.919,69715.065,7057.53,1247.2375,25141.75,23687.0475,8304.7675,rt,2026-06-08,2026-06-07,2026-06-07 15:00:00,19,19,17_24,TimeMixer,380.919,458.7772158187715,515.0713235412597,0.0,-0.0
2026-06-08 20:00:00,539.625,356.748,72193.39,9419.83,34.1725,24312.25,25845.6375,9454.0025,rt,2026-06-08,2026-06-07,2026-06-07 15:00:00,20,20,17_24,TimeMixer,356.748,459.1867024674461,566.6989623191834,0.0,-0.0
2026-06-08 21:00:00,494.375,361.484,71245.7075,11969.7675,0.0,22530.25,24164.19,11969.7675,rt,2026-06-08,2026-06-07,2026-06-07 15:00:00,21,21,17_24,TimeMixer,361.484,469.09447295592855,545.432710647583,0.0,-0.0
2026-06-08 22:00:00,414.952,360.372,68974.7925,14116.405,0.0,21374.75,20902.1375,14116.405,rt,2026-06-08,2026-06-07,2026-06-07 15:00:00,22,22,17_24,TimeMixer,360.372,466.72843000370506,492.8756834381104,1.0,-54.579999999999984
2026-06-08 23:00:00,400.0,441.182,65826.54,15677.065,0.0,20282.75,17285.225,15677.065,rt,2026-06-08,2026-06-07,2026-06-07 15:00:00,23,23,17_24,TimeMixer,441.182,451.4490298752839,533.0118115425109,1.0,41.182000000000016
2026-06-09 00:00:00,400.0,554.691,64667.9225,16319.9675,0.0,19057.25,16709.205,16319.9675,rt,2026-06-09,2026-06-08,2026-06-08 15:00:00,0,24,17_24,TimeMixer,554.691,432.4028590770586,517.7251424789429,1.0,154.69100000000003
2026-06-09 01:00:00,460.5,591.5,62387.735,16451.09,0.0,20202.0,13123.145,16451.09,rt,2026-06-09,2026-06-08,2026-06-08 15:00:00,1,1,1_8,TimeMixer,591.5,449.7144685407604,550.2623486595153,0.0,0.0
2026-06-09 02:00:00,415.87,553.321,60742.6725,15722.465,0.0,20194.5,12214.2075,15722.465,rt,2026-06-09,2026-06-08,2026-06-08 15:00:00,2,2,1_8,TimeMixer,553.321,423.64581437063623,471.6616188049316,1.0,137.45100000000002
2026-06-09 03:00:00,390.0,476.478,59396.71,14448.075,0.0,20185.5,12151.635,14448.075,rt,2026-06-09,2026-06-08,2026-06-08 15:00:00,3,3,1_8,TimeMixer,476.478,414.2769613724959,469.01699256896967,1.0,86.47800000000001
2026-06-09 04:00:00,382.5,485.233,58708.76,12741.07,0.01,20186.5,13169.68,12741.08,rt,2026-06-09,2026-06-08,2026-06-08 15:00:00,4,4,1_8,TimeMixer,485.233,397.64087509245655,466.16861096620556,1.0,102.733
2026-06-09 05:00:00,451.0,503.697,59430.375,10984.3725,36.3675,20011.0,15787.135,11020.74,rt,2026-06-09,2026-06-08,2026-06-08 15:00:00,5,5,1_8,TimeMixer,503.697,420.84519115702,485.63062450556754,0.0,0.0
2026-06-09 06:00:00,465.5,545.959,60544.5125,9131.6525,1246.63,21160.75,16393.98,10378.2825,rt,2026-06-09,2026-06-08,2026-06-08 15:00:00,6,6,1_8,TimeMixer,545.959,386.11840204848625,455.61157579421996,0.0,0.0
2026-06-09 07:00:00,155.013,257.315,59321.2425,7158.08,4824.26,24493.75,10237.4025,11982.34,rt,2026-06-09,2026-06-08,2026-06-08 15:00:00,7,7,1_8,TimeMixer,257.315,263.3989076883922,246.82896461486814,1.0,102.30199999999999
2026-06-09 08:00:00,81.575,487.812,58054.0625,5117.7675,10218.71,24930.75,5237.835,15336.4775,rt,2026-06-09,2026-06-08,2026-06-08 15:00:00,8,8,1_8,TimeMixer,487.812,222.19692903548037,44.46396102905274,1.0,406.237
2026-06-09 09:00:00,-50.0,693.203,54774.4525,3953.305,15617.9025,22795.5,-128.755,19571.2075,rt,2026-06-09,2026-06-08,2026-06-08 15:00:00,9,9,9_16,TimeMixer,693.203,-32.56666076279661,-102.71638488769531,1.0,743.203
2026-06-09 10:00:00,-58.375,607.347,51389.4025,3857.91,19823.4675,21455.0,-6283.475,23681.3775,rt,2026-06-09,2026-06-08,2026-06-08 15:00:00,10,10,9_16,TimeMixer,607.347,-85.5873303830277,-128.85455920410158,0.0,0.0
2026-06-09 11:00:00,-75.0,854.199,50745.28,4277.44,22311.0075,19813.75,-8193.4175,26588.4475,rt,2026-06-09,2026-06-08,2026-06-08 15:00:00,11,11,9_16,TimeMixer,854.199,-97.57953633200363,-147.24190368652344,0.0,0.0
2026-06-09 12:00:00,-74.135,471.302,48250.6925,4804.335,23138.845,19638.75,-11867.7375,27943.18,rt,2026-06-09,2026-06-08,2026-06-08 15:00:00,12,12,9_16,TimeMixer,471.302,-79.35301784742559,-136.8039268798828,0.0,0.0
2026-06-09 13:00:00,-72.97,199.803,42222.255,5256.2775,22835.5775,19637.75,-18043.85,28091.855,rt,2026-06-09,2026-06-08,2026-06-08 15:00:00,13,13,9_16,TimeMixer,199.803,-81.12003420035325,-157.33304138183593,0.0,0.0
2026-06-09 14:00:00,-60.0,436.582,45365.7075,5629.9825,21590.04,19739.75,-14130.565,27220.0225,rt,2026-06-09,2026-06-08,2026-06-08 15:00:00,14,14,9_16,TimeMixer,436.582,-77.19670308700705,-136.80505981445313,0.0,0.0
2026-06-09 15:00:00,10.0,296.094,49769.7,5763.5275,19041.895,19880.0,-7452.2225,24805.4225,rt,2026-06-09,2026-06-08,2026-06-08 15:00:00,15,15,9_16,TimeMixer,296.094,-42.5973244533112,-114.02848358154296,0.0,0.0
2026-06-09 16:00:00,10.0,380.763,54973.5075,5791.035,15137.5925,21021.0,487.38,20928.6275,rt,2026-06-09,2026-06-08,2026-06-08 15:00:00,16,16,9_16,TimeMixer,380.763,-17.271760851762615,-32.53597412109375,0.0,0.0
2026-06-09 17:00:00,297.33,414.096,60285.98,5637.86,10189.1925,23920.5,7929.4275,15827.0525,rt,2026-06-09,2026-06-08,2026-06-08 15:00:00,17,17,17_24,TimeMixer,414.096,257.6986207302381,229.60330584716797,0.0,0.0
2026-06-09 18:00:00,533.15,643.319,65902.16,5151.5625,4853.3075,25312.25,17957.29,10004.87,rt,2026-06-09,2026-06-08,2026-06-08 15:00:00,18,18,17_24,TimeMixer,643.319,414.15902737544934,418.2385765075683,0.0,0.0
2026-06-09 19:00:00,599.0,717.189,70190.3275,4673.125,1222.12,25174.25,26489.3325,5895.245,rt,2026-06-09,2026-06-08,2026-06-08 15:00:00,19,19,17_24,TimeMixer,717.189,386.00556526267576,474.3545484924316,0.0,0.0
2026-06-09 20:00:00,605.125,702.837,72826.405,4487.6675,34.695,24336.75,31335.7925,4522.3625,rt,2026-06-09,2026-06-08,2026-06-08 15:00:00,20,20,17_24,TimeMixer,702.837,376.39863406448285,520.1315402030945,0.0,0.0
2026-06-09 21:00:00,598.0,685.563,72039.78,4396.0125,0.0,22545.75,32466.5175,4396.0125,rt,2026-06-09,2026-06-08,2026-06-08 15:00:00,21,21,17_24,TimeMixer,685.563,380.0921134859502,474.8447719573975,0.0,0.0
2026-06-09 22:00:00,582.25,685.237,69301.1125,4188.7575,0.0,21376.75,31104.105,4188.7575,rt,2026-06-09,2026-06-08,2026-06-08 15:00:00,22,22,17_24,TimeMixer,685.237,385.41784273665064,434.48521939392083,0.0,0.0
2026-06-09 23:00:00,600.0,654.943,65700.8,4112.765,0.0,20290.75,28665.785,4112.765,rt,2026-06-09,2026-06-08,2026-06-08 15:00:00,23,23,17_24,TimeMixer,654.943,404.6591960420259,435.4165287733078,0.0,0.0
2026-06-10 00:00:00,598.0,677.948,64288.0975,3875.3,0.0,19073.0,28708.2975,3875.3,rt,2026-06-10,2026-06-09,2026-06-09 15:00:00,0,24,17_24,TimeMixer,677.948,437.1620255540267,431.9777127504349,0.0,0.0
2026-06-10 01:00:00,617.5,731.144,62688.37,3024.1475,0.0,20185.0,26817.7225,3024.1475,rt,2026-06-10,2026-06-09,2026-06-09 15:00:00,1,1,1_8,TimeMixer,731.144,465.5107935087012,487.2864471435547,0.0,0.0
2026-06-10 02:00:00,600.5,712.19,61234.5925,2718.0575,0.0,20184.75,25670.285,2718.0575,rt,2026-06-10,2026-06-09,2026-06-09 15:00:00,2,2,1_8,TimeMixer,712.19,433.6458743479299,427.3498920898437,0.0,0.0
2026-06-10 03:00:00,600.0,712.828,59929.92,2566.8075,0.0,20184.25,24517.3625,2566.8075,rt,2026-06-10,2026-06-09,2026-06-09 15:00:00,3,3,1_8,TimeMixer,712.828,413.28156781800595,419.5912760467529,0.0,0.0
2026-06-10 04:00:00,600.0,715.502,59159.525,2596.8325,0.015,20185.25,23715.9275,2596.8475,rt,2026-06-10,2026-06-09,2026-06-09 15:00:00,4,4,1_8,TimeMixer,715.502,412.18683366134917,432.33118014526366,0.0,0.0
2026-06-10 05:00:00,600.0,723.078,59729.92,2803.29,35.995,20015.75,24213.385,2839.285,rt,2026-06-10,2026-06-09,2026-06-09 15:00:00,5,5,1_8,TimeMixer,723.078,429.48642984965886,459.7347157745361,0.0,0.0
2026-06-10 06:00:00,545.0,648.129,60537.4075,2960.3825,1347.7775,21417.25,22150.4975,4308.16,rt,2026-06-10,2026-06-09,2026-06-09 15:00:00,6,6,1_8,TimeMixer,648.129,441.8481626209764,457.07799462890625,0.0,0.0
2026-06-10 07:00:00,317.5,406.956,58440.0875,2684.005,5292.285,25072.75,12733.2975,7976.29,rt,2026-06-10,2026-06-09,2026-06-09 15:00:00,7,7,1_8,TimeMixer,406.956,315.99238855385164,230.0801187561035,0.0,0.0
2026-06-10 08:00:00,267.65,366.687,58362.525,2328.3775,11021.415,25383.5,7030.2325,13349.7925,rt,2026-06-10,2026-06-09,2026-06-09 15:00:00,8,8,1_8,TimeMixer,366.687,376.6830253623631,136.51278923034667,1.0,99.03700000000003
2026-06-10 09:00:00,173.5,334.434,55987.8975,2213.69,16431.6975,23135.0,1621.01,18645.3875,rt,2026-06-10,2026-06-09,2026-06-09 15:00:00,9,9,9_16,TimeMixer,334.434,258.55393542262465,4.51461486816406,1.0,160.93400000000003
2026-06-10 10:00:00,29.5,-80.0,52472.9625,2237.705,20499.9725,21611.25,-4462.465,22737.6775,rt,2026-06-10,2026-06-09,2026-06-09 15:00:00,10,10,9_16,TimeMixer,-80.0,174.507766598828,-68.86820831298829,1.0,-109.5
2026-06-10 11:00:00,60.0,-80.0,51099.325,2285.7575,22832.35,20128.0,-6733.2825,25118.1075,rt,2026-06-10,2026-06-09,2026-06-09 15:00:00,11,11,9_16,TimeMixer,-80.0,243.24637343479375,-119.76217651367188,1.0,-140.0
2026-06-10 12:00:00,50.0,-80.0,48211.6975,2382.4275,23667.29,19963.0,-10387.52,26049.7175,rt,2026-06-10,2026-06-09,2026-06-09 15:00:00,12,12,9_16,TimeMixer,-80.0,137.4163338343291,-116.44139581298828,1.0,-130.0
2026-06-10 13:00:00,20.0,-69.438,41892.3,2366.08,23468.3825,19962.75,-16491.4125,25834.4625,rt,2026-06-10,2026-06-09,2026-06-09 15:00:00,13,13,9_16,TimeMixer,-69.438,17.82392780010631,-113.03504284667969,0.0,-0.0
2026-06-10 14:00:00,20.0,-80.0,44734.485,2296.6025,22333.58,20060.5,-12542.6975,24630.1825,rt,2026-06-10,2026-06-09,2026-06-09 15:00:00,14,14,9_16,TimeMixer,-80.0,88.47975533632469,-95.6909814453125,1.0,-100.0
2026-06-10 15:00:00,77.063,-80.0,49046.3875,2141.6625,19819.85,20199.0,-5700.625,21961.5125,rt,2026-06-10,2026-06-09,2026-06-09 15:00:00,15,15,9_16,TimeMixer,-80.0,65.862031289159,-2.1683425903320312,0.0,-0.0
2026-06-10 16:00:00,94.5,216.336,54371.125,1997.5475,15895.65,21468.5,2422.9275,17893.1975,rt,2026-06-10,2026-06-09,2026-06-09 15:00:00,16,16,9_16,TimeMixer,216.336,129.21211366050798,77.75594711303711,1.0,121.83600000000001
2026-06-10 17:00:00,348.5,397.907,59766.5125,1859.675,10686.3875,24596.5,9964.95,12546.0625,rt,2026-06-10,2026-06-09,2026-06-09 15:00:00,17,17,17_24,TimeMixer,397.907,383.25390074733514,314.3567783813477,1.0,49.40699999999998
2026-06-10 18:00:00,588.75,693.831,65769.525,1740.0975,5095.7775,26172.0,20083.9,6835.875,rt,2026-06-10,2026-06-09,2026-06-09 15:00:00,18,18,17_24,TimeMixer,693.831,473.45441431841095,487.96247937316895,0.0,0.0
2026-06-10 19:00:00,631.527,769.264,69512.43,1796.47,1314.62,26074.5,27645.34,3111.09,rt,2026-06-10,2026-06-09,2026-06-09 15:00:00,19,19,17_24,TimeMixer,769.264,485.5373348055916,525.0993225097656,0.0,0.0
2026-06-10 20:00:00,628.125,731.567,72712.7775,2133.58,43.0225,25197.0,32657.675,2176.6025,rt,2026-06-10,2026-06-09,2026-06-09 15:00:00,20,20,17_24,TimeMixer,731.567,481.6947769408815,567.6524973201751,0.0,0.0
2026-06-10 21:00:00,616.5,721.966,72206.265,2490.6775,0.0,23412.0,33622.0875,2490.6775,rt,2026-06-10,2026-06-09,2026-06-09 15:00:00,21,21,17_24,TimeMixer,721.966,491.61007931849525,542.5725276947021,0.0,0.0
2026-06-10 22:00:00,611.5,710.905,70156.0625,2666.455,0.0,21929.0,32879.1075,2666.455,rt,2026-06-10,2026-06-09,2026-06-09 15:00:00,22,22,17_24,TimeMixer,710.905,483.1248823117259,529.2204262542724,0.0,0.0
2026-06-10 23:00:00,612.5,699.009,66509.5125,2708.5025,0.0,20311.75,30807.76,2708.5025,rt,2026-06-10,2026-06-09,2026-06-09 15:00:00,23,23,17_24,TimeMixer,699.009,457.47178582862165,559.8504202842712,0.0,0.0
2026-06-11 00:00:00,621.02,704.704,65323.475,2628.935,0.0,19230.0,30783.04,2628.935,rt,2026-06-11,2026-06-10,2026-06-10 15:00:00,0,24,17_24,TimeMixer,704.704,601.1333477394477,564.9583413213492,0.0,0.0
2026-06-11 01:00:00,668.75,747.01,63685.8325,2758.9775,0.0,20571.75,27103.605,2758.9775,rt,2026-06-11,2026-06-10,2026-06-10 15:00:00,1,1,1_8,TimeMixer,747.01,719.2932949766913,603.3187618255615,1.0,78.25999999999999
2026-06-11 02:00:00,656.0,701.172,62097.2475,2724.875,0.0,20571.0,25549.8725,2724.875,rt,2026-06-11,2026-06-10,2026-06-10 15:00:00,2,2,1_8,TimeMixer,701.172,674.6088235583868,567.9169672966003,1.0,45.172000000000025
2026-06-11 03:00:00,636.5,651.211,60812.13,2691.1775,0.0,20570.25,24299.2025,2691.1775,rt,2026-06-11,2026-06-10,2026-06-10 15:00:00,3,3,1_8,TimeMixer,651.211,697.452203068122,562.8968559265137,1.0,14.711000000000013
2026-06-11 04:00:00,630.5,594.341,59967.935,2720.5925,0.0125,20569.25,23426.58,2720.605,rt,2026-06-11,2026-06-10,2026-06-10 15:00:00,4,4,1_8,TimeMixer,594.341,666.3646469005193,574.3946830749512,1.0,-36.15899999999999
2026-06-11 05:00:00,643.0,632.807,60718.835,2716.45,40.9675,20320.75,24389.1675,2757.4175,rt,2026-06-11,2026-06-10,2026-06-10 15:00:00,5,5,1_8,TimeMixer,632.807,686.2511479689399,557.8858347473144,1.0,-10.192999999999984
2026-06-11 06:00:00,621.75,606.609,61695.885,2511.9825,1352.035,21522.5,23057.8675,3864.0175,rt,2026-06-11,2026-06-10,2026-06-10 15:00:00,6,6,1_8,TimeMixer,606.609,636.2726283531562,513.6416046142579,1.0,-15.140999999999963
2026-06-11 07:00:00,408.25,316.35,60091.515,2063.3025,5335.1275,25076.5,14368.835,7398.43,rt,2026-06-11,2026-06-10,2026-06-10 15:00:00,7,7,1_8,TimeMixer,316.35,442.6907760097114,298.81955226898197,1.0,-91.89999999999998
2026-06-11 08:00:00,273.95,234.528,59841.8825,1523.6975,11219.305,25391.0,8518.88,12743.0025,rt,2026-06-11,2026-06-10,2026-06-10 15:00:00,8,8,1_8,TimeMixer,234.528,426.3289792471686,192.70626396179196,1.0,-39.422
2026-06-11 09:00:00,84.35,19.99,57096.1575,1190.6125,16818.9125,23297.5,2612.6325,18009.525,rt,2026-06-11,2026-06-10,2026-06-10 15:00:00,9,9,9_16,TimeMixer,19.99,199.52322862998702,44.78123626708984,1.0,-64.36
2026-06-11 10:00:00,10.0,-80.0,53714.01,1056.7375,20985.0625,21949.25,-3453.54,22041.8,rt,2026-06-11,2026-06-10,2026-06-10 15:00:00,10,10,9_16,TimeMixer,-80.0,-55.26565193153645,-90.69662933349609,0.0,-0.0
2026-06-11 11:00:00,-9.0,-80.0,52688.5575,1036.5325,23288.5725,20095.75,-4908.7975,24325.105,rt,2026-06-11,2026-06-10,2026-06-10 15:00:00,11,11,9_16,TimeMixer,-80.0,-85.2439565213802,-99.05394030761718,0.0,-0.0
2026-06-11 12:00:00,-30.0,-80.0,50569.4425,1069.345,24110.3225,20192.0,-7978.725,25179.6675,rt,2026-06-11,2026-06-10,2026-06-10 15:00:00,12,12,9_16,TimeMixer,-80.0,-157.5120604276302,-108.04847717285156,0.0,-0.0
2026-06-11 13:00:00,-30.0,-80.0,44465.6125,1152.3025,23985.27,20016.75,-13865.21,25137.5725,rt,2026-06-11,2026-06-10,2026-06-10 15:00:00,13,13,9_16,TimeMixer,-80.0,-149.01681403724933,-111.19844055175781,0.0,-0.0
2026-06-11 14:00:00,-30.0,-80.0,47577.2975,1280.1425,22963.3675,19901.5,-9744.2125,24243.51,rt,2026-06-11,2026-06-10,2026-06-10 15:00:00,14,14,9_16,TimeMixer,-80.0,-160.22308108803057,-116.0501937866211,0.0,-0.0
2026-06-11 15:00:00,-10.0,-80.0,51136.32,1386.1325,20622.7,20056.5,-4105.5125,22008.8325,rt,2026-06-11,2026-06-10,2026-06-10 15:00:00,15,15,9_16,TimeMixer,-80.0,-109.70458705421711,-52.05352843017578,0.0,-0.0
2026-06-11 16:00:00,97.25,-80.0,56055.4375,1470.145,16666.435,21684.5,3057.8575,18136.58,rt,2026-06-11,2026-06-10,2026-06-10 15:00:00,16,16,9_16,TimeMixer,-80.0,37.12992753043865,-0.6336154785156296,0.0,-0.0
2026-06-11 17:00:00,322.075,265.128,61850.6425,1527.16,11206.4075,24826.25,11041.825,12733.5675,rt,2026-06-11,2026-06-10,2026-06-10 15:00:00,17,17,17_24,TimeMixer,265.128,389.98187911212835,267.2086006164551,1.0,-56.947
2026-06-11 18:00:00,627.952,596.861,68737.1,1546.345,5322.9425,26173.75,22426.3125,6869.2875,rt,2026-06-11,2026-06-10,2026-06-10 15:00:00,18,18,17_24,TimeMixer,596.861,642.4302755693999,522.8205601531982,1.0,-31.091000000000008
2026-06-11 19:00:00,663.15,721.029,73089.275,1653.2425,1356.5825,26074.5,30733.45,3009.825,rt,2026-06-11,2026-06-10,2026-06-10 15:00:00,19,19,17_24,TimeMixer,721.029,727.9038838638678,557.9302525817872,1.0,57.87900000000002
2026-06-11 20:00:00,673.44,706.791,75753.2075,1934.4875,43.9175,25197.0,35306.3025,1978.405,rt,2026-06-11,2026-06-10,2026-06-10 15:00:00,20,20,17_24,TimeMixer,706.791,694.6275483964912,606.4105270309449,1.0,33.351
2026-06-11 21:00:00,669.25,710.16,75240.1275,2403.9325,0.0,23412.5,36162.195,2403.9325,rt,2026-06-11,2026-06-10,2026-06-10 15:00:00,21,21,17_24,TimeMixer,710.16,697.6680711864749,578.8437270355224,1.0,40.90999999999997
2026-06-11 22:00:00,680.37,699.701,72907.9275,2987.4,0.0,21930.25,34743.7775,2987.4,rt,2026-06-11,2026-06-10,2026-06-10 15:00:00,22,22,17_24,TimeMixer,699.701,655.662133430213,561.163956451416,0.0,0.0
2026-06-11 23:00:00,654.225,677.582,68997.53,3748.1475,0.0,20455.75,31562.1325,3748.1475,rt,2026-06-11,2026-06-10,2026-06-10 15:00:00,23,23,17_24,TimeMixer,677.582,644.979930297126,596.4901765823364,0.0,0.0
2026-06-12 00:00:00,650.8,667.608,67578.915,4571.9475,0.0,19469.75,30305.7175,4571.9475,rt,2026-06-12,2026-06-11,2026-06-11 15:00:00,0,24,17_24,TimeMixer,667.608,668.1306833562078,592.8883423919677,1.0,16.807999999999993
2026-06-12 01:00:00,430.5,364.904,66098.0025,5838.95,0.0,20570.5,26477.0525,5838.95,rt,2026-06-12,2026-06-11,2026-06-11 15:00:00,1,1,1_8,TimeMixer,364.904,734.7236985350407,663.9812440872192,1.0,-65.596
2026-06-12 02:00:00,400.0,354.124,64077.765,6343.5675,0.0,20570.0,23952.6975,6343.5675,rt,2026-06-12,2026-06-11,2026-06-11 15:00:00,2,2,1_8,TimeMixer,354.124,681.9052138357915,626.4298181266784,1.0,-45.875999999999976
2026-06-12 03:00:00,395.175,352.51,62538.3775,6479.79,0.0,20570.0,22277.0875,6479.79,rt,2026-06-12,2026-06-11,2026-06-11 15:00:00,3,3,1_8,TimeMixer,352.51,653.4131749302474,603.5234962463379,1.0,-42.66500000000002
2026-06-12 04:00:00,382.25,348.889,61642.4375,6291.3475,0.0125,20570.0,21569.5775,6291.36,rt,2026-06-12,2026-06-11,2026-06-11 15:00:00,4,4,1_8,TimeMixer,348.889,605.3388906326667,605.1303693294525,1.0,-33.36099999999999
2026-06-12 05:00:00,386.0,354.262,62324.9625,6138.405,41.6525,20318.5,22614.905,6180.0575,rt,2026-06-12,2026-06-11,2026-06-11 15:00:00,5,5,1_8,TimeMixer,354.262,634.7855503515998,608.0687479972839,1.0,-31.738
2026-06-12 06:00:00,380.0,347.303,63101.0925,5769.1625,1349.305,21608.5,21162.625,7118.4675,rt,2026-06-12,2026-06-11,2026-06-11 15:00:00,6,6,1_8,TimeMixer,347.303,614.2414842432013,576.4761627197265,1.0,-32.697
2026-06-12 07:00:00,348.15,45.642,62193.685,5081.87,5112.655,25327.0,13464.41,10194.525,rt,2026-06-12,2026-06-11,2026-06-11 15:00:00,7,7,1_8,TimeMixer,45.642,406.37040983875187,348.75207328796387,1.0,-302.508
2026-06-12 08:00:00,299.75,-61.869,63213.395,4029.5825,10495.6525,25663.75,9950.41,14525.235,rt,2026-06-12,2026-06-11,2026-06-11 15:00:00,8,8,1_8,TimeMixer,-61.869,409.52233476531893,162.87171012878414,1.0,-361.619
2026-06-12 09:00:00,234.11,116.335,62859.53,3108.2475,15491.3825,23302.25,8121.15,18599.63,rt,2026-06-12,2026-06-11,2026-06-11 15:00:00,9,9,9_16,TimeMixer,116.335,289.1855720116034,-10.67939971923829,1.0,-117.77500000000002
2026-06-12 10:00:00,101.678,125.484,61195.855,2656.12,19210.6575,21625.25,4867.3275,21866.7775,rt,2026-06-12,2026-06-11,2026-06-11 15:00:00,10,10,9_16,TimeMixer,125.484,-35.58236735512044,-70.68936538696289,0.0,0.0
2026-06-12 11:00:00,104.5,87.227,61476.4675,2641.5625,21304.6775,20165.75,4527.9775,23946.24,rt,2026-06-12,2026-06-11,2026-06-11 15:00:00,11,11,9_16,TimeMixer,87.227,-38.9573178495052,-71.23711853027343,0.0,-0.0
2026-06-12 12:00:00,62.0,61.114,59160.465,2896.9275,22036.1925,20035.0,1355.845,24933.12,rt,2026-06-12,2026-06-11,2026-06-11 15:00:00,12,12,9_16,TimeMixer,61.114,-92.78617876869464,-93.66249221801758,0.0,-0.0
2026-06-12 13:00:00,29.5,-17.492,54353.83,3511.27,21841.51,20036.5,-3871.95,25352.78,rt,2026-06-12,2026-06-11,2026-06-11 15:00:00,13,13,9_16,TimeMixer,-17.492,-110.84271190162923,-90.1383056640625,0.0,-0.0
2026-06-12 14:00:00,29.5,337.286,57174.02,4287.3075,20667.6025,20116.25,-733.64,24954.91,rt,2026-06-12,2026-06-11,2026-06-11 15:00:00,14,14,9_16,TimeMixer,337.286,-126.07713000770832,-97.26935424804688,0.0,0.0
2026-06-12 15:00:00,122.0,313.25,60846.655,5223.6625,18092.12,20217.5,4476.8725,23315.7825,rt,2026-06-12,2026-06-11,2026-06-11 15:00:00,15,15,9_16,TimeMixer,313.25,-84.23249291206622,-65.81469116210937,0.0,0.0
2026-06-12 16:00:00,293.58,337.636,65573.7125,6408.7325,14249.76,21450.5,10628.22,20658.4925,rt,2026-06-12,2026-06-11,2026-06-11 15:00:00,16,16,9_16,TimeMixer,337.636,237.5365973534003,22.178279495239252,0.0,0.0
2026-06-12 17:00:00,279.463,342.176,70371.66,7709.175,9364.86,24715.0,15673.625,17074.035,rt,2026-06-12,2026-06-11,2026-06-11 15:00:00,17,17,17_24,TimeMixer,342.176,431.23991807056336,286.8143144073486,1.0,62.712999999999965
2026-06-12 18:00:00,388.628,350.251,74511.9625,8960.8625,4431.6225,26653.75,21537.9775,13392.485,rt,2026-06-12,2026-06-11,2026-06-11 15:00:00,18,18,17_24,TimeMixer,350.251,602.7743958060065,553.3707192565918,1.0,-38.37700000000001
2026-06-12 19:00:00,400.0,350.112,77432.12,10308.83,1158.975,26631.25,26401.565,11467.805,rt,2026-06-12,2026-06-11,2026-06-11 15:00:00,19,19,17_24,TimeMixer,350.112,638.1238901079168,595.8890577697754,1.0,-49.88799999999998
2026-06-12 20:00:00,400.0,338.321,80255.6025,11966.015,40.55,25761.0,29556.5375,12006.565,rt,2026-06-12,2026-06-11,2026-06-11 15:00:00,20,20,17_24,TimeMixer,338.321,640.6059998201363,627.0805258407594,1.0,-61.678999999999974
2026-06-12 21:00:00,398.0,337.355,80082.825,13482.175,0.0,23976.0,29693.15,13482.175,rt,2026-06-12,2026-06-11,2026-06-11 15:00:00,21,21,17_24,TimeMixer,337.355,643.7980696257391,607.3545276641845,1.0,-60.64499999999998
2026-06-12 22:00:00,389.5,337.14,77582.8875,14653.49,0.0,22493.0,27504.8975,14653.49,rt,2026-06-12,2026-06-11,2026-06-11 15:00:00,22,22,17_24,TimeMixer,337.14,638.3053418507758,596.1099033203125,1.0,-52.360000000000014
2026-06-12 23:00:00,388.0,362.127,73794.87,15483.97,0.0,20808.0,24571.4,15483.97,rt,2026-06-12,2026-06-11,2026-06-11 15:00:00,23,23,17_24,TimeMixer,362.127,637.9613141562263,592.3148959503175,1.0,-25.87299999999999
2026-06-13 00:00:00,386.0,380.508,72082.7375,15840.8175,0.0,19485.5,23824.92,15840.8175,rt,2026-06-13,2026-06-12,2026-06-12 15:00:00,0,24,17_24,TimeMixer,380.508,621.7045671678534,574.8704113769531,1.0,-5.492000000000019
2026-06-13 01:00:00,390.0,388.425,68029.845,15177.02,0.0,20800.5,19190.825,15177.02,rt,2026-06-13,2026-06-12,2026-06-12 15:00:00,1,1,1_8,TimeMixer,388.425,500.1187371516791,429.14756088256837,1.0,-1.5749999999999886
2026-06-13 02:00:00,370.0,370.524,65590.7125,14609.355,0.0,20814.75,17305.1075,14609.355,rt,2026-06-13,2026-06-12,2026-06-12 15:00:00,2,2,1_8,TimeMixer,370.524,461.6938773131171,378.5786247253418,1.0,0.5240000000000009
2026-06-13 03:00:00,335.0,368.188,63569.7275,13805.3475,0.0,20780.75,16122.13,13805.3475,rt,2026-06-13,2026-06-12,2026-06-12 15:00:00,3,3,1_8,TimeMixer,368.188,457.0536543584052,370.6006970214844,1.0,33.18799999999999
2026-06-13 04:00:00,324.5,360.819,62486.6,12868.44,0.01,20779.0,15977.65,12868.45,rt,2026-06-13,2026-06-12,2026-06-12 15:00:00,4,4,1_8,TimeMixer,360.819,437.4089471989814,366.34607086181643,1.0,36.31900000000002
2026-06-13 05:00:00,381.0,356.526,62829.8925,11952.9,55.82,20528.0,17431.6725,12008.72,rt,2026-06-13,2026-06-12,2026-06-12 15:00:00,5,5,1_8,TimeMixer,356.526,450.09688909534367,367.72041473388674,1.0,-24.47399999999999
2026-06-13 06:00:00,366.2,362.916,63853.6375,10987.83,1130.2575,21738.25,17135.8,12118.0875,rt,2026-06-13,2026-06-12,2026-06-12 15:00:00,6,6,1_8,TimeMixer,362.916,429.9116347282782,363.76846466064455,1.0,-3.283999999999992
2026-06-13 07:00:00,252.5,340.861,62655.1875,9851.5375,4212.525,25329.25,10404.125,14064.0625,rt,2026-06-13,2026-06-12,2026-06-12 15:00:00,7,7,1_8,TimeMixer,340.861,249.11358571155463,254.37922729492186,0.0,0.0
2026-06-13 08:00:00,151.0,351.274,63273.2675,8575.1575,8925.7775,25663.0,7310.3325,17500.935,rt,2026-06-13,2026-06-12,2026-06-12 15:00:00,8,8,1_8,TimeMixer,351.274,218.51062710681828,187.2850266723633,1.0,200.274
2026-06-13 09:00:00,170.81,369.244,62157.38,7923.6975,13652.4575,23260.25,4534.475,21576.155,rt,2026-06-13,2026-06-12,2026-06-12 15:00:00,9,9,9_16,TimeMixer,369.244,92.50202363609048,102.48243676757812,0.0,0.0
2026-06-13 10:00:00,70.0,359.711,60088.37,7944.3075,17435.7525,21583.75,338.06,25380.06,rt,2026-06-13,2026-06-12,2026-06-12 15:00:00,10,10,9_16,TimeMixer,359.711,81.30706093589518,51.93354835205079,1.0,289.711
2026-06-13 11:00:00,37.0,219.8,60076.6275,8346.19,19867.895,20219.5,-1143.4575,28214.085,rt,2026-06-13,2026-06-12,2026-06-12 15:00:00,11,11,9_16,TimeMixer,219.8,56.183269855572924,74.8715606689453,1.0,182.8
2026-06-13 12:00:00,26.5,-80.0,57950.4975,8872.4825,20908.4875,20151.25,-4768.2225,29780.97,rt,2026-06-13,2026-06-12,2026-06-12 15:00:00,12,12,9_16,TimeMixer,-80.0,-2.349623713763025,54.09864959716796,0.0,-0.0
2026-06-13 13:00:00,25.0,-80.0,52877.6275,9490.3475,20559.1125,20107.0,-10065.3325,30049.46,rt,2026-06-13,2026-06-12,2026-06-12 15:00:00,13,13,9_16,TimeMixer,-80.0,-57.57290825538899,18.54268798828126,0.0,-0.0
2026-06-13 14:00:00,99.5,155.709,56508.4175,10254.92,18856.725,20126.75,-5516.4775,29111.645,rt,2026-06-13,2026-06-12,2026-06-12 15:00:00,14,14,9_16,TimeMixer,155.709,136.30543005576826,8.204064941406259,1.0,56.209
2026-06-13 15:00:00,99.5,132.922,60525.0525,10898.8775,15964.24,20227.25,648.185,26863.1175,rt,2026-06-13,2026-06-12,2026-06-12 15:00:00,15,15,9_16,TimeMixer,132.922,139.43394725059244,51.75913085937498,1.0,33.422
2026-06-13 16:00:00,300.0,391.032,65185.96,11236.98,12165.7225,21426.5,7570.2575,23402.7025,rt,2026-06-13,2026-06-12,2026-06-12 15:00:00,16,16,9_16,TimeMixer,391.032,369.9544673472968,203.85982861328125,1.0,91.03199999999998
2026-06-13 17:00:00,319.233,348.906,70422.31,11388.8475,7889.16,24652.0,13633.3025,19278.0075,rt,2026-06-13,2026-06-12,2026-06-12 15:00:00,17,17,17_24,TimeMixer,348.906,374.05746075855166,234.90561372070317,1.0,29.673000000000002
2026-06-13 18:00:00,399.5,359.794,75180.3875,11308.68,3824.2725,26654.25,20515.435,15132.9525,rt,2026-06-13,2026-06-12,2026-06-12 15:00:00,18,18,17_24,TimeMixer,359.794,455.24022248470214,370.57543998718256,1.0,-39.70600000000002
2026-06-13 19:00:00,400.0,346.821,77593.53,11506.9475,1039.36,26631.25,25534.4725,12546.3075,rt,2026-06-13,2026-06-12,2026-06-12 15:00:00,19,19,17_24,TimeMixer,346.821,455.012300156745,402.9531276702881,1.0,-53.178999999999974
2026-06-13 20:00:00,387.0,354.418,79125.8025,12196.54,58.385,25761.0,28228.3775,12254.925,rt,2026-06-13,2026-06-12,2026-06-12 15:00:00,20,20,17_24,TimeMixer,354.418,468.8301298083869,438.5445305538177,1.0,-32.581999999999994
2026-06-13 21:00:00,394.0,353.276,78403.795,13081.675,0.0,23976.0,28464.62,13081.675,rt,2026-06-13,2026-06-12,2026-06-12 15:00:00,21,21,17_24,TimeMixer,353.276,461.064618132743,414.8914850616455,1.0,-40.72399999999999
2026-06-13 22:00:00,390.5,371.079,75980.9925,13719.865,0.0,22493.25,26886.3775,13719.865,rt,2026-06-13,2026-06-12,2026-06-12 15:00:00,22,22,17_24,TimeMixer,371.079,458.9087103957358,407.7010643005371,1.0,-19.420999999999992
2026-06-13 23:00:00,395.0,374.751,72208.8975,14067.7375,0.0,20905.25,24354.41,14067.7375,rt,2026-06-13,2026-06-12,2026-06-12 15:00:00,23,23,17_24,TimeMixer,374.751,466.1243467097846,413.64522724151607,1.0,-20.249000000000024
2026-06-14 00:00:00,392.0,414.513,71348.0725,13944.4125,0.0,19697.5,24824.66,13944.4125,rt,2026-06-14,2026-06-13,2026-06-13 15:00:00,0,24,17_24,TimeMixer,414.513,450.0365669713202,403.11595428466796,1.0,22.512999999999977
2026-06-14 01:00:00,400.0,448.756,70127.4075,12594.57,0.0,20800.5,23971.5375,12594.57,rt,2026-06-14,2026-06-13,2026-06-13 15:00:00,1,1,1_8,TimeMixer,448.756,489.0160560055152,426.2284827232361,1.0,48.75599999999997
2026-06-14 02:00:00,386.0,398.522,67667.4925,12069.295,0.0,20814.75,22022.6475,12069.295,rt,2026-06-14,2026-06-13,2026-06-13 15:00:00,2,2,1_8,TimeMixer,398.522,430.00544397601993,382.08716773986816,1.0,12.521999999999991
2026-06-14 03:00:00,385.5,385.068,65663.1225,11299.65,0.0,20781.0,20821.6725,11299.65,rt,2026-06-14,2026-06-13,2026-06-13 15:00:00,3,3,1_8,TimeMixer,385.068,425.5323162091437,354.872700881958,1.0,-0.43200000000001637
2026-06-14 04:00:00,383.0,374.883,64843.1375,10350.075,0.0125,20779.25,20953.0,10350.0875,rt,2026-06-14,2026-06-13,2026-06-13 15:00:00,4,4,1_8,TimeMixer,374.883,400.6190489250556,343.60070877075196,1.0,-8.117000000000019
2026-06-14 05:00:00,389.5,378.919,65030.0975,9489.5725,27.2,20528.0,22224.525,9516.7725,rt,2026-06-14,2026-06-13,2026-06-13 15:00:00,5,5,1_8,TimeMixer,378.919,413.4574237181464,374.2594848632813,1.0,-10.581000000000017
2026-06-14 06:00:00,383.5,377.845,65811.585,8565.2825,943.2625,21738.5,21803.74,9508.545,rt,2026-06-14,2026-06-13,2026-06-13 15:00:00,6,6,1_8,TimeMixer,377.845,417.35941897922424,364.3851103973389,1.0,-5.654999999999973
2026-06-14 07:00:00,333.715,350.426,62696.4825,7460.4825,3729.4975,25329.25,13420.2025,11189.98,rt,2026-06-14,2026-06-13,2026-06-13 15:00:00,7,7,1_8,TimeMixer,350.426,312.6032711558905,212.64427337646484,0.0,0.0
2026-06-14 08:00:00,342.75,346.917,63447.6075,6283.465,8228.205,25663.25,10574.3875,14511.67,rt,2026-06-14,2026-06-13,2026-06-13 15:00:00,8,8,1_8,TimeMixer,346.917,338.40348119556336,105.65044555664062,0.0,0.0
2026-06-14 09:00:00,291.0,326.857,60446.1475,5636.9475,13416.8375,23259.75,5446.8125,19053.785,rt,2026-06-14,2026-06-13,2026-06-13 15:00:00,9,9,9_16,TimeMixer,326.857,319.4650996068183,24.10610955810546,1.0,35.85700000000003
2026-06-14 10:00:00,165.5,331.67,57504.8325,5596.155,18031.9225,21641.0,-450.045,23628.0775,rt,2026-06-14,2026-06-13,2026-06-13 15:00:00,10,10,9_16,TimeMixer,331.67,53.22125470176433,-42.75174896240234,0.0,0.0
2026-06-14 11:00:00,173.5,199.752,55653.6075,5805.24,20968.935,20517.0,-4323.3675,26774.175,rt,2026-06-14,2026-06-13,2026-06-13 15:00:00,11,11,9_16,TimeMixer,199.752,7.215369931256511,-72.47750091552734,0.0,0.0
2026-06-14 12:00:00,55.0,224.486,53830.97,6193.695,22295.775,20222.5,-7566.8,28489.47,rt,2026-06-14,2026-06-13,2026-06-13 15:00:00,12,12,9_16,TimeMixer,224.486,-150.81024081703447,-65.77613525390625,0.0,0.0
2026-06-14 13:00:00,56.875,-80.0,49506.3375,6600.4125,22202.475,20347.0,-12329.35,28802.8875,rt,2026-06-14,2026-06-13,2026-06-13 15:00:00,13,13,9_16,TimeMixer,-80.0,-98.08274295326495,-78.34512329101562,0.0,-0.0
2026-06-14 14:00:00,56.0,-80.0,52116.525,7009.8075,20803.1775,20502.5,-8884.76,27812.985,rt,2026-06-14,2026-06-13,2026-06-13 15:00:00,14,14,9_16,TimeMixer,-80.0,-6.234627900774742,-44.866108703613286,0.0,-0.0
2026-06-14 15:00:00,110.5,-64.607,56044.565,7448.9675,18097.6125,20592.5,-2780.315,25546.58,rt,2026-06-14,2026-06-13,2026-06-13 15:00:00,15,15,9_16,TimeMixer,-64.607,-3.2173435599544256,-22.523425292968767,0.0,-0.0
2026-06-14 16:00:00,315.5,180.289,61358.895,7871.0525,14181.07,21550.75,5070.2225,22052.1225,rt,2026-06-14,2026-06-13,2026-06-13 15:00:00,16,16,9_16,TimeMixer,180.289,320.4642849943915,150.60295486450195,1.0,-135.211
2026-06-14 17:00:00,378.625,275.755,66695.1625,8355.9325,9468.2525,24651.25,11461.4275,17824.185,rt,2026-06-14,2026-06-13,2026-06-13 15:00:00,17,17,17_24,TimeMixer,275.755,326.39632418170845,256.80308692626954,0.0,-0.0
2026-06-14 18:00:00,400.0,351.504,71804.3925,8956.26,4575.195,26653.75,18842.1375,13531.455,rt,2026-06-14,2026-06-13,2026-06-13 15:00:00,18,18,17_24,TimeMixer,351.504,459.52972744193943,395.83480377197264,1.0,-48.49599999999998
2026-06-14 19:00:00,415.0,358.265,75801.275,9750.9175,1190.5675,26631.25,25447.74,10941.485,rt,2026-06-14,2026-06-13,2026-06-13 15:00:00,19,19,17_24,TimeMixer,358.265,503.69597505298526,427.99840467834474,1.0,-56.735000000000014
2026-06-14 20:00:00,397.75,352.996,78280.42,10827.74,40.64,25761.25,28869.99,10868.38,rt,2026-06-14,2026-06-13,2026-06-13 15:00:00,20,20,17_24,TimeMixer,352.996,512.3004551594915,444.629403755188,1.0,-44.75400000000002
2026-06-14 21:00:00,390.0,350.0,77470.7,12233.385,0.0,23976.25,28480.265,12233.385,rt,2026-06-14,2026-06-13,2026-06-13 15:00:00,21,21,17_24,TimeMixer,350.0,501.1530208345595,435.2844261322021,1.0,-40.0
2026-06-14 22:00:00,392.0,350.22,74701.02,13481.67,0.0,22493.25,25945.3,13481.67,rt,2026-06-14,2026-06-13,2026-06-13 15:00:00,22,22,17_24,TimeMixer,350.22,517.1954835839549,414.33570025634765,1.0,-41.77999999999997
2026-06-14 23:00:00,394.0,357.788,71254.5175,14348.32,0.0,20905.5,23219.8975,14348.32,rt,2026-06-14,2026-06-13,2026-06-13 15:00:00,23,23,17_24,TimeMixer,357.788,508.1078310479346,427.680757522583,1.0,-36.21199999999999
2026-06-15 00:00:00,400.0,361.99,69655.475,14538.9325,0.0,20414.5,21921.2425,14538.9325,rt,2026-06-15,2026-06-14,2026-06-14 15:00:00,0,24,17_24,TimeMixer,361.99,499.03334944080257,414.05836029052733,1.0,-38.00999999999999
2026-06-15 01:00:00,433.0,361.568,65258.0175,12665.6825,0.0,22595.75,17085.785,12665.6825,rt,2026-06-15,2026-06-14,2026-06-14 15:00:00,1,1,1_8,TimeMixer,361.568,540.509936548957,442.3554081153869,1.0,-71.43200000000002
2026-06-15 02:00:00,400.0,349.409,63290.0875,12209.085,0.0,22807.0,15363.2025,12209.085,rt,2026-06-15,2026-06-14,2026-06-14 15:00:00,2,2,1_8,TimeMixer,349.409,500.47281860156926,402.0658292419434,1.0,-50.59100000000001
2026-06-15 03:00:00,389.0,351.023,61595.4825,11505.615,0.0,22861.25,14317.8175,11505.615,rt,2026-06-15,2026-06-14,2026-06-14 15:00:00,3,3,1_8,TimeMixer,351.023,505.70174088657285,397.63441490173335,1.0,-37.976999999999975
2026-06-15 04:00:00,386.0,352.874,60793.72,10636.275,0.01,22587.0,14659.635,10636.285,rt,2026-06-15,2026-06-14,2026-06-14 15:00:00,4,4,1_8,TimeMixer,352.874,478.2151003862372,404.82504068298334,1.0,-33.125999999999976
2026-06-15 05:00:00,408.0,357.522,61321.71,9719.1225,34.7,22009.5,16647.5875,9753.8225,rt,2026-06-15,2026-06-14,2026-06-14 15:00:00,5,5,1_8,TimeMixer,357.522,493.2130813585272,416.9651659698486,1.0,-50.47800000000001
2026-06-15 06:00:00,412.0,351.12,63266.8625,8783.7475,1101.2675,24283.5,16187.5475,9885.015,rt,2026-06-15,2026-06-14,2026-06-14 15:00:00,6,6,1_8,TimeMixer,351.12,491.7455150163642,397.4352489471436,1.0,-60.879999999999995
2026-06-15 07:00:00,339.0,234.573,62464.3925,7641.875,4176.905,29386.5,8352.0625,11818.78,rt,2026-06-15,2026-06-14,2026-06-14 15:00:00,7,7,1_8,TimeMixer,234.573,406.8065420274726,270.93770399475096,1.0,-104.42699999999999
2026-06-15 08:00:00,300.0,317.141,65398.135,6596.2025,8825.815,29605.0,7522.8175,15422.0175,rt,2026-06-15,2026-06-14,2026-06-14 15:00:00,8,8,1_8,TimeMixer,317.141,363.9216980638495,183.79835357666016,1.0,17.14100000000002
2026-06-15 09:00:00,300.0,332.297,65094.455,5982.57,13662.88,26685.25,5927.955,19645.45,rt,2026-06-15,2026-06-14,2026-06-14 15:00:00,9,9,9_16,TimeMixer,332.297,330.99422211963565,84.29472503662109,1.0,32.297000000000025
2026-06-15 10:00:00,267.0,299.286,62880.0675,5603.0175,17725.03,25179.25,1536.97,23328.0475,rt,2026-06-15,2026-06-14,2026-06-14 15:00:00,10,10,9_16,TimeMixer,299.286,47.8030471883366,12.167897033691403,0.0,0.0
2026-06-15 11:00:00,141.03,2.327,61682.295,5290.785,20473.62,24311.5,-1229.41,25764.405,rt,2026-06-15,2026-06-14,2026-06-14 15:00:00,11,11,9_16,TimeMixer,2.327,-4.798480531389968,7.149423217773432,0.0,-0.0
2026-06-15 12:00:00,58.72,-80.0,58110.18,5164.46,21795.31,23984.5,-5669.89,26959.77,rt,2026-06-15,2026-06-14,2026-06-14 15:00:00,12,12,9_16,TimeMixer,-80.0,-1.5871170633723946,-68.3400341796875,0.0,-0.0
2026-06-15 13:00:00,29.0,-80.0,52559.4925,5195.8475,21856.4525,24182.75,-11511.3575,27052.3,rt,2026-06-15,2026-06-14,2026-06-14 15:00:00,13,13,9_16,TimeMixer,-80.0,-108.60742677589678,-89.31047821044922,0.0,-0.0
2026-06-15 14:00:00,72.5,-80.0,55049.3025,5429.5675,20802.2725,24377.25,-8395.5875,26231.84,rt,2026-06-15,2026-06-14,2026-06-14 15:00:00,14,14,9_16,TimeMixer,-80.0,-103.75442867409015,-77.18164672851563,0.0,-0.0
2026-06-15 15:00:00,41.0,-80.0,58307.795,5882.8975,18394.265,24627.0,-3432.1675,24277.1625,rt,2026-06-15,2026-06-14,2026-06-14 15:00:00,15,15,9_16,TimeMixer,-80.0,-54.18089220085407,-12.590724182128909,0.0,-0.0
2026-06-15 16:00:00,281.5,103.351,63178.35,6498.8875,14565.2375,25918.0,3360.425,21064.125,rt,2026-06-15,2026-06-14,2026-06-14 15:00:00,16,16,9_16,TimeMixer,103.351,21.444024162213537,141.24785406494138,0.0,-0.0
2026-06-15 17:00:00,326.5,120.823,68171.9625,7178.2675,9684.1325,29277.5,9123.7625,16862.4,rt,2026-06-15,2026-06-14,2026-06-14 15:00:00,17,17,17_24,TimeMixer,120.823,330.9310732841864,301.3798412780761,1.0,-205.67700000000002
2026-06-15 18:00:00,405.5,339.291,73527.4,7828.5725,4664.2,31153.25,16954.3275,12492.7725,rt,2026-06-15,2026-06-14,2026-06-14 15:00:00,18,18,17_24,TimeMixer,339.291,484.2124499724951,384.11222114562986,1.0,-66.209
2026-06-15 19:00:00,449.5,346.299,77235.1925,8547.4,1223.205,31003.25,23530.5375,9770.605,rt,2026-06-15,2026-06-14,2026-06-14 15:00:00,19,19,17_24,TimeMixer,346.299,467.4242843822089,431.82255232543946,1.0,-103.20100000000002
2026-06-15 20:00:00,439.5,348.798,79552.835,9484.5875,42.0075,30259.75,26835.69,9526.595,rt,2026-06-15,2026-06-14,2026-06-14 15:00:00,20,20,17_24,TimeMixer,348.798,478.2655509735766,441.4715714454651,1.0,-90.702
2026-06-15 21:00:00,385.545,349.427,78893.2475,10562.3275,0.0,28473.75,26926.37,10562.3275,rt,2026-06-15,2026-06-14,2026-06-14 15:00:00,21,21,17_24,TimeMixer,349.427,480.45514196369083,410.3340042114258,1.0,-36.117999999999995
2026-06-15 22:00:00,389.125,349.372,75771.8675,11836.2875,0.0,26601.75,24403.03,11836.2875,rt,2026-06-15,2026-06-14,2026-06-14 15:00:00,22,22,17_24,TimeMixer,349.372,495.3480996403876,372.9213106994629,1.0,-39.752999999999986
2026-06-15 23:00:00,435.0,361.258,71562.68,12763.8625,0.0,24426.25,21441.7675,12763.8625,rt,2026-06-15,2026-06-14,2026-06-14 15:00:00,23,23,17_24,TimeMixer,361.258,486.30998157794863,388.8501091003418,1.0,-73.74200000000002
2026-06-16 00:00:00,424.0,361.518,70363.2175,13155.025,0.0,22793.5,21483.8925,13155.025,rt,2026-06-16,2026-06-15,2026-06-15 15:00:00,0,24,17_24,TimeMixer,361.518,480.12534636096865,373.9585186004639,1.0,-62.48200000000003
2026-06-16 01:00:00,458.0,539.059,66073.06,11108.0475,0.0,22843.5,19210.7125,11108.0475,rt,2026-06-16,2026-06-15,2026-06-15 15:00:00,1,1,1_8,TimeMixer,539.059,504.14005984722047,448.6790899276733,1.0,81.05899999999997
2026-06-16 02:00:00,438.25,518.029,64203.03,10383.5675,0.0,22843.75,18064.9125,10383.5675,rt,2026-06-16,2026-06-15,2026-06-15 15:00:00,2,2,1_8,TimeMixer,518.029,472.9846019530097,389.0532572555542,1.0,79.779
2026-06-16 03:00:00,432.25,514.629,62886.3075,9574.18,0.0,22900.75,17500.5775,9574.18,rt,2026-06-16,2026-06-15,2026-06-15 15:00:00,3,3,1_8,TimeMixer,514.629,473.48913122386847,372.21803131103513,1.0,82.37900000000002
2026-06-16 04:00:00,439.0,516.556,61946.2925,8772.5725,0.01,22625.25,17637.66,8772.5825,rt,2026-06-16,2026-06-15,2026-06-15 15:00:00,4,4,1_8,TimeMixer,516.556,455.9567662999335,388.51149080395703,1.0,77.55600000000004
2026-06-16 05:00:00,456.0,527.45,62557.8025,8088.7625,34.935,22046.25,19477.055,8123.6975,rt,2026-06-16,2026-06-15,2026-06-15 15:00:00,5,5,1_8,TimeMixer,527.45,474.392073463935,421.3456124191284,1.0,71.45000000000005
2026-06-16 06:00:00,457.0,492.891,64742.7025,7428.1675,1118.5025,24311.75,18973.4825,8546.67,rt,2026-06-16,2026-06-15,2026-06-15 15:00:00,6,6,1_8,TimeMixer,492.891,481.43392196473985,408.7130786895752,1.0,35.89100000000002
2026-06-16 07:00:00,329.5,184.643,64152.46,6516.8025,4403.7275,29398.5,10926.38,10920.53,rt,2026-06-16,2026-06-15,2026-06-15 15:00:00,7,7,1_8,TimeMixer,184.643,332.1039602495185,239.92958705139162,1.0,-144.857
2026-06-16 08:00:00,284.32,387.135,65813.1525,5546.75,9431.105,29617.5,8369.4975,14977.855,rt,2026-06-16,2026-06-15,2026-06-15 15:00:00,8,8,1_8,TimeMixer,387.135,389.579211283454,164.3210517883301,1.0,102.815
2026-06-16 09:00:00,265.5,250.223,64997.3375,4799.885,14603.4225,26710.75,6047.48,19403.3075,rt,2026-06-16,2026-06-15,2026-06-15 15:00:00,9,9,9_16,TimeMixer,250.223,422.66668220813665,69.16693878173828,1.0,-15.276999999999987
2026-06-16 10:00:00,144.0,373.347,62218.38,4270.8925,18716.4175,25207.75,1187.52,22987.31,rt,2026-06-16,2026-06-15,2026-06-15 15:00:00,10,10,9_16,TimeMixer,373.347,133.97030785728188,54.01612342529296,0.0,0.0
2026-06-16 11:00:00,20.0,540.651,60989.755,3945.035,21384.9225,24343.0,-1519.0025,25329.9575,rt,2026-06-16,2026-06-15,2026-06-15 15:00:00,11,11,9_16,TimeMixer,540.651,47.7741684456608,-32.63174060058594,1.0,520.651
2026-06-16 12:00:00,0.0,315.524,57556.425,3842.6925,22657.2275,24013.5,-5792.795,26499.92,rt,2026-06-16,2026-06-15,2026-06-15 15:00:00,12,12,9_16,TimeMixer,315.524,-53.262395904925114,-76.86721783447265,0.0,0.0
2026-06-16 13:00:00,-30.0,56.218,50232.055,3985.4425,22734.52,24211.5,-13535.2075,26719.9625,rt,2026-06-16,2026-06-15,2026-06-15 15:00:00,13,13,9_16,TimeMixer,56.218,-79.18669608192707,-118.13578918457031,0.0,0.0
2026-06-16 14:00:00,-31.0,36.401,53133.28,4451.7175,21708.5475,24407.0,-10269.785,26160.265,rt,2026-06-16,2026-06-15,2026-06-15 15:00:00,14,14,9_16,TimeMixer,36.401,-39.20356193886067,-77.69361114501953,0.0,0.0
2026-06-16 15:00:00,0.0,-75.294,56478.0825,5042.435,19248.5825,24657.5,-5321.235,24291.0175,rt,2026-06-16,2026-06-15,2026-06-15 15:00:00,15,15,9_16,TimeMixer,-75.294,-19.74771945564534,-48.094328308105474,0.0,-0.0
2026-06-16 16:00:00,145.5,-80.0,61447.4775,5725.4925,15302.285,25936.25,1617.65,21027.7775,rt,2026-06-16,2026-06-15,2026-06-15 15:00:00,16,16,9_16,TimeMixer,-80.0,74.33926821189615,123.2892936706543,0.0,-0.0
2026-06-16 17:00:00,314.0,168.901,66886.03,6413.5325,10152.52,29277.0,8123.4275,16566.0525,rt,2026-06-16,2026-06-15,2026-06-15 15:00:00,17,17,17_24,TimeMixer,168.901,359.84284471057805,288.94692214965823,1.0,-145.099
2026-06-16 18:00:00,423.838,499.266,72476.2725,7178.94,4795.5575,31152.25,16422.475,11974.4975,rt,2026-06-16,2026-06-15,2026-06-15 15:00:00,18,18,17_24,TimeMixer,499.266,527.724009764289,416.2766121673584,1.0,75.428
2026-06-16 19:00:00,470.075,524.195,75663.04,8231.43,1242.16,31003.75,22254.9,9473.59,rt,2026-06-16,2026-06-15,2026-06-15 15:00:00,19,19,17_24,TimeMixer,524.195,524.0050189790716,472.24298246765136,1.0,54.12000000000006
2026-06-16 20:00:00,460.5,472.235,77907.65,9453.265,42.245,30259.25,25222.09,9495.51,rt,2026-06-16,2026-06-15,2026-06-15 15:00:00,20,20,17_24,TimeMixer,472.235,527.7833226422491,488.0803226470947,1.0,11.735000000000014
2026-06-16 21:00:00,440.0,411.149,77222.795,10826.2225,0.0,28474.25,24991.5225,10826.2225,rt,2026-06-16,2026-06-15,2026-06-15 15:00:00,21,21,17_24,TimeMixer,411.149,526.760135717887,439.36315341186526,1.0,-28.851
2026-06-16 22:00:00,433.838,386.038,74637.8375,12071.1075,0.0,26574.75,23061.18,12071.1075,rt,2026-06-16,2026-06-15,2026-06-15 15:00:00,22,22,17_24,TimeMixer,386.038,539.0620679008857,425.9244522094727,1.0,-47.80000000000001
2026-06-16 23:00:00,440.0,437.608,70424.34,12968.435,0.0,24361.75,20163.355,12968.435,rt,2026-06-16,2026-06-15,2026-06-15 15:00:00,23,23,17_24,TimeMixer,437.608,522.4290768768683,475.8195737838745,1.0,-2.391999999999996
2026-06-17 00:00:00,450.5,459.6,69301.095,13315.04,0.0,22723.5,20331.755,13315.04,rt,2026-06-17,2026-06-16,2026-06-16 15:00:00,0,24,17_24,TimeMixer,459.6,525.3703442222968,458.60141410827634,1.0,9.100000000000023
2026-06-17 01:00:00,487.5,519.48,67248.3575,13154.51,0.0,22992.75,17880.2975,13154.51,rt,2026-06-17,2026-06-16,2026-06-16 15:00:00,1,1,1_8,TimeMixer,519.48,621.1464466015234,513.8697437286377,1.0,31.980000000000018
2026-06-17 02:00:00,469.35,494.69,65122.7675,12536.35,0.0,22971.75,16393.8675,12536.35,rt,2026-06-17,2026-06-16,2026-06-16 15:00:00,2,2,1_8,TimeMixer,494.69,593.1716024312201,477.5019359588623,1.0,25.339999999999975
2026-06-17 03:00:00,460.0,500.67,63551.4225,11396.1175,0.0,23001.75,15932.755,11396.1175,rt,2026-06-17,2026-06-16,2026-06-16 15:00:00,3,3,1_8,TimeMixer,500.67,589.7492317465583,463.2848516464233,1.0,40.670000000000016
2026-06-17 04:00:00,462.5,518.6,62653.2425,9942.7775,0.01,22732.75,16756.905,9942.7875,rt,2026-06-17,2026-06-16,2026-06-16 15:00:00,4,4,1_8,TimeMixer,518.6,581.410454252204,483.2813628673553,1.0,56.10000000000002
2026-06-17 05:00:00,494.2,524.5,63383.0325,8528.69,30.1975,22145.0,19458.345,8558.8875,rt,2026-06-17,2026-06-16,2026-06-16 15:00:00,5,5,1_8,TimeMixer,524.5,600.2254649766912,490.08110342025753,1.0,30.30000000000001
2026-06-17 06:00:00,496.9,433.65,64920.2575,7214.955,1067.6925,23921.5,19495.31,8282.6475,rt,2026-06-17,2026-06-16,2026-06-16 15:00:00,6,6,1_8,TimeMixer,433.65,587.7985256457891,465.80952089309693,1.0,-63.25
2026-06-17 07:00:00,333.5,-3.68,64490.605,5827.0825,4230.425,28003.25,13216.5475,10057.5075,rt,2026-06-17,2026-06-16,2026-06-16 15:00:00,7,7,1_8,TimeMixer,-3.68,384.3217303047553,310.39165205307006,1.0,-337.18
2026-06-17 08:00:00,384.75,258.39,66727.88,4530.2075,9173.06,28400.75,11488.0625,13703.2675,rt,2026-06-17,2026-06-16,2026-06-16 15:00:00,8,8,1_8,TimeMixer,258.39,465.73236662586123,263.1207634811401,1.0,-126.36000000000001
2026-06-17 09:00:00,350.0,263.38,66446.92,3524.61,14360.42,26296.75,9184.34,17885.03,rt,2026-06-17,2026-06-16,2026-06-16 15:00:00,9,9,9_16,TimeMixer,263.38,400.06218650928406,202.49762649536132,1.0,-86.62
2026-06-17 10:00:00,300.0,255.56,63701.8925,2791.0425,18597.6075,24500.0,4809.9425,21388.65,rt,2026-06-17,2026-06-16,2026-06-16 15:00:00,10,10,9_16,TimeMixer,255.56,121.1643105123112,69.91435394287109,0.0,-0.0
2026-06-17 11:00:00,247.5,341.9,62602.3725,2158.8225,21220.005,23044.0,3223.745,23378.8275,rt,2026-06-17,2026-06-16,2026-06-16 15:00:00,11,11,9_16,TimeMixer,341.9,185.01101625938148,-15.659087371826171,0.0,0.0
2026-06-17 12:00:00,171.788,454.49,60082.965,1769.22,22403.6975,22923.75,67.9975,24172.9175,rt,2026-06-17,2026-06-16,2026-06-16 15:00:00,12,12,9_16,TimeMixer,454.49,79.2545136385319,-32.74454193115234,0.0,0.0
2026-06-17 13:00:00,105.0,437.43,55280.72,1628.2225,22246.1025,22923.75,-4430.655,23874.325,rt,2026-06-17,2026-06-16,2026-06-16 15:00:00,13,13,9_16,TimeMixer,437.43,-14.477204027483719,-70.21378479003906,0.0,0.0
2026-06-17 14:00:00,65.453,436.02,58580.19,1665.6825,20745.965,22998.25,224.4925,22411.6475,rt,2026-06-17,2026-06-16,2026-06-16 15:00:00,14,14,9_16,TimeMixer,436.02,-45.392735541155595,-72.41935235595703,0.0,0.0
2026-06-17 15:00:00,135.0,,62695.3,1865.065,17945.18,23204.0,6677.755,19810.245,rt,2026-06-17,2026-06-16,2026-06-16 15:00:00,15,15,9_16,TimeMixer,,-62.515696663286946,13.643615600585939,0.0,
2026-06-17 16:00:00,357.1,,67612.34,2175.29,13874.665,24739.25,13732.335,16049.955,rt,2026-06-17,2026-06-16,2026-06-16 15:00:00,16,16,9_16,TimeMixer,,200.54462563526067,142.58319549560548,0.0,
2026-06-17 17:00:00,448.355,,72561.1725,2495.0775,9040.08,27851.75,19960.965,11535.1575,rt,2026-06-17,2026-06-16,2026-06-16 15:00:00,17,17,17_24,TimeMixer,,386.8589961888495,316.33284034729,0.0,
2026-06-17 18:00:00,550.0,,76857.315,2893.7075,4261.2175,29158.25,27308.34,7154.925,rt,2026-06-17,2026-06-16,2026-06-16 15:00:00,18,18,17_24,TimeMixer,,591.8701430086127,450.98477326660156,1.0,
2026-06-17 19:00:00,600.0,,79464.6675,3496.7125,1128.745,29170.5,32427.91,4625.4575,rt,2026-06-17,2026-06-16,2026-06-16 15:00:00,19,19,17_24,TimeMixer,,601.062025936164,493.2845338897705,1.0,
2026-06-17 20:00:00,519.163,,81421.6625,4374.1625,41.8425,28380.75,35384.1075,4416.005,rt,2026-06-17,2026-06-16,2026-06-16 15:00:00,20,20,17_24,TimeMixer,,579.5851828429022,500.96730213165284,1.0,
2026-06-17 21:00:00,523.388,,80759.08,5360.39,0.0,26510.75,35647.14,5360.39,rt,2026-06-17,2026-06-16,2026-06-16 15:00:00,21,21,17_24,TimeMixer,,556.1456297041693,481.7309711456299,1.0,
2026-06-17 22:00:00,570.0,,78133.0175,6352.1975,0.0,25000.25,33539.77,6352.1975,rt,2026-06-17,2026-06-16,2026-06-16 15:00:00,22,22,17_24,TimeMixer,,548.3967253100958,457.64890745239256,0.0,
2026-06-17 23:00:00,574.75,,74124.1225,7218.0625,0.0,23826.5,29838.76,7218.0625,rt,2026-06-17,2026-06-16,2026-06-16 15:00:00,23,23,17_24,TimeMixer,,549.6547037118903,476.4656383514404,0.0,
2026-06-18 00:00:00,594.5,,72873.1425,7525.1875,0.0,22721.75,29385.405,7525.1875,rt,2026-06-18,2026-06-17,2026-06-17 15:00:00,0,24,17_24,TimeMixer,,,494.0463589477539,0.0,
2026-06-18 01:00:00,,,69363.87,6224.915,0.0,22921.75,26946.405,6224.915,rt,2026-06-18,2026-06-17,2026-06-17 15:00:00,1,1,1_8,TimeMixer,,,535.0537600517273,0.0,
2026-06-18 02:00:00,,,67123.905,5842.7775,0.0,22849.75,25160.5775,5842.7775,rt,2026-06-18,2026-06-17,2026-06-17 15:00:00,2,2,1_8,TimeMixer,,,518.9458774185181,0.0,
2026-06-18 03:00:00,,,65237.955,5336.2425,0.0,22826.5,23804.4125,5336.2425,rt,2026-06-18,2026-06-17,2026-06-17 15:00:00,3,3,1_8,TimeMixer,,,472.52879905700684,0.0,
2026-06-18 04:00:00,,,64413.13,4794.2,0.01,22555.25,23792.87,4794.21,rt,2026-06-18,2026-06-17,2026-06-17 15:00:00,4,4,1_8,TimeMixer,,,481.3204116821289,0.0,
2026-06-18 05:00:00,,,64943.535,4249.7075,32.02,22059.0,25332.0075,4281.7275,rt,2026-06-18,2026-06-17,2026-06-17 15:00:00,5,5,1_8,TimeMixer,,,506.39702601776116,0.0,
2026-06-18 06:00:00,,,66635.4575,3720.5075,1010.255,23890.0,24743.895,4730.7625,rt,2026-06-18,2026-06-17,2026-06-17 15:00:00,6,6,1_8,TimeMixer,,,499.93830245971674,0.0,
2026-06-18 07:00:00,,,67395.9775,3024.2725,3833.0075,27874.0,19401.3975,6857.28,rt,2026-06-18,2026-06-17,2026-06-17 15:00:00,7,7,1_8,TimeMixer,,,333.42422094726567,0.0,
2026-06-18 08:00:00,,,71974.495,2173.8925,7827.805,28401.0,20385.9975,10001.6975,rt,2026-06-18,2026-06-17,2026-06-17 15:00:00,8,8,1_8,TimeMixer,,,373.39956436157223,0.0,
2026-06-18 09:00:00,,,74090.1625,1569.2525,11728.0725,26509.25,21152.7875,13297.325,rt,2026-06-18,2026-06-17,2026-06-17 15:00:00,9,9,9_16,TimeMixer,,,311.6425216674805,0.0,
2026-06-18 10:00:00,,,73822.6325,1304.9625,14760.1325,24970.25,19733.9875,16065.095,rt,2026-06-18,2026-06-17,2026-06-17 15:00:00,10,10,9_16,TimeMixer,,,247.36074829101562,0.0,
2026-06-18 11:00:00,,,73568.135,1251.1775,16590.575,23787.25,18933.3325,17841.7525,rt,2026-06-18,2026-06-17,2026-06-17 15:00:00,11,11,9_16,TimeMixer,,,203.53122681884767,0.0,
2026-06-18 12:00:00,,,70585.275,1338.9925,17303.605,23697.25,15277.1275,18642.5975,rt,2026-06-18,2026-06-17,2026-06-17 15:00:00,12,12,9_16,TimeMixer,,,122.4877543762207,0.0,
2026-06-18 13:00:00,,,65028.515,1571.31,16900.7125,23704.25,9888.9425,18472.0225,rt,2026-06-18,2026-06-17,2026-06-17 15:00:00,13,13,9_16,TimeMixer,,,105.37908401489258,0.0,
2026-06-18 14:00:00,,,68058.025,1966.885,15432.225,23590.0,14073.115,17399.11,rt,2026-06-18,2026-06-17,2026-06-17 15:00:00,14,14,9_16,TimeMixer,,,32.13922305755615,0.0,
2026-06-18 15:00:00,,,72016.65,2439.085,12820.1725,23722.25,19981.8425,15259.2575,rt,2026-06-18,2026-06-17,2026-06-17 15:00:00,15,15,9_16,TimeMixer,,,135.17899627685546,0.0,
2026-06-18 16:00:00,,,75782.365,2877.055,9584.59,25273.0,24906.92,12461.645,rt,2026-06-18,2026-06-17,2026-06-17 15:00:00,16,16,9_16,TimeMixer,,,281.76080902099613,0.0,
2026-06-18 17:00:00,,,78185.0375,3331.1925,6111.1025,28362.25,27117.1925,9442.295,rt,2026-06-18,2026-06-17,2026-06-17 15:00:00,17,17,17_24,TimeMixer,,,388.6889209707379,0.0,
2026-06-18 18:00:00,,,80126.4425,3791.745,2864.295,29499.0,30685.6025,6656.04,rt,2026-06-18,2026-06-17,2026-06-17 15:00:00,18,18,17_24,TimeMixer,,,532.4234034423828,0.0,
2026-06-18 19:00:00,,,81223.69,4311.9225,774.125,29609.0,33237.8425,5086.0475,rt,2026-06-18,2026-06-17,2026-06-17 15:00:00,19,19,17_24,TimeMixer,,,590.2017631530762,0.0,
2026-06-18 20:00:00,,,82693.925,5050.22,34.22,28840.0,35478.685,5084.44,rt,2026-06-18,2026-06-17,2026-06-17 15:00:00,20,20,17_24,TimeMixer,,,546.1739724090576,0.0,
2026-06-18 21:00:00,,,81881.8525,5903.4825,0.0,26534.0,36153.57,5903.4825,rt,2026-06-18,2026-06-17,2026-06-17 15:00:00,21,21,17_24,TimeMixer,,,551.8042776992797,0.0,
2026-06-18 22:00:00,,,79201.655,6780.945,0.0,24950.0,34179.91,6780.945,rt,2026-06-18,2026-06-17,2026-06-17 15:00:00,22,22,17_24,TimeMixer,,,562.6100170898437,0.0,
2026-06-18 23:00:00,,,75439.68,7473.7625,0.0,23680.0,30995.1175,7473.7625,rt,2026-06-18,2026-06-17,2026-06-17 15:00:00,23,23,17_24,TimeMixer,,,565.0121849060058,0.0,
