task,model_name,fold_id,train_start,train_end,test_start,test_end,target_day,business_day,ds,period,hour_business,y_true,y_pred,source,run_mode,created_at
dayahead,lightgbm,1,2023-01-01,2025-09-30,2025-10-01,2025-10-31,2025-10-01,2025-10-01,2025-10-01 01:00:00,1_8,1,389.409,387.725216598137,,,2026-06-25T20:48:30.650157
dayahead,lightgbm,1,2023-01-01,2025-09-30,2025-10-01,2025-10-31,2025-10-01,2025-10-01,2025-10-01 02:00:00,1_8,2,400.614,386.8514408432508,,,2026-06-25T20:48:30.650157
dayahead,lightgbm,1,2023-01-01,2025-09-30,2025-10-01,2025-10-31,2025-10-01,2025-10-01,2025-10-01 03:00:00,1_8,3,400.351,387.9683619752657,,,2026-06-25T20:48:30.650157
dayahead,lightgbm,1,2023-01-01,2025-09-30,2025-10-01,2025-10-31,2025-10-01,2025-10-01,2025-10-01 04:00:00,1_8,4,392.498,393.3118715211477,,,2026-06-25T20:48:30.650157
dayahead,lightgbm,1,2023-01-01,2025-09-30,2025-10-01,2025-10-31,2025-10-01,2025-10-01,2025-10-01 05:00:00,1_8,5,393.24,396.7942544544521,,,2026-06-25T20:48:30.650157
dayahead,lightgbm,1,2023-01-01,2025-09-30,2025-10-01,2025-10-31,2025-10-01,2025-10-01,2025-10-01 06:00:00,1_8,6,398.547,443.868934917329,,,2026-06-25T20:48:30.650157
dayahead,lightgbm,1,2023-01-01,2025-09-30,2025-10-01,2025-10-31,2025-10-01,2025-10-01,2025-10-01 07:00:00,1_8,7,446.093,443.868934917329,,,2026-06-25T20:48:30.650157
dayahead,lightgbm,1,2023-01-01,2025-09-30,2025-10-01,2025-10-31,2025-10-01,2025-10-01,2025-10-01 08:00:00,1_8,8,363.352,381.5323017049331,,,2026-06-25T20:48:30.650157
dayahead,lightgbm,1,2023-01-01,2025-09-30,2025-10-01,2025-10-31,2025-10-01,2025-10-01,2025-10-01 09:00:00,9_16,9,136.254,-65.41574614413298,,,2026-06-25T20:48:30.650157
dayahead,lightgbm,1,2023-01-01,2025-09-30,2025-10-01,2025-10-31,2025-10-01,2025-10-01,2025-10-01 10:00:00,9_16,10,-94.971,-27.028587775568866,,,2026-06-25T20:48:30.650157
dayahead,lightgbm,1,2023-01-01,2025-09-30,2025-10-01,2025-10-31,2025-10-01,2025-10-01,2025-10-01 11:00:00,9_16,11,-94.97,-26.741790442169005,,,2026-06-25T20:48:30.650157
dayahead,lightgbm,1,2023-01-01,2025-09-30,2025-10-01,2025-10-31,2025-10-01,2025-10-01,2025-10-01 12:00:00,9_16,12,-100.0,-26.741790442169005,,,2026-06-25T20:48:30.650157
dayahead,lightgbm,1,2023-01-01,2025-09-30,2025-10-01,2025-10-31,2025-10-01,2025-10-01,2025-10-01 13:00:00,9_16,13,-100.0,-26.741790442169005,,,2026-06-25T20:48:30.650157
dayahead,lightgbm,1,2023-01-01,2025-09-30,2025-10-01,2025-10-31,2025-10-01,2025-10-01,2025-10-01 14:00:00,9_16,14,-28.057,-8.008237400491288,,,2026-06-25T20:48:30.650157
dayahead,lightgbm,1,2023-01-01,2025-09-30,2025-10-01,2025-10-31,2025-10-01,2025-10-01,2025-10-01 15:00:00,9_16,15,287.383,162.0877801855627,,,2026-06-25T20:48:30.650157
dayahead,lightgbm,1,2023-01-01,2025-09-30,2025-10-01,2025-10-31,2025-10-01,2025-10-01,2025-10-01 16:00:00,9_16,16,374.326,319.49941445467306,,,2026-06-25T20:48:30.650157
dayahead,lightgbm,1,2023-01-01,2025-09-30,2025-10-01,2025-10-31,2025-10-01,2025-10-01,2025-10-01 17:00:00,17_24,17,412.015,448.05541831167477,,,2026-06-25T20:48:30.650157
dayahead,lightgbm,1,2023-01-01,2025-09-30,2025-10-01,2025-10-31,2025-10-01,2025-10-01,2025-10-01 18:00:00,17_24,18,419.2,449.5568189263913,,,2026-06-25T20:48:30.650157
dayahead,lightgbm,1,2023-01-01,2025-09-30,2025-10-01,2025-10-31,2025-10-01,2025-10-01,2025-10-01 19:00:00,17_24,19,419.2,449.5568189263913,,,2026-06-25T20:48:30.650157
dayahead,lightgbm,1,2023-01-01,2025-09-30,2025-10-01,2025-10-31,2025-10-01,2025-10-01,2025-10-01 20:00:00,17_24,20,419.2,449.5568189263913,,,2026-06-25T20:48:30.650157
dayahead,lightgbm,1,2023-01-01,2025-09-30,2025-10-01,2025-10-31,2025-10-01,2025-10-01,2025-10-01 21:00:00,17_24,21,419.2,447.05750838274406,,,2026-06-25T20:48:30.650157
dayahead,lightgbm,1,2023-01-01,2025-09-30,2025-10-01,2025-10-31,2025-10-01,2025-10-01,2025-10-01 22:00:00,17_24,22,419.2,447.05750838274406,,,2026-06-25T20:48:30.650157
dayahead,lightgbm,1,2023-01-01,2025-09-30,2025-10-01,2025-10-31,2025-10-01,2025-10-01,2025-10-01 23:00:00,17_24,23,419.2,447.05750838274406,,,2026-06-25T20:48:30.650157
dayahead,lightgbm,1,2023-01-01,2025-09-30,2025-10-01,2025-10-31,2025-10-01,2025-10-01,2025-10-02 00:00:00,17_24,24,403.808,441.70802162681724,,,2026-06-25T20:48:30.650157
dayahead,lightgbm,1,2023-01-01,2025-09-30,2025-10-01,2025-10-31,2025-10-02,2025-10-02,2025-10-02 01:00:00,1_8,1,356.655,387.56031420865685,,,2026-06-25T20:48:30.650157
dayahead,lightgbm,1,2023-01-01,2025-09-30,2025-10-01,2025-10-31,2025-10-02,2025-10-02,2025-10-02 02:00:00,1_8,2,346.305,387.57251275726867,,,2026-06-25T20:48:30.650157
dayahead,lightgbm,1,2023-01-01,2025-09-30,2025-10-01,2025-10-31,2025-10-02,2025-10-02,2025-10-02 03:00:00,1_8,3,325.615,387.57251275726867,,,2026-06-25T20:48:30.650157
dayahead,lightgbm,1,2023-01-01,2025-09-30,2025-10-01,2025-10-31,2025-10-02,2025-10-02,2025-10-02 04:00:00,1_8,4,318.0,387.57251275726867,,,2026-06-25T20:48:30.650157
dayahead,lightgbm,1,2023-01-01,2025-09-30,2025-10-01,2025-10-31,2025-10-02,2025-10-02,2025-10-02 05:00:00,1_8,5,318.0,387.57251275726867,,,2026-06-25T20:48:30.650157
dayahead,lightgbm,1,2023-01-01,2025-09-30,2025-10-01,2025-10-31,2025-10-02,2025-10-02,2025-10-02 06:00:00,1_8,6,334.591,387.57251275726867,,,2026-06-25T20:48:30.650157
dayahead,lightgbm,1,2023-01-01,2025-09-30,2025-10-01,2025-10-31,2025-10-02,2025-10-02,2025-10-02 07:00:00,1_8,7,346.053,397.74259244399644,,,2026-06-25T20:48:30.650157
dayahead,lightgbm,1,2023-01-01,2025-09-30,2025-10-01,2025-10-31,2025-10-02,2025-10-02,2025-10-02 08:00:00,1_8,8,340.016,374.86183979331173,,,2026-06-25T20:48:30.650157
dayahead,lightgbm,1,2023-01-01,2025-09-30,2025-10-01,2025-10-31,2025-10-02,2025-10-02,2025-10-02 09:00:00,9_16,9,345.425,381.23074079509183,,,2026-06-25T20:48:30.650157
dayahead,lightgbm,1,2023-01-01,2025-09-30,2025-10-01,2025-10-31,2025-10-02,2025-10-02,2025-10-02 10:00:00,9_16,10,324.997,338.88959540975816,,,2026-06-25T20:48:30.650157
dayahead,lightgbm,1,2023-01-01,2025-09-30,2025-10-01,2025-10-31,2025-10-02,2025-10-02,2025-10-02 11:00:00,9_16,11,371.966,333.77526313153476,,,2026-06-25T20:48:30.650157
dayahead,lightgbm,1,2023-01-01,2025-09-30,2025-10-01,2025-10-31,2025-10-02,2025-10-02,2025-10-02 12:00:00,9_16,12,361.951,259.038037002487,,,2026-06-25T20:48:30.650157
dayahead,lightgbm,1,2023-01-01,2025-09-30,2025-10-01,2025-10-31,2025-10-02,2025-10-02,2025-10-02 13:00:00,9_16,13,318.0,221.04013483802888,,,2026-06-25T20:48:30.650157
dayahead,lightgbm,1,2023-01-01,2025-09-30,2025-10-01,2025-10-31,2025-10-02,2025-10-02,2025-10-02 14:00:00,9_16,14,318.778,296.91774054832666,,,2026-06-25T20:48:30.650157
dayahead,lightgbm,1,2023-01-01,2025-09-30,2025-10-01,2025-10-31,2025-10-02,2025-10-02,2025-10-02 15:00:00,9_16,15,318.0,314.15253694318864,,,2026-06-25T20:48:30.650157
dayahead,lightgbm,1,2023-01-01,2025-09-30,2025-10-01,2025-10-31,2025-10-02,2025-10-02,2025-10-02 16:00:00,9_16,16,320.544,361.0273945115984,,,2026-06-25T20:48:30.650157
dayahead,lightgbm,1,2023-01-01,2025-09-30,2025-10-01,2025-10-31,2025-10-02,2025-10-02,2025-10-02 17:00:00,17_24,17,468.351,432.1542263779446,,,2026-06-25T20:48:30.650157
dayahead,lightgbm,1,2023-01-01,2025-09-30,2025-10-01,2025-10-31,2025-10-02,2025-10-02,2025-10-02 18:00:00,17_24,18,558.88,431.69899457169515,,,2026-06-25T20:48:30.650157
dayahead,lightgbm,1,2023-01-01,2025-09-30,2025-10-01,2025-10-31,2025-10-02,2025-10-02,2025-10-02 19:00:00,17_24,19,558.88,431.69899457169515,,,2026-06-25T20:48:30.650157
dayahead,lightgbm,1,2023-01-01,2025-09-30,2025-10-01,2025-10-31,2025-10-02,2025-10-02,2025-10-02 20:00:00,17_24,20,558.88,428.22550438157486,,,2026-06-25T20:48:30.650157
dayahead,lightgbm,1,2023-01-01,2025-09-30,2025-10-01,2025-10-31,2025-10-02,2025-10-02,2025-10-02 21:00:00,17_24,21,554.216,429.6204897161862,,,2026-06-25T20:48:30.650157
dayahead,lightgbm,1,2023-01-01,2025-09-30,2025-10-01,2025-10-31,2025-10-02,2025-10-02,2025-10-02 22:00:00,17_24,22,558.88,428.58546542642955,,,2026-06-25T20:48:30.650157
dayahead,lightgbm,1,2023-01-01,2025-09-30,2025-10-01,2025-10-31,2025-10-02,2025-10-02,2025-10-02 23:00:00,17_24,23,467.945,422.5318782663419,,,2026-06-25T20:48:30.650157
dayahead,lightgbm,1,2023-01-01,2025-09-30,2025-10-01,2025-10-31,2025-10-02,2025-10-02,2025-10-03 00:00:00,17_24,24,334.197,414.7082011109086,,,2026-06-25T20:48:30.650157
dayahead,lightgbm,1,2023-01-01,2025-09-30,2025-10-01,2025-10-31,2025-10-03,2025-10-03,2025-10-03 01:00:00,1_8,1,362.823,346.0501726628734,,,2026-06-25T20:48:30.650157
dayahead,lightgbm,1,2023-01-01,2025-09-30,2025-10-01,2025-10-31,2025-10-03,2025-10-03,2025-10-03 02:00:00,1_8,2,366.285,366.9170130438579,,,2026-06-25T20:48:30.650157
dayahead,lightgbm,1,2023-01-01,2025-09-30,2025-10-01,2025-10-31,2025-10-03,2025-10-03,2025-10-03 03:00:00,1_8,3,363.716,360.28742387301395,,,2026-06-25T20:48:30.650157
dayahead,lightgbm,1,2023-01-01,2025-09-30,2025-10-01,2025-10-31,2025-10-03,2025-10-03,2025-10-03 04:00:00,1_8,4,359.674,357.00130149387064,,,2026-06-25T20:48:30.650157
dayahead,lightgbm,1,2023-01-01,2025-09-30,2025-10-01,2025-10-31,2025-10-03,2025-10-03,2025-10-03 05:00:00,1_8,5,356.399,363.63089066471457,,,2026-06-25T20:48:30.650157
dayahead,lightgbm,1,2023-01-01,2025-09-30,2025-10-01,2025-10-31,2025-10-03,2025-10-03,2025-10-03 06:00:00,1_8,6,360.782,363.6623037887704,,,2026-06-25T20:48:30.650157
dayahead,lightgbm,1,2023-01-01,2025-09-30,2025-10-01,2025-10-31,2025-10-03,2025-10-03,2025-10-03 07:00:00,1_8,7,366.39,382.4177303625938,,,2026-06-25T20:48:30.650157
dayahead,lightgbm,1,2023-01-01,2025-09-30,2025-10-01,2025-10-31,2025-10-03,2025-10-03,2025-10-03 08:00:00,1_8,8,363.763,383.29575586497845,,,2026-06-25T20:48:30.650157
dayahead,lightgbm,1,2023-01-01,2025-09-30,2025-10-01,2025-10-31,2025-10-03,2025-10-03,2025-10-03 09:00:00,9_16,9,358.912,345.5936515225759,,,2026-06-25T20:48:30.650157
dayahead,lightgbm,1,2023-01-01,2025-09-30,2025-10-01,2025-10-31,2025-10-03,2025-10-03,2025-10-03 10:00:00,9_16,10,355.882,300.3782175112543,,,2026-06-25T20:48:30.650157
dayahead,lightgbm,1,2023-01-01,2025-09-30,2025-10-01,2025-10-31,2025-10-03,2025-10-03,2025-10-03 11:00:00,9_16,11,378.755,291.79240484536354,,,2026-06-25T20:48:30.650157
dayahead,lightgbm,1,2023-01-01,2025-09-30,2025-10-01,2025-10-31,2025-10-03,2025-10-03,2025-10-03 12:00:00,9_16,12,399.313,277.3464352717871,,,2026-06-25T20:48:30.650157
dayahead,lightgbm,1,2023-01-01,2025-09-30,2025-10-01,2025-10-31,2025-10-03,2025-10-03,2025-10-03 13:00:00,9_16,13,356.188,261.73324533433413,,,2026-06-25T20:48:30.650157
dayahead,lightgbm,1,2023-01-01,2025-09-30,2025-10-01,2025-10-31,2025-10-03,2025-10-03,2025-10-03 14:00:00,9_16,14,357.479,299.03311584521856,,,2026-06-25T20:48:30.650157
dayahead,lightgbm,1,2023-01-01,2025-09-30,2025-10-01,2025-10-31,2025-10-03,2025-10-03,2025-10-03 15:00:00,9_16,15,360.297,339.3687373641756,,,2026-06-25T20:48:30.650157
dayahead,lightgbm,1,2023-01-01,2025-09-30,2025-10-01,2025-10-31,2025-10-03,2025-10-03,2025-10-03 16:00:00,9_16,16,370.904,375.6664765602359,,,2026-06-25T20:48:30.650157
dayahead,lightgbm,1,2023-01-01,2025-09-30,2025-10-01,2025-10-31,2025-10-03,2025-10-03,2025-10-03 17:00:00,17_24,17,417.899,450.408657905599,,,2026-06-25T20:48:30.650157
dayahead,lightgbm,1,2023-01-01,2025-09-30,2025-10-01,2025-10-31,2025-10-03,2025-10-03,2025-10-03 18:00:00,17_24,18,588.81,473.40080231092014,,,2026-06-25T20:48:30.650157
dayahead,lightgbm,1,2023-01-01,2025-09-30,2025-10-01,2025-10-31,2025-10-03,2025-10-03,2025-10-03 19:00:00,17_24,19,588.81,481.5873896140518,,,2026-06-25T20:48:30.650157
dayahead,lightgbm,1,2023-01-01,2025-09-30,2025-10-01,2025-10-31,2025-10-03,2025-10-03,2025-10-03 20:00:00,17_24,20,588.81,472.73690692899333,,,2026-06-25T20:48:30.650157
dayahead,lightgbm,1,2023-01-01,2025-09-30,2025-10-01,2025-10-31,2025-10-03,2025-10-03,2025-10-03 21:00:00,17_24,21,588.81,481.6376613733131,,,2026-06-25T20:48:30.650157
dayahead,lightgbm,1,2023-01-01,2025-09-30,2025-10-01,2025-10-31,2025-10-03,2025-10-03,2025-10-03 22:00:00,17_24,22,588.81,487.41491473091764,,,2026-06-25T20:48:30.650157
dayahead,lightgbm,1,2023-01-01,2025-09-30,2025-10-01,2025-10-31,2025-10-03,2025-10-03,2025-10-03 23:00:00,17_24,23,588.81,450.5483033012923,,,2026-06-25T20:48:30.650157
dayahead,lightgbm,1,2023-01-01,2025-09-30,2025-10-01,2025-10-31,2025-10-03,2025-10-03,2025-10-04 00:00:00,17_24,24,487.034,442.82497321445715,,,2026-06-25T20:48:30.650157
dayahead,lightgbm,1,2023-01-01,2025-09-30,2025-10-01,2025-10-31,2025-10-04,2025-10-04,2025-10-04 01:00:00,1_8,1,375.06,392.6831610766477,,,2026-06-25T20:48:30.650157
dayahead,lightgbm,1,2023-01-01,2025-09-30,2025-10-01,2025-10-31,2025-10-04,2025-10-04,2025-10-04 02:00:00,1_8,2,372.755,392.6192070752011,,,2026-06-25T20:48:30.650157
dayahead,lightgbm,1,2023-01-01,2025-09-30,2025-10-01,2025-10-31,2025-10-04,2025-10-04,2025-10-04 03:00:00,1_8,3,371.19,392.6831610766477,,,2026-06-25T20:48:30.650157
dayahead,lightgbm,1,2023-01-01,2025-09-30,2025-10-01,2025-10-31,2025-10-04,2025-10-04,2025-10-04 04:00:00,1_8,4,370.25,392.6831610766477,,,2026-06-25T20:48:30.650157
dayahead,lightgbm,1,2023-01-01,2025-09-30,2025-10-01,2025-10-31,2025-10-04,2025-10-04,2025-10-04 05:00:00,1_8,5,371.918,392.6831610766477,,,2026-06-25T20:48:30.650157
dayahead,lightgbm,1,2023-01-01,2025-09-30,2025-10-01,2025-10-31,2025-10-04,2025-10-04,2025-10-04 06:00:00,1_8,6,373.676,393.80842852664813,,,2026-06-25T20:48:30.650157
dayahead,lightgbm,1,2023-01-01,2025-09-30,2025-10-01,2025-10-31,2025-10-04,2025-10-04,2025-10-04 07:00:00,1_8,7,376.0,398.5884203139779,,,2026-06-25T20:48:30.650157
dayahead,lightgbm,1,2023-01-01,2025-09-30,2025-10-01,2025-10-31,2025-10-04,2025-10-04,2025-10-04 08:00:00,1_8,8,368.895,367.8283782811149,,,2026-06-25T20:48:30.650157
dayahead,lightgbm,1,2023-01-01,2025-09-30,2025-10-01,2025-10-31,2025-10-04,2025-10-04,2025-10-04 09:00:00,9_16,9,348.126,299.1784478268439,,,2026-06-25T20:48:30.650157
dayahead,lightgbm,1,2023-01-01,2025-09-30,2025-10-01,2025-10-31,2025-10-04,2025-10-04,2025-10-04 10:00:00,9_16,10,331.691,139.3447856499104,,,2026-06-25T20:48:30.650157
dayahead,lightgbm,1,2023-01-01,2025-09-30,2025-10-01,2025-10-31,2025-10-04,2025-10-04,2025-10-04 11:00:00,9_16,11,332.852,154.67354817968078,,,2026-06-25T20:48:30.650157
dayahead,lightgbm,1,2023-01-01,2025-09-30,2025-10-01,2025-10-31,2025-10-04,2025-10-04,2025-10-04 12:00:00,9_16,12,332.582,167.30519888191776,,,2026-06-25T20:48:30.650157
dayahead,lightgbm,1,2023-01-01,2025-09-30,2025-10-01,2025-10-31,2025-10-04,2025-10-04,2025-10-04 13:00:00,9_16,13,331.427,136.48276275874423,,,2026-06-25T20:48:30.650157
dayahead,lightgbm,1,2023-01-01,2025-09-30,2025-10-01,2025-10-31,2025-10-04,2025-10-04,2025-10-04 14:00:00,9_16,14,351.726,238.66113491283815,,,2026-06-25T20:48:30.650157
dayahead,lightgbm,1,2023-01-01,2025-09-30,2025-10-01,2025-10-31,2025-10-04,2025-10-04,2025-10-04 15:00:00,9_16,15,372.547,328.46773823010784,,,2026-06-25T20:48:30.650157
dayahead,lightgbm,1,2023-01-01,2025-09-30,2025-10-01,2025-10-31,2025-10-04,2025-10-04,2025-10-04 16:00:00,9_16,16,376.459,384.5431018733706,,,2026-06-25T20:48:30.650157
dayahead,lightgbm,1,2023-01-01,2025-09-30,2025-10-01,2025-10-31,2025-10-04,2025-10-04,2025-10-04 17:00:00,17_24,17,512.784,448.9500539346795,,,2026-06-25T20:48:30.650157
dayahead,lightgbm,1,2023-01-01,2025-09-30,2025-10-01,2025-10-31,2025-10-04,2025-10-04,2025-10-04 18:00:00,17_24,18,554.3,491.0064049317282,,,2026-06-25T20:48:30.650157
dayahead,lightgbm,1,2023-01-01,2025-09-30,2025-10-01,2025-10-31,2025-10-04,2025-10-04,2025-10-04 19:00:00,17_24,19,554.329,491.0064049317282,,,2026-06-25T20:48:30.650157
dayahead,lightgbm,1,2023-01-01,2025-09-30,2025-10-01,2025-10-31,2025-10-04,2025-10-04,2025-10-04 20:00:00,17_24,20,554.3,486.8570760652515,,,2026-06-25T20:48:30.650157
dayahead,lightgbm,1,2023-01-01,2025-09-30,2025-10-01,2025-10-31,2025-10-04,2025-10-04,2025-10-04 21:00:00,17_24,21,549.682,486.8570760652515,,,2026-06-25T20:48:30.650157
dayahead,lightgbm,1,2023-01-01,2025-09-30,2025-10-01,2025-10-31,2025-10-04,2025-10-04,2025-10-04 22:00:00,17_24,22,554.3,486.8570760652515,,,2026-06-25T20:48:30.650157
dayahead,lightgbm,1,2023-01-01,2025-09-30,2025-10-01,2025-10-31,2025-10-04,2025-10-04,2025-10-04 23:00:00,17_24,23,506.588,486.8570760652515,,,2026-06-25T20:48:30.650157
dayahead,lightgbm,1,2023-01-01,2025-09-30,2025-10-01,2025-10-31,2025-10-04,2025-10-04,2025-10-05 00:00:00,17_24,24,446.455,466.5782265808322,,,2026-06-25T20:48:30.650157
dayahead,lightgbm,1,2023-01-01,2025-09-30,2025-10-01,2025-10-31,2025-10-05,2025-10-05,2025-10-05 01:00:00,1_8,1,385.392,395.3327076631069,,,2026-06-25T20:48:30.650157
dayahead,lightgbm,1,2023-01-01,2025-09-30,2025-10-01,2025-10-31,2025-10-05,2025-10-05,2025-10-05 02:00:00,1_8,2,383.227,391.39904277946215,,,2026-06-25T20:48:30.650157
dayahead,lightgbm,1,2023-01-01,2025-09-30,2025-10-01,2025-10-31,2025-10-05,2025-10-05,2025-10-05 03:00:00,1_8,3,382.63,391.39904277946215,,,2026-06-25T20:48:30.650157
dayahead,lightgbm,1,2023-01-01,2025-09-30,2025-10-01,2025-10-31,2025-10-05,2025-10-05,2025-10-05 04:00:00,1_8,4,382.63,391.39904277946215,,,2026-06-25T20:48:30.650157
dayahead,lightgbm,1,2023-01-01,2025-09-30,2025-10-01,2025-10-31,2025-10-05,2025-10-05,2025-10-05 05:00:00,1_8,5,382.63,391.39904277946215,,,2026-06-25T20:48:30.650157
dayahead,lightgbm,1,2023-01-01,2025-09-30,2025-10-01,2025-10-31,2025-10-05,2025-10-05,2025-10-05 06:00:00,1_8,6,383.331,391.39904277946215,,,2026-06-25T20:48:30.650157
dayahead,lightgbm,1,2023-01-01,2025-09-30,2025-10-01,2025-10-31,2025-10-05,2025-10-05,2025-10-05 07:00:00,1_8,7,575.283,400.04716153255214,,,2026-06-25T20:48:30.650157
dayahead,lightgbm,1,2023-01-01,2025-09-30,2025-10-01,2025-10-31,2025-10-05,2025-10-05,2025-10-05 08:00:00,1_8,8,625.15,397.216103430426,,,2026-06-25T20:48:30.650157
dayahead,lightgbm,1,2023-01-01,2025-09-30,2025-10-01,2025-10-31,2025-10-05,2025-10-05,2025-10-05 09:00:00,9_16,9,497.701,427.5915279573641,,,2026-06-25T20:48:30.650157
dayahead,lightgbm,1,2023-01-01,2025-09-30,2025-10-01,2025-10-31,2025-10-05,2025-10-05,2025-10-05 10:00:00,9_16,10,381.025,419.51400332265723,,,2026-06-25T20:48:30.650157
dayahead,lightgbm,1,2023-01-01,2025-09-30,2025-10-01,2025-10-31,2025-10-05,2025-10-05,2025-10-05 11:00:00,9_16,11,468.553,430.491118801577,,,2026-06-25T20:48:30.650157
dayahead,lightgbm,1,2023-01-01,2025-09-30,2025-10-01,2025-10-31,2025-10-05,2025-10-05,2025-10-05 12:00:00,9_16,12,626.548,430.244101841795,,,2026-06-25T20:48:30.650157
dayahead,lightgbm,1,2023-01-01,2025-09-30,2025-10-01,2025-10-31,2025-10-05,2025-10-05,2025-10-05 13:00:00,9_16,13,595.651,417.33642080287865,,,2026-06-25T20:48:30.650157
dayahead,lightgbm,1,2023-01-01,2025-09-30,2025-10-01,2025-10-31,2025-10-05,2025-10-05,2025-10-05 14:00:00,9_16,14,625.15,416.0683074191667,,,2026-06-25T20:48:30.650157
dayahead,lightgbm,1,2023-01-01,2025-09-30,2025-10-01,2025-10-31,2025-10-05,2025-10-05,2025-10-05 15:00:00,9_16,15,625.15,418.383924910423,,,2026-06-25T20:48:30.650157
dayahead,lightgbm,1,2023-01-01,2025-09-30,2025-10-01,2025-10-31,2025-10-05,2025-10-05,2025-10-05 16:00:00,9_16,16,582.082,425.4247391339074,,,2026-06-25T20:48:30.650157
dayahead,lightgbm,1,2023-01-01,2025-09-30,2025-10-01,2025-10-31,2025-10-05,2025-10-05,2025-10-05 17:00:00,17_24,17,468.565,466.660245657874,,,2026-06-25T20:48:30.650157
dayahead,lightgbm,1,2023-01-01,2025-09-30,2025-10-01,2025-10-31,2025-10-05,2025-10-05,2025-10-05 18:00:00,17_24,18,413.846,471.03809031021814,,,2026-06-25T20:48:30.650157
dayahead,lightgbm,1,2023-01-01,2025-09-30,2025-10-01,2025-10-31,2025-10-05,2025-10-05,2025-10-05 19:00:00,17_24,19,423.229,471.03809031021814,,,2026-06-25T20:48:30.650157
dayahead,lightgbm,1,2023-01-01,2025-09-30,2025-10-01,2025-10-31,2025-10-05,2025-10-05,2025-10-05 20:00:00,17_24,20,370.666,458.57770485885703,,,2026-06-25T20:48:30.650157
dayahead,lightgbm,1,2023-01-01,2025-09-30,2025-10-01,2025-10-31,2025-10-05,2025-10-05,2025-10-05 21:00:00,17_24,21,371.872,461.88526045972355,,,2026-06-25T20:48:30.650157
dayahead,lightgbm,1,2023-01-01,2025-09-30,2025-10-01,2025-10-31,2025-10-05,2025-10-05,2025-10-05 22:00:00,17_24,22,371.89,461.88526045972355,,,2026-06-25T20:48:30.650157
dayahead,lightgbm,1,2023-01-01,2025-09-30,2025-10-01,2025-10-31,2025-10-05,2025-10-05,2025-10-05 23:00:00,17_24,23,366.895,452.3200351207318,,,2026-06-25T20:48:30.650157
dayahead,lightgbm,1,2023-01-01,2025-09-30,2025-10-01,2025-10-31,2025-10-05,2025-10-05,2025-10-06 00:00:00,17_24,24,357.011,444.6257086503671,,,2026-06-25T20:48:30.650157
dayahead,lightgbm,1,2023-01-01,2025-09-30,2025-10-01,2025-10-31,2025-10-06,2025-10-06,2025-10-06 01:00:00,1_8,1,323.316,391.2909061522361,,,2026-06-25T20:48:30.650157
dayahead,lightgbm,1,2023-01-01,2025-09-30,2025-10-01,2025-10-31,2025-10-06,2025-10-06,2025-10-06 02:00:00,1_8,2,331.697,375.4899104561964,,,2026-06-25T20:48:30.650157
dayahead,lightgbm,1,2023-01-01,2025-09-30,2025-10-01,2025-10-31,2025-10-06,2025-10-06,2025-10-06 03:00:00,1_8,3,307.177,348.45996833429604,,,2026-06-25T20:48:30.650157
dayahead,lightgbm,1,2023-01-01,2025-09-30,2025-10-01,2025-10-31,2025-10-06,2025-10-06,2025-10-06 04:00:00,1_8,4,299.07,353.4163802571675,,,2026-06-25T20:48:30.650157
dayahead,lightgbm,1,2023-01-01,2025-09-30,2025-10-01,2025-10-31,2025-10-06,2025-10-06,2025-10-06 05:00:00,1_8,5,299.07,347.7542357304369,,,2026-06-25T20:48:30.650157
dayahead,lightgbm,1,2023-01-01,2025-09-30,2025-10-01,2025-10-31,2025-10-06,2025-10-06,2025-10-06 06:00:00,1_8,6,299.07,328.7070035949241,,,2026-06-25T20:48:30.650157
dayahead,lightgbm,1,2023-01-01,2025-09-30,2025-10-01,2025-10-31,2025-10-06,2025-10-06,2025-10-06 07:00:00,1_8,7,299.07,343.2784146724643,,,2026-06-25T20:48:30.650157
dayahead,lightgbm,1,2023-01-01,2025-09-30,2025-10-01,2025-10-31,2025-10-06,2025-10-06,2025-10-06 08:00:00,1_8,8,311.578,347.3813638237982,,,2026-06-25T20:48:30.650157
dayahead,lightgbm,1,2023-01-01,2025-09-30,2025-10-01,2025-10-31,2025-10-06,2025-10-06,2025-10-06 09:00:00,9_16,9,309.224,420.7525457574041,,,2026-06-25T20:48:30.650157
dayahead,lightgbm,1,2023-01-01,2025-09-30,2025-10-01,2025-10-31,2025-10-06,2025-10-06,2025-10-06 10:00:00,9_16,10,302.307,420.6104844216522,,,2026-06-25T20:48:30.650157
dayahead,lightgbm,1,2023-01-01,2025-09-30,2025-10-01,2025-10-31,2025-10-06,2025-10-06,2025-10-06 11:00:00,9_16,11,341.832,396.7089453240778,,,2026-06-25T20:48:30.650157
dayahead,lightgbm,1,2023-01-01,2025-09-30,2025-10-01,2025-10-31,2025-10-06,2025-10-06,2025-10-06 12:00:00,9_16,12,356.511,388.35426973145456,,,2026-06-25T20:48:30.650157
dayahead,lightgbm,1,2023-01-01,2025-09-30,2025-10-01,2025-10-31,2025-10-06,2025-10-06,2025-10-06 13:00:00,9_16,13,339.003,388.04726543063447,,,2026-06-25T20:48:30.650157
dayahead,lightgbm,1,2023-01-01,2025-09-30,2025-10-01,2025-10-31,2025-10-06,2025-10-06,2025-10-06 14:00:00,9_16,14,341.27,394.13688640748506,,,2026-06-25T20:48:30.650157
dayahead,lightgbm,1,2023-01-01,2025-09-30,2025-10-01,2025-10-31,2025-10-06,2025-10-06,2025-10-06 15:00:00,9_16,15,345.095,422.2542144688049,,,2026-06-25T20:48:30.650157
dayahead,lightgbm,1,2023-01-01,2025-09-30,2025-10-01,2025-10-31,2025-10-06,2025-10-06,2025-10-06 16:00:00,9_16,16,354.918,428.80178650875314,,,2026-06-25T20:48:30.650157
dayahead,lightgbm,1,2023-01-01,2025-09-30,2025-10-01,2025-10-31,2025-10-06,2025-10-06,2025-10-06 17:00:00,17_24,17,421.663,453.5432601782775,,,2026-06-25T20:48:30.650157
dayahead,lightgbm,1,2023-01-01,2025-09-30,2025-10-01,2025-10-31,2025-10-06,2025-10-06,2025-10-06 18:00:00,17_24,18,504.43,453.5432601782775,,,2026-06-25T20:48:30.650157
dayahead,lightgbm,1,2023-01-01,2025-09-30,2025-10-01,2025-10-31,2025-10-06,2025-10-06,2025-10-06 19:00:00,17_24,19,550.0,453.5432601782775,,,2026-06-25T20:48:30.650157
dayahead,lightgbm,1,2023-01-01,2025-09-30,2025-10-01,2025-10-31,2025-10-06,2025-10-06,2025-10-06 20:00:00,17_24,20,550.0,451.3323302577155,,,2026-06-25T20:48:30.650157
dayahead,lightgbm,1,2023-01-01,2025-09-30,2025-10-01,2025-10-31,2025-10-06,2025-10-06,2025-10-06 21:00:00,17_24,21,550.0,451.3323302577155,,,2026-06-25T20:48:30.650157
dayahead,lightgbm,1,2023-01-01,2025-09-30,2025-10-01,2025-10-31,2025-10-06,2025-10-06,2025-10-06 22:00:00,17_24,22,550.0,448.53836109051423,,,2026-06-25T20:48:30.650157
dayahead,lightgbm,1,2023-01-01,2025-09-30,2025-10-01,2025-10-31,2025-10-06,2025-10-06,2025-10-06 23:00:00,17_24,23,524.374,442.9546782896192,,,2026-06-25T20:48:30.650157
dayahead,lightgbm,1,2023-01-01,2025-09-30,2025-10-01,2025-10-31,2025-10-06,2025-10-06,2025-10-07 00:00:00,17_24,24,458.936,438.0439822001598,,,2026-06-25T20:48:30.650157
dayahead,lightgbm,1,2023-01-01,2025-09-30,2025-10-01,2025-10-31,2025-10-07,2025-10-07,2025-10-07 01:00:00,1_8,1,331.057,384.8423364034625,,,2026-06-25T20:48:30.650157
dayahead,lightgbm,1,2023-01-01,2025-09-30,2025-10-01,2025-10-31,2025-10-07,2025-10-07,2025-10-07 02:00:00,1_8,2,295.915,384.8423364034625,,,2026-06-25T20:48:30.650157
dayahead,lightgbm,1,2023-01-01,2025-09-30,2025-10-01,2025-10-31,2025-10-07,2025-10-07,2025-10-07 03:00:00,1_8,3,283.728,384.8423364034625,,,2026-06-25T20:48:30.650157
dayahead,lightgbm,1,2023-01-01,2025-09-30,2025-10-01,2025-10-31,2025-10-07,2025-10-07,2025-10-07 04:00:00,1_8,4,284.757,384.8423364034625,,,2026-06-25T20:48:30.650157
dayahead,lightgbm,1,2023-01-01,2025-09-30,2025-10-01,2025-10-31,2025-10-07,2025-10-07,2025-10-07 05:00:00,1_8,5,298.096,384.8423364034625,,,2026-06-25T20:48:30.650157
dayahead,lightgbm,1,2023-01-01,2025-09-30,2025-10-01,2025-10-31,2025-10-07,2025-10-07,2025-10-07 06:00:00,1_8,6,337.608,384.8970322183057,,,2026-06-25T20:48:30.650157
dayahead,lightgbm,1,2023-01-01,2025-09-30,2025-10-01,2025-10-31,2025-10-07,2025-10-07,2025-10-07 07:00:00,1_8,7,360.789,387.38442278463344,,,2026-06-25T20:48:30.650157
dayahead,lightgbm,1,2023-01-01,2025-09-30,2025-10-01,2025-10-31,2025-10-07,2025-10-07,2025-10-07 08:00:00,1_8,8,361.11,387.38442278463344,,,2026-06-25T20:48:30.650157
dayahead,lightgbm,1,2023-01-01,2025-09-30,2025-10-01,2025-10-31,2025-10-07,2025-10-07,2025-10-07 09:00:00,9_16,9,303.005,307.59613381259646,,,2026-06-25T20:48:30.650157
dayahead,lightgbm,1,2023-01-01,2025-09-30,2025-10-01,2025-10-31,2025-10-07,2025-10-07,2025-10-07 10:00:00,9_16,10,260.989,258.6259552061602,,,2026-06-25T20:48:30.650157
dayahead,lightgbm,1,2023-01-01,2025-09-30,2025-10-01,2025-10-31,2025-10-07,2025-10-07,2025-10-07 11:00:00,9_16,11,259.6,212.9363979105172,,,2026-06-25T20:48:30.650157
dayahead,lightgbm,1,2023-01-01,2025-09-30,2025-10-01,2025-10-31,2025-10-07,2025-10-07,2025-10-07 12:00:00,9_16,12,259.519,213.8101315089778,,,2026-06-25T20:48:30.650157
dayahead,lightgbm,1,2023-01-01,2025-09-30,2025-10-01,2025-10-31,2025-10-07,2025-10-07,2025-10-07 13:00:00,9_16,13,258.073,202.5815679973327,,,2026-06-25T20:48:30.650157
dayahead,lightgbm,1,2023-01-01,2025-09-30,2025-10-01,2025-10-31,2025-10-07,2025-10-07,2025-10-07 14:00:00,9_16,14,259.816,219.3604711575704,,,2026-06-25T20:48:30.650157
dayahead,lightgbm,1,2023-01-01,2025-09-30,2025-10-01,2025-10-31,2025-10-07,2025-10-07,2025-10-07 15:00:00,9_16,15,268.194,302.4696028464925,,,2026-06-25T20:48:30.650157
dayahead,lightgbm,1,2023-01-01,2025-09-30,2025-10-01,2025-10-31,2025-10-07,2025-10-07,2025-10-07 16:00:00,9_16,16,282.711,350.10903989527765,,,2026-06-25T20:48:30.650157
dayahead,lightgbm,1,2023-01-01,2025-09-30,2025-10-01,2025-10-31,2025-10-07,2025-10-07,2025-10-07 17:00:00,17_24,17,347.028,433.3358661736939,,,2026-06-25T20:48:30.650157
dayahead,lightgbm,1,2023-01-01,2025-09-30,2025-10-01,2025-10-31,2025-10-07,2025-10-07,2025-10-07 18:00:00,17_24,18,443.69,452.19499410381843,,,2026-06-25T20:48:30.650157
dayahead,lightgbm,1,2023-01-01,2025-09-30,2025-10-01,2025-10-31,2025-10-07,2025-10-07,2025-10-07 19:00:00,17_24,19,443.69,474.34684518657383,,,2026-06-25T20:48:30.650157
dayahead,lightgbm,1,2023-01-01,2025-09-30,2025-10-01,2025-10-31,2025-10-07,2025-10-07,2025-10-07 20:00:00,17_24,20,422.194,470.15629212999664,,,2026-06-25T20:48:30.650157
dayahead,lightgbm,1,2023-01-01,2025-09-30,2025-10-01,2025-10-31,2025-10-07,2025-10-07,2025-10-07 21:00:00,17_24,21,399.344,471.0450941694382,,,2026-06-25T20:48:30.650157
dayahead,lightgbm,1,2023-01-01,2025-09-30,2025-10-01,2025-10-31,2025-10-07,2025-10-07,2025-10-07 22:00:00,17_24,22,422.771,475.042506696526,,,2026-06-25T20:48:30.650157
dayahead,lightgbm,1,2023-01-01,2025-09-30,2025-10-01,2025-10-31,2025-10-07,2025-10-07,2025-10-07 23:00:00,17_24,23,356.621,470.93655020491644,,,2026-06-25T20:48:30.650157
dayahead,lightgbm,1,2023-01-01,2025-09-30,2025-10-01,2025-10-31,2025-10-07,2025-10-07,2025-10-08 00:00:00,17_24,24,338.205,443.9125577127213,,,2026-06-25T20:48:30.650157
dayahead,lightgbm,1,2023-01-01,2025-09-30,2025-10-01,2025-10-31,2025-10-08,2025-10-08,2025-10-08 01:00:00,1_8,1,351.919,368.72221840232856,,,2026-06-25T20:48:30.650157
dayahead,lightgbm,1,2023-01-01,2025-09-30,2025-10-01,2025-10-31,2025-10-08,2025-10-08,2025-10-08 02:00:00,1_8,2,348.882,368.0972178923399,,,2026-06-25T20:48:30.650157
dayahead,lightgbm,1,2023-01-01,2025-09-30,2025-10-01,2025-10-31,2025-10-08,2025-10-08,2025-10-08 03:00:00,1_8,3,345.503,368.0972178923399,,,2026-06-25T20:48:30.650157
dayahead,lightgbm,1,2023-01-01,2025-09-30,2025-10-01,2025-10-31,2025-10-08,2025-10-08,2025-10-08 04:00:00,1_8,4,343.095,368.0972178923399,,,2026-06-25T20:48:30.650157
dayahead,lightgbm,1,2023-01-01,2025-09-30,2025-10-01,2025-10-31,2025-10-08,2025-10-08,2025-10-08 05:00:00,1_8,5,343.0,368.0972178923399,,,2026-06-25T20:48:30.650157
dayahead,lightgbm,1,2023-01-01,2025-09-30,2025-10-01,2025-10-31,2025-10-08,2025-10-08,2025-10-08 06:00:00,1_8,6,343.834,367.2313428454541,,,2026-06-25T20:48:30.650157
dayahead,lightgbm,1,2023-01-01,2025-09-30,2025-10-01,2025-10-31,2025-10-08,2025-10-08,2025-10-08 07:00:00,1_8,7,376.097,370.34352548807334,,,2026-06-25T20:48:30.650157
dayahead,lightgbm,1,2023-01-01,2025-09-30,2025-10-01,2025-10-31,2025-10-08,2025-10-08,2025-10-08 08:00:00,1_8,8,428.454,363.4773587284864,,,2026-06-25T20:48:30.650157
dayahead,lightgbm,1,2023-01-01,2025-09-30,2025-10-01,2025-10-31,2025-10-08,2025-10-08,2025-10-08 09:00:00,9_16,9,346.698,349.37008257975856,,,2026-06-25T20:48:30.650157
dayahead,lightgbm,1,2023-01-01,2025-09-30,2025-10-01,2025-10-31,2025-10-08,2025-10-08,2025-10-08 10:00:00,9_16,10,343.748,293.8988011906589,,,2026-06-25T20:48:30.650157
dayahead,lightgbm,1,2023-01-01,2025-09-30,2025-10-01,2025-10-31,2025-10-08,2025-10-08,2025-10-08 11:00:00,9_16,11,346.767,302.8325144338223,,,2026-06-25T20:48:30.650157
dayahead,lightgbm,1,2023-01-01,2025-09-30,2025-10-01,2025-10-31,2025-10-08,2025-10-08,2025-10-08 12:00:00,9_16,12,337.78,309.4475741753893,,,2026-06-25T20:48:30.650157
dayahead,lightgbm,1,2023-01-01,2025-09-30,2025-10-01,2025-10-31,2025-10-08,2025-10-08,2025-10-08 13:00:00,9_16,13,325.119,295.46393563942274,,,2026-06-25T20:48:30.650157
dayahead,lightgbm,1,2023-01-01,2025-09-30,2025-10-01,2025-10-31,2025-10-08,2025-10-08,2025-10-08 14:00:00,9_16,14,339.31,323.914716863391,,,2026-06-25T20:48:30.650157
dayahead,lightgbm,1,2023-01-01,2025-09-30,2025-10-01,2025-10-31,2025-10-08,2025-10-08,2025-10-08 15:00:00,9_16,15,343.027,351.9969046817583,,,2026-06-25T20:48:30.650157
dayahead,lightgbm,1,2023-01-01,2025-09-30,2025-10-01,2025-10-31,2025-10-08,2025-10-08,2025-10-08 16:00:00,9_16,16,342.245,360.77445426399146,,,2026-06-25T20:48:30.650157
dayahead,lightgbm,1,2023-01-01,2025-09-30,2025-10-01,2025-10-31,2025-10-08,2025-10-08,2025-10-08 17:00:00,17_24,17,341.377,382.5195737139358,,,2026-06-25T20:48:30.650157
dayahead,lightgbm,1,2023-01-01,2025-09-30,2025-10-01,2025-10-31,2025-10-08,2025-10-08,2025-10-08 18:00:00,17_24,18,374.772,380.2156517287028,,,2026-06-25T20:48:30.650157
dayahead,lightgbm,1,2023-01-01,2025-09-30,2025-10-01,2025-10-31,2025-10-08,2025-10-08,2025-10-08 19:00:00,17_24,19,358.186,381.1780112833791,,,2026-06-25T20:48:30.650157
dayahead,lightgbm,1,2023-01-01,2025-09-30,2025-10-01,2025-10-31,2025-10-08,2025-10-08,2025-10-08 20:00:00,17_24,20,337.898,352.8829500219392,,,2026-06-25T20:48:30.650157
dayahead,lightgbm,1,2023-01-01,2025-09-30,2025-10-01,2025-10-31,2025-10-08,2025-10-08,2025-10-08 21:00:00,17_24,21,339.579,362.27219534625647,,,2026-06-25T20:48:30.650157
dayahead,lightgbm,1,2023-01-01,2025-09-30,2025-10-01,2025-10-31,2025-10-08,2025-10-08,2025-10-08 22:00:00,17_24,22,339.98,362.0166525966437,,,2026-06-25T20:48:30.650157
dayahead,lightgbm,1,2023-01-01,2025-09-30,2025-10-01,2025-10-31,2025-10-08,2025-10-08,2025-10-08 23:00:00,17_24,23,331.586,338.0598027549664,,,2026-06-25T20:48:30.650157
dayahead,lightgbm,1,2023-01-01,2025-09-30,2025-10-01,2025-10-31,2025-10-08,2025-10-08,2025-10-09 00:00:00,17_24,24,323.519,333.4164770915523,,,2026-06-25T20:48:30.650157
dayahead,lightgbm,1,2023-01-01,2025-09-30,2025-10-01,2025-10-31,2025-10-09,2025-10-09,2025-10-09 01:00:00,1_8,1,341.5,313.073850524295,,,2026-06-25T20:48:30.650157
dayahead,lightgbm,1,2023-01-01,2025-09-30,2025-10-01,2025-10-31,2025-10-09,2025-10-09,2025-10-09 02:00:00,1_8,2,341.5,301.91664418376075,,,2026-06-25T20:48:30.650157
dayahead,lightgbm,1,2023-01-01,2025-09-30,2025-10-01,2025-10-31,2025-10-09,2025-10-09,2025-10-09 03:00:00,1_8,3,341.5,301.91664418376075,,,2026-06-25T20:48:30.650157
dayahead,lightgbm,1,2023-01-01,2025-09-30,2025-10-01,2025-10-31,2025-10-09,2025-10-09,2025-10-09 04:00:00,1_8,4,341.5,301.91664418376075,,,2026-06-25T20:48:30.650157
dayahead,lightgbm,1,2023-01-01,2025-09-30,2025-10-01,2025-10-31,2025-10-09,2025-10-09,2025-10-09 05:00:00,1_8,5,341.5,312.1156207502585,,,2026-06-25T20:48:30.650157
dayahead,lightgbm,1,2023-01-01,2025-09-30,2025-10-01,2025-10-31,2025-10-09,2025-10-09,2025-10-09 06:00:00,1_8,6,341.884,332.3960899375976,,,2026-06-25T20:48:30.650157
dayahead,lightgbm,1,2023-01-01,2025-09-30,2025-10-01,2025-10-31,2025-10-09,2025-10-09,2025-10-09 07:00:00,1_8,7,346.168,361.64013863678827,,,2026-06-25T20:48:30.650157
dayahead,lightgbm,1,2023-01-01,2025-09-30,2025-10-01,2025-10-31,2025-10-09,2025-10-09,2025-10-09 08:00:00,1_8,8,482.923,377.23909883484845,,,2026-06-25T20:48:30.650157
dayahead,lightgbm,1,2023-01-01,2025-09-30,2025-10-01,2025-10-31,2025-10-09,2025-10-09,2025-10-09 09:00:00,9_16,9,348.481,363.6232224449359,,,2026-06-25T20:48:30.650157
dayahead,lightgbm,1,2023-01-01,2025-09-30,2025-10-01,2025-10-31,2025-10-09,2025-10-09,2025-10-09 10:00:00,9_16,10,350.325,356.3788889172317,,,2026-06-25T20:48:30.650157
dayahead,lightgbm,1,2023-01-01,2025-09-30,2025-10-01,2025-10-31,2025-10-09,2025-10-09,2025-10-09 11:00:00,9_16,11,672.948,359.71007530219947,,,2026-06-25T20:48:30.650157
dayahead,lightgbm,1,2023-01-01,2025-09-30,2025-10-01,2025-10-31,2025-10-09,2025-10-09,2025-10-09 12:00:00,9_16,12,703.1,358.6889966987425,,,2026-06-25T20:48:30.650157
dayahead,lightgbm,1,2023-01-01,2025-09-30,2025-10-01,2025-10-31,2025-10-09,2025-10-09,2025-10-09 13:00:00,9_16,13,685.072,358.4409331862458,,,2026-06-25T20:48:30.650157
dayahead,lightgbm,1,2023-01-01,2025-09-30,2025-10-01,2025-10-31,2025-10-09,2025-10-09,2025-10-09 14:00:00,9_16,14,688.456,363.3186045024738,,,2026-06-25T20:48:30.650157
dayahead,lightgbm,1,2023-01-01,2025-09-30,2025-10-01,2025-10-31,2025-10-09,2025-10-09,2025-10-09 15:00:00,9_16,15,682.327,364.8853932027791,,,2026-06-25T20:48:30.650157
dayahead,lightgbm,1,2023-01-01,2025-09-30,2025-10-01,2025-10-31,2025-10-09,2025-10-09,2025-10-09 16:00:00,9_16,16,620.409,372.9889206724314,,,2026-06-25T20:48:30.650157
dayahead,lightgbm,1,2023-01-01,2025-09-30,2025-10-01,2025-10-31,2025-10-09,2025-10-09,2025-10-09 17:00:00,17_24,17,559.057,417.98643694826313,,,2026-06-25T20:48:30.650157
dayahead,lightgbm,1,2023-01-01,2025-09-30,2025-10-01,2025-10-31,2025-10-09,2025-10-09,2025-10-09 18:00:00,17_24,18,436.135,418.4078589715058,,,2026-06-25T20:48:30.650157
dayahead,lightgbm,1,2023-01-01,2025-09-30,2025-10-01,2025-10-31,2025-10-09,2025-10-09,2025-10-09 19:00:00,17_24,19,497.144,418.4078589715058,,,2026-06-25T20:48:30.650157
dayahead,lightgbm,1,2023-01-01,2025-09-30,2025-10-01,2025-10-31,2025-10-09,2025-10-09,2025-10-09 20:00:00,17_24,20,346.005,411.5021120806592,,,2026-06-25T20:48:30.650157
dayahead,lightgbm,1,2023-01-01,2025-09-30,2025-10-01,2025-10-31,2025-10-09,2025-10-09,2025-10-09 21:00:00,17_24,21,345.0,411.5021120806592,,,2026-06-25T20:48:30.650157
dayahead,lightgbm,1,2023-01-01,2025-09-30,2025-10-01,2025-10-31,2025-10-09,2025-10-09,2025-10-09 22:00:00,17_24,22,347.267,417.8159413973423,,,2026-06-25T20:48:30.650157
dayahead,lightgbm,1,2023-01-01,2025-09-30,2025-10-01,2025-10-31,2025-10-09,2025-10-09,2025-10-09 23:00:00,17_24,23,344.015,397.50484507963546,,,2026-06-25T20:48:30.650157
dayahead,lightgbm,1,2023-01-01,2025-09-30,2025-10-01,2025-10-31,2025-10-09,2025-10-09,2025-10-10 00:00:00,17_24,24,341.897,414.33628755929396,,,2026-06-25T20:48:30.650157
dayahead,lightgbm,1,2023-01-01,2025-09-30,2025-10-01,2025-10-31,2025-10-10,2025-10-10,2025-10-10 01:00:00,1_8,1,346.249,332.0369117910805,,,2026-06-25T20:48:30.650157
dayahead,lightgbm,1,2023-01-01,2025-09-30,2025-10-01,2025-10-31,2025-10-10,2025-10-10,2025-10-10 02:00:00,1_8,2,346.67,332.0369117910805,,,2026-06-25T20:48:30.650157
dayahead,lightgbm,1,2023-01-01,2025-09-30,2025-10-01,2025-10-31,2025-10-10,2025-10-10,2025-10-10 03:00:00,1_8,3,346.67,330.90223893191586,,,2026-06-25T20:48:30.650157
dayahead,lightgbm,1,2023-01-01,2025-09-30,2025-10-01,2025-10-31,2025-10-10,2025-10-10,2025-10-10 04:00:00,1_8,4,346.67,330.90223893191586,,,2026-06-25T20:48:30.650157
dayahead,lightgbm,1,2023-01-01,2025-09-30,2025-10-01,2025-10-31,2025-10-10,2025-10-10,2025-10-10 05:00:00,1_8,5,346.67,330.90223893191586,,,2026-06-25T20:48:30.650157
dayahead,lightgbm,1,2023-01-01,2025-09-30,2025-10-01,2025-10-31,2025-10-10,2025-10-10,2025-10-10 06:00:00,1_8,6,346.755,353.1357848435237,,,2026-06-25T20:48:30.650157
dayahead,lightgbm,1,2023-01-01,2025-09-30,2025-10-01,2025-10-31,2025-10-10,2025-10-10,2025-10-10 07:00:00,1_8,7,350.62,350.3234504808997,,,2026-06-25T20:48:30.650157
dayahead,lightgbm,1,2023-01-01,2025-09-30,2025-10-01,2025-10-31,2025-10-10,2025-10-10,2025-10-10 08:00:00,1_8,8,548.524,382.66380933120513,,,2026-06-25T20:48:30.650157
dayahead,lightgbm,1,2023-01-01,2025-09-30,2025-10-01,2025-10-31,2025-10-10,2025-10-10,2025-10-10 09:00:00,9_16,9,666.0,422.97842887917847,,,2026-06-25T20:48:30.650157
dayahead,lightgbm,1,2023-01-01,2025-09-30,2025-10-01,2025-10-31,2025-10-10,2025-10-10,2025-10-10 10:00:00,9_16,10,666.0,404.88971877389884,,,2026-06-25T20:48:30.650157
dayahead,lightgbm,1,2023-01-01,2025-09-30,2025-10-01,2025-10-31,2025-10-10,2025-10-10,2025-10-10 11:00:00,9_16,11,666.348,399.6923977194169,,,2026-06-25T20:48:30.650157
dayahead,lightgbm,1,2023-01-01,2025-09-30,2025-10-01,2025-10-31,2025-10-10,2025-10-10,2025-10-10 12:00:00,9_16,12,667.02,397.449304856825,,,2026-06-25T20:48:30.650157
dayahead,lightgbm,1,2023-01-01,2025-09-30,2025-10-01,2025-10-31,2025-10-10,2025-10-10,2025-10-10 13:00:00,9_16,13,666.077,394.94994486515105,,,2026-06-25T20:48:30.650157
dayahead,lightgbm,1,2023-01-01,2025-09-30,2025-10-01,2025-10-31,2025-10-10,2025-10-10,2025-10-10 14:00:00,9_16,14,666.434,399.2530733139069,,,2026-06-25T20:48:30.650157
dayahead,lightgbm,1,2023-01-01,2025-09-30,2025-10-01,2025-10-31,2025-10-10,2025-10-10,2025-10-10 15:00:00,9_16,15,667.203,407.7062984262078,,,2026-06-25T20:48:30.650157
dayahead,lightgbm,1,2023-01-01,2025-09-30,2025-10-01,2025-10-31,2025-10-10,2025-10-10,2025-10-10 16:00:00,9_16,16,589.152,434.33973525610907,,,2026-06-25T20:48:30.650157
dayahead,lightgbm,1,2023-01-01,2025-09-30,2025-10-01,2025-10-31,2025-10-10,2025-10-10,2025-10-10 17:00:00,17_24,17,375.049,465.75590598281013,,,2026-06-25T20:48:30.650157
dayahead,lightgbm,1,2023-01-01,2025-09-30,2025-10-01,2025-10-31,2025-10-10,2025-10-10,2025-10-10 18:00:00,17_24,18,540.164,460.97389630390956,,,2026-06-25T20:48:30.650157
dayahead,lightgbm,1,2023-01-01,2025-09-30,2025-10-01,2025-10-31,2025-10-10,2025-10-10,2025-10-10 19:00:00,17_24,19,649.071,466.2284357399549,,,2026-06-25T20:48:30.650157
dayahead,lightgbm,1,2023-01-01,2025-09-30,2025-10-01,2025-10-31,2025-10-10,2025-10-10,2025-10-10 20:00:00,17_24,20,624.861,457.8724355732139,,,2026-06-25T20:48:30.650157
dayahead,lightgbm,1,2023-01-01,2025-09-30,2025-10-01,2025-10-31,2025-10-10,2025-10-10,2025-10-10 21:00:00,17_24,21,637.698,465.33365352788957,,,2026-06-25T20:48:30.650157
dayahead,lightgbm,1,2023-01-01,2025-09-30,2025-10-01,2025-10-31,2025-10-10,2025-10-10,2025-10-10 22:00:00,17_24,22,665.993,471.92003589990287,,,2026-06-25T20:48:30.650157
dayahead,lightgbm,1,2023-01-01,2025-09-30,2025-10-01,2025-10-31,2025-10-10,2025-10-10,2025-10-10 23:00:00,17_24,23,361.538,444.31873591874273,,,2026-06-25T20:48:30.650157
dayahead,lightgbm,1,2023-01-01,2025-09-30,2025-10-01,2025-10-31,2025-10-10,2025-10-10,2025-10-11 00:00:00,17_24,24,356.349,464.98280251953304,,,2026-06-25T20:48:30.650157
dayahead,lightgbm,1,2023-01-01,2025-09-30,2025-10-01,2025-10-31,2025-10-11,2025-10-11,2025-10-11 01:00:00,1_8,1,394.305,401.3714150846627,,,2026-06-25T20:48:30.650157
dayahead,lightgbm,1,2023-01-01,2025-09-30,2025-10-01,2025-10-31,2025-10-11,2025-10-11,2025-10-11 02:00:00,1_8,2,410.0,401.3714150846627,,,2026-06-25T20:48:30.650157
dayahead,lightgbm,1,2023-01-01,2025-09-30,2025-10-01,2025-10-31,2025-10-11,2025-10-11,2025-10-11 03:00:00,1_8,3,410.0,401.39451110376746,,,2026-06-25T20:48:30.650157
dayahead,lightgbm,1,2023-01-01,2025-09-30,2025-10-01,2025-10-31,2025-10-11,2025-10-11,2025-10-11 04:00:00,1_8,4,410.0,400.71708123157254,,,2026-06-25T20:48:30.650157
dayahead,lightgbm,1,2023-01-01,2025-09-30,2025-10-01,2025-10-31,2025-10-11,2025-10-11,2025-10-11 05:00:00,1_8,5,410.0,400.6939852124678,,,2026-06-25T20:48:30.650157
dayahead,lightgbm,1,2023-01-01,2025-09-30,2025-10-01,2025-10-31,2025-10-11,2025-10-11,2025-10-11 06:00:00,1_8,6,410.0,403.0887484067787,,,2026-06-25T20:48:30.650157
dayahead,lightgbm,1,2023-01-01,2025-09-30,2025-10-01,2025-10-31,2025-10-11,2025-10-11,2025-10-11 07:00:00,1_8,7,565.632,408.11364988280786,,,2026-06-25T20:48:30.650157
dayahead,lightgbm,1,2023-01-01,2025-09-30,2025-10-01,2025-10-31,2025-10-11,2025-10-11,2025-10-11 08:00:00,1_8,8,889.283,454.328719018601,,,2026-06-25T20:48:30.650157
dayahead,lightgbm,1,2023-01-01,2025-09-30,2025-10-01,2025-10-31,2025-10-11,2025-10-11,2025-10-11 09:00:00,9_16,9,904.914,492.6834533057432,,,2026-06-25T20:48:30.650157
dayahead,lightgbm,1,2023-01-01,2025-09-30,2025-10-01,2025-10-31,2025-10-11,2025-10-11,2025-10-11 10:00:00,9_16,10,901.311,481.0336123333327,,,2026-06-25T20:48:30.650157
dayahead,lightgbm,1,2023-01-01,2025-09-30,2025-10-01,2025-10-31,2025-10-11,2025-10-11,2025-10-11 11:00:00,9_16,11,916.423,497.80813569912533,,,2026-06-25T20:48:30.650157
dayahead,lightgbm,1,2023-01-01,2025-09-30,2025-10-01,2025-10-31,2025-10-11,2025-10-11,2025-10-11 12:00:00,9_16,12,913.205,501.20432851571934,,,2026-06-25T20:48:30.650157
dayahead,lightgbm,1,2023-01-01,2025-09-30,2025-10-01,2025-10-31,2025-10-11,2025-10-11,2025-10-11 13:00:00,9_16,13,912.482,457.69890768492616,,,2026-06-25T20:48:30.650157
dayahead,lightgbm,1,2023-01-01,2025-09-30,2025-10-01,2025-10-31,2025-10-11,2025-10-11,2025-10-11 14:00:00,9_16,14,914.126,501.20432851571934,,,2026-06-25T20:48:30.650157
dayahead,lightgbm,1,2023-01-01,2025-09-30,2025-10-01,2025-10-31,2025-10-11,2025-10-11,2025-10-11 15:00:00,9_16,15,913.56,501.20432851571934,,,2026-06-25T20:48:30.650157
dayahead,lightgbm,1,2023-01-01,2025-09-30,2025-10-01,2025-10-31,2025-10-11,2025-10-11,2025-10-11 16:00:00,9_16,16,893.225,469.2542207162949,,,2026-06-25T20:48:30.650157
dayahead,lightgbm,1,2023-01-01,2025-09-30,2025-10-01,2025-10-31,2025-10-11,2025-10-11,2025-10-11 17:00:00,17_24,17,702.122,466.3082631332101,,,2026-06-25T20:48:30.650157
dayahead,lightgbm,1,2023-01-01,2025-09-30,2025-10-01,2025-10-31,2025-10-11,2025-10-11,2025-10-11 18:00:00,17_24,18,716.711,468.3601767286846,,,2026-06-25T20:48:30.650157
dayahead,lightgbm,1,2023-01-01,2025-09-30,2025-10-01,2025-10-31,2025-10-11,2025-10-11,2025-10-11 19:00:00,17_24,19,567.238,470.4815994336386,,,2026-06-25T20:48:30.650157
dayahead,lightgbm,1,2023-01-01,2025-09-30,2025-10-01,2025-10-31,2025-10-11,2025-10-11,2025-10-11 20:00:00,17_24,20,412.29,472.7600730241107,,,2026-06-25T20:48:30.650157
dayahead,lightgbm,1,2023-01-01,2025-09-30,2025-10-01,2025-10-31,2025-10-11,2025-10-11,2025-10-11 21:00:00,17_24,21,400.249,472.7600730241107,,,2026-06-25T20:48:30.650157
dayahead,lightgbm,1,2023-01-01,2025-09-30,2025-10-01,2025-10-31,2025-10-11,2025-10-11,2025-10-11 22:00:00,17_24,22,416.383,472.7600730241107,,,2026-06-25T20:48:30.650157
dayahead,lightgbm,1,2023-01-01,2025-09-30,2025-10-01,2025-10-31,2025-10-11,2025-10-11,2025-10-11 23:00:00,17_24,23,367.939,440.2758770165301,,,2026-06-25T20:48:30.650157
dayahead,lightgbm,1,2023-01-01,2025-09-30,2025-10-01,2025-10-31,2025-10-11,2025-10-11,2025-10-12 00:00:00,17_24,24,355.812,463.3726294754293,,,2026-06-25T20:48:30.650157
dayahead,lightgbm,1,2023-01-01,2025-09-30,2025-10-01,2025-10-31,2025-10-12,2025-10-12,2025-10-12 01:00:00,1_8,1,350.063,431.74106510419097,,,2026-06-25T20:48:30.650157
dayahead,lightgbm,1,2023-01-01,2025-09-30,2025-10-01,2025-10-31,2025-10-12,2025-10-12,2025-10-12 02:00:00,1_8,2,347.598,423.587842953432,,,2026-06-25T20:48:30.650157
dayahead,lightgbm,1,2023-01-01,2025-09-30,2025-10-01,2025-10-31,2025-10-12,2025-10-12,2025-10-12 03:00:00,1_8,3,346.0,418.1215000916007,,,2026-06-25T20:48:30.650157
dayahead,lightgbm,1,2023-01-01,2025-09-30,2025-10-01,2025-10-31,2025-10-12,2025-10-12,2025-10-12 04:00:00,1_8,4,346.0,405.8018011398252,,,2026-06-25T20:48:30.650157
dayahead,lightgbm,1,2023-01-01,2025-09-30,2025-10-01,2025-10-31,2025-10-12,2025-10-12,2025-10-12 05:00:00,1_8,5,346.0,405.8018011398252,,,2026-06-25T20:48:30.650157
dayahead,lightgbm,1,2023-01-01,2025-09-30,2025-10-01,2025-10-31,2025-10-12,2025-10-12,2025-10-12 06:00:00,1_8,6,346.0,403.0946174150869,,,2026-06-25T20:48:30.650157
dayahead,lightgbm,1,2023-01-01,2025-09-30,2025-10-01,2025-10-31,2025-10-12,2025-10-12,2025-10-12 07:00:00,1_8,7,349.585,429.903216172097,,,2026-06-25T20:48:30.650157
dayahead,lightgbm,1,2023-01-01,2025-09-30,2025-10-01,2025-10-31,2025-10-12,2025-10-12,2025-10-12 08:00:00,1_8,8,490.902,437.2768238490477,,,2026-06-25T20:48:30.650157
dayahead,lightgbm,1,2023-01-01,2025-09-30,2025-10-01,2025-10-31,2025-10-12,2025-10-12,2025-10-12 09:00:00,9_16,9,617.405,449.44127762728124,,,2026-06-25T20:48:30.650157
dayahead,lightgbm,1,2023-01-01,2025-09-30,2025-10-01,2025-10-31,2025-10-12,2025-10-12,2025-10-12 10:00:00,9_16,10,619.176,408.2312347568013,,,2026-06-25T20:48:30.650157
dayahead,lightgbm,1,2023-01-01,2025-09-30,2025-10-01,2025-10-31,2025-10-12,2025-10-12,2025-10-12 11:00:00,9_16,11,627.961,421.7491304869614,,,2026-06-25T20:48:30.650157
dayahead,lightgbm,1,2023-01-01,2025-09-30,2025-10-01,2025-10-31,2025-10-12,2025-10-12,2025-10-12 12:00:00,9_16,12,628.931,421.7491304869614,,,2026-06-25T20:48:30.650157
dayahead,lightgbm,1,2023-01-01,2025-09-30,2025-10-01,2025-10-31,2025-10-12,2025-10-12,2025-10-12 13:00:00,9_16,13,627.592,394.2450983546003,,,2026-06-25T20:48:30.650157
dayahead,lightgbm,1,2023-01-01,2025-09-30,2025-10-01,2025-10-31,2025-10-12,2025-10-12,2025-10-12 14:00:00,9_16,14,628.087,400.41106867506613,,,2026-06-25T20:48:30.650157
dayahead,lightgbm,1,2023-01-01,2025-09-30,2025-10-01,2025-10-31,2025-10-12,2025-10-12,2025-10-12 15:00:00,9_16,15,581.887,428.3849208634263,,,2026-06-25T20:48:30.650157
dayahead,lightgbm,1,2023-01-01,2025-09-30,2025-10-01,2025-10-31,2025-10-12,2025-10-12,2025-10-12 16:00:00,9_16,16,397.199,433.79318744812804,,,2026-06-25T20:48:30.650157
dayahead,lightgbm,1,2023-01-01,2025-09-30,2025-10-01,2025-10-31,2025-10-12,2025-10-12,2025-10-12 17:00:00,17_24,17,444.175,455.0528282102709,,,2026-06-25T20:48:30.650157
dayahead,lightgbm,1,2023-01-01,2025-09-30,2025-10-01,2025-10-31,2025-10-12,2025-10-12,2025-10-12 18:00:00,17_24,18,495.361,455.0528282102709,,,2026-06-25T20:48:30.650157
dayahead,lightgbm,1,2023-01-01,2025-09-30,2025-10-01,2025-10-31,2025-10-12,2025-10-12,2025-10-12 19:00:00,17_24,19,372.065,451.7333998838591,,,2026-06-25T20:48:30.650157
dayahead,lightgbm,1,2023-01-01,2025-09-30,2025-10-01,2025-10-31,2025-10-12,2025-10-12,2025-10-12 20:00:00,17_24,20,358.872,429.6673332619278,,,2026-06-25T20:48:30.650157
dayahead,lightgbm,1,2023-01-01,2025-09-30,2025-10-01,2025-10-31,2025-10-12,2025-10-12,2025-10-12 21:00:00,17_24,21,352.153,431.4463981012663,,,2026-06-25T20:48:30.650157
dayahead,lightgbm,1,2023-01-01,2025-09-30,2025-10-01,2025-10-31,2025-10-12,2025-10-12,2025-10-12 22:00:00,17_24,22,355.479,435.92048677646136,,,2026-06-25T20:48:30.650157
dayahead,lightgbm,1,2023-01-01,2025-09-30,2025-10-01,2025-10-31,2025-10-12,2025-10-12,2025-10-12 23:00:00,17_24,23,345.016,408.3181895590343,,,2026-06-25T20:48:30.650157
dayahead,lightgbm,1,2023-01-01,2025-09-30,2025-10-01,2025-10-31,2025-10-12,2025-10-12,2025-10-13 00:00:00,17_24,24,343.451,447.6301378488387,,,2026-06-25T20:48:30.650157
dayahead,lightgbm,1,2023-01-01,2025-09-30,2025-10-01,2025-10-31,2025-10-13,2025-10-13,2025-10-13 01:00:00,1_8,1,350.68,387.8205666212062,,,2026-06-25T20:48:30.650157
dayahead,lightgbm,1,2023-01-01,2025-09-30,2025-10-01,2025-10-31,2025-10-13,2025-10-13,2025-10-13 02:00:00,1_8,2,350.574,387.8205666212062,,,2026-06-25T20:48:30.650157
dayahead,lightgbm,1,2023-01-01,2025-09-30,2025-10-01,2025-10-31,2025-10-13,2025-10-13,2025-10-13 03:00:00,1_8,3,349.851,387.2223611783807,,,2026-06-25T20:48:30.650157
dayahead,lightgbm,1,2023-01-01,2025-09-30,2025-10-01,2025-10-31,2025-10-13,2025-10-13,2025-10-13 04:00:00,1_8,4,349.248,387.2223611783807,,,2026-06-25T20:48:30.650157
dayahead,lightgbm,1,2023-01-01,2025-09-30,2025-10-01,2025-10-31,2025-10-13,2025-10-13,2025-10-13 05:00:00,1_8,5,348.0,398.137005753949,,,2026-06-25T20:48:30.650157
dayahead,lightgbm,1,2023-01-01,2025-09-30,2025-10-01,2025-10-31,2025-10-13,2025-10-13,2025-10-13 06:00:00,1_8,6,358.07,398.137005753949,,,2026-06-25T20:48:30.650157
dayahead,lightgbm,1,2023-01-01,2025-09-30,2025-10-01,2025-10-31,2025-10-13,2025-10-13,2025-10-13 07:00:00,1_8,7,380.05,398.2757669432805,,,2026-06-25T20:48:30.650157
dayahead,lightgbm,1,2023-01-01,2025-09-30,2025-10-01,2025-10-31,2025-10-13,2025-10-13,2025-10-13 08:00:00,1_8,8,385.961,417.4787394521071,,,2026-06-25T20:48:30.650157
dayahead,lightgbm,1,2023-01-01,2025-09-30,2025-10-01,2025-10-31,2025-10-13,2025-10-13,2025-10-13 09:00:00,9_16,9,381.847,369.3158399148484,,,2026-06-25T20:48:30.650157
dayahead,lightgbm,1,2023-01-01,2025-09-30,2025-10-01,2025-10-31,2025-10-13,2025-10-13,2025-10-13 10:00:00,9_16,10,353.716,302.0408953998225,,,2026-06-25T20:48:30.650157
dayahead,lightgbm,1,2023-01-01,2025-09-30,2025-10-01,2025-10-31,2025-10-13,2025-10-13,2025-10-13 11:00:00,9_16,11,358.281,265.2656832543836,,,2026-06-25T20:48:30.650157
dayahead,lightgbm,1,2023-01-01,2025-09-30,2025-10-01,2025-10-31,2025-10-13,2025-10-13,2025-10-13 12:00:00,9_16,12,355.553,224.50582115668257,,,2026-06-25T20:48:30.650157
dayahead,lightgbm,1,2023-01-01,2025-09-30,2025-10-01,2025-10-31,2025-10-13,2025-10-13,2025-10-13 13:00:00,9_16,13,344.216,200.17341739928082,,,2026-06-25T20:48:30.650157
dayahead,lightgbm,1,2023-01-01,2025-09-30,2025-10-01,2025-10-31,2025-10-13,2025-10-13,2025-10-13 14:00:00,9_16,14,359.794,266.65524976680587,,,2026-06-25T20:48:30.650157
dayahead,lightgbm,1,2023-01-01,2025-09-30,2025-10-01,2025-10-31,2025-10-13,2025-10-13,2025-10-13 15:00:00,9_16,15,367.693,328.9523701589147,,,2026-06-25T20:48:30.650157
dayahead,lightgbm,1,2023-01-01,2025-09-30,2025-10-01,2025-10-31,2025-10-13,2025-10-13,2025-10-13 16:00:00,9_16,16,384.012,388.0498575532431,,,2026-06-25T20:48:30.650157
dayahead,lightgbm,1,2023-01-01,2025-09-30,2025-10-01,2025-10-31,2025-10-13,2025-10-13,2025-10-13 17:00:00,17_24,17,530.644,449.9956648071096,,,2026-06-25T20:48:30.650157
dayahead,lightgbm,1,2023-01-01,2025-09-30,2025-10-01,2025-10-31,2025-10-13,2025-10-13,2025-10-13 18:00:00,17_24,18,607.907,470.0469701731065,,,2026-06-25T20:48:30.650157
dayahead,lightgbm,1,2023-01-01,2025-09-30,2025-10-01,2025-10-31,2025-10-13,2025-10-13,2025-10-13 19:00:00,17_24,19,606.336,485.4326401638579,,,2026-06-25T20:48:30.650157
dayahead,lightgbm,1,2023-01-01,2025-09-30,2025-10-01,2025-10-31,2025-10-13,2025-10-13,2025-10-13 20:00:00,17_24,20,601.604,478.8874327529925,,,2026-06-25T20:48:30.650157
dayahead,lightgbm,1,2023-01-01,2025-09-30,2025-10-01,2025-10-31,2025-10-13,2025-10-13,2025-10-13 21:00:00,17_24,21,590.48,483.7890222506166,,,2026-06-25T20:48:30.650157
dayahead,lightgbm,1,2023-01-01,2025-09-30,2025-10-01,2025-10-31,2025-10-13,2025-10-13,2025-10-13 22:00:00,17_24,22,593.404,483.7890222506166,,,2026-06-25T20:48:30.650157
dayahead,lightgbm,1,2023-01-01,2025-09-30,2025-10-01,2025-10-31,2025-10-13,2025-10-13,2025-10-13 23:00:00,17_24,23,565.053,479.0456210158654,,,2026-06-25T20:48:30.650157
dayahead,lightgbm,1,2023-01-01,2025-09-30,2025-10-01,2025-10-31,2025-10-13,2025-10-13,2025-10-14 00:00:00,17_24,24,396.6,446.8756788289163,,,2026-06-25T20:48:30.650157
dayahead,lightgbm,1,2023-01-01,2025-09-30,2025-10-01,2025-10-31,2025-10-14,2025-10-14,2025-10-14 01:00:00,1_8,1,383.078,400.7242977209951,,,2026-06-25T20:48:30.650157
dayahead,lightgbm,1,2023-01-01,2025-09-30,2025-10-01,2025-10-31,2025-10-14,2025-10-14,2025-10-14 02:00:00,1_8,2,374.645,400.7242977209951,,,2026-06-25T20:48:30.650157
dayahead,lightgbm,1,2023-01-01,2025-09-30,2025-10-01,2025-10-31,2025-10-14,2025-10-14,2025-10-14 03:00:00,1_8,3,358.585,400.7242977209951,,,2026-06-25T20:48:30.650157
dayahead,lightgbm,1,2023-01-01,2025-09-30,2025-10-01,2025-10-31,2025-10-14,2025-10-14,2025-10-14 04:00:00,1_8,4,355.21,400.7242977209951,,,2026-06-25T20:48:30.650157
dayahead,lightgbm,1,2023-01-01,2025-09-30,2025-10-01,2025-10-31,2025-10-14,2025-10-14,2025-10-14 05:00:00,1_8,5,356.275,400.7242977209951,,,2026-06-25T20:48:30.650157
dayahead,lightgbm,1,2023-01-01,2025-09-30,2025-10-01,2025-10-31,2025-10-14,2025-10-14,2025-10-14 06:00:00,1_8,6,362.01,400.8888866871778,,,2026-06-25T20:48:30.650157
dayahead,lightgbm,1,2023-01-01,2025-09-30,2025-10-01,2025-10-31,2025-10-14,2025-10-14,2025-10-14 07:00:00,1_8,7,381.685,406.01358121188656,,,2026-06-25T20:48:30.650157
dayahead,lightgbm,1,2023-01-01,2025-09-30,2025-10-01,2025-10-31,2025-10-14,2025-10-14,2025-10-14 08:00:00,1_8,8,352.279,368.6506308763301,,,2026-06-25T20:48:30.650157
dayahead,lightgbm,1,2023-01-01,2025-09-30,2025-10-01,2025-10-31,2025-10-14,2025-10-14,2025-10-14 09:00:00,9_16,9,295.314,155.82429715155953,,,2026-06-25T20:48:30.650157
dayahead,lightgbm,1,2023-01-01,2025-09-30,2025-10-01,2025-10-31,2025-10-14,2025-10-14,2025-10-14 10:00:00,9_16,10,47.208,60.73754351718492,,,2026-06-25T20:48:30.650157
dayahead,lightgbm,1,2023-01-01,2025-09-30,2025-10-01,2025-10-31,2025-10-14,2025-10-14,2025-10-14 11:00:00,9_16,11,-47.125,-9.529247580688892,,,2026-06-25T20:48:30.650157
dayahead,lightgbm,1,2023-01-01,2025-09-30,2025-10-01,2025-10-31,2025-10-14,2025-10-14,2025-10-14 12:00:00,9_16,12,-45.786,-32.04408198921856,,,2026-06-25T20:48:30.650157
dayahead,lightgbm,1,2023-01-01,2025-09-30,2025-10-01,2025-10-31,2025-10-14,2025-10-14,2025-10-14 13:00:00,9_16,13,-51.996,-36.56150252365573,,,2026-06-25T20:48:30.650157
dayahead,lightgbm,1,2023-01-01,2025-09-30,2025-10-01,2025-10-31,2025-10-14,2025-10-14,2025-10-14 14:00:00,9_16,14,-27.458,45.10221209908151,,,2026-06-25T20:48:30.650157
dayahead,lightgbm,1,2023-01-01,2025-09-30,2025-10-01,2025-10-31,2025-10-14,2025-10-14,2025-10-14 15:00:00,9_16,15,253.094,127.40828374139353,,,2026-06-25T20:48:30.650157
dayahead,lightgbm,1,2023-01-01,2025-09-30,2025-10-01,2025-10-31,2025-10-14,2025-10-14,2025-10-14 16:00:00,9_16,16,343.231,271.5111361329834,,,2026-06-25T20:48:30.650157
dayahead,lightgbm,1,2023-01-01,2025-09-30,2025-10-01,2025-10-31,2025-10-14,2025-10-14,2025-10-14 17:00:00,17_24,17,404.925,468.58016216136866,,,2026-06-25T20:48:30.650157
dayahead,lightgbm,1,2023-01-01,2025-09-30,2025-10-01,2025-10-31,2025-10-14,2025-10-14,2025-10-14 18:00:00,17_24,18,424.982,478.43359767788564,,,2026-06-25T20:48:30.650157
dayahead,lightgbm,1,2023-01-01,2025-09-30,2025-10-01,2025-10-31,2025-10-14,2025-10-14,2025-10-14 19:00:00,17_24,19,421.928,479.03666954847523,,,2026-06-25T20:48:30.650157
dayahead,lightgbm,1,2023-01-01,2025-09-30,2025-10-01,2025-10-31,2025-10-14,2025-10-14,2025-10-14 20:00:00,17_24,20,419.307,469.4064668791435,,,2026-06-25T20:48:30.650157
dayahead,lightgbm,1,2023-01-01,2025-09-30,2025-10-01,2025-10-31,2025-10-14,2025-10-14,2025-10-14 21:00:00,17_24,21,404.815,470.42840891156965,,,2026-06-25T20:48:30.650157
dayahead,lightgbm,1,2023-01-01,2025-09-30,2025-10-01,2025-10-31,2025-10-14,2025-10-14,2025-10-14 22:00:00,17_24,22,404.424,475.8501519294787,,,2026-06-25T20:48:30.650157
dayahead,lightgbm,1,2023-01-01,2025-09-30,2025-10-01,2025-10-31,2025-10-14,2025-10-14,2025-10-14 23:00:00,17_24,23,401.183,467.576457037678,,,2026-06-25T20:48:30.650157
dayahead,lightgbm,1,2023-01-01,2025-09-30,2025-10-01,2025-10-31,2025-10-14,2025-10-14,2025-10-15 00:00:00,17_24,24,388.492,432.7301631015447,,,2026-06-25T20:48:30.650157
dayahead,lightgbm,1,2023-01-01,2025-09-30,2025-10-01,2025-10-31,2025-10-15,2025-10-15,2025-10-15 01:00:00,1_8,1,455.19,380.56898850635315,,,2026-06-25T20:48:30.650157
dayahead,lightgbm,1,2023-01-01,2025-09-30,2025-10-01,2025-10-31,2025-10-15,2025-10-15,2025-10-15 02:00:00,1_8,2,465.225,380.56898850635315,,,2026-06-25T20:48:30.650157
dayahead,lightgbm,1,2023-01-01,2025-09-30,2025-10-01,2025-10-31,2025-10-15,2025-10-15,2025-10-15 03:00:00,1_8,3,465.261,365.70338489142415,,,2026-06-25T20:48:30.650157
dayahead,lightgbm,1,2023-01-01,2025-09-30,2025-10-01,2025-10-31,2025-10-15,2025-10-15,2025-10-15 04:00:00,1_8,4,465.257,365.70338489142415,,,2026-06-25T20:48:30.650157
dayahead,lightgbm,1,2023-01-01,2025-09-30,2025-10-01,2025-10-31,2025-10-15,2025-10-15,2025-10-15 05:00:00,1_8,5,465.234,365.70338489142415,,,2026-06-25T20:48:30.650157
dayahead,lightgbm,1,2023-01-01,2025-09-30,2025-10-01,2025-10-31,2025-10-15,2025-10-15,2025-10-15 06:00:00,1_8,6,454.767,364.8229034599236,,,2026-06-25T20:48:30.650157
dayahead,lightgbm,1,2023-01-01,2025-09-30,2025-10-01,2025-10-31,2025-10-15,2025-10-15,2025-10-15 07:00:00,1_8,7,639.749,387.12053116981355,,,2026-06-25T20:48:30.650157
dayahead,lightgbm,1,2023-01-01,2025-09-30,2025-10-01,2025-10-31,2025-10-15,2025-10-15,2025-10-15 08:00:00,1_8,8,789.842,377.7471552272556,,,2026-06-25T20:48:30.650157
dayahead,lightgbm,1,2023-01-01,2025-09-30,2025-10-01,2025-10-31,2025-10-15,2025-10-15,2025-10-15 09:00:00,9_16,9,803.934,368.55688677506305,,,2026-06-25T20:48:30.650157
dayahead,lightgbm,1,2023-01-01,2025-09-30,2025-10-01,2025-10-31,2025-10-15,2025-10-15,2025-10-15 10:00:00,9_16,10,800.865,329.1918775563017,,,2026-06-25T20:48:30.650157
dayahead,lightgbm,1,2023-01-01,2025-09-30,2025-10-01,2025-10-31,2025-10-15,2025-10-15,2025-10-15 11:00:00,9_16,11,631.232,340.07125680319064,,,2026-06-25T20:48:30.650157
dayahead,lightgbm,1,2023-01-01,2025-09-30,2025-10-01,2025-10-31,2025-10-15,2025-10-15,2025-10-15 12:00:00,9_16,12,592.75,348.4446518866508,,,2026-06-25T20:48:30.650157
dayahead,lightgbm,1,2023-01-01,2025-09-30,2025-10-01,2025-10-31,2025-10-15,2025-10-15,2025-10-15 13:00:00,9_16,13,632.568,355.7421287798443,,,2026-06-25T20:48:30.650157
dayahead,lightgbm,1,2023-01-01,2025-09-30,2025-10-01,2025-10-31,2025-10-15,2025-10-15,2025-10-15 14:00:00,9_16,14,825.589,376.9629191278938,,,2026-06-25T20:48:30.650157
dayahead,lightgbm,1,2023-01-01,2025-09-30,2025-10-01,2025-10-31,2025-10-15,2025-10-15,2025-10-15 15:00:00,9_16,15,827.008,378.2626372800488,,,2026-06-25T20:48:30.650157
dayahead,lightgbm,1,2023-01-01,2025-09-30,2025-10-01,2025-10-31,2025-10-15,2025-10-15,2025-10-15 16:00:00,9_16,16,806.563,384.0992664158014,,,2026-06-25T20:48:30.650157
dayahead,lightgbm,1,2023-01-01,2025-09-30,2025-10-01,2025-10-31,2025-10-15,2025-10-15,2025-10-15 17:00:00,17_24,17,805.913,432.9994630408039,,,2026-06-25T20:48:30.650157
dayahead,lightgbm,1,2023-01-01,2025-09-30,2025-10-01,2025-10-31,2025-10-15,2025-10-15,2025-10-15 18:00:00,17_24,18,805.774,437.0145865033746,,,2026-06-25T20:48:30.650157
dayahead,lightgbm,1,2023-01-01,2025-09-30,2025-10-01,2025-10-31,2025-10-15,2025-10-15,2025-10-15 19:00:00,17_24,19,742.011,434.0517022168627,,,2026-06-25T20:48:30.650157
dayahead,lightgbm,1,2023-01-01,2025-09-30,2025-10-01,2025-10-31,2025-10-15,2025-10-15,2025-10-15 20:00:00,17_24,20,455.707,428.47091728567557,,,2026-06-25T20:48:30.650157
dayahead,lightgbm,1,2023-01-01,2025-09-30,2025-10-01,2025-10-31,2025-10-15,2025-10-15,2025-10-15 21:00:00,17_24,21,452.977,430.036578754292,,,2026-06-25T20:48:30.650157
dayahead,lightgbm,1,2023-01-01,2025-09-30,2025-10-01,2025-10-31,2025-10-15,2025-10-15,2025-10-15 22:00:00,17_24,22,448.923,425.8915654920061,,,2026-06-25T20:48:30.650157
dayahead,lightgbm,1,2023-01-01,2025-09-30,2025-10-01,2025-10-31,2025-10-15,2025-10-15,2025-10-15 23:00:00,17_24,23,437.962,412.6527005555885,,,2026-06-25T20:48:30.650157
dayahead,lightgbm,1,2023-01-01,2025-09-30,2025-10-01,2025-10-31,2025-10-15,2025-10-15,2025-10-16 00:00:00,17_24,24,415.745,421.75420444927596,,,2026-06-25T20:48:30.650157
dayahead,lightgbm,1,2023-01-01,2025-09-30,2025-10-01,2025-10-31,2025-10-16,2025-10-16,2025-10-16 01:00:00,1_8,1,374.895,442.6528377979727,,,2026-06-25T20:48:30.650157
dayahead,lightgbm,1,2023-01-01,2025-09-30,2025-10-01,2025-10-31,2025-10-16,2025-10-16,2025-10-16 02:00:00,1_8,2,373.462,415.1291195936541,,,2026-06-25T20:48:30.650157
dayahead,lightgbm,1,2023-01-01,2025-09-30,2025-10-01,2025-10-31,2025-10-16,2025-10-16,2025-10-16 03:00:00,1_8,3,373.008,390.3957478081239,,,2026-06-25T20:48:30.650157
dayahead,lightgbm,1,2023-01-01,2025-09-30,2025-10-01,2025-10-31,2025-10-16,2025-10-16,2025-10-16 04:00:00,1_8,4,369.784,389.1491631102344,,,2026-06-25T20:48:30.650157
dayahead,lightgbm,1,2023-01-01,2025-09-30,2025-10-01,2025-10-31,2025-10-16,2025-10-16,2025-10-16 05:00:00,1_8,5,365.797,389.1491631102344,,,2026-06-25T20:48:30.650157
dayahead,lightgbm,1,2023-01-01,2025-09-30,2025-10-01,2025-10-31,2025-10-16,2025-10-16,2025-10-16 06:00:00,1_8,6,363.532,388.4618233358411,,,2026-06-25T20:48:30.650157
dayahead,lightgbm,1,2023-01-01,2025-09-30,2025-10-01,2025-10-31,2025-10-16,2025-10-16,2025-10-16 07:00:00,1_8,7,366.464,388.51633305610693,,,2026-06-25T20:48:30.650157
dayahead,lightgbm,1,2023-01-01,2025-09-30,2025-10-01,2025-10-31,2025-10-16,2025-10-16,2025-10-16 08:00:00,1_8,8,362.677,379.2876525565352,,,2026-06-25T20:48:30.650157
dayahead,lightgbm,1,2023-01-01,2025-09-30,2025-10-01,2025-10-31,2025-10-16,2025-10-16,2025-10-16 09:00:00,9_16,9,342.907,218.07615246647416,,,2026-06-25T20:48:30.650157
dayahead,lightgbm,1,2023-01-01,2025-09-30,2025-10-01,2025-10-31,2025-10-16,2025-10-16,2025-10-16 10:00:00,9_16,10,269.87,76.8868511218685,,,2026-06-25T20:48:30.650157
dayahead,lightgbm,1,2023-01-01,2025-09-30,2025-10-01,2025-10-31,2025-10-16,2025-10-16,2025-10-16 11:00:00,9_16,11,282.119,81.17429901770396,,,2026-06-25T20:48:30.650157
dayahead,lightgbm,1,2023-01-01,2025-09-30,2025-10-01,2025-10-31,2025-10-16,2025-10-16,2025-10-16 12:00:00,9_16,12,301.298,89.07016644105977,,,2026-06-25T20:48:30.650157
dayahead,lightgbm,1,2023-01-01,2025-09-30,2025-10-01,2025-10-31,2025-10-16,2025-10-16,2025-10-16 13:00:00,9_16,13,284.146,60.862688534764025,,,2026-06-25T20:48:30.650157
dayahead,lightgbm,1,2023-01-01,2025-09-30,2025-10-01,2025-10-31,2025-10-16,2025-10-16,2025-10-16 14:00:00,9_16,14,333.434,120.94623174395966,,,2026-06-25T20:48:30.650157
dayahead,lightgbm,1,2023-01-01,2025-09-30,2025-10-01,2025-10-31,2025-10-16,2025-10-16,2025-10-16 15:00:00,9_16,15,410.215,192.54547033639494,,,2026-06-25T20:48:30.650157
dayahead,lightgbm,1,2023-01-01,2025-09-30,2025-10-01,2025-10-31,2025-10-16,2025-10-16,2025-10-16 16:00:00,9_16,16,879.536,335.97155858764745,,,2026-06-25T20:48:30.650157
dayahead,lightgbm,1,2023-01-01,2025-09-30,2025-10-01,2025-10-31,2025-10-16,2025-10-16,2025-10-16 17:00:00,17_24,17,620.564,471.29664137688354,,,2026-06-25T20:48:30.650157
dayahead,lightgbm,1,2023-01-01,2025-09-30,2025-10-01,2025-10-31,2025-10-16,2025-10-16,2025-10-16 18:00:00,17_24,18,492.134,465.905361358348,,,2026-06-25T20:48:30.650157
dayahead,lightgbm,1,2023-01-01,2025-09-30,2025-10-01,2025-10-31,2025-10-16,2025-10-16,2025-10-16 19:00:00,17_24,19,491.071,463.2491880347655,,,2026-06-25T20:48:30.650157
dayahead,lightgbm,1,2023-01-01,2025-09-30,2025-10-01,2025-10-31,2025-10-16,2025-10-16,2025-10-16 20:00:00,17_24,20,437.325,449.58626142199324,,,2026-06-25T20:48:30.650157
dayahead,lightgbm,1,2023-01-01,2025-09-30,2025-10-01,2025-10-31,2025-10-16,2025-10-16,2025-10-16 21:00:00,17_24,21,413.264,456.77851556282263,,,2026-06-25T20:48:30.650157
dayahead,lightgbm,1,2023-01-01,2025-09-30,2025-10-01,2025-10-31,2025-10-16,2025-10-16,2025-10-16 22:00:00,17_24,22,473.998,464.7646756364125,,,2026-06-25T20:48:30.650157
dayahead,lightgbm,1,2023-01-01,2025-09-30,2025-10-01,2025-10-31,2025-10-16,2025-10-16,2025-10-16 23:00:00,17_24,23,422.373,430.5088248404552,,,2026-06-25T20:48:30.650157
dayahead,lightgbm,1,2023-01-01,2025-09-30,2025-10-01,2025-10-31,2025-10-16,2025-10-16,2025-10-17 00:00:00,17_24,24,438.66,439.3605407292139,,,2026-06-25T20:48:30.650157
dayahead,lightgbm,1,2023-01-01,2025-09-30,2025-10-01,2025-10-31,2025-10-17,2025-10-17,2025-10-17 01:00:00,1_8,1,408.0,405.54572259915585,,,2026-06-25T20:48:30.650157
dayahead,lightgbm,1,2023-01-01,2025-09-30,2025-10-01,2025-10-31,2025-10-17,2025-10-17,2025-10-17 02:00:00,1_8,2,408.0,404.8802951648465,,,2026-06-25T20:48:30.650157
dayahead,lightgbm,1,2023-01-01,2025-09-30,2025-10-01,2025-10-31,2025-10-17,2025-10-17,2025-10-17 03:00:00,1_8,3,408.0,404.8802951648465,,,2026-06-25T20:48:30.650157
dayahead,lightgbm,1,2023-01-01,2025-09-30,2025-10-01,2025-10-31,2025-10-17,2025-10-17,2025-10-17 04:00:00,1_8,4,408.0,404.2925426945998,,,2026-06-25T20:48:30.650157
dayahead,lightgbm,1,2023-01-01,2025-09-30,2025-10-01,2025-10-31,2025-10-17,2025-10-17,2025-10-17 05:00:00,1_8,5,408.0,404.2925426945998,,,2026-06-25T20:48:30.650157
dayahead,lightgbm,1,2023-01-01,2025-09-30,2025-10-01,2025-10-31,2025-10-17,2025-10-17,2025-10-17 06:00:00,1_8,6,406.969,403.3653305167148,,,2026-06-25T20:48:30.650157
dayahead,lightgbm,1,2023-01-01,2025-09-30,2025-10-01,2025-10-31,2025-10-17,2025-10-17,2025-10-17 07:00:00,1_8,7,610.304,407.62307160699635,,,2026-06-25T20:48:30.650157
dayahead,lightgbm,1,2023-01-01,2025-09-30,2025-10-01,2025-10-31,2025-10-17,2025-10-17,2025-10-17 08:00:00,1_8,8,681.828,407.48174780141926,,,2026-06-25T20:48:30.650157
dayahead,lightgbm,1,2023-01-01,2025-09-30,2025-10-01,2025-10-31,2025-10-17,2025-10-17,2025-10-17 09:00:00,9_16,9,693.7,541.269219313067,,,2026-06-25T20:48:30.650157
dayahead,lightgbm,1,2023-01-01,2025-09-30,2025-10-01,2025-10-31,2025-10-17,2025-10-17,2025-10-17 10:00:00,9_16,10,673.623,550.2494214396859,,,2026-06-25T20:48:30.650157
dayahead,lightgbm,1,2023-01-01,2025-09-30,2025-10-01,2025-10-31,2025-10-17,2025-10-17,2025-10-17 11:00:00,9_16,11,712.581,612.9457354608313,,,2026-06-25T20:48:30.650157
dayahead,lightgbm,1,2023-01-01,2025-09-30,2025-10-01,2025-10-31,2025-10-17,2025-10-17,2025-10-17 12:00:00,9_16,12,665.851,547.5215448966201,,,2026-06-25T20:48:30.650157
dayahead,lightgbm,1,2023-01-01,2025-09-30,2025-10-01,2025-10-31,2025-10-17,2025-10-17,2025-10-17 13:00:00,9_16,13,439.161,439.9109230337646,,,2026-06-25T20:48:30.650157
dayahead,lightgbm,1,2023-01-01,2025-09-30,2025-10-01,2025-10-31,2025-10-17,2025-10-17,2025-10-17 14:00:00,9_16,14,595.017,444.8458069617936,,,2026-06-25T20:48:30.650157
dayahead,lightgbm,1,2023-01-01,2025-09-30,2025-10-01,2025-10-31,2025-10-17,2025-10-17,2025-10-17 15:00:00,9_16,15,476.094,433.3958195503944,,,2026-06-25T20:48:30.650157
dayahead,lightgbm,1,2023-01-01,2025-09-30,2025-10-01,2025-10-31,2025-10-17,2025-10-17,2025-10-17 16:00:00,9_16,16,390.291,456.9244265410315,,,2026-06-25T20:48:30.650157
dayahead,lightgbm,1,2023-01-01,2025-09-30,2025-10-01,2025-10-31,2025-10-17,2025-10-17,2025-10-17 17:00:00,17_24,17,381.605,404.1120923080697,,,2026-06-25T20:48:30.650157
dayahead,lightgbm,1,2023-01-01,2025-09-30,2025-10-01,2025-10-31,2025-10-17,2025-10-17,2025-10-17 18:00:00,17_24,18,373.117,409.33961794973806,,,2026-06-25T20:48:30.650157
dayahead,lightgbm,1,2023-01-01,2025-09-30,2025-10-01,2025-10-31,2025-10-17,2025-10-17,2025-10-17 19:00:00,17_24,19,354.399,387.1463324984535,,,2026-06-25T20:48:30.650157
dayahead,lightgbm,1,2023-01-01,2025-09-30,2025-10-01,2025-10-31,2025-10-17,2025-10-17,2025-10-17 20:00:00,17_24,20,353.806,340.7341528766137,,,2026-06-25T20:48:30.650157
dayahead,lightgbm,1,2023-01-01,2025-09-30,2025-10-01,2025-10-31,2025-10-17,2025-10-17,2025-10-17 21:00:00,17_24,21,343.074,325.1293955618362,,,2026-06-25T20:48:30.650157
dayahead,lightgbm,1,2023-01-01,2025-09-30,2025-10-01,2025-10-31,2025-10-17,2025-10-17,2025-10-17 22:00:00,17_24,22,338.262,342.4876648371796,,,2026-06-25T20:48:30.650157
dayahead,lightgbm,1,2023-01-01,2025-09-30,2025-10-01,2025-10-31,2025-10-17,2025-10-17,2025-10-17 23:00:00,17_24,23,307.045,218.24496123282194,,,2026-06-25T20:48:30.650157
dayahead,lightgbm,1,2023-01-01,2025-09-30,2025-10-01,2025-10-31,2025-10-17,2025-10-17,2025-10-18 00:00:00,17_24,24,277.6,222.98126220256924,,,2026-06-25T20:48:30.650157
dayahead,lightgbm,1,2023-01-01,2025-09-30,2025-10-01,2025-10-31,2025-10-18,2025-10-18,2025-10-18 01:00:00,1_8,1,319.515,177.80910657055972,,,2026-06-25T20:48:30.650157
dayahead,lightgbm,1,2023-01-01,2025-09-30,2025-10-01,2025-10-31,2025-10-18,2025-10-18,2025-10-18 02:00:00,1_8,2,332.553,171.51144699884972,,,2026-06-25T20:48:30.650157
dayahead,lightgbm,1,2023-01-01,2025-09-30,2025-10-01,2025-10-31,2025-10-18,2025-10-18,2025-10-18 03:00:00,1_8,3,290.232,171.51144699884972,,,2026-06-25T20:48:30.650157
dayahead,lightgbm,1,2023-01-01,2025-09-30,2025-10-01,2025-10-31,2025-10-18,2025-10-18,2025-10-18 04:00:00,1_8,4,237.046,171.51144699884972,,,2026-06-25T20:48:30.650157
dayahead,lightgbm,1,2023-01-01,2025-09-30,2025-10-01,2025-10-31,2025-10-18,2025-10-18,2025-10-18 05:00:00,1_8,5,268.951,171.51144699884972,,,2026-06-25T20:48:30.650157
dayahead,lightgbm,1,2023-01-01,2025-09-30,2025-10-01,2025-10-31,2025-10-18,2025-10-18,2025-10-18 06:00:00,1_8,6,272.683,177.80910657055972,,,2026-06-25T20:48:30.650157
dayahead,lightgbm,1,2023-01-01,2025-09-30,2025-10-01,2025-10-31,2025-10-18,2025-10-18,2025-10-18 07:00:00,1_8,7,328.394,272.5515671092863,,,2026-06-25T20:48:30.650157
dayahead,lightgbm,1,2023-01-01,2025-09-30,2025-10-01,2025-10-31,2025-10-18,2025-10-18,2025-10-18 08:00:00,1_8,8,283.67,190.12798202259012,,,2026-06-25T20:48:30.650157
dayahead,lightgbm,1,2023-01-01,2025-09-30,2025-10-01,2025-10-31,2025-10-18,2025-10-18,2025-10-18 09:00:00,9_16,9,64.681,-18.57073900413243,,,2026-06-25T20:48:30.650157
dayahead,lightgbm,1,2023-01-01,2025-09-30,2025-10-01,2025-10-31,2025-10-18,2025-10-18,2025-10-18 10:00:00,9_16,10,-45.693,-46.7938878140284,,,2026-06-25T20:48:30.650157
dayahead,lightgbm,1,2023-01-01,2025-09-30,2025-10-01,2025-10-31,2025-10-18,2025-10-18,2025-10-18 11:00:00,9_16,11,-36.427,-46.7938878140284,,,2026-06-25T20:48:30.650157
dayahead,lightgbm,1,2023-01-01,2025-09-30,2025-10-01,2025-10-31,2025-10-18,2025-10-18,2025-10-18 12:00:00,9_16,12,-32.864,-45.389800760838945,,,2026-06-25T20:48:30.650157
dayahead,lightgbm,1,2023-01-01,2025-09-30,2025-10-01,2025-10-31,2025-10-18,2025-10-18,2025-10-18 13:00:00,9_16,13,-37.296,-45.389800760838945,,,2026-06-25T20:48:30.650157
dayahead,lightgbm,1,2023-01-01,2025-09-30,2025-10-01,2025-10-31,2025-10-18,2025-10-18,2025-10-18 14:00:00,9_16,14,-33.74,-45.389800760838945,,,2026-06-25T20:48:30.650157
dayahead,lightgbm,1,2023-01-01,2025-09-30,2025-10-01,2025-10-31,2025-10-18,2025-10-18,2025-10-18 15:00:00,9_16,15,99.515,-11.009935081188777,,,2026-06-25T20:48:30.650157
dayahead,lightgbm,1,2023-01-01,2025-09-30,2025-10-01,2025-10-31,2025-10-18,2025-10-18,2025-10-18 16:00:00,9_16,16,356.625,169.45490641791287,,,2026-06-25T20:48:30.650157
dayahead,lightgbm,1,2023-01-01,2025-09-30,2025-10-01,2025-10-31,2025-10-18,2025-10-18,2025-10-18 17:00:00,17_24,17,489.465,383.4914596605233,,,2026-06-25T20:48:30.650157
dayahead,lightgbm,1,2023-01-01,2025-09-30,2025-10-01,2025-10-31,2025-10-18,2025-10-18,2025-10-18 18:00:00,17_24,18,540.633,501.24753649791126,,,2026-06-25T20:48:30.650157
dayahead,lightgbm,1,2023-01-01,2025-09-30,2025-10-01,2025-10-31,2025-10-18,2025-10-18,2025-10-18 19:00:00,17_24,19,529.728,500.69504232301506,,,2026-06-25T20:48:30.650157
dayahead,lightgbm,1,2023-01-01,2025-09-30,2025-10-01,2025-10-31,2025-10-18,2025-10-18,2025-10-18 20:00:00,17_24,20,528.965,465.27080311633915,,,2026-06-25T20:48:30.650157
dayahead,lightgbm,1,2023-01-01,2025-09-30,2025-10-01,2025-10-31,2025-10-18,2025-10-18,2025-10-18 21:00:00,17_24,21,526.893,493.46523231871987,,,2026-06-25T20:48:30.650157
dayahead,lightgbm,1,2023-01-01,2025-09-30,2025-10-01,2025-10-31,2025-10-18,2025-10-18,2025-10-18 22:00:00,17_24,22,525.172,493.46523231871987,,,2026-06-25T20:48:30.650157
dayahead,lightgbm,1,2023-01-01,2025-09-30,2025-10-01,2025-10-31,2025-10-18,2025-10-18,2025-10-18 23:00:00,17_24,23,517.864,437.7158400479795,,,2026-06-25T20:48:30.650157
dayahead,lightgbm,1,2023-01-01,2025-09-30,2025-10-01,2025-10-31,2025-10-18,2025-10-18,2025-10-19 00:00:00,17_24,24,512.266,500.2578066656429,,,2026-06-25T20:48:30.650157
dayahead,lightgbm,1,2023-01-01,2025-09-30,2025-10-01,2025-10-31,2025-10-19,2025-10-19,2025-10-19 01:00:00,1_8,1,409.35,367.7209267428294,,,2026-06-25T20:48:30.650157
dayahead,lightgbm,1,2023-01-01,2025-09-30,2025-10-01,2025-10-31,2025-10-19,2025-10-19,2025-10-19 02:00:00,1_8,2,399.34,367.1494984346531,,,2026-06-25T20:48:30.650157
dayahead,lightgbm,1,2023-01-01,2025-09-30,2025-10-01,2025-10-31,2025-10-19,2025-10-19,2025-10-19 03:00:00,1_8,3,398.364,360.64049955201085,,,2026-06-25T20:48:30.650157
dayahead,lightgbm,1,2023-01-01,2025-09-30,2025-10-01,2025-10-31,2025-10-19,2025-10-19,2025-10-19 04:00:00,1_8,4,388.023,357.48770577285,,,2026-06-25T20:48:30.650157
dayahead,lightgbm,1,2023-01-01,2025-09-30,2025-10-01,2025-10-31,2025-10-19,2025-10-19,2025-10-19 05:00:00,1_8,5,376.206,353.7003900022761,,,2026-06-25T20:48:30.650157
dayahead,lightgbm,1,2023-01-01,2025-09-30,2025-10-01,2025-10-31,2025-10-19,2025-10-19,2025-10-19 06:00:00,1_8,6,365.481,345.29053881255913,,,2026-06-25T20:48:30.650157
dayahead,lightgbm,1,2023-01-01,2025-09-30,2025-10-01,2025-10-31,2025-10-19,2025-10-19,2025-10-19 07:00:00,1_8,7,382.272,343.62786104104373,,,2026-06-25T20:48:30.650157
dayahead,lightgbm,1,2023-01-01,2025-09-30,2025-10-01,2025-10-31,2025-10-19,2025-10-19,2025-10-19 08:00:00,1_8,8,365.642,294.0113954244409,,,2026-06-25T20:48:30.650157
dayahead,lightgbm,1,2023-01-01,2025-09-30,2025-10-01,2025-10-31,2025-10-19,2025-10-19,2025-10-19 09:00:00,9_16,9,241.973,153.70659302786,,,2026-06-25T20:48:30.650157
dayahead,lightgbm,1,2023-01-01,2025-09-30,2025-10-01,2025-10-31,2025-10-19,2025-10-19,2025-10-19 10:00:00,9_16,10,195.439,-14.896826525786587,,,2026-06-25T20:48:30.650157
dayahead,lightgbm,1,2023-01-01,2025-09-30,2025-10-01,2025-10-31,2025-10-19,2025-10-19,2025-10-19 11:00:00,9_16,11,209.684,-17.948676834605248,,,2026-06-25T20:48:30.650157
dayahead,lightgbm,1,2023-01-01,2025-09-30,2025-10-01,2025-10-31,2025-10-19,2025-10-19,2025-10-19 12:00:00,9_16,12,218.357,-34.09427254883757,,,2026-06-25T20:48:30.650157
dayahead,lightgbm,1,2023-01-01,2025-09-30,2025-10-01,2025-10-31,2025-10-19,2025-10-19,2025-10-19 13:00:00,9_16,13,201.095,-34.09427254883757,,,2026-06-25T20:48:30.650157
dayahead,lightgbm,1,2023-01-01,2025-09-30,2025-10-01,2025-10-31,2025-10-19,2025-10-19,2025-10-19 14:00:00,9_16,14,217.257,-14.90452010957655,,,2026-06-25T20:48:30.650157
dayahead,lightgbm,1,2023-01-01,2025-09-30,2025-10-01,2025-10-31,2025-10-19,2025-10-19,2025-10-19 15:00:00,9_16,15,225.672,-22.180302600647842,,,2026-06-25T20:48:30.650157
dayahead,lightgbm,1,2023-01-01,2025-09-30,2025-10-01,2025-10-31,2025-10-19,2025-10-19,2025-10-19 16:00:00,9_16,16,310.968,243.88414488010204,,,2026-06-25T20:48:30.650157
dayahead,lightgbm,1,2023-01-01,2025-09-30,2025-10-01,2025-10-31,2025-10-19,2025-10-19,2025-10-19 17:00:00,17_24,17,388.844,371.10361095616645,,,2026-06-25T20:48:30.650157
dayahead,lightgbm,1,2023-01-01,2025-09-30,2025-10-01,2025-10-31,2025-10-19,2025-10-19,2025-10-19 18:00:00,17_24,18,392.355,455.96311246510027,,,2026-06-25T20:48:30.650157
dayahead,lightgbm,1,2023-01-01,2025-09-30,2025-10-01,2025-10-31,2025-10-19,2025-10-19,2025-10-19 19:00:00,17_24,19,391.009,448.083887005826,,,2026-06-25T20:48:30.650157
dayahead,lightgbm,1,2023-01-01,2025-09-30,2025-10-01,2025-10-31,2025-10-19,2025-10-19,2025-10-19 20:00:00,17_24,20,385.511,373.6875498246773,,,2026-06-25T20:48:30.650157
dayahead,lightgbm,1,2023-01-01,2025-09-30,2025-10-01,2025-10-31,2025-10-19,2025-10-19,2025-10-19 21:00:00,17_24,21,382.911,391.21406601678467,,,2026-06-25T20:48:30.650157
dayahead,lightgbm,1,2023-01-01,2025-09-30,2025-10-01,2025-10-31,2025-10-19,2025-10-19,2025-10-19 22:00:00,17_24,22,387.147,447.3066544612444,,,2026-06-25T20:48:30.650157
dayahead,lightgbm,1,2023-01-01,2025-09-30,2025-10-01,2025-10-31,2025-10-19,2025-10-19,2025-10-19 23:00:00,17_24,23,384.022,446.85724778510564,,,2026-06-25T20:48:30.650157
dayahead,lightgbm,1,2023-01-01,2025-09-30,2025-10-01,2025-10-31,2025-10-19,2025-10-19,2025-10-20 00:00:00,17_24,24,373.478,448.99494379815565,,,2026-06-25T20:48:30.650157
dayahead,lightgbm,1,2023-01-01,2025-09-30,2025-10-01,2025-10-31,2025-10-20,2025-10-20,2025-10-20 01:00:00,1_8,1,369.634,317.67302035373143,,,2026-06-25T20:48:30.650157
dayahead,lightgbm,1,2023-01-01,2025-09-30,2025-10-01,2025-10-31,2025-10-20,2025-10-20,2025-10-20 02:00:00,1_8,2,360.512,307.5777661400209,,,2026-06-25T20:48:30.650157
dayahead,lightgbm,1,2023-01-01,2025-09-30,2025-10-01,2025-10-31,2025-10-20,2025-10-20,2025-10-20 03:00:00,1_8,3,358.272,307.5777661400209,,,2026-06-25T20:48:30.650157
dayahead,lightgbm,1,2023-01-01,2025-09-30,2025-10-01,2025-10-31,2025-10-20,2025-10-20,2025-10-20 04:00:00,1_8,4,349.013,287.73361836047445,,,2026-06-25T20:48:30.650157
dayahead,lightgbm,1,2023-01-01,2025-09-30,2025-10-01,2025-10-31,2025-10-20,2025-10-20,2025-10-20 05:00:00,1_8,5,342.294,287.73361836047445,,,2026-06-25T20:48:30.650157
dayahead,lightgbm,1,2023-01-01,2025-09-30,2025-10-01,2025-10-31,2025-10-20,2025-10-20,2025-10-20 06:00:00,1_8,6,350.404,327.3175694599413,,,2026-06-25T20:48:30.650157
dayahead,lightgbm,1,2023-01-01,2025-09-30,2025-10-01,2025-10-31,2025-10-20,2025-10-20,2025-10-20 07:00:00,1_8,7,366.91,340.2692582515594,,,2026-06-25T20:48:30.650157
dayahead,lightgbm,1,2023-01-01,2025-09-30,2025-10-01,2025-10-31,2025-10-20,2025-10-20,2025-10-20 08:00:00,1_8,8,363.154,300.84939812321727,,,2026-06-25T20:48:30.650157
dayahead,lightgbm,1,2023-01-01,2025-09-30,2025-10-01,2025-10-31,2025-10-20,2025-10-20,2025-10-20 09:00:00,9_16,9,335.916,145.841113208889,,,2026-06-25T20:48:30.650157
dayahead,lightgbm,1,2023-01-01,2025-09-30,2025-10-01,2025-10-31,2025-10-20,2025-10-20,2025-10-20 10:00:00,9_16,10,313.395,99.01560127026009,,,2026-06-25T20:48:30.650157
dayahead,lightgbm,1,2023-01-01,2025-09-30,2025-10-01,2025-10-31,2025-10-20,2025-10-20,2025-10-20 11:00:00,9_16,11,313.755,83.34830936414919,,,2026-06-25T20:48:30.650157
dayahead,lightgbm,1,2023-01-01,2025-09-30,2025-10-01,2025-10-31,2025-10-20,2025-10-20,2025-10-20 12:00:00,9_16,12,313.413,84.08997153855867,,,2026-06-25T20:48:30.650157
dayahead,lightgbm,1,2023-01-01,2025-09-30,2025-10-01,2025-10-31,2025-10-20,2025-10-20,2025-10-20 13:00:00,9_16,13,315.252,82.43376775426808,,,2026-06-25T20:48:30.650157
dayahead,lightgbm,1,2023-01-01,2025-09-30,2025-10-01,2025-10-31,2025-10-20,2025-10-20,2025-10-20 14:00:00,9_16,14,342.901,112.38931084229687,,,2026-06-25T20:48:30.650157
dayahead,lightgbm,1,2023-01-01,2025-09-30,2025-10-01,2025-10-31,2025-10-20,2025-10-20,2025-10-20 15:00:00,9_16,15,372.704,225.53926461121267,,,2026-06-25T20:48:30.650157
dayahead,lightgbm,1,2023-01-01,2025-09-30,2025-10-01,2025-10-31,2025-10-20,2025-10-20,2025-10-20 16:00:00,9_16,16,380.239,349.3684422129511,,,2026-06-25T20:48:30.650157
dayahead,lightgbm,1,2023-01-01,2025-09-30,2025-10-01,2025-10-31,2025-10-20,2025-10-20,2025-10-20 17:00:00,17_24,17,494.461,450.0099713848712,,,2026-06-25T20:48:30.650157
dayahead,lightgbm,1,2023-01-01,2025-09-30,2025-10-01,2025-10-31,2025-10-20,2025-10-20,2025-10-20 18:00:00,17_24,18,494.429,441.5585346249782,,,2026-06-25T20:48:30.650157
dayahead,lightgbm,1,2023-01-01,2025-09-30,2025-10-01,2025-10-31,2025-10-20,2025-10-20,2025-10-20 19:00:00,17_24,19,468.355,430.09317455536495,,,2026-06-25T20:48:30.650157
dayahead,lightgbm,1,2023-01-01,2025-09-30,2025-10-01,2025-10-31,2025-10-20,2025-10-20,2025-10-20 20:00:00,17_24,20,382.513,420.53859141386636,,,2026-06-25T20:48:30.650157
dayahead,lightgbm,1,2023-01-01,2025-09-30,2025-10-01,2025-10-31,2025-10-20,2025-10-20,2025-10-20 21:00:00,17_24,21,379.474,427.9792380446227,,,2026-06-25T20:48:30.650157
dayahead,lightgbm,1,2023-01-01,2025-09-30,2025-10-01,2025-10-31,2025-10-20,2025-10-20,2025-10-20 22:00:00,17_24,22,484.468,429.4468157449108,,,2026-06-25T20:48:30.650157
dayahead,lightgbm,1,2023-01-01,2025-09-30,2025-10-01,2025-10-31,2025-10-20,2025-10-20,2025-10-20 23:00:00,17_24,23,405.976,426.9058671379515,,,2026-06-25T20:48:30.650157
dayahead,lightgbm,1,2023-01-01,2025-09-30,2025-10-01,2025-10-31,2025-10-20,2025-10-20,2025-10-21 00:00:00,17_24,24,374.882,422.83480095543285,,,2026-06-25T20:48:30.650157
dayahead,lightgbm,1,2023-01-01,2025-09-30,2025-10-01,2025-10-31,2025-10-21,2025-10-21,2025-10-21 01:00:00,1_8,1,411.985,368.18523071547867,,,2026-06-25T20:48:30.650157
dayahead,lightgbm,1,2023-01-01,2025-09-30,2025-10-01,2025-10-31,2025-10-21,2025-10-21,2025-10-21 02:00:00,1_8,2,402.352,363.6921396865957,,,2026-06-25T20:48:30.650157
dayahead,lightgbm,1,2023-01-01,2025-09-30,2025-10-01,2025-10-31,2025-10-21,2025-10-21,2025-10-21 03:00:00,1_8,3,395.142,363.3109225433108,,,2026-06-25T20:48:30.650157
dayahead,lightgbm,1,2023-01-01,2025-09-30,2025-10-01,2025-10-31,2025-10-21,2025-10-21,2025-10-21 04:00:00,1_8,4,390.546,359.7932496369925,,,2026-06-25T20:48:30.650157
dayahead,lightgbm,1,2023-01-01,2025-09-30,2025-10-01,2025-10-31,2025-10-21,2025-10-21,2025-10-21 05:00:00,1_8,5,391.544,359.7932496369925,,,2026-06-25T20:48:30.650157
dayahead,lightgbm,1,2023-01-01,2025-09-30,2025-10-01,2025-10-31,2025-10-21,2025-10-21,2025-10-21 06:00:00,1_8,6,407.069,373.3648916542686,,,2026-06-25T20:48:30.650157
dayahead,lightgbm,1,2023-01-01,2025-09-30,2025-10-01,2025-10-31,2025-10-21,2025-10-21,2025-10-21 07:00:00,1_8,7,435.289,382.58927106540364,,,2026-06-25T20:48:30.650157
dayahead,lightgbm,1,2023-01-01,2025-09-30,2025-10-01,2025-10-31,2025-10-21,2025-10-21,2025-10-21 08:00:00,1_8,8,382.905,322.0299543812819,,,2026-06-25T20:48:30.650157
dayahead,lightgbm,1,2023-01-01,2025-09-30,2025-10-01,2025-10-31,2025-10-21,2025-10-21,2025-10-21 09:00:00,9_16,9,262.218,200.23508520791734,,,2026-06-25T20:48:30.650157
dayahead,lightgbm,1,2023-01-01,2025-09-30,2025-10-01,2025-10-31,2025-10-21,2025-10-21,2025-10-21 10:00:00,9_16,10,-25.848,-51.86155556538766,,,2026-06-25T20:48:30.650157
dayahead,lightgbm,1,2023-01-01,2025-09-30,2025-10-01,2025-10-31,2025-10-21,2025-10-21,2025-10-21 11:00:00,9_16,11,-66.623,-30.73424671239101,,,2026-06-25T20:48:30.650157
dayahead,lightgbm,1,2023-01-01,2025-09-30,2025-10-01,2025-10-31,2025-10-21,2025-10-21,2025-10-21 12:00:00,9_16,12,-54.572,-39.05122281982173,,,2026-06-25T20:48:30.650157
dayahead,lightgbm,1,2023-01-01,2025-09-30,2025-10-01,2025-10-31,2025-10-21,2025-10-21,2025-10-21 13:00:00,9_16,13,-65.076,-39.05122281982173,,,2026-06-25T20:48:30.650157
dayahead,lightgbm,1,2023-01-01,2025-09-30,2025-10-01,2025-10-31,2025-10-21,2025-10-21,2025-10-21 14:00:00,9_16,14,-48.476,-16.6795738071847,,,2026-06-25T20:48:30.650157
dayahead,lightgbm,1,2023-01-01,2025-09-30,2025-10-01,2025-10-31,2025-10-21,2025-10-21,2025-10-21 15:00:00,9_16,15,180.528,84.74599628816429,,,2026-06-25T20:48:30.650157
dayahead,lightgbm,1,2023-01-01,2025-09-30,2025-10-01,2025-10-31,2025-10-21,2025-10-21,2025-10-21 16:00:00,9_16,16,357.093,265.5554709060276,,,2026-06-25T20:48:30.650157
dayahead,lightgbm,1,2023-01-01,2025-09-30,2025-10-01,2025-10-31,2025-10-21,2025-10-21,2025-10-21 17:00:00,17_24,17,512.284,472.07229173803165,,,2026-06-25T20:48:30.650157
dayahead,lightgbm,1,2023-01-01,2025-09-30,2025-10-01,2025-10-31,2025-10-21,2025-10-21,2025-10-21 18:00:00,17_24,18,617.647,475.25464524587915,,,2026-06-25T20:48:30.650157
dayahead,lightgbm,1,2023-01-01,2025-09-30,2025-10-01,2025-10-31,2025-10-21,2025-10-21,2025-10-21 19:00:00,17_24,19,607.253,476.3502640574747,,,2026-06-25T20:48:30.650157
dayahead,lightgbm,1,2023-01-01,2025-09-30,2025-10-01,2025-10-31,2025-10-21,2025-10-21,2025-10-21 20:00:00,17_24,20,591.491,463.94570052366214,,,2026-06-25T20:48:30.650157
dayahead,lightgbm,1,2023-01-01,2025-09-30,2025-10-01,2025-10-31,2025-10-21,2025-10-21,2025-10-21 21:00:00,17_24,21,588.513,462.15356977686173,,,2026-06-25T20:48:30.650157
dayahead,lightgbm,1,2023-01-01,2025-09-30,2025-10-01,2025-10-31,2025-10-21,2025-10-21,2025-10-21 22:00:00,17_24,22,589.651,464.98551421773175,,,2026-06-25T20:48:30.650157
dayahead,lightgbm,1,2023-01-01,2025-09-30,2025-10-01,2025-10-31,2025-10-21,2025-10-21,2025-10-21 23:00:00,17_24,23,534.84,434.4212776545843,,,2026-06-25T20:48:30.650157
dayahead,lightgbm,1,2023-01-01,2025-09-30,2025-10-01,2025-10-31,2025-10-21,2025-10-21,2025-10-22 00:00:00,17_24,24,501.257,460.9974114448338,,,2026-06-25T20:48:30.650157
dayahead,lightgbm,1,2023-01-01,2025-09-30,2025-10-01,2025-10-31,2025-10-22,2025-10-22,2025-10-22 01:00:00,1_8,1,396.334,391.23863750180595,,,2026-06-25T20:48:30.650157
dayahead,lightgbm,1,2023-01-01,2025-09-30,2025-10-01,2025-10-31,2025-10-22,2025-10-22,2025-10-22 02:00:00,1_8,2,401.471,395.58242655278576,,,2026-06-25T20:48:30.650157
dayahead,lightgbm,1,2023-01-01,2025-09-30,2025-10-01,2025-10-31,2025-10-22,2025-10-22,2025-10-22 03:00:00,1_8,3,402.0,391.05262153424576,,,2026-06-25T20:48:30.650157
dayahead,lightgbm,1,2023-01-01,2025-09-30,2025-10-01,2025-10-31,2025-10-22,2025-10-22,2025-10-22 04:00:00,1_8,4,394.19,387.2061432637217,,,2026-06-25T20:48:30.650157
dayahead,lightgbm,1,2023-01-01,2025-09-30,2025-10-01,2025-10-31,2025-10-22,2025-10-22,2025-10-22 05:00:00,1_8,5,391.146,391.05262153424576,,,2026-06-25T20:48:30.650157
dayahead,lightgbm,1,2023-01-01,2025-09-30,2025-10-01,2025-10-31,2025-10-22,2025-10-22,2025-10-22 06:00:00,1_8,6,401.263,399.68363908709097,,,2026-06-25T20:48:30.650157
dayahead,lightgbm,1,2023-01-01,2025-09-30,2025-10-01,2025-10-31,2025-10-22,2025-10-22,2025-10-22 07:00:00,1_8,7,415.781,404.83442513036886,,,2026-06-25T20:48:30.650157
dayahead,lightgbm,1,2023-01-01,2025-09-30,2025-10-01,2025-10-31,2025-10-22,2025-10-22,2025-10-22 08:00:00,1_8,8,386.281,339.5794911666323,,,2026-06-25T20:48:30.650157
dayahead,lightgbm,1,2023-01-01,2025-09-30,2025-10-01,2025-10-31,2025-10-22,2025-10-22,2025-10-22 09:00:00,9_16,9,290.562,183.71801110763533,,,2026-06-25T20:48:30.650157
dayahead,lightgbm,1,2023-01-01,2025-09-30,2025-10-01,2025-10-31,2025-10-22,2025-10-22,2025-10-22 10:00:00,9_16,10,-70.348,37.31251645284651,,,2026-06-25T20:48:30.650157
dayahead,lightgbm,1,2023-01-01,2025-09-30,2025-10-01,2025-10-31,2025-10-22,2025-10-22,2025-10-22 11:00:00,9_16,11,-100.0,-63.790399990192206,,,2026-06-25T20:48:30.650157
dayahead,lightgbm,1,2023-01-01,2025-09-30,2025-10-01,2025-10-31,2025-10-22,2025-10-22,2025-10-22 12:00:00,9_16,12,-100.0,-30.91886418027629,,,2026-06-25T20:48:30.650157
dayahead,lightgbm,1,2023-01-01,2025-09-30,2025-10-01,2025-10-31,2025-10-22,2025-10-22,2025-10-22 13:00:00,9_16,13,-100.0,-34.50901622515163,,,2026-06-25T20:48:30.650157
dayahead,lightgbm,1,2023-01-01,2025-09-30,2025-10-01,2025-10-31,2025-10-22,2025-10-22,2025-10-22 14:00:00,9_16,14,-76.104,51.51560787182968,,,2026-06-25T20:48:30.650157
dayahead,lightgbm,1,2023-01-01,2025-09-30,2025-10-01,2025-10-31,2025-10-22,2025-10-22,2025-10-22 15:00:00,9_16,15,240.598,193.67614496157668,,,2026-06-25T20:48:30.650157
dayahead,lightgbm,1,2023-01-01,2025-09-30,2025-10-01,2025-10-31,2025-10-22,2025-10-22,2025-10-22 16:00:00,9_16,16,355.771,331.4269955334207,,,2026-06-25T20:48:30.650157
dayahead,lightgbm,1,2023-01-01,2025-09-30,2025-10-01,2025-10-31,2025-10-22,2025-10-22,2025-10-22 17:00:00,17_24,17,546.393,470.6360690932452,,,2026-06-25T20:48:30.650157
dayahead,lightgbm,1,2023-01-01,2025-09-30,2025-10-01,2025-10-31,2025-10-22,2025-10-22,2025-10-22 18:00:00,17_24,18,622.776,493.75630571894413,,,2026-06-25T20:48:30.650157
dayahead,lightgbm,1,2023-01-01,2025-09-30,2025-10-01,2025-10-31,2025-10-22,2025-10-22,2025-10-22 19:00:00,17_24,19,623.296,481.11576174134296,,,2026-06-25T20:48:30.650157
dayahead,lightgbm,1,2023-01-01,2025-09-30,2025-10-01,2025-10-31,2025-10-22,2025-10-22,2025-10-22 20:00:00,17_24,20,623.131,478.08279375161965,,,2026-06-25T20:48:30.650157
dayahead,lightgbm,1,2023-01-01,2025-09-30,2025-10-01,2025-10-31,2025-10-22,2025-10-22,2025-10-22 21:00:00,17_24,21,623.301,483.8948209475102,,,2026-06-25T20:48:30.650157
dayahead,lightgbm,1,2023-01-01,2025-09-30,2025-10-01,2025-10-31,2025-10-22,2025-10-22,2025-10-22 22:00:00,17_24,22,580.643,486.54713087989575,,,2026-06-25T20:48:30.650157
dayahead,lightgbm,1,2023-01-01,2025-09-30,2025-10-01,2025-10-31,2025-10-22,2025-10-22,2025-10-22 23:00:00,17_24,23,436.609,479.6738403843301,,,2026-06-25T20:48:30.650157
dayahead,lightgbm,1,2023-01-01,2025-09-30,2025-10-01,2025-10-31,2025-10-22,2025-10-22,2025-10-23 00:00:00,17_24,24,394.718,464.1159080438688,,,2026-06-25T20:48:30.650157
dayahead,lightgbm,1,2023-01-01,2025-09-30,2025-10-01,2025-10-31,2025-10-23,2025-10-23,2025-10-23 01:00:00,1_8,1,393.617,406.04560389144433,,,2026-06-25T20:48:30.650157
dayahead,lightgbm,1,2023-01-01,2025-09-30,2025-10-01,2025-10-31,2025-10-23,2025-10-23,2025-10-23 02:00:00,1_8,2,397.5,391.46695769227387,,,2026-06-25T20:48:30.650157
dayahead,lightgbm,1,2023-01-01,2025-09-30,2025-10-01,2025-10-31,2025-10-23,2025-10-23,2025-10-23 03:00:00,1_8,3,395.805,383.5672492040061,,,2026-06-25T20:48:30.650157
dayahead,lightgbm,1,2023-01-01,2025-09-30,2025-10-01,2025-10-31,2025-10-23,2025-10-23,2025-10-23 04:00:00,1_8,4,387.306,382.9105812424206,,,2026-06-25T20:48:30.650157
dayahead,lightgbm,1,2023-01-01,2025-09-30,2025-10-01,2025-10-31,2025-10-23,2025-10-23,2025-10-23 05:00:00,1_8,5,383.74,382.9105812424206,,,2026-06-25T20:48:30.650157
dayahead,lightgbm,1,2023-01-01,2025-09-30,2025-10-01,2025-10-31,2025-10-23,2025-10-23,2025-10-23 06:00:00,1_8,6,391.009,394.1275021078861,,,2026-06-25T20:48:30.650157
dayahead,lightgbm,1,2023-01-01,2025-09-30,2025-10-01,2025-10-31,2025-10-23,2025-10-23,2025-10-23 07:00:00,1_8,7,400.192,385.75107546091726,,,2026-06-25T20:48:30.650157
dayahead,lightgbm,1,2023-01-01,2025-09-30,2025-10-01,2025-10-31,2025-10-23,2025-10-23,2025-10-23 08:00:00,1_8,8,389.599,357.27024066803517,,,2026-06-25T20:48:30.650157
dayahead,lightgbm,1,2023-01-01,2025-09-30,2025-10-01,2025-10-31,2025-10-23,2025-10-23,2025-10-23 09:00:00,9_16,9,339.071,217.01798727524124,,,2026-06-25T20:48:30.650157
dayahead,lightgbm,1,2023-01-01,2025-09-30,2025-10-01,2025-10-31,2025-10-23,2025-10-23,2025-10-23 10:00:00,9_16,10,208.231,39.74556682222413,,,2026-06-25T20:48:30.650157
dayahead,lightgbm,1,2023-01-01,2025-09-30,2025-10-01,2025-10-31,2025-10-23,2025-10-23,2025-10-23 11:00:00,9_16,11,204.53,36.05910298224292,,,2026-06-25T20:48:30.650157
dayahead,lightgbm,1,2023-01-01,2025-09-30,2025-10-01,2025-10-31,2025-10-23,2025-10-23,2025-10-23 12:00:00,9_16,12,202.064,-71.29869607991573,,,2026-06-25T20:48:30.650157
dayahead,lightgbm,1,2023-01-01,2025-09-30,2025-10-01,2025-10-31,2025-10-23,2025-10-23,2025-10-23 13:00:00,9_16,13,198.021,-69.10197858117188,,,2026-06-25T20:48:30.650157
dayahead,lightgbm,1,2023-01-01,2025-09-30,2025-10-01,2025-10-31,2025-10-23,2025-10-23,2025-10-23 14:00:00,9_16,14,254.967,100.89159636936763,,,2026-06-25T20:48:30.650157
dayahead,lightgbm,1,2023-01-01,2025-09-30,2025-10-01,2025-10-31,2025-10-23,2025-10-23,2025-10-23 15:00:00,9_16,15,330.427,229.91165859505077,,,2026-06-25T20:48:30.650157
dayahead,lightgbm,1,2023-01-01,2025-09-30,2025-10-01,2025-10-31,2025-10-23,2025-10-23,2025-10-23 16:00:00,9_16,16,377.923,373.9836731569511,,,2026-06-25T20:48:30.650157
dayahead,lightgbm,1,2023-01-01,2025-09-30,2025-10-01,2025-10-31,2025-10-23,2025-10-23,2025-10-23 17:00:00,17_24,17,406.31,487.4089760660963,,,2026-06-25T20:48:30.650157
dayahead,lightgbm,1,2023-01-01,2025-09-30,2025-10-01,2025-10-31,2025-10-23,2025-10-23,2025-10-23 18:00:00,17_24,18,426.79,498.59510096243474,,,2026-06-25T20:48:30.650157
dayahead,lightgbm,1,2023-01-01,2025-09-30,2025-10-01,2025-10-31,2025-10-23,2025-10-23,2025-10-23 19:00:00,17_24,19,426.923,490.83834129425986,,,2026-06-25T20:48:30.650157
dayahead,lightgbm,1,2023-01-01,2025-09-30,2025-10-01,2025-10-31,2025-10-23,2025-10-23,2025-10-23 20:00:00,17_24,20,421.626,483.41105544492376,,,2026-06-25T20:48:30.650157
dayahead,lightgbm,1,2023-01-01,2025-09-30,2025-10-01,2025-10-31,2025-10-23,2025-10-23,2025-10-23 21:00:00,17_24,21,409.702,490.2186259321088,,,2026-06-25T20:48:30.650157
dayahead,lightgbm,1,2023-01-01,2025-09-30,2025-10-01,2025-10-31,2025-10-23,2025-10-23,2025-10-23 22:00:00,17_24,22,426.552,486.66204497522847,,,2026-06-25T20:48:30.650157
dayahead,lightgbm,1,2023-01-01,2025-09-30,2025-10-01,2025-10-31,2025-10-23,2025-10-23,2025-10-23 23:00:00,17_24,23,419.511,416.85011175981225,,,2026-06-25T20:48:30.650157
dayahead,lightgbm,1,2023-01-01,2025-09-30,2025-10-01,2025-10-31,2025-10-23,2025-10-23,2025-10-24 00:00:00,17_24,24,398.578,424.4982372738339,,,2026-06-25T20:48:30.650157
dayahead,lightgbm,1,2023-01-01,2025-09-30,2025-10-01,2025-10-31,2025-10-24,2025-10-24,2025-10-24 01:00:00,1_8,1,387.812,387.0557328333662,,,2026-06-25T20:48:30.650157
dayahead,lightgbm,1,2023-01-01,2025-09-30,2025-10-01,2025-10-31,2025-10-24,2025-10-24,2025-10-24 02:00:00,1_8,2,392.524,387.0557328333662,,,2026-06-25T20:48:30.650157
dayahead,lightgbm,1,2023-01-01,2025-09-30,2025-10-01,2025-10-31,2025-10-24,2025-10-24,2025-10-24 03:00:00,1_8,3,390.58,384.84778683391977,,,2026-06-25T20:48:30.650157
dayahead,lightgbm,1,2023-01-01,2025-09-30,2025-10-01,2025-10-31,2025-10-24,2025-10-24,2025-10-24 04:00:00,1_8,4,382.72,370.0775394087188,,,2026-06-25T20:48:30.650157
dayahead,lightgbm,1,2023-01-01,2025-09-30,2025-10-01,2025-10-31,2025-10-24,2025-10-24,2025-10-24 05:00:00,1_8,5,381.09,373.2115830139562,,,2026-06-25T20:48:30.650157
dayahead,lightgbm,1,2023-01-01,2025-09-30,2025-10-01,2025-10-31,2025-10-24,2025-10-24,2025-10-24 06:00:00,1_8,6,387.467,392.37218824171987,,,2026-06-25T20:48:30.650157
dayahead,lightgbm,1,2023-01-01,2025-09-30,2025-10-01,2025-10-31,2025-10-24,2025-10-24,2025-10-24 07:00:00,1_8,7,400.744,397.22305243012636,,,2026-06-25T20:48:30.650157
dayahead,lightgbm,1,2023-01-01,2025-09-30,2025-10-01,2025-10-31,2025-10-24,2025-10-24,2025-10-24 08:00:00,1_8,8,394.871,393.81669226407456,,,2026-06-25T20:48:30.650157
dayahead,lightgbm,1,2023-01-01,2025-09-30,2025-10-01,2025-10-31,2025-10-24,2025-10-24,2025-10-24 09:00:00,9_16,9,373.242,296.49281618655937,,,2026-06-25T20:48:30.650157
dayahead,lightgbm,1,2023-01-01,2025-09-30,2025-10-01,2025-10-31,2025-10-24,2025-10-24,2025-10-24 10:00:00,9_16,10,309.767,201.10767914377467,,,2026-06-25T20:48:30.650157
dayahead,lightgbm,1,2023-01-01,2025-09-30,2025-10-01,2025-10-31,2025-10-24,2025-10-24,2025-10-24 11:00:00,9_16,11,300.658,140.86726329679541,,,2026-06-25T20:48:30.650157
dayahead,lightgbm,1,2023-01-01,2025-09-30,2025-10-01,2025-10-31,2025-10-24,2025-10-24,2025-10-24 12:00:00,9_16,12,287.363,138.8091532081405,,,2026-06-25T20:48:30.650157
dayahead,lightgbm,1,2023-01-01,2025-09-30,2025-10-01,2025-10-31,2025-10-24,2025-10-24,2025-10-24 13:00:00,9_16,13,273.21,111.72397052999253,,,2026-06-25T20:48:30.650157
dayahead,lightgbm,1,2023-01-01,2025-09-30,2025-10-01,2025-10-31,2025-10-24,2025-10-24,2025-10-24 14:00:00,9_16,14,327.027,166.96850907300484,,,2026-06-25T20:48:30.650157
dayahead,lightgbm,1,2023-01-01,2025-09-30,2025-10-01,2025-10-31,2025-10-24,2025-10-24,2025-10-24 15:00:00,9_16,15,362.435,269.2974829456326,,,2026-06-25T20:48:30.650157
dayahead,lightgbm,1,2023-01-01,2025-09-30,2025-10-01,2025-10-31,2025-10-24,2025-10-24,2025-10-24 16:00:00,9_16,16,387.665,363.8756657981027,,,2026-06-25T20:48:30.650157
dayahead,lightgbm,1,2023-01-01,2025-09-30,2025-10-01,2025-10-31,2025-10-24,2025-10-24,2025-10-24 17:00:00,17_24,17,416.027,463.13101615776577,,,2026-06-25T20:48:30.650157
dayahead,lightgbm,1,2023-01-01,2025-09-30,2025-10-01,2025-10-31,2025-10-24,2025-10-24,2025-10-24 18:00:00,17_24,18,464.77,449.3432694685161,,,2026-06-25T20:48:30.650157
dayahead,lightgbm,1,2023-01-01,2025-09-30,2025-10-01,2025-10-31,2025-10-24,2025-10-24,2025-10-24 19:00:00,17_24,19,449.767,443.13530990850313,,,2026-06-25T20:48:30.650157
dayahead,lightgbm,1,2023-01-01,2025-09-30,2025-10-01,2025-10-31,2025-10-24,2025-10-24,2025-10-24 20:00:00,17_24,20,464.77,437.98512638822683,,,2026-06-25T20:48:30.650157
dayahead,lightgbm,1,2023-01-01,2025-09-30,2025-10-01,2025-10-31,2025-10-24,2025-10-24,2025-10-24 21:00:00,17_24,21,464.77,436.57292734764377,,,2026-06-25T20:48:30.650157
dayahead,lightgbm,1,2023-01-01,2025-09-30,2025-10-01,2025-10-31,2025-10-24,2025-10-24,2025-10-24 22:00:00,17_24,22,464.77,435.8492457641816,,,2026-06-25T20:48:30.650157
dayahead,lightgbm,1,2023-01-01,2025-09-30,2025-10-01,2025-10-31,2025-10-24,2025-10-24,2025-10-24 23:00:00,17_24,23,449.025,417.6645493765487,,,2026-06-25T20:48:30.650157
dayahead,lightgbm,1,2023-01-01,2025-09-30,2025-10-01,2025-10-31,2025-10-24,2025-10-24,2025-10-25 00:00:00,17_24,24,413.084,414.84211833229836,,,2026-06-25T20:48:30.650157
dayahead,lightgbm,1,2023-01-01,2025-09-30,2025-10-01,2025-10-31,2025-10-25,2025-10-25,2025-10-25 01:00:00,1_8,1,381.93,395.1374878244655,,,2026-06-25T20:48:30.650157
dayahead,lightgbm,1,2023-01-01,2025-09-30,2025-10-01,2025-10-31,2025-10-25,2025-10-25,2025-10-25 02:00:00,1_8,2,379.632,402.4268052599178,,,2026-06-25T20:48:30.650157
dayahead,lightgbm,1,2023-01-01,2025-09-30,2025-10-01,2025-10-31,2025-10-25,2025-10-25,2025-10-25 03:00:00,1_8,3,378.0,402.4268052599178,,,2026-06-25T20:48:30.650157
dayahead,lightgbm,1,2023-01-01,2025-09-30,2025-10-01,2025-10-31,2025-10-25,2025-10-25,2025-10-25 04:00:00,1_8,4,378.0,392.5176706151731,,,2026-06-25T20:48:30.650157
dayahead,lightgbm,1,2023-01-01,2025-09-30,2025-10-01,2025-10-31,2025-10-25,2025-10-25,2025-10-25 05:00:00,1_8,5,378.0,392.5176706151731,,,2026-06-25T20:48:30.650157
dayahead,lightgbm,1,2023-01-01,2025-09-30,2025-10-01,2025-10-31,2025-10-25,2025-10-25,2025-10-25 06:00:00,1_8,6,376.856,393.78735958200247,,,2026-06-25T20:48:30.650157
dayahead,lightgbm,1,2023-01-01,2025-09-30,2025-10-01,2025-10-31,2025-10-25,2025-10-25,2025-10-25 07:00:00,1_8,7,381.585,402.70807782736773,,,2026-06-25T20:48:30.650157
dayahead,lightgbm,1,2023-01-01,2025-09-30,2025-10-01,2025-10-31,2025-10-25,2025-10-25,2025-10-25 08:00:00,1_8,8,454.173,402.70807782736773,,,2026-06-25T20:48:30.650157
dayahead,lightgbm,1,2023-01-01,2025-09-30,2025-10-01,2025-10-31,2025-10-25,2025-10-25,2025-10-25 09:00:00,9_16,9,444.158,363.452657083601,,,2026-06-25T20:48:30.650157
dayahead,lightgbm,1,2023-01-01,2025-09-30,2025-10-01,2025-10-31,2025-10-25,2025-10-25,2025-10-25 10:00:00,9_16,10,375.726,341.36080601352114,,,2026-06-25T20:48:30.650157
dayahead,lightgbm,1,2023-01-01,2025-09-30,2025-10-01,2025-10-31,2025-10-25,2025-10-25,2025-10-25 11:00:00,9_16,11,378.085,341.17189211673883,,,2026-06-25T20:48:30.650157
dayahead,lightgbm,1,2023-01-01,2025-09-30,2025-10-01,2025-10-31,2025-10-25,2025-10-25,2025-10-25 12:00:00,9_16,12,407.902,338.7796884720702,,,2026-06-25T20:48:30.650157
dayahead,lightgbm,1,2023-01-01,2025-09-30,2025-10-01,2025-10-31,2025-10-25,2025-10-25,2025-10-25 13:00:00,9_16,13,376.427,321.6762117728168,,,2026-06-25T20:48:30.650157
dayahead,lightgbm,1,2023-01-01,2025-09-30,2025-10-01,2025-10-31,2025-10-25,2025-10-25,2025-10-25 14:00:00,9_16,14,518.561,366.9019453000231,,,2026-06-25T20:48:30.650157
dayahead,lightgbm,1,2023-01-01,2025-09-30,2025-10-01,2025-10-31,2025-10-25,2025-10-25,2025-10-25 15:00:00,9_16,15,588.88,393.3980524858115,,,2026-06-25T20:48:30.650157
dayahead,lightgbm,1,2023-01-01,2025-09-30,2025-10-01,2025-10-31,2025-10-25,2025-10-25,2025-10-25 16:00:00,9_16,16,588.88,399.989732507647,,,2026-06-25T20:48:30.650157
dayahead,lightgbm,1,2023-01-01,2025-09-30,2025-10-01,2025-10-31,2025-10-25,2025-10-25,2025-10-25 17:00:00,17_24,17,588.88,447.12821149856325,,,2026-06-25T20:48:30.650157
dayahead,lightgbm,1,2023-01-01,2025-09-30,2025-10-01,2025-10-31,2025-10-25,2025-10-25,2025-10-25 18:00:00,17_24,18,571.802,450.42762430688066,,,2026-06-25T20:48:30.650157
dayahead,lightgbm,1,2023-01-01,2025-09-30,2025-10-01,2025-10-31,2025-10-25,2025-10-25,2025-10-25 19:00:00,17_24,19,432.767,444.2279926405248,,,2026-06-25T20:48:30.650157
dayahead,lightgbm,1,2023-01-01,2025-09-30,2025-10-01,2025-10-31,2025-10-25,2025-10-25,2025-10-25 20:00:00,17_24,20,376.418,438.5990310705684,,,2026-06-25T20:48:30.650157
dayahead,lightgbm,1,2023-01-01,2025-09-30,2025-10-01,2025-10-31,2025-10-25,2025-10-25,2025-10-25 21:00:00,17_24,21,375.334,444.28577545106646,,,2026-06-25T20:48:30.650157
dayahead,lightgbm,1,2023-01-01,2025-09-30,2025-10-01,2025-10-31,2025-10-25,2025-10-25,2025-10-25 22:00:00,17_24,22,378.378,444.80560039758075,,,2026-06-25T20:48:30.650157
dayahead,lightgbm,1,2023-01-01,2025-09-30,2025-10-01,2025-10-31,2025-10-25,2025-10-25,2025-10-25 23:00:00,17_24,23,374.358,429.07171049967263,,,2026-06-25T20:48:30.650157
dayahead,lightgbm,1,2023-01-01,2025-09-30,2025-10-01,2025-10-31,2025-10-25,2025-10-25,2025-10-26 00:00:00,17_24,24,372.4,435.951527688514,,,2026-06-25T20:48:30.650157
dayahead,lightgbm,1,2023-01-01,2025-09-30,2025-10-01,2025-10-31,2025-10-26,2025-10-26,2025-10-26 01:00:00,1_8,1,363.737,390.96941723732846,,,2026-06-25T20:48:30.650157
dayahead,lightgbm,1,2023-01-01,2025-09-30,2025-10-01,2025-10-31,2025-10-26,2025-10-26,2025-10-26 02:00:00,1_8,2,368.573,390.96941723732846,,,2026-06-25T20:48:30.650157
dayahead,lightgbm,1,2023-01-01,2025-09-30,2025-10-01,2025-10-31,2025-10-26,2025-10-26,2025-10-26 03:00:00,1_8,3,370.0,385.90043179748307,,,2026-06-25T20:48:30.650157
dayahead,lightgbm,1,2023-01-01,2025-09-30,2025-10-01,2025-10-31,2025-10-26,2025-10-26,2025-10-26 04:00:00,1_8,4,368.999,384.7305289258671,,,2026-06-25T20:48:30.650157
dayahead,lightgbm,1,2023-01-01,2025-09-30,2025-10-01,2025-10-31,2025-10-26,2025-10-26,2025-10-26 05:00:00,1_8,5,366.495,382.24382322370326,,,2026-06-25T20:48:30.650157
dayahead,lightgbm,1,2023-01-01,2025-09-30,2025-10-01,2025-10-31,2025-10-26,2025-10-26,2025-10-26 06:00:00,1_8,6,367.146,384.66679699874334,,,2026-06-25T20:48:30.650157
dayahead,lightgbm,1,2023-01-01,2025-09-30,2025-10-01,2025-10-31,2025-10-26,2025-10-26,2025-10-26 07:00:00,1_8,7,367.729,382.03521566337844,,,2026-06-25T20:48:30.650157
dayahead,lightgbm,1,2023-01-01,2025-09-30,2025-10-01,2025-10-31,2025-10-26,2025-10-26,2025-10-26 08:00:00,1_8,8,362.131,381.84385242574996,,,2026-06-25T20:48:30.650157
dayahead,lightgbm,1,2023-01-01,2025-09-30,2025-10-01,2025-10-31,2025-10-26,2025-10-26,2025-10-26 09:00:00,9_16,9,351.541,341.4029597143638,,,2026-06-25T20:48:30.650157
dayahead,lightgbm,1,2023-01-01,2025-09-30,2025-10-01,2025-10-31,2025-10-26,2025-10-26,2025-10-26 10:00:00,9_16,10,320.152,163.49371844013018,,,2026-06-25T20:48:30.650157
dayahead,lightgbm,1,2023-01-01,2025-09-30,2025-10-01,2025-10-31,2025-10-26,2025-10-26,2025-10-26 11:00:00,9_16,11,312.148,102.43916973163668,,,2026-06-25T20:48:30.650157
dayahead,lightgbm,1,2023-01-01,2025-09-30,2025-10-01,2025-10-31,2025-10-26,2025-10-26,2025-10-26 12:00:00,9_16,12,312.717,85.10843529542802,,,2026-06-25T20:48:30.650157
dayahead,lightgbm,1,2023-01-01,2025-09-30,2025-10-01,2025-10-31,2025-10-26,2025-10-26,2025-10-26 13:00:00,9_16,13,309.638,85.5395704321797,,,2026-06-25T20:48:30.650157
dayahead,lightgbm,1,2023-01-01,2025-09-30,2025-10-01,2025-10-31,2025-10-26,2025-10-26,2025-10-26 14:00:00,9_16,14,309.228,113.66608088913173,,,2026-06-25T20:48:30.650157
dayahead,lightgbm,1,2023-01-01,2025-09-30,2025-10-01,2025-10-31,2025-10-26,2025-10-26,2025-10-26 15:00:00,9_16,15,318.545,170.7311076949146,,,2026-06-25T20:48:30.650157
dayahead,lightgbm,1,2023-01-01,2025-09-30,2025-10-01,2025-10-31,2025-10-26,2025-10-26,2025-10-26 16:00:00,9_16,16,347.201,268.1938506050794,,,2026-06-25T20:48:30.650157
dayahead,lightgbm,1,2023-01-01,2025-09-30,2025-10-01,2025-10-31,2025-10-26,2025-10-26,2025-10-26 17:00:00,17_24,17,402.027,470.2334647893057,,,2026-06-25T20:48:30.650157
dayahead,lightgbm,1,2023-01-01,2025-09-30,2025-10-01,2025-10-31,2025-10-26,2025-10-26,2025-10-26 18:00:00,17_24,18,513.33,469.0238197938932,,,2026-06-25T20:48:30.650157
dayahead,lightgbm,1,2023-01-01,2025-09-30,2025-10-01,2025-10-31,2025-10-26,2025-10-26,2025-10-26 19:00:00,17_24,19,510.031,447.1755850817387,,,2026-06-25T20:48:30.650157
dayahead,lightgbm,1,2023-01-01,2025-09-30,2025-10-01,2025-10-31,2025-10-26,2025-10-26,2025-10-26 20:00:00,17_24,20,506.212,443.80424250943554,,,2026-06-25T20:48:30.650157
dayahead,lightgbm,1,2023-01-01,2025-09-30,2025-10-01,2025-10-31,2025-10-26,2025-10-26,2025-10-26 21:00:00,17_24,21,478.538,441.26000721829485,,,2026-06-25T20:48:30.650157
dayahead,lightgbm,1,2023-01-01,2025-09-30,2025-10-01,2025-10-31,2025-10-26,2025-10-26,2025-10-26 22:00:00,17_24,22,548.876,442.0257828150409,,,2026-06-25T20:48:30.650157
dayahead,lightgbm,1,2023-01-01,2025-09-30,2025-10-01,2025-10-31,2025-10-26,2025-10-26,2025-10-26 23:00:00,17_24,23,513.33,424.3848592798937,,,2026-06-25T20:48:30.650157
dayahead,lightgbm,1,2023-01-01,2025-09-30,2025-10-01,2025-10-31,2025-10-26,2025-10-26,2025-10-27 00:00:00,17_24,24,478.487,427.7022793239535,,,2026-06-25T20:48:30.650157
dayahead,lightgbm,1,2023-01-01,2025-09-30,2025-10-01,2025-10-31,2025-10-27,2025-10-27,2025-10-27 01:00:00,1_8,1,381.0,383.6053978161809,,,2026-06-25T20:48:30.650157
dayahead,lightgbm,1,2023-01-01,2025-09-30,2025-10-01,2025-10-31,2025-10-27,2025-10-27,2025-10-27 02:00:00,1_8,2,379.88,378.4953018004444,,,2026-06-25T20:48:30.650157
dayahead,lightgbm,1,2023-01-01,2025-09-30,2025-10-01,2025-10-31,2025-10-27,2025-10-27,2025-10-27 03:00:00,1_8,3,376.757,378.4953018004444,,,2026-06-25T20:48:30.650157
dayahead,lightgbm,1,2023-01-01,2025-09-30,2025-10-01,2025-10-31,2025-10-27,2025-10-27,2025-10-27 04:00:00,1_8,4,374.0,378.8156527998491,,,2026-06-25T20:48:30.650157
dayahead,lightgbm,1,2023-01-01,2025-09-30,2025-10-01,2025-10-31,2025-10-27,2025-10-27,2025-10-27 05:00:00,1_8,5,375.135,378.8152795703265,,,2026-06-25T20:48:30.650157
dayahead,lightgbm,1,2023-01-01,2025-09-30,2025-10-01,2025-10-31,2025-10-27,2025-10-27,2025-10-27 06:00:00,1_8,6,376.649,379.47599762781084,,,2026-06-25T20:48:30.650157
dayahead,lightgbm,1,2023-01-01,2025-09-30,2025-10-01,2025-10-31,2025-10-27,2025-10-27,2025-10-27 07:00:00,1_8,7,382.258,390.37759771504335,,,2026-06-25T20:48:30.650157
dayahead,lightgbm,1,2023-01-01,2025-09-30,2025-10-01,2025-10-31,2025-10-27,2025-10-27,2025-10-27 08:00:00,1_8,8,375.406,338.9887136154348,,,2026-06-25T20:48:30.650157
dayahead,lightgbm,1,2023-01-01,2025-09-30,2025-10-01,2025-10-31,2025-10-27,2025-10-27,2025-10-27 09:00:00,9_16,9,243.03,157.14853131269504,,,2026-06-25T20:48:30.650157
dayahead,lightgbm,1,2023-01-01,2025-09-30,2025-10-01,2025-10-31,2025-10-27,2025-10-27,2025-10-27 10:00:00,9_16,10,-64.278,-26.757923483355896,,,2026-06-25T20:48:30.650157
dayahead,lightgbm,1,2023-01-01,2025-09-30,2025-10-01,2025-10-31,2025-10-27,2025-10-27,2025-10-27 11:00:00,9_16,11,-100.0,-40.78080226753671,,,2026-06-25T20:48:30.650157
dayahead,lightgbm,1,2023-01-01,2025-09-30,2025-10-01,2025-10-31,2025-10-27,2025-10-27,2025-10-27 12:00:00,9_16,12,-96.897,-40.10369223922643,,,2026-06-25T20:48:30.650157
dayahead,lightgbm,1,2023-01-01,2025-09-30,2025-10-01,2025-10-31,2025-10-27,2025-10-27,2025-10-27 13:00:00,9_16,13,-100.0,-40.10369223922643,,,2026-06-25T20:48:30.650157
dayahead,lightgbm,1,2023-01-01,2025-09-30,2025-10-01,2025-10-31,2025-10-27,2025-10-27,2025-10-27 14:00:00,9_16,14,-69.199,-21.403623556137745,,,2026-06-25T20:48:30.650157
dayahead,lightgbm,1,2023-01-01,2025-09-30,2025-10-01,2025-10-31,2025-10-27,2025-10-27,2025-10-27 15:00:00,9_16,15,243.137,100.2273743723806,,,2026-06-25T20:48:30.650157
dayahead,lightgbm,1,2023-01-01,2025-09-30,2025-10-01,2025-10-31,2025-10-27,2025-10-27,2025-10-27 16:00:00,9_16,16,369.803,303.21516855021275,,,2026-06-25T20:48:30.650157
dayahead,lightgbm,1,2023-01-01,2025-09-30,2025-10-01,2025-10-31,2025-10-27,2025-10-27,2025-10-27 17:00:00,17_24,17,384.556,481.5003641350226,,,2026-06-25T20:48:30.650157
dayahead,lightgbm,1,2023-01-01,2025-09-30,2025-10-01,2025-10-31,2025-10-27,2025-10-27,2025-10-27 18:00:00,17_24,18,385.331,490.49916006787055,,,2026-06-25T20:48:30.650157
dayahead,lightgbm,1,2023-01-01,2025-09-30,2025-10-01,2025-10-31,2025-10-27,2025-10-27,2025-10-27 19:00:00,17_24,19,385.094,463.3648505141014,,,2026-06-25T20:48:30.650157
dayahead,lightgbm,1,2023-01-01,2025-09-30,2025-10-01,2025-10-31,2025-10-27,2025-10-27,2025-10-27 20:00:00,17_24,20,384.505,445.9817067588055,,,2026-06-25T20:48:30.650157
dayahead,lightgbm,1,2023-01-01,2025-09-30,2025-10-01,2025-10-31,2025-10-27,2025-10-27,2025-10-27 21:00:00,17_24,21,384.5,445.11549605664874,,,2026-06-25T20:48:30.650157
dayahead,lightgbm,1,2023-01-01,2025-09-30,2025-10-01,2025-10-31,2025-10-27,2025-10-27,2025-10-27 22:00:00,17_24,22,383.814,468.2215304115912,,,2026-06-25T20:48:30.650157
dayahead,lightgbm,1,2023-01-01,2025-09-30,2025-10-01,2025-10-31,2025-10-27,2025-10-27,2025-10-27 23:00:00,17_24,23,380.296,418.3826300234725,,,2026-06-25T20:48:30.650157
dayahead,lightgbm,1,2023-01-01,2025-09-30,2025-10-01,2025-10-31,2025-10-27,2025-10-27,2025-10-28 00:00:00,17_24,24,376.284,418.3826300234725,,,2026-06-25T20:48:30.650157
dayahead,lightgbm,1,2023-01-01,2025-09-30,2025-10-01,2025-10-31,2025-10-28,2025-10-28,2025-10-28 01:00:00,1_8,1,381.264,363.31358883817626,,,2026-06-25T20:48:30.650157
dayahead,lightgbm,1,2023-01-01,2025-09-30,2025-10-01,2025-10-31,2025-10-28,2025-10-28,2025-10-28 02:00:00,1_8,2,385.006,360.1248829578256,,,2026-06-25T20:48:30.650157
dayahead,lightgbm,1,2023-01-01,2025-09-30,2025-10-01,2025-10-31,2025-10-28,2025-10-28,2025-10-28 03:00:00,1_8,3,384.0,360.1248829578256,,,2026-06-25T20:48:30.650157
dayahead,lightgbm,1,2023-01-01,2025-09-30,2025-10-01,2025-10-31,2025-10-28,2025-10-28,2025-10-28 04:00:00,1_8,4,380.5,360.1248829578256,,,2026-06-25T20:48:30.650157
dayahead,lightgbm,1,2023-01-01,2025-09-30,2025-10-01,2025-10-31,2025-10-28,2025-10-28,2025-10-28 05:00:00,1_8,5,380.506,360.1248829578256,,,2026-06-25T20:48:30.650157
dayahead,lightgbm,1,2023-01-01,2025-09-30,2025-10-01,2025-10-31,2025-10-28,2025-10-28,2025-10-28 06:00:00,1_8,6,382.0,368.3170383895257,,,2026-06-25T20:48:30.650157
dayahead,lightgbm,1,2023-01-01,2025-09-30,2025-10-01,2025-10-31,2025-10-28,2025-10-28,2025-10-28 07:00:00,1_8,7,489.859,377.83742390336636,,,2026-06-25T20:48:30.650157
dayahead,lightgbm,1,2023-01-01,2025-09-30,2025-10-01,2025-10-31,2025-10-28,2025-10-28,2025-10-28 08:00:00,1_8,8,382.521,344.35941068030314,,,2026-06-25T20:48:30.650157
dayahead,lightgbm,1,2023-01-01,2025-09-30,2025-10-01,2025-10-31,2025-10-28,2025-10-28,2025-10-28 09:00:00,9_16,9,360.241,170.00733712357976,,,2026-06-25T20:48:30.650157
dayahead,lightgbm,1,2023-01-01,2025-09-30,2025-10-01,2025-10-31,2025-10-28,2025-10-28,2025-10-28 10:00:00,9_16,10,176.523,-4.777537885835327,,,2026-06-25T20:48:30.650157
dayahead,lightgbm,1,2023-01-01,2025-09-30,2025-10-01,2025-10-31,2025-10-28,2025-10-28,2025-10-28 11:00:00,9_16,11,141.836,-20.75538109511437,,,2026-06-25T20:48:30.650157
dayahead,lightgbm,1,2023-01-01,2025-09-30,2025-10-01,2025-10-31,2025-10-28,2025-10-28,2025-10-28 12:00:00,9_16,12,149.245,-36.478505339164606,,,2026-06-25T20:48:30.650157
dayahead,lightgbm,1,2023-01-01,2025-09-30,2025-10-01,2025-10-31,2025-10-28,2025-10-28,2025-10-28 13:00:00,9_16,13,134.321,-33.65487711850728,,,2026-06-25T20:48:30.650157
dayahead,lightgbm,1,2023-01-01,2025-09-30,2025-10-01,2025-10-31,2025-10-28,2025-10-28,2025-10-28 14:00:00,9_16,14,171.786,-57.84918490218659,,,2026-06-25T20:48:30.650157
dayahead,lightgbm,1,2023-01-01,2025-09-30,2025-10-01,2025-10-31,2025-10-28,2025-10-28,2025-10-28 15:00:00,9_16,15,348.572,173.19356827152492,,,2026-06-25T20:48:30.650157
dayahead,lightgbm,1,2023-01-01,2025-09-30,2025-10-01,2025-10-31,2025-10-28,2025-10-28,2025-10-28 16:00:00,9_16,16,378.317,331.2688215223847,,,2026-06-25T20:48:30.650157
dayahead,lightgbm,1,2023-01-01,2025-09-30,2025-10-01,2025-10-31,2025-10-28,2025-10-28,2025-10-28 17:00:00,17_24,17,384.039,412.77907138917794,,,2026-06-25T20:48:30.650157
dayahead,lightgbm,1,2023-01-01,2025-09-30,2025-10-01,2025-10-31,2025-10-28,2025-10-28,2025-10-28 18:00:00,17_24,18,385.742,409.75655344361707,,,2026-06-25T20:48:30.650157
dayahead,lightgbm,1,2023-01-01,2025-09-30,2025-10-01,2025-10-31,2025-10-28,2025-10-28,2025-10-28 19:00:00,17_24,19,386.127,403.4545836175022,,,2026-06-25T20:48:30.650157
dayahead,lightgbm,1,2023-01-01,2025-09-30,2025-10-01,2025-10-31,2025-10-28,2025-10-28,2025-10-28 20:00:00,17_24,20,385.29,388.9784676932357,,,2026-06-25T20:48:30.650157
dayahead,lightgbm,1,2023-01-01,2025-09-30,2025-10-01,2025-10-31,2025-10-28,2025-10-28,2025-10-28 21:00:00,17_24,21,383.645,359.42988475982764,,,2026-06-25T20:48:30.650157
dayahead,lightgbm,1,2023-01-01,2025-09-30,2025-10-01,2025-10-31,2025-10-28,2025-10-28,2025-10-28 22:00:00,17_24,22,382.656,397.8545233277767,,,2026-06-25T20:48:30.650157
dayahead,lightgbm,1,2023-01-01,2025-09-30,2025-10-01,2025-10-31,2025-10-28,2025-10-28,2025-10-28 23:00:00,17_24,23,380.285,261.2171735577112,,,2026-06-25T20:48:30.650157
dayahead,lightgbm,1,2023-01-01,2025-09-30,2025-10-01,2025-10-31,2025-10-28,2025-10-28,2025-10-29 00:00:00,17_24,24,374.507,271.82244619850263,,,2026-06-25T20:48:30.650157
dayahead,lightgbm,1,2023-01-01,2025-09-30,2025-10-01,2025-10-31,2025-10-29,2025-10-29,2025-10-29 01:00:00,1_8,1,425.543,206.5398580120579,,,2026-06-25T20:48:30.650157
dayahead,lightgbm,1,2023-01-01,2025-09-30,2025-10-01,2025-10-31,2025-10-29,2025-10-29,2025-10-29 02:00:00,1_8,2,481.823,187.31888952357443,,,2026-06-25T20:48:30.650157
dayahead,lightgbm,1,2023-01-01,2025-09-30,2025-10-01,2025-10-31,2025-10-29,2025-10-29,2025-10-29 03:00:00,1_8,3,461.921,243.43509824029636,,,2026-06-25T20:48:30.650157
dayahead,lightgbm,1,2023-01-01,2025-09-30,2025-10-01,2025-10-31,2025-10-29,2025-10-29,2025-10-29 04:00:00,1_8,4,400.571,243.43509824029636,,,2026-06-25T20:48:30.650157
dayahead,lightgbm,1,2023-01-01,2025-09-30,2025-10-01,2025-10-31,2025-10-29,2025-10-29,2025-10-29 05:00:00,1_8,5,414.509,240.07439548260166,,,2026-06-25T20:48:30.650157
dayahead,lightgbm,1,2023-01-01,2025-09-30,2025-10-01,2025-10-31,2025-10-29,2025-10-29,2025-10-29 06:00:00,1_8,6,450.606,235.26215255477666,,,2026-06-25T20:48:30.650157
dayahead,lightgbm,1,2023-01-01,2025-09-30,2025-10-01,2025-10-31,2025-10-29,2025-10-29,2025-10-29 07:00:00,1_8,7,505.24,279.22957095708244,,,2026-06-25T20:48:30.650157
dayahead,lightgbm,1,2023-01-01,2025-09-30,2025-10-01,2025-10-31,2025-10-29,2025-10-29,2025-10-29 08:00:00,1_8,8,444.472,259.957188548002,,,2026-06-25T20:48:30.650157
dayahead,lightgbm,1,2023-01-01,2025-09-30,2025-10-01,2025-10-31,2025-10-29,2025-10-29,2025-10-29 09:00:00,9_16,9,75.652,73.3039193572259,,,2026-06-25T20:48:30.650157
dayahead,lightgbm,1,2023-01-01,2025-09-30,2025-10-01,2025-10-31,2025-10-29,2025-10-29,2025-10-29 10:00:00,9_16,10,-90.387,-24.84602066931728,,,2026-06-25T20:48:30.650157
dayahead,lightgbm,1,2023-01-01,2025-09-30,2025-10-01,2025-10-31,2025-10-29,2025-10-29,2025-10-29 11:00:00,9_16,11,-74.831,-24.84602066931728,,,2026-06-25T20:48:30.650157
dayahead,lightgbm,1,2023-01-01,2025-09-30,2025-10-01,2025-10-31,2025-10-29,2025-10-29,2025-10-29 12:00:00,9_16,12,-74.223,-24.84602066931728,,,2026-06-25T20:48:30.650157
dayahead,lightgbm,1,2023-01-01,2025-09-30,2025-10-01,2025-10-31,2025-10-29,2025-10-29,2025-10-29 13:00:00,9_16,13,-86.655,-19.644892958185654,,,2026-06-25T20:48:30.650157
dayahead,lightgbm,1,2023-01-01,2025-09-30,2025-10-01,2025-10-31,2025-10-29,2025-10-29,2025-10-29 14:00:00,9_16,14,-86.487,-19.644892958185654,,,2026-06-25T20:48:30.650157
dayahead,lightgbm,1,2023-01-01,2025-09-30,2025-10-01,2025-10-31,2025-10-29,2025-10-29,2025-10-29 15:00:00,9_16,15,-10.488,-22.43558910521484,,,2026-06-25T20:48:30.650157
dayahead,lightgbm,1,2023-01-01,2025-09-30,2025-10-01,2025-10-31,2025-10-29,2025-10-29,2025-10-29 16:00:00,9_16,16,289.217,122.78809039351826,,,2026-06-25T20:48:30.650157
dayahead,lightgbm,1,2023-01-01,2025-09-30,2025-10-01,2025-10-31,2025-10-29,2025-10-29,2025-10-29 17:00:00,17_24,17,487.092,372.5509280500942,,,2026-06-25T20:48:30.650157
dayahead,lightgbm,1,2023-01-01,2025-09-30,2025-10-01,2025-10-31,2025-10-29,2025-10-29,2025-10-29 18:00:00,17_24,18,497.192,406.8513238073785,,,2026-06-25T20:48:30.650157
dayahead,lightgbm,1,2023-01-01,2025-09-30,2025-10-01,2025-10-31,2025-10-29,2025-10-29,2025-10-29 19:00:00,17_24,19,497.433,371.73695296960113,,,2026-06-25T20:48:30.650157
dayahead,lightgbm,1,2023-01-01,2025-09-30,2025-10-01,2025-10-31,2025-10-29,2025-10-29,2025-10-29 20:00:00,17_24,20,497.286,356.1690432620784,,,2026-06-25T20:48:30.650157
dayahead,lightgbm,1,2023-01-01,2025-09-30,2025-10-01,2025-10-31,2025-10-29,2025-10-29,2025-10-29 21:00:00,17_24,21,497.219,356.1690432620784,,,2026-06-25T20:48:30.650157
dayahead,lightgbm,1,2023-01-01,2025-09-30,2025-10-01,2025-10-31,2025-10-29,2025-10-29,2025-10-29 22:00:00,17_24,22,497.363,356.89552483623027,,,2026-06-25T20:48:30.650157
dayahead,lightgbm,1,2023-01-01,2025-09-30,2025-10-01,2025-10-31,2025-10-29,2025-10-29,2025-10-29 23:00:00,17_24,23,497.293,271.75671697917335,,,2026-06-25T20:48:30.650157
dayahead,lightgbm,1,2023-01-01,2025-09-30,2025-10-01,2025-10-31,2025-10-29,2025-10-29,2025-10-30 00:00:00,17_24,24,497.328,304.8462704705677,,,2026-06-25T20:48:30.650157
dayahead,lightgbm,1,2023-01-01,2025-09-30,2025-10-01,2025-10-31,2025-10-30,2025-10-30,2025-10-30 01:00:00,1_8,1,308.685,275.2044977651237,,,2026-06-25T20:48:30.650157
dayahead,lightgbm,1,2023-01-01,2025-09-30,2025-10-01,2025-10-31,2025-10-30,2025-10-30,2025-10-30 02:00:00,1_8,2,316.87,338.2519910082993,,,2026-06-25T20:48:30.650157
dayahead,lightgbm,1,2023-01-01,2025-09-30,2025-10-01,2025-10-31,2025-10-30,2025-10-30,2025-10-30 03:00:00,1_8,3,316.87,349.4350158577304,,,2026-06-25T20:48:30.650157
dayahead,lightgbm,1,2023-01-01,2025-09-30,2025-10-01,2025-10-31,2025-10-30,2025-10-30,2025-10-30 04:00:00,1_8,4,316.87,371.37403695236407,,,2026-06-25T20:48:30.650157
dayahead,lightgbm,1,2023-01-01,2025-09-30,2025-10-01,2025-10-31,2025-10-30,2025-10-30,2025-10-30 05:00:00,1_8,5,327.521,379.84616814945446,,,2026-06-25T20:48:30.650157
dayahead,lightgbm,1,2023-01-01,2025-09-30,2025-10-01,2025-10-31,2025-10-30,2025-10-30,2025-10-30 06:00:00,1_8,6,411.578,398.2704827235982,,,2026-06-25T20:48:30.650157
dayahead,lightgbm,1,2023-01-01,2025-09-30,2025-10-01,2025-10-31,2025-10-30,2025-10-30,2025-10-30 07:00:00,1_8,7,499.566,438.40621416525363,,,2026-06-25T20:48:30.650157
dayahead,lightgbm,1,2023-01-01,2025-09-30,2025-10-01,2025-10-31,2025-10-30,2025-10-30,2025-10-30 08:00:00,1_8,8,405.102,408.1949868521226,,,2026-06-25T20:48:30.650157
dayahead,lightgbm,1,2023-01-01,2025-09-30,2025-10-01,2025-10-31,2025-10-30,2025-10-30,2025-10-30 09:00:00,9_16,9,310.681,284.16073721023275,,,2026-06-25T20:48:30.650157
dayahead,lightgbm,1,2023-01-01,2025-09-30,2025-10-01,2025-10-31,2025-10-30,2025-10-30,2025-10-30 10:00:00,9_16,10,271.971,203.37275938440143,,,2026-06-25T20:48:30.650157
dayahead,lightgbm,1,2023-01-01,2025-09-30,2025-10-01,2025-10-31,2025-10-30,2025-10-30,2025-10-30 11:00:00,9_16,11,271.889,83.78414374579302,,,2026-06-25T20:48:30.650157
dayahead,lightgbm,1,2023-01-01,2025-09-30,2025-10-01,2025-10-31,2025-10-30,2025-10-30,2025-10-30 12:00:00,9_16,12,272.966,76.58710410121232,,,2026-06-25T20:48:30.650157
dayahead,lightgbm,1,2023-01-01,2025-09-30,2025-10-01,2025-10-31,2025-10-30,2025-10-30,2025-10-30 13:00:00,9_16,13,271.813,83.6369852012691,,,2026-06-25T20:48:30.650157
dayahead,lightgbm,1,2023-01-01,2025-09-30,2025-10-01,2025-10-31,2025-10-30,2025-10-30,2025-10-30 14:00:00,9_16,14,280.929,199.60240522230737,,,2026-06-25T20:48:30.650157
dayahead,lightgbm,1,2023-01-01,2025-09-30,2025-10-01,2025-10-31,2025-10-30,2025-10-30,2025-10-30 15:00:00,9_16,15,335.799,253.07014881768063,,,2026-06-25T20:48:30.650157
dayahead,lightgbm,1,2023-01-01,2025-09-30,2025-10-01,2025-10-31,2025-10-30,2025-10-30,2025-10-30 16:00:00,9_16,16,475.903,355.45249616082214,,,2026-06-25T20:48:30.650157
dayahead,lightgbm,1,2023-01-01,2025-09-30,2025-10-01,2025-10-31,2025-10-30,2025-10-30,2025-10-30 17:00:00,17_24,17,504.0,469.37902211558,,,2026-06-25T20:48:30.650157
dayahead,lightgbm,1,2023-01-01,2025-09-30,2025-10-01,2025-10-31,2025-10-30,2025-10-30,2025-10-30 18:00:00,17_24,18,504.0,471.54037052173237,,,2026-06-25T20:48:30.650157
dayahead,lightgbm,1,2023-01-01,2025-09-30,2025-10-01,2025-10-31,2025-10-30,2025-10-30,2025-10-30 19:00:00,17_24,19,504.002,470.3366179500284,,,2026-06-25T20:48:30.650157
dayahead,lightgbm,1,2023-01-01,2025-09-30,2025-10-01,2025-10-31,2025-10-30,2025-10-30,2025-10-30 20:00:00,17_24,20,393.002,467.8478015311081,,,2026-06-25T20:48:30.650157
dayahead,lightgbm,1,2023-01-01,2025-09-30,2025-10-01,2025-10-31,2025-10-30,2025-10-30,2025-10-30 21:00:00,17_24,21,476.344,470.67574287006266,,,2026-06-25T20:48:30.650157
dayahead,lightgbm,1,2023-01-01,2025-09-30,2025-10-01,2025-10-31,2025-10-30,2025-10-30,2025-10-30 22:00:00,17_24,22,504.0,470.866942486903,,,2026-06-25T20:48:30.650157
dayahead,lightgbm,1,2023-01-01,2025-09-30,2025-10-01,2025-10-31,2025-10-30,2025-10-30,2025-10-30 23:00:00,17_24,23,447.498,463.6234437273994,,,2026-06-25T20:48:30.650157
dayahead,lightgbm,1,2023-01-01,2025-09-30,2025-10-01,2025-10-31,2025-10-30,2025-10-30,2025-10-31 00:00:00,17_24,24,372.951,463.6234437273994,,,2026-06-25T20:48:30.650157
dayahead,lightgbm,1,2023-01-01,2025-09-30,2025-10-01,2025-10-31,2025-10-31,2025-10-31,2025-10-31 01:00:00,1_8,1,380.859,379.22221701033993,,,2026-06-25T20:48:30.650157
dayahead,lightgbm,1,2023-01-01,2025-09-30,2025-10-01,2025-10-31,2025-10-31,2025-10-31,2025-10-31 02:00:00,1_8,2,380.446,379.22221701033993,,,2026-06-25T20:48:30.650157
dayahead,lightgbm,1,2023-01-01,2025-09-30,2025-10-01,2025-10-31,2025-10-31,2025-10-31,2025-10-31 03:00:00,1_8,3,377.258,379.2501372842643,,,2026-06-25T20:48:30.650157
dayahead,lightgbm,1,2023-01-01,2025-09-30,2025-10-01,2025-10-31,2025-10-31,2025-10-31,2025-10-31 04:00:00,1_8,4,373.904,377.18624031031607,,,2026-06-25T20:48:30.650157
dayahead,lightgbm,1,2023-01-01,2025-09-30,2025-10-01,2025-10-31,2025-10-31,2025-10-31,2025-10-31 05:00:00,1_8,5,371.631,379.2501372842643,,,2026-06-25T20:48:30.650157
dayahead,lightgbm,1,2023-01-01,2025-09-30,2025-10-01,2025-10-31,2025-10-31,2025-10-31,2025-10-31 06:00:00,1_8,6,376.08,405.16446223887317,,,2026-06-25T20:48:30.650157
dayahead,lightgbm,1,2023-01-01,2025-09-30,2025-10-01,2025-10-31,2025-10-31,2025-10-31,2025-10-31 07:00:00,1_8,7,388.715,440.64857537505276,,,2026-06-25T20:48:30.650157
dayahead,lightgbm,1,2023-01-01,2025-09-30,2025-10-01,2025-10-31,2025-10-31,2025-10-31,2025-10-31 08:00:00,1_8,8,441.764,402.82021304740056,,,2026-06-25T20:48:30.650157
dayahead,lightgbm,1,2023-01-01,2025-09-30,2025-10-01,2025-10-31,2025-10-31,2025-10-31,2025-10-31 09:00:00,9_16,9,387.334,387.9552872680684,,,2026-06-25T20:48:30.650157
dayahead,lightgbm,1,2023-01-01,2025-09-30,2025-10-01,2025-10-31,2025-10-31,2025-10-31,2025-10-31 10:00:00,9_16,10,373.86,290.8675107311538,,,2026-06-25T20:48:30.650157
dayahead,lightgbm,1,2023-01-01,2025-09-30,2025-10-01,2025-10-31,2025-10-31,2025-10-31,2025-10-31 11:00:00,9_16,11,368.347,242.68662734447244,,,2026-06-25T20:48:30.650157
dayahead,lightgbm,1,2023-01-01,2025-09-30,2025-10-01,2025-10-31,2025-10-31,2025-10-31,2025-10-31 12:00:00,9_16,12,346.494,206.50701088568024,,,2026-06-25T20:48:30.650157
dayahead,lightgbm,1,2023-01-01,2025-09-30,2025-10-01,2025-10-31,2025-10-31,2025-10-31,2025-10-31 13:00:00,9_16,13,325.475,185.74063391247532,,,2026-06-25T20:48:30.650157
dayahead,lightgbm,1,2023-01-01,2025-09-30,2025-10-01,2025-10-31,2025-10-31,2025-10-31,2025-10-31 14:00:00,9_16,14,343.225,221.5396918367949,,,2026-06-25T20:48:30.650157
dayahead,lightgbm,1,2023-01-01,2025-09-30,2025-10-01,2025-10-31,2025-10-31,2025-10-31,2025-10-31 15:00:00,9_16,15,365.226,264.9142570966196,,,2026-06-25T20:48:30.650157
dayahead,lightgbm,1,2023-01-01,2025-09-30,2025-10-01,2025-10-31,2025-10-31,2025-10-31,2025-10-31 16:00:00,9_16,16,373.118,376.4790154748794,,,2026-06-25T20:48:30.650157
dayahead,lightgbm,1,2023-01-01,2025-09-30,2025-10-01,2025-10-31,2025-10-31,2025-10-31,2025-10-31 17:00:00,17_24,17,386.098,463.8151660847749,,,2026-06-25T20:48:30.650157
dayahead,lightgbm,1,2023-01-01,2025-09-30,2025-10-01,2025-10-31,2025-10-31,2025-10-31,2025-10-31 18:00:00,17_24,18,475.192,466.61223962815853,,,2026-06-25T20:48:30.650157
dayahead,lightgbm,1,2023-01-01,2025-09-30,2025-10-01,2025-10-31,2025-10-31,2025-10-31,2025-10-31 19:00:00,17_24,19,407.11,464.63675738899946,,,2026-06-25T20:48:30.650157
dayahead,lightgbm,1,2023-01-01,2025-09-30,2025-10-01,2025-10-31,2025-10-31,2025-10-31,2025-10-31 20:00:00,17_24,20,382.25,463.80765833320527,,,2026-06-25T20:48:30.650157
dayahead,lightgbm,1,2023-01-01,2025-09-30,2025-10-01,2025-10-31,2025-10-31,2025-10-31,2025-10-31 21:00:00,17_24,21,384.909,457.2076863342108,,,2026-06-25T20:48:30.650157
dayahead,lightgbm,1,2023-01-01,2025-09-30,2025-10-01,2025-10-31,2025-10-31,2025-10-31,2025-10-31 22:00:00,17_24,22,405.668,462.44774617641576,,,2026-06-25T20:48:30.650157
dayahead,lightgbm,1,2023-01-01,2025-09-30,2025-10-01,2025-10-31,2025-10-31,2025-10-31,2025-10-31 23:00:00,17_24,23,380.077,427.12068533518874,,,2026-06-25T20:48:30.650157
dayahead,lightgbm,1,2023-01-01,2025-09-30,2025-10-01,2025-10-31,2025-10-31,2025-10-31,2025-11-01 00:00:00,17_24,24,372.022,421.61800608863444,,,2026-06-25T20:48:30.650157
