task,model_name,fold_id,train_start,train_end,test_start,test_end,target_day,business_day,ds,period,hour_business,y_true,y_pred,source,run_mode,created_at
dayahead,timemixer,0,2023-01-01,2025-08-31,2025-09-01,2025-09-30,2025-09-01,2025-09-01,2025-09-01 01:00:00,1_8,1,361.51,237.14141845703125,,,2026-06-25T20:48:01.118111
dayahead,timemixer,0,2023-01-01,2025-08-31,2025-09-01,2025-09-30,2025-09-01,2025-09-01,2025-09-01 02:00:00,1_8,2,436.51,389.92236328125,,,2026-06-25T20:48:01.118111
dayahead,timemixer,0,2023-01-01,2025-08-31,2025-09-01,2025-09-30,2025-09-01,2025-09-01,2025-09-01 03:00:00,1_8,3,424.88,459.8333435058594,,,2026-06-25T20:48:01.118111
dayahead,timemixer,0,2023-01-01,2025-08-31,2025-09-01,2025-09-30,2025-09-01,2025-09-01,2025-09-01 04:00:00,1_8,4,410.62,464.9061279296875,,,2026-06-25T20:48:01.118111
dayahead,timemixer,0,2023-01-01,2025-08-31,2025-09-01,2025-09-30,2025-09-01,2025-09-01,2025-09-01 05:00:00,1_8,5,404.5,468.8170471191406,,,2026-06-25T20:48:01.118111
dayahead,timemixer,0,2023-01-01,2025-08-31,2025-09-01,2025-09-30,2025-09-01,2025-09-01,2025-09-01 06:00:00,1_8,6,406.51,452.42529296875,,,2026-06-25T20:48:01.118111
dayahead,timemixer,0,2023-01-01,2025-08-31,2025-09-01,2025-09-30,2025-09-01,2025-09-01,2025-09-01 07:00:00,1_8,7,431.39,425.0556335449219,,,2026-06-25T20:48:01.118111
dayahead,timemixer,0,2023-01-01,2025-08-31,2025-09-01,2025-09-30,2025-09-01,2025-09-01,2025-09-01 08:00:00,1_8,8,403.18,400.5281066894531,,,2026-06-25T20:48:01.118111
dayahead,timemixer,0,2023-01-01,2025-08-31,2025-09-01,2025-09-30,2025-09-01,2025-09-01,2025-09-01 09:00:00,9_16,9,344.13,322.831787109375,,,2026-06-25T20:48:01.118111
dayahead,timemixer,0,2023-01-01,2025-08-31,2025-09-01,2025-09-30,2025-09-01,2025-09-01,2025-09-01 10:00:00,9_16,10,110.82,287.44378662109375,,,2026-06-25T20:48:01.118111
dayahead,timemixer,0,2023-01-01,2025-08-31,2025-09-01,2025-09-30,2025-09-01,2025-09-01,2025-09-01 11:00:00,9_16,11,-74.76,268.9472961425781,,,2026-06-25T20:48:01.118111
dayahead,timemixer,0,2023-01-01,2025-08-31,2025-09-01,2025-09-30,2025-09-01,2025-09-01,2025-09-01 12:00:00,9_16,12,-29.82,242.6278839111328,,,2026-06-25T20:48:01.118111
dayahead,timemixer,0,2023-01-01,2025-08-31,2025-09-01,2025-09-30,2025-09-01,2025-09-01,2025-09-01 13:00:00,9_16,13,-30.48,232.7263641357422,,,2026-06-25T20:48:01.118111
dayahead,timemixer,0,2023-01-01,2025-08-31,2025-09-01,2025-09-30,2025-09-01,2025-09-01,2025-09-01 14:00:00,9_16,14,-45.8,246.2821044921875,,,2026-06-25T20:48:01.118111
dayahead,timemixer,0,2023-01-01,2025-08-31,2025-09-01,2025-09-30,2025-09-01,2025-09-01,2025-09-01 15:00:00,9_16,15,-49.34,262.2128601074219,,,2026-06-25T20:48:01.118111
dayahead,timemixer,0,2023-01-01,2025-08-31,2025-09-01,2025-09-30,2025-09-01,2025-09-01,2025-09-01 16:00:00,9_16,16,75.02,253.46173095703125,,,2026-06-25T20:48:01.118111
dayahead,timemixer,0,2023-01-01,2025-08-31,2025-09-01,2025-09-30,2025-09-01,2025-09-01,2025-09-01 17:00:00,17_24,17,309.21,318.05072021484375,,,2026-06-25T20:48:01.118111
dayahead,timemixer,0,2023-01-01,2025-08-31,2025-09-01,2025-09-30,2025-09-01,2025-09-01,2025-09-01 18:00:00,17_24,18,406.46,361.52423095703125,,,2026-06-25T20:48:01.118111
dayahead,timemixer,0,2023-01-01,2025-08-31,2025-09-01,2025-09-30,2025-09-01,2025-09-01,2025-09-01 19:00:00,17_24,19,437.82,344.531982421875,,,2026-06-25T20:48:01.118111
dayahead,timemixer,0,2023-01-01,2025-08-31,2025-09-01,2025-09-30,2025-09-01,2025-09-01,2025-09-01 20:00:00,17_24,20,484.39,328.64013671875,,,2026-06-25T20:48:01.118111
dayahead,timemixer,0,2023-01-01,2025-08-31,2025-09-01,2025-09-30,2025-09-01,2025-09-01,2025-09-01 21:00:00,17_24,21,457.37,312.1482849121094,,,2026-06-25T20:48:01.118111
dayahead,timemixer,0,2023-01-01,2025-08-31,2025-09-01,2025-09-30,2025-09-01,2025-09-01,2025-09-01 22:00:00,17_24,22,452.1,339.4033203125,,,2026-06-25T20:48:01.118111
dayahead,timemixer,0,2023-01-01,2025-08-31,2025-09-01,2025-09-30,2025-09-01,2025-09-01,2025-09-01 23:00:00,17_24,23,451.46,282.1026306152344,,,2026-06-25T20:48:01.118111
dayahead,timemixer,0,2023-01-01,2025-08-31,2025-09-01,2025-09-30,2025-09-01,2025-09-01,2025-09-02 00:00:00,17_24,24,436.59,365.8890686035156,,,2026-06-25T20:48:01.118111
dayahead,timemixer,0,2023-01-01,2025-08-31,2025-09-01,2025-09-30,2025-09-02,2025-09-02,2025-09-02 01:00:00,1_8,1,427.61,227.69915771484375,,,2026-06-25T20:48:01.118111
dayahead,timemixer,0,2023-01-01,2025-08-31,2025-09-01,2025-09-30,2025-09-02,2025-09-02,2025-09-02 02:00:00,1_8,2,385.31,335.3978271484375,,,2026-06-25T20:48:01.118111
dayahead,timemixer,0,2023-01-01,2025-08-31,2025-09-01,2025-09-30,2025-09-02,2025-09-02,2025-09-02 03:00:00,1_8,3,387.08,407.2331848144531,,,2026-06-25T20:48:01.118111
dayahead,timemixer,0,2023-01-01,2025-08-31,2025-09-01,2025-09-30,2025-09-02,2025-09-02,2025-09-02 04:00:00,1_8,4,387.01,412.9778747558594,,,2026-06-25T20:48:01.118111
dayahead,timemixer,0,2023-01-01,2025-08-31,2025-09-01,2025-09-30,2025-09-02,2025-09-02,2025-09-02 05:00:00,1_8,5,385.8,403.2897033691406,,,2026-06-25T20:48:01.118111
dayahead,timemixer,0,2023-01-01,2025-08-31,2025-09-01,2025-09-30,2025-09-02,2025-09-02,2025-09-02 06:00:00,1_8,6,387.5,387.9920654296875,,,2026-06-25T20:48:01.118111
dayahead,timemixer,0,2023-01-01,2025-08-31,2025-09-01,2025-09-30,2025-09-02,2025-09-02,2025-09-02 07:00:00,1_8,7,388.33,377.3367004394531,,,2026-06-25T20:48:01.118111
dayahead,timemixer,0,2023-01-01,2025-08-31,2025-09-01,2025-09-30,2025-09-02,2025-09-02,2025-09-02 08:00:00,1_8,8,376.68,373.6616516113281,,,2026-06-25T20:48:01.118111
dayahead,timemixer,0,2023-01-01,2025-08-31,2025-09-01,2025-09-30,2025-09-02,2025-09-02,2025-09-02 09:00:00,9_16,9,201.44,343.72332763671875,,,2026-06-25T20:48:01.118111
dayahead,timemixer,0,2023-01-01,2025-08-31,2025-09-01,2025-09-30,2025-09-02,2025-09-02,2025-09-02 10:00:00,9_16,10,-63.81,321.9876403808594,,,2026-06-25T20:48:01.118111
dayahead,timemixer,0,2023-01-01,2025-08-31,2025-09-01,2025-09-30,2025-09-02,2025-09-02,2025-09-02 11:00:00,9_16,11,-10.36,292.6116943359375,,,2026-06-25T20:48:01.118111
dayahead,timemixer,0,2023-01-01,2025-08-31,2025-09-01,2025-09-30,2025-09-02,2025-09-02,2025-09-02 12:00:00,9_16,12,62.7,289.1192321777344,,,2026-06-25T20:48:01.118111
dayahead,timemixer,0,2023-01-01,2025-08-31,2025-09-01,2025-09-30,2025-09-02,2025-09-02,2025-09-02 13:00:00,9_16,13,29.15,280.6853332519531,,,2026-06-25T20:48:01.118111
dayahead,timemixer,0,2023-01-01,2025-08-31,2025-09-01,2025-09-30,2025-09-02,2025-09-02,2025-09-02 14:00:00,9_16,14,-10.31,282.21527099609375,,,2026-06-25T20:48:01.118111
dayahead,timemixer,0,2023-01-01,2025-08-31,2025-09-01,2025-09-30,2025-09-02,2025-09-02,2025-09-02 15:00:00,9_16,15,14.23,285.5415344238281,,,2026-06-25T20:48:01.118111
dayahead,timemixer,0,2023-01-01,2025-08-31,2025-09-01,2025-09-30,2025-09-02,2025-09-02,2025-09-02 16:00:00,9_16,16,15.13,282.5832214355469,,,2026-06-25T20:48:01.118111
dayahead,timemixer,0,2023-01-01,2025-08-31,2025-09-01,2025-09-30,2025-09-02,2025-09-02,2025-09-02 17:00:00,17_24,17,235.93,359.8711853027344,,,2026-06-25T20:48:01.118111
dayahead,timemixer,0,2023-01-01,2025-08-31,2025-09-01,2025-09-30,2025-09-02,2025-09-02,2025-09-02 18:00:00,17_24,18,425.51,377.20306396484375,,,2026-06-25T20:48:01.118111
dayahead,timemixer,0,2023-01-01,2025-08-31,2025-09-01,2025-09-30,2025-09-02,2025-09-02,2025-09-02 19:00:00,17_24,19,450.49,336.4717712402344,,,2026-06-25T20:48:01.118111
dayahead,timemixer,0,2023-01-01,2025-08-31,2025-09-01,2025-09-30,2025-09-02,2025-09-02,2025-09-02 20:00:00,17_24,20,452.73,287.8621520996094,,,2026-06-25T20:48:01.118111
dayahead,timemixer,0,2023-01-01,2025-08-31,2025-09-01,2025-09-30,2025-09-02,2025-09-02,2025-09-02 21:00:00,17_24,21,456.71,291.1405334472656,,,2026-06-25T20:48:01.118111
dayahead,timemixer,0,2023-01-01,2025-08-31,2025-09-01,2025-09-30,2025-09-02,2025-09-02,2025-09-02 22:00:00,17_24,22,433.19,284.3583984375,,,2026-06-25T20:48:01.118111
dayahead,timemixer,0,2023-01-01,2025-08-31,2025-09-01,2025-09-30,2025-09-02,2025-09-02,2025-09-02 23:00:00,17_24,23,420.4,232.87734985351562,,,2026-06-25T20:48:01.118111
dayahead,timemixer,0,2023-01-01,2025-08-31,2025-09-01,2025-09-30,2025-09-02,2025-09-02,2025-09-03 00:00:00,17_24,24,410.13,299.3724365234375,,,2026-06-25T20:48:01.118111
dayahead,timemixer,0,2023-01-01,2025-08-31,2025-09-01,2025-09-30,2025-09-03,2025-09-03,2025-09-03 01:00:00,1_8,1,400.33,431.52777099609375,,,2026-06-25T20:48:01.118111
dayahead,timemixer,0,2023-01-01,2025-08-31,2025-09-01,2025-09-30,2025-09-03,2025-09-03,2025-09-03 02:00:00,1_8,2,336.93,419.3890380859375,,,2026-06-25T20:48:01.118111
dayahead,timemixer,0,2023-01-01,2025-08-31,2025-09-01,2025-09-30,2025-09-03,2025-09-03,2025-09-03 03:00:00,1_8,3,310.58,415.7924499511719,,,2026-06-25T20:48:01.118111
dayahead,timemixer,0,2023-01-01,2025-08-31,2025-09-01,2025-09-30,2025-09-03,2025-09-03,2025-09-03 04:00:00,1_8,4,278.1,411.3428039550781,,,2026-06-25T20:48:01.118111
dayahead,timemixer,0,2023-01-01,2025-08-31,2025-09-01,2025-09-30,2025-09-03,2025-09-03,2025-09-03 05:00:00,1_8,5,273.89,415.3323669433594,,,2026-06-25T20:48:01.118111
dayahead,timemixer,0,2023-01-01,2025-08-31,2025-09-01,2025-09-30,2025-09-03,2025-09-03,2025-09-03 06:00:00,1_8,6,294.92,372.80938720703125,,,2026-06-25T20:48:01.118111
dayahead,timemixer,0,2023-01-01,2025-08-31,2025-09-01,2025-09-30,2025-09-03,2025-09-03,2025-09-03 07:00:00,1_8,7,322.95,360.8572998046875,,,2026-06-25T20:48:01.118111
dayahead,timemixer,0,2023-01-01,2025-08-31,2025-09-01,2025-09-30,2025-09-03,2025-09-03,2025-09-03 08:00:00,1_8,8,301.25,342.63128662109375,,,2026-06-25T20:48:01.118111
dayahead,timemixer,0,2023-01-01,2025-08-31,2025-09-01,2025-09-30,2025-09-03,2025-09-03,2025-09-03 09:00:00,9_16,9,272.89,373.9079284667969,,,2026-06-25T20:48:01.118111
dayahead,timemixer,0,2023-01-01,2025-08-31,2025-09-01,2025-09-30,2025-09-03,2025-09-03,2025-09-03 10:00:00,9_16,10,292.38,365.5561218261719,,,2026-06-25T20:48:01.118111
dayahead,timemixer,0,2023-01-01,2025-08-31,2025-09-01,2025-09-30,2025-09-03,2025-09-03,2025-09-03 11:00:00,9_16,11,311.29,368.87890625,,,2026-06-25T20:48:01.118111
dayahead,timemixer,0,2023-01-01,2025-08-31,2025-09-01,2025-09-30,2025-09-03,2025-09-03,2025-09-03 12:00:00,9_16,12,331.69,344.03814697265625,,,2026-06-25T20:48:01.118111
dayahead,timemixer,0,2023-01-01,2025-08-31,2025-09-01,2025-09-30,2025-09-03,2025-09-03,2025-09-03 13:00:00,9_16,13,331.82,361.8157958984375,,,2026-06-25T20:48:01.118111
dayahead,timemixer,0,2023-01-01,2025-08-31,2025-09-01,2025-09-30,2025-09-03,2025-09-03,2025-09-03 14:00:00,9_16,14,317.88,348.77545166015625,,,2026-06-25T20:48:01.118111
dayahead,timemixer,0,2023-01-01,2025-08-31,2025-09-01,2025-09-30,2025-09-03,2025-09-03,2025-09-03 15:00:00,9_16,15,321.13,367.3837585449219,,,2026-06-25T20:48:01.118111
dayahead,timemixer,0,2023-01-01,2025-08-31,2025-09-01,2025-09-30,2025-09-03,2025-09-03,2025-09-03 16:00:00,9_16,16,308.05,372.73712158203125,,,2026-06-25T20:48:01.118111
dayahead,timemixer,0,2023-01-01,2025-08-31,2025-09-01,2025-09-30,2025-09-03,2025-09-03,2025-09-03 17:00:00,17_24,17,305.09,340.14276123046875,,,2026-06-25T20:48:01.118111
dayahead,timemixer,0,2023-01-01,2025-08-31,2025-09-01,2025-09-30,2025-09-03,2025-09-03,2025-09-03 18:00:00,17_24,18,367.51,363.2452392578125,,,2026-06-25T20:48:01.118111
dayahead,timemixer,0,2023-01-01,2025-08-31,2025-09-01,2025-09-30,2025-09-03,2025-09-03,2025-09-03 19:00:00,17_24,19,398.37,403.12725830078125,,,2026-06-25T20:48:01.118111
dayahead,timemixer,0,2023-01-01,2025-08-31,2025-09-01,2025-09-30,2025-09-03,2025-09-03,2025-09-03 20:00:00,17_24,20,401.69,368.9316711425781,,,2026-06-25T20:48:01.118111
dayahead,timemixer,0,2023-01-01,2025-08-31,2025-09-01,2025-09-30,2025-09-03,2025-09-03,2025-09-03 21:00:00,17_24,21,402.12,398.2840270996094,,,2026-06-25T20:48:01.118111
dayahead,timemixer,0,2023-01-01,2025-08-31,2025-09-01,2025-09-30,2025-09-03,2025-09-03,2025-09-03 22:00:00,17_24,22,397.54,401.0626525878906,,,2026-06-25T20:48:01.118111
dayahead,timemixer,0,2023-01-01,2025-08-31,2025-09-01,2025-09-30,2025-09-03,2025-09-03,2025-09-03 23:00:00,17_24,23,387.66,343.95172119140625,,,2026-06-25T20:48:01.118111
dayahead,timemixer,0,2023-01-01,2025-08-31,2025-09-01,2025-09-30,2025-09-03,2025-09-03,2025-09-04 00:00:00,17_24,24,373.22,406.0755310058594,,,2026-06-25T20:48:01.118111
dayahead,timemixer,0,2023-01-01,2025-08-31,2025-09-01,2025-09-30,2025-09-04,2025-09-04,2025-09-04 01:00:00,1_8,1,366.89,322.9848937988281,,,2026-06-25T20:48:01.118111
dayahead,timemixer,0,2023-01-01,2025-08-31,2025-09-01,2025-09-30,2025-09-04,2025-09-04,2025-09-04 02:00:00,1_8,2,385.16,367.61248779296875,,,2026-06-25T20:48:01.118111
dayahead,timemixer,0,2023-01-01,2025-08-31,2025-09-01,2025-09-30,2025-09-04,2025-09-04,2025-09-04 03:00:00,1_8,3,382.2,421.77362060546875,,,2026-06-25T20:48:01.118111
dayahead,timemixer,0,2023-01-01,2025-08-31,2025-09-01,2025-09-30,2025-09-04,2025-09-04,2025-09-04 04:00:00,1_8,4,377.51,455.4374694824219,,,2026-06-25T20:48:01.118111
dayahead,timemixer,0,2023-01-01,2025-08-31,2025-09-01,2025-09-30,2025-09-04,2025-09-04,2025-09-04 05:00:00,1_8,5,373.92,459.69976806640625,,,2026-06-25T20:48:01.118111
dayahead,timemixer,0,2023-01-01,2025-08-31,2025-09-01,2025-09-30,2025-09-04,2025-09-04,2025-09-04 06:00:00,1_8,6,375.0,423.8335266113281,,,2026-06-25T20:48:01.118111
dayahead,timemixer,0,2023-01-01,2025-08-31,2025-09-01,2025-09-30,2025-09-04,2025-09-04,2025-09-04 07:00:00,1_8,7,376.67,416.37060546875,,,2026-06-25T20:48:01.118111
dayahead,timemixer,0,2023-01-01,2025-08-31,2025-09-01,2025-09-30,2025-09-04,2025-09-04,2025-09-04 08:00:00,1_8,8,368.27,400.0658264160156,,,2026-06-25T20:48:01.118111
dayahead,timemixer,0,2023-01-01,2025-08-31,2025-09-01,2025-09-30,2025-09-04,2025-09-04,2025-09-04 09:00:00,9_16,9,304.6,256.82623291015625,,,2026-06-25T20:48:01.118111
dayahead,timemixer,0,2023-01-01,2025-08-31,2025-09-01,2025-09-30,2025-09-04,2025-09-04,2025-09-04 10:00:00,9_16,10,210.47,214.74610900878906,,,2026-06-25T20:48:01.118111
dayahead,timemixer,0,2023-01-01,2025-08-31,2025-09-01,2025-09-30,2025-09-04,2025-09-04,2025-09-04 11:00:00,9_16,11,126.16,191.66050720214844,,,2026-06-25T20:48:01.118111
dayahead,timemixer,0,2023-01-01,2025-08-31,2025-09-01,2025-09-30,2025-09-04,2025-09-04,2025-09-04 12:00:00,9_16,12,153.69,174.17422485351562,,,2026-06-25T20:48:01.118111
dayahead,timemixer,0,2023-01-01,2025-08-31,2025-09-01,2025-09-30,2025-09-04,2025-09-04,2025-09-04 13:00:00,9_16,13,209.57,155.0858612060547,,,2026-06-25T20:48:01.118111
dayahead,timemixer,0,2023-01-01,2025-08-31,2025-09-01,2025-09-30,2025-09-04,2025-09-04,2025-09-04 14:00:00,9_16,14,175.9,119.37701416015625,,,2026-06-25T20:48:01.118111
dayahead,timemixer,0,2023-01-01,2025-08-31,2025-09-01,2025-09-30,2025-09-04,2025-09-04,2025-09-04 15:00:00,9_16,15,192.17,169.09378051757812,,,2026-06-25T20:48:01.118111
dayahead,timemixer,0,2023-01-01,2025-08-31,2025-09-01,2025-09-30,2025-09-04,2025-09-04,2025-09-04 16:00:00,9_16,16,285.55,151.36874389648438,,,2026-06-25T20:48:01.118111
dayahead,timemixer,0,2023-01-01,2025-08-31,2025-09-01,2025-09-30,2025-09-04,2025-09-04,2025-09-04 17:00:00,17_24,17,369.22,371.8653564453125,,,2026-06-25T20:48:01.118111
dayahead,timemixer,0,2023-01-01,2025-08-31,2025-09-01,2025-09-30,2025-09-04,2025-09-04,2025-09-04 18:00:00,17_24,18,407.53,355.5258483886719,,,2026-06-25T20:48:01.118111
dayahead,timemixer,0,2023-01-01,2025-08-31,2025-09-01,2025-09-30,2025-09-04,2025-09-04,2025-09-04 19:00:00,17_24,19,413.93,326.5087890625,,,2026-06-25T20:48:01.118111
dayahead,timemixer,0,2023-01-01,2025-08-31,2025-09-01,2025-09-30,2025-09-04,2025-09-04,2025-09-04 20:00:00,17_24,20,422.44,293.3592224121094,,,2026-06-25T20:48:01.118111
dayahead,timemixer,0,2023-01-01,2025-08-31,2025-09-01,2025-09-30,2025-09-04,2025-09-04,2025-09-04 21:00:00,17_24,21,416.92,310.4608154296875,,,2026-06-25T20:48:01.118111
dayahead,timemixer,0,2023-01-01,2025-08-31,2025-09-01,2025-09-30,2025-09-04,2025-09-04,2025-09-04 22:00:00,17_24,22,409.64,304.4749755859375,,,2026-06-25T20:48:01.118111
dayahead,timemixer,0,2023-01-01,2025-08-31,2025-09-01,2025-09-30,2025-09-04,2025-09-04,2025-09-04 23:00:00,17_24,23,403.85,290.0436706542969,,,2026-06-25T20:48:01.118111
dayahead,timemixer,0,2023-01-01,2025-08-31,2025-09-01,2025-09-30,2025-09-04,2025-09-04,2025-09-05 00:00:00,17_24,24,395.77,318.9798583984375,,,2026-06-25T20:48:01.118111
dayahead,timemixer,0,2023-01-01,2025-08-31,2025-09-01,2025-09-30,2025-09-05,2025-09-05,2025-09-05 01:00:00,1_8,1,393.87,364.1151123046875,,,2026-06-25T20:48:01.118111
dayahead,timemixer,0,2023-01-01,2025-08-31,2025-09-01,2025-09-30,2025-09-05,2025-09-05,2025-09-05 02:00:00,1_8,2,384.38,379.84857177734375,,,2026-06-25T20:48:01.118111
dayahead,timemixer,0,2023-01-01,2025-08-31,2025-09-01,2025-09-30,2025-09-05,2025-09-05,2025-09-05 03:00:00,1_8,3,379.52,394.19085693359375,,,2026-06-25T20:48:01.118111
dayahead,timemixer,0,2023-01-01,2025-08-31,2025-09-01,2025-09-30,2025-09-05,2025-09-05,2025-09-05 04:00:00,1_8,4,374.18,393.09600830078125,,,2026-06-25T20:48:01.118111
dayahead,timemixer,0,2023-01-01,2025-08-31,2025-09-01,2025-09-30,2025-09-05,2025-09-05,2025-09-05 05:00:00,1_8,5,370.42,337.472412109375,,,2026-06-25T20:48:01.118111
dayahead,timemixer,0,2023-01-01,2025-08-31,2025-09-01,2025-09-30,2025-09-05,2025-09-05,2025-09-05 06:00:00,1_8,6,371.76,342.9374694824219,,,2026-06-25T20:48:01.118111
dayahead,timemixer,0,2023-01-01,2025-08-31,2025-09-01,2025-09-30,2025-09-05,2025-09-05,2025-09-05 07:00:00,1_8,7,375.71,320.2296142578125,,,2026-06-25T20:48:01.118111
dayahead,timemixer,0,2023-01-01,2025-08-31,2025-09-01,2025-09-30,2025-09-05,2025-09-05,2025-09-05 08:00:00,1_8,8,374.58,316.86053466796875,,,2026-06-25T20:48:01.118111
dayahead,timemixer,0,2023-01-01,2025-08-31,2025-09-01,2025-09-30,2025-09-05,2025-09-05,2025-09-05 09:00:00,9_16,9,338.15,325.9324035644531,,,2026-06-25T20:48:01.118111
dayahead,timemixer,0,2023-01-01,2025-08-31,2025-09-01,2025-09-30,2025-09-05,2025-09-05,2025-09-05 10:00:00,9_16,10,284.7,298.5248718261719,,,2026-06-25T20:48:01.118111
dayahead,timemixer,0,2023-01-01,2025-08-31,2025-09-01,2025-09-30,2025-09-05,2025-09-05,2025-09-05 11:00:00,9_16,11,243.91,297.49725341796875,,,2026-06-25T20:48:01.118111
dayahead,timemixer,0,2023-01-01,2025-08-31,2025-09-01,2025-09-30,2025-09-05,2025-09-05,2025-09-05 12:00:00,9_16,12,267.43,289.48370361328125,,,2026-06-25T20:48:01.118111
dayahead,timemixer,0,2023-01-01,2025-08-31,2025-09-01,2025-09-30,2025-09-05,2025-09-05,2025-09-05 13:00:00,9_16,13,268.03,282.5228576660156,,,2026-06-25T20:48:01.118111
dayahead,timemixer,0,2023-01-01,2025-08-31,2025-09-01,2025-09-30,2025-09-05,2025-09-05,2025-09-05 14:00:00,9_16,14,276.29,269.5303955078125,,,2026-06-25T20:48:01.118111
dayahead,timemixer,0,2023-01-01,2025-08-31,2025-09-01,2025-09-30,2025-09-05,2025-09-05,2025-09-05 15:00:00,9_16,15,367.07,281.73724365234375,,,2026-06-25T20:48:01.118111
dayahead,timemixer,0,2023-01-01,2025-08-31,2025-09-01,2025-09-30,2025-09-05,2025-09-05,2025-09-05 16:00:00,9_16,16,432.74,305.7635192871094,,,2026-06-25T20:48:01.118111
dayahead,timemixer,0,2023-01-01,2025-08-31,2025-09-01,2025-09-30,2025-09-05,2025-09-05,2025-09-05 17:00:00,17_24,17,424.16,370.19720458984375,,,2026-06-25T20:48:01.118111
dayahead,timemixer,0,2023-01-01,2025-08-31,2025-09-01,2025-09-30,2025-09-05,2025-09-05,2025-09-05 18:00:00,17_24,18,439.6,378.8921203613281,,,2026-06-25T20:48:01.118111
dayahead,timemixer,0,2023-01-01,2025-08-31,2025-09-01,2025-09-30,2025-09-05,2025-09-05,2025-09-05 19:00:00,17_24,19,448.02,385.58203125,,,2026-06-25T20:48:01.118111
dayahead,timemixer,0,2023-01-01,2025-08-31,2025-09-01,2025-09-30,2025-09-05,2025-09-05,2025-09-05 20:00:00,17_24,20,447.1,384.05670166015625,,,2026-06-25T20:48:01.118111
dayahead,timemixer,0,2023-01-01,2025-08-31,2025-09-01,2025-09-30,2025-09-05,2025-09-05,2025-09-05 21:00:00,17_24,21,440.59,421.61553955078125,,,2026-06-25T20:48:01.118111
dayahead,timemixer,0,2023-01-01,2025-08-31,2025-09-01,2025-09-30,2025-09-05,2025-09-05,2025-09-05 22:00:00,17_24,22,416.71,417.3280029296875,,,2026-06-25T20:48:01.118111
dayahead,timemixer,0,2023-01-01,2025-08-31,2025-09-01,2025-09-30,2025-09-05,2025-09-05,2025-09-05 23:00:00,17_24,23,410.45,366.2802429199219,,,2026-06-25T20:48:01.118111
dayahead,timemixer,0,2023-01-01,2025-08-31,2025-09-01,2025-09-30,2025-09-05,2025-09-05,2025-09-06 00:00:00,17_24,24,392.38,410.1186828613281,,,2026-06-25T20:48:01.118111
dayahead,timemixer,0,2023-01-01,2025-08-31,2025-09-01,2025-09-30,2025-09-06,2025-09-06,2025-09-06 01:00:00,1_8,1,381.04,412.19244384765625,,,2026-06-25T20:48:01.118111
dayahead,timemixer,0,2023-01-01,2025-08-31,2025-09-01,2025-09-30,2025-09-06,2025-09-06,2025-09-06 02:00:00,1_8,2,311.01,375.62127685546875,,,2026-06-25T20:48:01.118111
dayahead,timemixer,0,2023-01-01,2025-08-31,2025-09-01,2025-09-30,2025-09-06,2025-09-06,2025-09-06 03:00:00,1_8,3,306.33,342.7467346191406,,,2026-06-25T20:48:01.118111
dayahead,timemixer,0,2023-01-01,2025-08-31,2025-09-01,2025-09-30,2025-09-06,2025-09-06,2025-09-06 04:00:00,1_8,4,280.71,342.5611572265625,,,2026-06-25T20:48:01.118111
dayahead,timemixer,0,2023-01-01,2025-08-31,2025-09-01,2025-09-30,2025-09-06,2025-09-06,2025-09-06 05:00:00,1_8,5,270.89,277.8516845703125,,,2026-06-25T20:48:01.118111
dayahead,timemixer,0,2023-01-01,2025-08-31,2025-09-01,2025-09-30,2025-09-06,2025-09-06,2025-09-06 06:00:00,1_8,6,269.34,256.71044921875,,,2026-06-25T20:48:01.118111
dayahead,timemixer,0,2023-01-01,2025-08-31,2025-09-01,2025-09-30,2025-09-06,2025-09-06,2025-09-06 07:00:00,1_8,7,269.54,255.06004333496094,,,2026-06-25T20:48:01.118111
dayahead,timemixer,0,2023-01-01,2025-08-31,2025-09-01,2025-09-30,2025-09-06,2025-09-06,2025-09-06 08:00:00,1_8,8,269.19,252.02809143066406,,,2026-06-25T20:48:01.118111
dayahead,timemixer,0,2023-01-01,2025-08-31,2025-09-01,2025-09-30,2025-09-06,2025-09-06,2025-09-06 09:00:00,9_16,9,269.24,340.0559997558594,,,2026-06-25T20:48:01.118111
dayahead,timemixer,0,2023-01-01,2025-08-31,2025-09-01,2025-09-30,2025-09-06,2025-09-06,2025-09-06 10:00:00,9_16,10,277.34,342.56964111328125,,,2026-06-25T20:48:01.118111
dayahead,timemixer,0,2023-01-01,2025-08-31,2025-09-01,2025-09-30,2025-09-06,2025-09-06,2025-09-06 11:00:00,9_16,11,285.95,341.4388732910156,,,2026-06-25T20:48:01.118111
dayahead,timemixer,0,2023-01-01,2025-08-31,2025-09-01,2025-09-30,2025-09-06,2025-09-06,2025-09-06 12:00:00,9_16,12,334.16,321.8789978027344,,,2026-06-25T20:48:01.118111
dayahead,timemixer,0,2023-01-01,2025-08-31,2025-09-01,2025-09-30,2025-09-06,2025-09-06,2025-09-06 13:00:00,9_16,13,323.96,304.7795715332031,,,2026-06-25T20:48:01.118111
dayahead,timemixer,0,2023-01-01,2025-08-31,2025-09-01,2025-09-30,2025-09-06,2025-09-06,2025-09-06 14:00:00,9_16,14,285.16,305.3951416015625,,,2026-06-25T20:48:01.118111
dayahead,timemixer,0,2023-01-01,2025-08-31,2025-09-01,2025-09-30,2025-09-06,2025-09-06,2025-09-06 15:00:00,9_16,15,290.33,312.3878173828125,,,2026-06-25T20:48:01.118111
dayahead,timemixer,0,2023-01-01,2025-08-31,2025-09-01,2025-09-30,2025-09-06,2025-09-06,2025-09-06 16:00:00,9_16,16,316.03,329.1581726074219,,,2026-06-25T20:48:01.118111
dayahead,timemixer,0,2023-01-01,2025-08-31,2025-09-01,2025-09-30,2025-09-06,2025-09-06,2025-09-06 17:00:00,17_24,17,352.98,376.36456298828125,,,2026-06-25T20:48:01.118111
dayahead,timemixer,0,2023-01-01,2025-08-31,2025-09-01,2025-09-30,2025-09-06,2025-09-06,2025-09-06 18:00:00,17_24,18,376.03,387.5024719238281,,,2026-06-25T20:48:01.118111
dayahead,timemixer,0,2023-01-01,2025-08-31,2025-09-01,2025-09-30,2025-09-06,2025-09-06,2025-09-06 19:00:00,17_24,19,388.82,407.05926513671875,,,2026-06-25T20:48:01.118111
dayahead,timemixer,0,2023-01-01,2025-08-31,2025-09-01,2025-09-30,2025-09-06,2025-09-06,2025-09-06 20:00:00,17_24,20,422.41,411.21051025390625,,,2026-06-25T20:48:01.118111
dayahead,timemixer,0,2023-01-01,2025-08-31,2025-09-01,2025-09-30,2025-09-06,2025-09-06,2025-09-06 21:00:00,17_24,21,424.85,451.4858093261719,,,2026-06-25T20:48:01.118111
dayahead,timemixer,0,2023-01-01,2025-08-31,2025-09-01,2025-09-30,2025-09-06,2025-09-06,2025-09-06 22:00:00,17_24,22,381.31,461.29376220703125,,,2026-06-25T20:48:01.118111
dayahead,timemixer,0,2023-01-01,2025-08-31,2025-09-01,2025-09-30,2025-09-06,2025-09-06,2025-09-06 23:00:00,17_24,23,379.59,410.07391357421875,,,2026-06-25T20:48:01.118111
dayahead,timemixer,0,2023-01-01,2025-08-31,2025-09-01,2025-09-30,2025-09-06,2025-09-06,2025-09-07 00:00:00,17_24,24,376.88,439.3119201660156,,,2026-06-25T20:48:01.118111
dayahead,timemixer,0,2023-01-01,2025-08-31,2025-09-01,2025-09-30,2025-09-07,2025-09-07,2025-09-07 01:00:00,1_8,1,367.11,333.3978576660156,,,2026-06-25T20:48:01.118111
dayahead,timemixer,0,2023-01-01,2025-08-31,2025-09-01,2025-09-30,2025-09-07,2025-09-07,2025-09-07 02:00:00,1_8,2,402.62,406.90081787109375,,,2026-06-25T20:48:01.118111
dayahead,timemixer,0,2023-01-01,2025-08-31,2025-09-01,2025-09-30,2025-09-07,2025-09-07,2025-09-07 03:00:00,1_8,3,395.25,412.8893127441406,,,2026-06-25T20:48:01.118111
dayahead,timemixer,0,2023-01-01,2025-08-31,2025-09-01,2025-09-30,2025-09-07,2025-09-07,2025-09-07 04:00:00,1_8,4,386.93,445.6911926269531,,,2026-06-25T20:48:01.118111
dayahead,timemixer,0,2023-01-01,2025-08-31,2025-09-01,2025-09-30,2025-09-07,2025-09-07,2025-09-07 05:00:00,1_8,5,385.25,439.96484375,,,2026-06-25T20:48:01.118111
dayahead,timemixer,0,2023-01-01,2025-08-31,2025-09-01,2025-09-30,2025-09-07,2025-09-07,2025-09-07 06:00:00,1_8,6,389.81,405.1957092285156,,,2026-06-25T20:48:01.118111
dayahead,timemixer,0,2023-01-01,2025-08-31,2025-09-01,2025-09-30,2025-09-07,2025-09-07,2025-09-07 07:00:00,1_8,7,398.36,387.897705078125,,,2026-06-25T20:48:01.118111
dayahead,timemixer,0,2023-01-01,2025-08-31,2025-09-01,2025-09-30,2025-09-07,2025-09-07,2025-09-07 08:00:00,1_8,8,383.18,374.0111389160156,,,2026-06-25T20:48:01.118111
dayahead,timemixer,0,2023-01-01,2025-08-31,2025-09-01,2025-09-30,2025-09-07,2025-09-07,2025-09-07 09:00:00,9_16,9,322.42,350.1650695800781,,,2026-06-25T20:48:01.118111
dayahead,timemixer,0,2023-01-01,2025-08-31,2025-09-01,2025-09-30,2025-09-07,2025-09-07,2025-09-07 10:00:00,9_16,10,86.6,335.780517578125,,,2026-06-25T20:48:01.118111
dayahead,timemixer,0,2023-01-01,2025-08-31,2025-09-01,2025-09-30,2025-09-07,2025-09-07,2025-09-07 11:00:00,9_16,11,-68.7,320.3550720214844,,,2026-06-25T20:48:01.118111
dayahead,timemixer,0,2023-01-01,2025-08-31,2025-09-01,2025-09-30,2025-09-07,2025-09-07,2025-09-07 12:00:00,9_16,12,-72.88,316.28533935546875,,,2026-06-25T20:48:01.118111
dayahead,timemixer,0,2023-01-01,2025-08-31,2025-09-01,2025-09-30,2025-09-07,2025-09-07,2025-09-07 13:00:00,9_16,13,-68.5,303.9267578125,,,2026-06-25T20:48:01.118111
dayahead,timemixer,0,2023-01-01,2025-08-31,2025-09-01,2025-09-30,2025-09-07,2025-09-07,2025-09-07 14:00:00,9_16,14,-74.49,292.6658630371094,,,2026-06-25T20:48:01.118111
dayahead,timemixer,0,2023-01-01,2025-08-31,2025-09-01,2025-09-30,2025-09-07,2025-09-07,2025-09-07 15:00:00,9_16,15,-72.97,312.77239990234375,,,2026-06-25T20:48:01.118111
dayahead,timemixer,0,2023-01-01,2025-08-31,2025-09-01,2025-09-30,2025-09-07,2025-09-07,2025-09-07 16:00:00,9_16,16,13.16,322.3556823730469,,,2026-06-25T20:48:01.118111
dayahead,timemixer,0,2023-01-01,2025-08-31,2025-09-01,2025-09-30,2025-09-07,2025-09-07,2025-09-07 17:00:00,17_24,17,222.59,352.46661376953125,,,2026-06-25T20:48:01.118111
dayahead,timemixer,0,2023-01-01,2025-08-31,2025-09-01,2025-09-30,2025-09-07,2025-09-07,2025-09-07 18:00:00,17_24,18,391.79,372.4749450683594,,,2026-06-25T20:48:01.118111
dayahead,timemixer,0,2023-01-01,2025-08-31,2025-09-01,2025-09-30,2025-09-07,2025-09-07,2025-09-07 19:00:00,17_24,19,422.03,405.2900390625,,,2026-06-25T20:48:01.118111
dayahead,timemixer,0,2023-01-01,2025-08-31,2025-09-01,2025-09-30,2025-09-07,2025-09-07,2025-09-07 20:00:00,17_24,20,423.31,401.2069091796875,,,2026-06-25T20:48:01.118111
dayahead,timemixer,0,2023-01-01,2025-08-31,2025-09-01,2025-09-30,2025-09-07,2025-09-07,2025-09-07 21:00:00,17_24,21,422.42,428.45867919921875,,,2026-06-25T20:48:01.118111
dayahead,timemixer,0,2023-01-01,2025-08-31,2025-09-01,2025-09-30,2025-09-07,2025-09-07,2025-09-07 22:00:00,17_24,22,421.35,440.63671875,,,2026-06-25T20:48:01.118111
dayahead,timemixer,0,2023-01-01,2025-08-31,2025-09-01,2025-09-30,2025-09-07,2025-09-07,2025-09-07 23:00:00,17_24,23,415.85,379.44500732421875,,,2026-06-25T20:48:01.118111
dayahead,timemixer,0,2023-01-01,2025-08-31,2025-09-01,2025-09-30,2025-09-07,2025-09-07,2025-09-08 00:00:00,17_24,24,403.51,391.38153076171875,,,2026-06-25T20:48:01.118111
dayahead,timemixer,0,2023-01-01,2025-08-31,2025-09-01,2025-09-30,2025-09-08,2025-09-08,2025-09-08 01:00:00,1_8,1,401.7,522.0428466796875,,,2026-06-25T20:48:01.118111
dayahead,timemixer,0,2023-01-01,2025-08-31,2025-09-01,2025-09-30,2025-09-08,2025-09-08,2025-09-08 02:00:00,1_8,2,299.1,420.2066345214844,,,2026-06-25T20:48:01.118111
dayahead,timemixer,0,2023-01-01,2025-08-31,2025-09-01,2025-09-30,2025-09-08,2025-09-08,2025-09-08 03:00:00,1_8,3,286.02,369.88836669921875,,,2026-06-25T20:48:01.118111
dayahead,timemixer,0,2023-01-01,2025-08-31,2025-09-01,2025-09-30,2025-09-08,2025-09-08,2025-09-08 04:00:00,1_8,4,282.62,332.08319091796875,,,2026-06-25T20:48:01.118111
dayahead,timemixer,0,2023-01-01,2025-08-31,2025-09-01,2025-09-30,2025-09-08,2025-09-08,2025-09-08 05:00:00,1_8,5,282.74,332.3331298828125,,,2026-06-25T20:48:01.118111
dayahead,timemixer,0,2023-01-01,2025-08-31,2025-09-01,2025-09-30,2025-09-08,2025-09-08,2025-09-08 06:00:00,1_8,6,283.45,306.822021484375,,,2026-06-25T20:48:01.118111
dayahead,timemixer,0,2023-01-01,2025-08-31,2025-09-01,2025-09-30,2025-09-08,2025-09-08,2025-09-08 07:00:00,1_8,7,303.31,301.1936340332031,,,2026-06-25T20:48:01.118111
dayahead,timemixer,0,2023-01-01,2025-08-31,2025-09-01,2025-09-30,2025-09-08,2025-09-08,2025-09-08 08:00:00,1_8,8,313.91,282.2258605957031,,,2026-06-25T20:48:01.118111
dayahead,timemixer,0,2023-01-01,2025-08-31,2025-09-01,2025-09-30,2025-09-08,2025-09-08,2025-09-08 09:00:00,9_16,9,295.59,384.746337890625,,,2026-06-25T20:48:01.118111
dayahead,timemixer,0,2023-01-01,2025-08-31,2025-09-01,2025-09-30,2025-09-08,2025-09-08,2025-09-08 10:00:00,9_16,10,296.06,361.3617858886719,,,2026-06-25T20:48:01.118111
dayahead,timemixer,0,2023-01-01,2025-08-31,2025-09-01,2025-09-30,2025-09-08,2025-09-08,2025-09-08 11:00:00,9_16,11,300.5,334.12762451171875,,,2026-06-25T20:48:01.118111
dayahead,timemixer,0,2023-01-01,2025-08-31,2025-09-01,2025-09-30,2025-09-08,2025-09-08,2025-09-08 12:00:00,9_16,12,343.45,320.86041259765625,,,2026-06-25T20:48:01.118111
dayahead,timemixer,0,2023-01-01,2025-08-31,2025-09-01,2025-09-30,2025-09-08,2025-09-08,2025-09-08 13:00:00,9_16,13,366.47,309.5648193359375,,,2026-06-25T20:48:01.118111
dayahead,timemixer,0,2023-01-01,2025-08-31,2025-09-01,2025-09-30,2025-09-08,2025-09-08,2025-09-08 14:00:00,9_16,14,357.75,300.75274658203125,,,2026-06-25T20:48:01.118111
dayahead,timemixer,0,2023-01-01,2025-08-31,2025-09-01,2025-09-30,2025-09-08,2025-09-08,2025-09-08 15:00:00,9_16,15,353.4,309.8907165527344,,,2026-06-25T20:48:01.118111
dayahead,timemixer,0,2023-01-01,2025-08-31,2025-09-01,2025-09-30,2025-09-08,2025-09-08,2025-09-08 16:00:00,9_16,16,362.0,309.5037841796875,,,2026-06-25T20:48:01.118111
dayahead,timemixer,0,2023-01-01,2025-08-31,2025-09-01,2025-09-30,2025-09-08,2025-09-08,2025-09-08 17:00:00,17_24,17,361.77,327.00872802734375,,,2026-06-25T20:48:01.118111
dayahead,timemixer,0,2023-01-01,2025-08-31,2025-09-01,2025-09-30,2025-09-08,2025-09-08,2025-09-08 18:00:00,17_24,18,493.16,354.71319580078125,,,2026-06-25T20:48:01.118111
dayahead,timemixer,0,2023-01-01,2025-08-31,2025-09-01,2025-09-30,2025-09-08,2025-09-08,2025-09-08 19:00:00,17_24,19,580.06,391.1902770996094,,,2026-06-25T20:48:01.118111
dayahead,timemixer,0,2023-01-01,2025-08-31,2025-09-01,2025-09-30,2025-09-08,2025-09-08,2025-09-08 20:00:00,17_24,20,555.85,398.3478088378906,,,2026-06-25T20:48:01.118111
dayahead,timemixer,0,2023-01-01,2025-08-31,2025-09-01,2025-09-30,2025-09-08,2025-09-08,2025-09-08 21:00:00,17_24,21,505.67,424.8459167480469,,,2026-06-25T20:48:01.118111
dayahead,timemixer,0,2023-01-01,2025-08-31,2025-09-01,2025-09-30,2025-09-08,2025-09-08,2025-09-08 22:00:00,17_24,22,329.71,426.0660400390625,,,2026-06-25T20:48:01.118111
dayahead,timemixer,0,2023-01-01,2025-08-31,2025-09-01,2025-09-30,2025-09-08,2025-09-08,2025-09-08 23:00:00,17_24,23,321.73,380.4096374511719,,,2026-06-25T20:48:01.118111
dayahead,timemixer,0,2023-01-01,2025-08-31,2025-09-01,2025-09-30,2025-09-08,2025-09-08,2025-09-09 00:00:00,17_24,24,310.39,445.1935729980469,,,2026-06-25T20:48:01.118111
dayahead,timemixer,0,2023-01-01,2025-08-31,2025-09-01,2025-09-30,2025-09-09,2025-09-09,2025-09-09 01:00:00,1_8,1,291.45,86.9390869140625,,,2026-06-25T20:48:01.118111
dayahead,timemixer,0,2023-01-01,2025-08-31,2025-09-01,2025-09-30,2025-09-09,2025-09-09,2025-09-09 02:00:00,1_8,2,381.65,255.85528564453125,,,2026-06-25T20:48:01.118111
dayahead,timemixer,0,2023-01-01,2025-08-31,2025-09-01,2025-09-30,2025-09-09,2025-09-09,2025-09-09 03:00:00,1_8,3,379.14,423.5314636230469,,,2026-06-25T20:48:01.118111
dayahead,timemixer,0,2023-01-01,2025-08-31,2025-09-01,2025-09-30,2025-09-09,2025-09-09,2025-09-09 04:00:00,1_8,4,377.27,470.6668395996094,,,2026-06-25T20:48:01.118111
dayahead,timemixer,0,2023-01-01,2025-08-31,2025-09-01,2025-09-30,2025-09-09,2025-09-09,2025-09-09 05:00:00,1_8,5,375.62,464.4438171386719,,,2026-06-25T20:48:01.118111
dayahead,timemixer,0,2023-01-01,2025-08-31,2025-09-01,2025-09-30,2025-09-09,2025-09-09,2025-09-09 06:00:00,1_8,6,378.2,449.458984375,,,2026-06-25T20:48:01.118111
dayahead,timemixer,0,2023-01-01,2025-08-31,2025-09-01,2025-09-30,2025-09-09,2025-09-09,2025-09-09 07:00:00,1_8,7,384.81,439.2588806152344,,,2026-06-25T20:48:01.118111
dayahead,timemixer,0,2023-01-01,2025-08-31,2025-09-01,2025-09-30,2025-09-09,2025-09-09,2025-09-09 08:00:00,1_8,8,380.81,407.7450866699219,,,2026-06-25T20:48:01.118111
dayahead,timemixer,0,2023-01-01,2025-08-31,2025-09-01,2025-09-30,2025-09-09,2025-09-09,2025-09-09 09:00:00,9_16,9,324.32,329.9607849121094,,,2026-06-25T20:48:01.118111
dayahead,timemixer,0,2023-01-01,2025-08-31,2025-09-01,2025-09-30,2025-09-09,2025-09-09,2025-09-09 10:00:00,9_16,10,78.37,286.26470947265625,,,2026-06-25T20:48:01.118111
dayahead,timemixer,0,2023-01-01,2025-08-31,2025-09-01,2025-09-30,2025-09-09,2025-09-09,2025-09-09 11:00:00,9_16,11,-54.1,251.71142578125,,,2026-06-25T20:48:01.118111
dayahead,timemixer,0,2023-01-01,2025-08-31,2025-09-01,2025-09-30,2025-09-09,2025-09-09,2025-09-09 12:00:00,9_16,12,26.28,229.35055541992188,,,2026-06-25T20:48:01.118111
dayahead,timemixer,0,2023-01-01,2025-08-31,2025-09-01,2025-09-30,2025-09-09,2025-09-09,2025-09-09 13:00:00,9_16,13,30.99,216.90103149414062,,,2026-06-25T20:48:01.118111
dayahead,timemixer,0,2023-01-01,2025-08-31,2025-09-01,2025-09-30,2025-09-09,2025-09-09,2025-09-09 14:00:00,9_16,14,-15.41,215.08213806152344,,,2026-06-25T20:48:01.118111
dayahead,timemixer,0,2023-01-01,2025-08-31,2025-09-01,2025-09-30,2025-09-09,2025-09-09,2025-09-09 15:00:00,9_16,15,-11.55,217.58929443359375,,,2026-06-25T20:48:01.118111
dayahead,timemixer,0,2023-01-01,2025-08-31,2025-09-01,2025-09-30,2025-09-09,2025-09-09,2025-09-09 16:00:00,9_16,16,-20.72,229.73696899414062,,,2026-06-25T20:48:01.118111
dayahead,timemixer,0,2023-01-01,2025-08-31,2025-09-01,2025-09-30,2025-09-09,2025-09-09,2025-09-09 17:00:00,17_24,17,160.61,339.965087890625,,,2026-06-25T20:48:01.118111
dayahead,timemixer,0,2023-01-01,2025-08-31,2025-09-01,2025-09-30,2025-09-09,2025-09-09,2025-09-09 18:00:00,17_24,18,385.78,362.92889404296875,,,2026-06-25T20:48:01.118111
dayahead,timemixer,0,2023-01-01,2025-08-31,2025-09-01,2025-09-30,2025-09-09,2025-09-09,2025-09-09 19:00:00,17_24,19,406.85,349.739501953125,,,2026-06-25T20:48:01.118111
dayahead,timemixer,0,2023-01-01,2025-08-31,2025-09-01,2025-09-30,2025-09-09,2025-09-09,2025-09-09 20:00:00,17_24,20,406.22,278.9984436035156,,,2026-06-25T20:48:01.118111
dayahead,timemixer,0,2023-01-01,2025-08-31,2025-09-01,2025-09-30,2025-09-09,2025-09-09,2025-09-09 21:00:00,17_24,21,406.25,287.9314270019531,,,2026-06-25T20:48:01.118111
dayahead,timemixer,0,2023-01-01,2025-08-31,2025-09-01,2025-09-30,2025-09-09,2025-09-09,2025-09-09 22:00:00,17_24,22,403.18,265.85211181640625,,,2026-06-25T20:48:01.118111
dayahead,timemixer,0,2023-01-01,2025-08-31,2025-09-01,2025-09-30,2025-09-09,2025-09-09,2025-09-09 23:00:00,17_24,23,397.78,223.82144165039062,,,2026-06-25T20:48:01.118111
dayahead,timemixer,0,2023-01-01,2025-08-31,2025-09-01,2025-09-30,2025-09-09,2025-09-09,2025-09-10 00:00:00,17_24,24,383.34,276.39166259765625,,,2026-06-25T20:48:01.118111
dayahead,timemixer,0,2023-01-01,2025-08-31,2025-09-01,2025-09-30,2025-09-10,2025-09-10,2025-09-10 01:00:00,1_8,1,375.61,338.06781005859375,,,2026-06-25T20:48:01.118111
dayahead,timemixer,0,2023-01-01,2025-08-31,2025-09-01,2025-09-30,2025-09-10,2025-09-10,2025-09-10 02:00:00,1_8,2,373.75,390.5751037597656,,,2026-06-25T20:48:01.118111
dayahead,timemixer,0,2023-01-01,2025-08-31,2025-09-01,2025-09-30,2025-09-10,2025-09-10,2025-09-10 03:00:00,1_8,3,372.69,395.80670166015625,,,2026-06-25T20:48:01.118111
dayahead,timemixer,0,2023-01-01,2025-08-31,2025-09-01,2025-09-30,2025-09-10,2025-09-10,2025-09-10 04:00:00,1_8,4,372.21,409.5397033691406,,,2026-06-25T20:48:01.118111
dayahead,timemixer,0,2023-01-01,2025-08-31,2025-09-01,2025-09-30,2025-09-10,2025-09-10,2025-09-10 05:00:00,1_8,5,372.17,404.15008544921875,,,2026-06-25T20:48:01.118111
dayahead,timemixer,0,2023-01-01,2025-08-31,2025-09-01,2025-09-30,2025-09-10,2025-09-10,2025-09-10 06:00:00,1_8,6,374.88,377.85784912109375,,,2026-06-25T20:48:01.118111
dayahead,timemixer,0,2023-01-01,2025-08-31,2025-09-01,2025-09-30,2025-09-10,2025-09-10,2025-09-10 07:00:00,1_8,7,380.01,362.86895751953125,,,2026-06-25T20:48:01.118111
dayahead,timemixer,0,2023-01-01,2025-08-31,2025-09-01,2025-09-30,2025-09-10,2025-09-10,2025-09-10 08:00:00,1_8,8,376.28,352.4479064941406,,,2026-06-25T20:48:01.118111
dayahead,timemixer,0,2023-01-01,2025-08-31,2025-09-01,2025-09-30,2025-09-10,2025-09-10,2025-09-10 09:00:00,9_16,9,338.59,316.05218505859375,,,2026-06-25T20:48:01.118111
dayahead,timemixer,0,2023-01-01,2025-08-31,2025-09-01,2025-09-30,2025-09-10,2025-09-10,2025-09-10 10:00:00,9_16,10,167.18,289.2478942871094,,,2026-06-25T20:48:01.118111
dayahead,timemixer,0,2023-01-01,2025-08-31,2025-09-01,2025-09-30,2025-09-10,2025-09-10,2025-09-10 11:00:00,9_16,11,18.56,269.18170166015625,,,2026-06-25T20:48:01.118111
dayahead,timemixer,0,2023-01-01,2025-08-31,2025-09-01,2025-09-30,2025-09-10,2025-09-10,2025-09-10 12:00:00,9_16,12,37.59,251.88125610351562,,,2026-06-25T20:48:01.118111
dayahead,timemixer,0,2023-01-01,2025-08-31,2025-09-01,2025-09-30,2025-09-10,2025-09-10,2025-09-10 13:00:00,9_16,13,39.75,269.60015869140625,,,2026-06-25T20:48:01.118111
dayahead,timemixer,0,2023-01-01,2025-08-31,2025-09-01,2025-09-30,2025-09-10,2025-09-10,2025-09-10 14:00:00,9_16,14,25.36,258.703125,,,2026-06-25T20:48:01.118111
dayahead,timemixer,0,2023-01-01,2025-08-31,2025-09-01,2025-09-30,2025-09-10,2025-09-10,2025-09-10 15:00:00,9_16,15,61.33,256.2400817871094,,,2026-06-25T20:48:01.118111
dayahead,timemixer,0,2023-01-01,2025-08-31,2025-09-01,2025-09-30,2025-09-10,2025-09-10,2025-09-10 16:00:00,9_16,16,274.93,276.5477294921875,,,2026-06-25T20:48:01.118111
dayahead,timemixer,0,2023-01-01,2025-08-31,2025-09-01,2025-09-30,2025-09-10,2025-09-10,2025-09-10 17:00:00,17_24,17,356.24,389.52166748046875,,,2026-06-25T20:48:01.118111
dayahead,timemixer,0,2023-01-01,2025-08-31,2025-09-01,2025-09-30,2025-09-10,2025-09-10,2025-09-10 18:00:00,17_24,18,404.56,386.700439453125,,,2026-06-25T20:48:01.118111
dayahead,timemixer,0,2023-01-01,2025-08-31,2025-09-01,2025-09-30,2025-09-10,2025-09-10,2025-09-10 19:00:00,17_24,19,714.94,397.81341552734375,,,2026-06-25T20:48:01.118111
dayahead,timemixer,0,2023-01-01,2025-08-31,2025-09-01,2025-09-30,2025-09-10,2025-09-10,2025-09-10 20:00:00,17_24,20,621.54,398.5027770996094,,,2026-06-25T20:48:01.118111
dayahead,timemixer,0,2023-01-01,2025-08-31,2025-09-01,2025-09-30,2025-09-10,2025-09-10,2025-09-10 21:00:00,17_24,21,614.17,419.23974609375,,,2026-06-25T20:48:01.118111
dayahead,timemixer,0,2023-01-01,2025-08-31,2025-09-01,2025-09-30,2025-09-10,2025-09-10,2025-09-10 22:00:00,17_24,22,472.74,418.9960021972656,,,2026-06-25T20:48:01.118111
dayahead,timemixer,0,2023-01-01,2025-08-31,2025-09-01,2025-09-30,2025-09-10,2025-09-10,2025-09-10 23:00:00,17_24,23,433.8,388.83245849609375,,,2026-06-25T20:48:01.118111
dayahead,timemixer,0,2023-01-01,2025-08-31,2025-09-01,2025-09-30,2025-09-10,2025-09-10,2025-09-11 00:00:00,17_24,24,400.36,411.9872741699219,,,2026-06-25T20:48:01.118111
dayahead,timemixer,0,2023-01-01,2025-08-31,2025-09-01,2025-09-30,2025-09-11,2025-09-11,2025-09-11 01:00:00,1_8,1,381.98,441.01788330078125,,,2026-06-25T20:48:01.118111
dayahead,timemixer,0,2023-01-01,2025-08-31,2025-09-01,2025-09-30,2025-09-11,2025-09-11,2025-09-11 02:00:00,1_8,2,355.1,406.1755676269531,,,2026-06-25T20:48:01.118111
dayahead,timemixer,0,2023-01-01,2025-08-31,2025-09-01,2025-09-30,2025-09-11,2025-09-11,2025-09-11 03:00:00,1_8,3,351.88,369.443115234375,,,2026-06-25T20:48:01.118111
dayahead,timemixer,0,2023-01-01,2025-08-31,2025-09-01,2025-09-30,2025-09-11,2025-09-11,2025-09-11 04:00:00,1_8,4,348.51,373.28472900390625,,,2026-06-25T20:48:01.118111
dayahead,timemixer,0,2023-01-01,2025-08-31,2025-09-01,2025-09-30,2025-09-11,2025-09-11,2025-09-11 05:00:00,1_8,5,346.24,354.935791015625,,,2026-06-25T20:48:01.118111
dayahead,timemixer,0,2023-01-01,2025-08-31,2025-09-01,2025-09-30,2025-09-11,2025-09-11,2025-09-11 06:00:00,1_8,6,348.18,318.44024658203125,,,2026-06-25T20:48:01.118111
dayahead,timemixer,0,2023-01-01,2025-08-31,2025-09-01,2025-09-30,2025-09-11,2025-09-11,2025-09-11 07:00:00,1_8,7,354.0,306.8912658691406,,,2026-06-25T20:48:01.118111
dayahead,timemixer,0,2023-01-01,2025-08-31,2025-09-01,2025-09-30,2025-09-11,2025-09-11,2025-09-11 08:00:00,1_8,8,350.73,289.5240173339844,,,2026-06-25T20:48:01.118111
dayahead,timemixer,0,2023-01-01,2025-08-31,2025-09-01,2025-09-30,2025-09-11,2025-09-11,2025-09-11 09:00:00,9_16,9,336.25,359.33990478515625,,,2026-06-25T20:48:01.118111
dayahead,timemixer,0,2023-01-01,2025-08-31,2025-09-01,2025-09-30,2025-09-11,2025-09-11,2025-09-11 10:00:00,9_16,10,303.84,328.37603759765625,,,2026-06-25T20:48:01.118111
dayahead,timemixer,0,2023-01-01,2025-08-31,2025-09-01,2025-09-30,2025-09-11,2025-09-11,2025-09-11 11:00:00,9_16,11,257.67,311.57330322265625,,,2026-06-25T20:48:01.118111
dayahead,timemixer,0,2023-01-01,2025-08-31,2025-09-01,2025-09-30,2025-09-11,2025-09-11,2025-09-11 12:00:00,9_16,12,323.18,313.3130187988281,,,2026-06-25T20:48:01.118111
dayahead,timemixer,0,2023-01-01,2025-08-31,2025-09-01,2025-09-30,2025-09-11,2025-09-11,2025-09-11 13:00:00,9_16,13,324.71,303.97833251953125,,,2026-06-25T20:48:01.118111
dayahead,timemixer,0,2023-01-01,2025-08-31,2025-09-01,2025-09-30,2025-09-11,2025-09-11,2025-09-11 14:00:00,9_16,14,304.58,298.119384765625,,,2026-06-25T20:48:01.118111
dayahead,timemixer,0,2023-01-01,2025-08-31,2025-09-01,2025-09-30,2025-09-11,2025-09-11,2025-09-11 15:00:00,9_16,15,374.23,313.594482421875,,,2026-06-25T20:48:01.118111
dayahead,timemixer,0,2023-01-01,2025-08-31,2025-09-01,2025-09-30,2025-09-11,2025-09-11,2025-09-11 16:00:00,9_16,16,404.52,321.6156005859375,,,2026-06-25T20:48:01.118111
dayahead,timemixer,0,2023-01-01,2025-08-31,2025-09-01,2025-09-30,2025-09-11,2025-09-11,2025-09-11 17:00:00,17_24,17,381.71,373.1826477050781,,,2026-06-25T20:48:01.118111
dayahead,timemixer,0,2023-01-01,2025-08-31,2025-09-01,2025-09-30,2025-09-11,2025-09-11,2025-09-11 18:00:00,17_24,18,541.39,383.9818115234375,,,2026-06-25T20:48:01.118111
dayahead,timemixer,0,2023-01-01,2025-08-31,2025-09-01,2025-09-30,2025-09-11,2025-09-11,2025-09-11 19:00:00,17_24,19,556.74,407.764892578125,,,2026-06-25T20:48:01.118111
dayahead,timemixer,0,2023-01-01,2025-08-31,2025-09-01,2025-09-30,2025-09-11,2025-09-11,2025-09-11 20:00:00,17_24,20,547.81,388.8453369140625,,,2026-06-25T20:48:01.118111
dayahead,timemixer,0,2023-01-01,2025-08-31,2025-09-01,2025-09-30,2025-09-11,2025-09-11,2025-09-11 21:00:00,17_24,21,547.51,414.4820556640625,,,2026-06-25T20:48:01.118111
dayahead,timemixer,0,2023-01-01,2025-08-31,2025-09-01,2025-09-30,2025-09-11,2025-09-11,2025-09-11 22:00:00,17_24,22,462.45,408.5911865234375,,,2026-06-25T20:48:01.118111
dayahead,timemixer,0,2023-01-01,2025-08-31,2025-09-01,2025-09-30,2025-09-11,2025-09-11,2025-09-11 23:00:00,17_24,23,417.36,360.8321533203125,,,2026-06-25T20:48:01.118111
dayahead,timemixer,0,2023-01-01,2025-08-31,2025-09-01,2025-09-30,2025-09-11,2025-09-11,2025-09-12 00:00:00,17_24,24,358.42,402.38873291015625,,,2026-06-25T20:48:01.118111
dayahead,timemixer,0,2023-01-01,2025-08-31,2025-09-01,2025-09-30,2025-09-12,2025-09-12,2025-09-12 01:00:00,1_8,1,349.29,348.17340087890625,,,2026-06-25T20:48:01.118111
dayahead,timemixer,0,2023-01-01,2025-08-31,2025-09-01,2025-09-30,2025-09-12,2025-09-12,2025-09-12 02:00:00,1_8,2,326.32,339.2772521972656,,,2026-06-25T20:48:01.118111
dayahead,timemixer,0,2023-01-01,2025-08-31,2025-09-01,2025-09-30,2025-09-12,2025-09-12,2025-09-12 03:00:00,1_8,3,324.3,325.674072265625,,,2026-06-25T20:48:01.118111
dayahead,timemixer,0,2023-01-01,2025-08-31,2025-09-01,2025-09-30,2025-09-12,2025-09-12,2025-09-12 04:00:00,1_8,4,309.3,305.9431457519531,,,2026-06-25T20:48:01.118111
dayahead,timemixer,0,2023-01-01,2025-08-31,2025-09-01,2025-09-30,2025-09-12,2025-09-12,2025-09-12 05:00:00,1_8,5,303.73,259.64056396484375,,,2026-06-25T20:48:01.118111
dayahead,timemixer,0,2023-01-01,2025-08-31,2025-09-01,2025-09-30,2025-09-12,2025-09-12,2025-09-12 06:00:00,1_8,6,306.07,233.92385864257812,,,2026-06-25T20:48:01.118111
dayahead,timemixer,0,2023-01-01,2025-08-31,2025-09-01,2025-09-30,2025-09-12,2025-09-12,2025-09-12 07:00:00,1_8,7,316.01,227.728759765625,,,2026-06-25T20:48:01.118111
dayahead,timemixer,0,2023-01-01,2025-08-31,2025-09-01,2025-09-30,2025-09-12,2025-09-12,2025-09-12 08:00:00,1_8,8,346.18,233.14041137695312,,,2026-06-25T20:48:01.118111
dayahead,timemixer,0,2023-01-01,2025-08-31,2025-09-01,2025-09-30,2025-09-12,2025-09-12,2025-09-12 09:00:00,9_16,9,336.38,347.8901062011719,,,2026-06-25T20:48:01.118111
dayahead,timemixer,0,2023-01-01,2025-08-31,2025-09-01,2025-09-30,2025-09-12,2025-09-12,2025-09-12 10:00:00,9_16,10,356.31,329.36883544921875,,,2026-06-25T20:48:01.118111
dayahead,timemixer,0,2023-01-01,2025-08-31,2025-09-01,2025-09-30,2025-09-12,2025-09-12,2025-09-12 11:00:00,9_16,11,348.59,298.3236999511719,,,2026-06-25T20:48:01.118111
dayahead,timemixer,0,2023-01-01,2025-08-31,2025-09-01,2025-09-30,2025-09-12,2025-09-12,2025-09-12 12:00:00,9_16,12,390.54,290.634765625,,,2026-06-25T20:48:01.118111
dayahead,timemixer,0,2023-01-01,2025-08-31,2025-09-01,2025-09-30,2025-09-12,2025-09-12,2025-09-12 13:00:00,9_16,13,357.07,286.9649963378906,,,2026-06-25T20:48:01.118111
dayahead,timemixer,0,2023-01-01,2025-08-31,2025-09-01,2025-09-30,2025-09-12,2025-09-12,2025-09-12 14:00:00,9_16,14,316.96,284.6207580566406,,,2026-06-25T20:48:01.118111
dayahead,timemixer,0,2023-01-01,2025-08-31,2025-09-01,2025-09-30,2025-09-12,2025-09-12,2025-09-12 15:00:00,9_16,15,332.66,289.7527770996094,,,2026-06-25T20:48:01.118111
dayahead,timemixer,0,2023-01-01,2025-08-31,2025-09-01,2025-09-30,2025-09-12,2025-09-12,2025-09-12 16:00:00,9_16,16,349.19,297.47064208984375,,,2026-06-25T20:48:01.118111
dayahead,timemixer,0,2023-01-01,2025-08-31,2025-09-01,2025-09-30,2025-09-12,2025-09-12,2025-09-12 17:00:00,17_24,17,332.39,422.6219177246094,,,2026-06-25T20:48:01.118111
dayahead,timemixer,0,2023-01-01,2025-08-31,2025-09-01,2025-09-30,2025-09-12,2025-09-12,2025-09-12 18:00:00,17_24,18,345.33,405.76495361328125,,,2026-06-25T20:48:01.118111
dayahead,timemixer,0,2023-01-01,2025-08-31,2025-09-01,2025-09-30,2025-09-12,2025-09-12,2025-09-12 19:00:00,17_24,19,334.8,406.9146423339844,,,2026-06-25T20:48:01.118111
dayahead,timemixer,0,2023-01-01,2025-08-31,2025-09-01,2025-09-30,2025-09-12,2025-09-12,2025-09-12 20:00:00,17_24,20,345.29,379.70294189453125,,,2026-06-25T20:48:01.118111
dayahead,timemixer,0,2023-01-01,2025-08-31,2025-09-01,2025-09-30,2025-09-12,2025-09-12,2025-09-12 21:00:00,17_24,21,337.49,389.8273620605469,,,2026-06-25T20:48:01.118111
dayahead,timemixer,0,2023-01-01,2025-08-31,2025-09-01,2025-09-30,2025-09-12,2025-09-12,2025-09-12 22:00:00,17_24,22,317.68,385.0650329589844,,,2026-06-25T20:48:01.118111
dayahead,timemixer,0,2023-01-01,2025-08-31,2025-09-01,2025-09-30,2025-09-12,2025-09-12,2025-09-12 23:00:00,17_24,23,338.15,352.9527893066406,,,2026-06-25T20:48:01.118111
dayahead,timemixer,0,2023-01-01,2025-08-31,2025-09-01,2025-09-30,2025-09-12,2025-09-12,2025-09-13 00:00:00,17_24,24,333.15,392.10546875,,,2026-06-25T20:48:01.118111
dayahead,timemixer,0,2023-01-01,2025-08-31,2025-09-01,2025-09-30,2025-09-13,2025-09-13,2025-09-13 01:00:00,1_8,1,305.15,451.3500671386719,,,2026-06-25T20:48:01.118111
dayahead,timemixer,0,2023-01-01,2025-08-31,2025-09-01,2025-09-30,2025-09-13,2025-09-13,2025-09-13 02:00:00,1_8,2,362.32,417.373779296875,,,2026-06-25T20:48:01.118111
dayahead,timemixer,0,2023-01-01,2025-08-31,2025-09-01,2025-09-30,2025-09-13,2025-09-13,2025-09-13 03:00:00,1_8,3,360.64,355.1515808105469,,,2026-06-25T20:48:01.118111
dayahead,timemixer,0,2023-01-01,2025-08-31,2025-09-01,2025-09-30,2025-09-13,2025-09-13,2025-09-13 04:00:00,1_8,4,357.97,370.1877746582031,,,2026-06-25T20:48:01.118111
dayahead,timemixer,0,2023-01-01,2025-08-31,2025-09-01,2025-09-30,2025-09-13,2025-09-13,2025-09-13 05:00:00,1_8,5,355.95,346.5202331542969,,,2026-06-25T20:48:01.118111
dayahead,timemixer,0,2023-01-01,2025-08-31,2025-09-01,2025-09-30,2025-09-13,2025-09-13,2025-09-13 06:00:00,1_8,6,358.11,304.4455871582031,,,2026-06-25T20:48:01.118111
dayahead,timemixer,0,2023-01-01,2025-08-31,2025-09-01,2025-09-30,2025-09-13,2025-09-13,2025-09-13 07:00:00,1_8,7,362.0,294.223876953125,,,2026-06-25T20:48:01.118111
dayahead,timemixer,0,2023-01-01,2025-08-31,2025-09-01,2025-09-30,2025-09-13,2025-09-13,2025-09-13 08:00:00,1_8,8,358.98,271.92547607421875,,,2026-06-25T20:48:01.118111
dayahead,timemixer,0,2023-01-01,2025-08-31,2025-09-01,2025-09-30,2025-09-13,2025-09-13,2025-09-13 09:00:00,9_16,9,333.66,378.3834228515625,,,2026-06-25T20:48:01.118111
dayahead,timemixer,0,2023-01-01,2025-08-31,2025-09-01,2025-09-30,2025-09-13,2025-09-13,2025-09-13 10:00:00,9_16,10,171.49,368.20550537109375,,,2026-06-25T20:48:01.118111
dayahead,timemixer,0,2023-01-01,2025-08-31,2025-09-01,2025-09-30,2025-09-13,2025-09-13,2025-09-13 11:00:00,9_16,11,-14.5,333.9045104980469,,,2026-06-25T20:48:01.118111
dayahead,timemixer,0,2023-01-01,2025-08-31,2025-09-01,2025-09-30,2025-09-13,2025-09-13,2025-09-13 12:00:00,9_16,12,85.22,329.52703857421875,,,2026-06-25T20:48:01.118111
dayahead,timemixer,0,2023-01-01,2025-08-31,2025-09-01,2025-09-30,2025-09-13,2025-09-13,2025-09-13 13:00:00,9_16,13,101.47,321.66314697265625,,,2026-06-25T20:48:01.118111
dayahead,timemixer,0,2023-01-01,2025-08-31,2025-09-01,2025-09-30,2025-09-13,2025-09-13,2025-09-13 14:00:00,9_16,14,105.1,321.0765686035156,,,2026-06-25T20:48:01.118111
dayahead,timemixer,0,2023-01-01,2025-08-31,2025-09-01,2025-09-30,2025-09-13,2025-09-13,2025-09-13 15:00:00,9_16,15,124.58,323.6133728027344,,,2026-06-25T20:48:01.118111
dayahead,timemixer,0,2023-01-01,2025-08-31,2025-09-01,2025-09-30,2025-09-13,2025-09-13,2025-09-13 16:00:00,9_16,16,244.06,336.63037109375,,,2026-06-25T20:48:01.118111
dayahead,timemixer,0,2023-01-01,2025-08-31,2025-09-01,2025-09-30,2025-09-13,2025-09-13,2025-09-13 17:00:00,17_24,17,325.98,379.6036682128906,,,2026-06-25T20:48:01.118111
dayahead,timemixer,0,2023-01-01,2025-08-31,2025-09-01,2025-09-30,2025-09-13,2025-09-13,2025-09-13 18:00:00,17_24,18,372.1,390.7210998535156,,,2026-06-25T20:48:01.118111
dayahead,timemixer,0,2023-01-01,2025-08-31,2025-09-01,2025-09-30,2025-09-13,2025-09-13,2025-09-13 19:00:00,17_24,19,378.47,389.4751892089844,,,2026-06-25T20:48:01.118111
dayahead,timemixer,0,2023-01-01,2025-08-31,2025-09-01,2025-09-30,2025-09-13,2025-09-13,2025-09-13 20:00:00,17_24,20,376.94,330.8544006347656,,,2026-06-25T20:48:01.118111
dayahead,timemixer,0,2023-01-01,2025-08-31,2025-09-01,2025-09-30,2025-09-13,2025-09-13,2025-09-13 21:00:00,17_24,21,375.61,355.9022216796875,,,2026-06-25T20:48:01.118111
dayahead,timemixer,0,2023-01-01,2025-08-31,2025-09-01,2025-09-30,2025-09-13,2025-09-13,2025-09-13 22:00:00,17_24,22,372.71,319.3309020996094,,,2026-06-25T20:48:01.118111
dayahead,timemixer,0,2023-01-01,2025-08-31,2025-09-01,2025-09-30,2025-09-13,2025-09-13,2025-09-13 23:00:00,17_24,23,366.86,297.41143798828125,,,2026-06-25T20:48:01.118111
dayahead,timemixer,0,2023-01-01,2025-08-31,2025-09-01,2025-09-30,2025-09-13,2025-09-13,2025-09-14 00:00:00,17_24,24,357.19,363.18402099609375,,,2026-06-25T20:48:01.118111
dayahead,timemixer,0,2023-01-01,2025-08-31,2025-09-01,2025-09-30,2025-09-14,2025-09-14,2025-09-14 01:00:00,1_8,1,350.26,-25.079803466796875,,,2026-06-25T20:48:01.118111
dayahead,timemixer,0,2023-01-01,2025-08-31,2025-09-01,2025-09-30,2025-09-14,2025-09-14,2025-09-14 02:00:00,1_8,2,336.08,58.53468322753906,,,2026-06-25T20:48:01.118111
dayahead,timemixer,0,2023-01-01,2025-08-31,2025-09-01,2025-09-30,2025-09-14,2025-09-14,2025-09-14 03:00:00,1_8,3,332.5,316.8377990722656,,,2026-06-25T20:48:01.118111
dayahead,timemixer,0,2023-01-01,2025-08-31,2025-09-01,2025-09-30,2025-09-14,2025-09-14,2025-09-14 04:00:00,1_8,4,325.64,454.06610107421875,,,2026-06-25T20:48:01.118111
dayahead,timemixer,0,2023-01-01,2025-08-31,2025-09-01,2025-09-30,2025-09-14,2025-09-14,2025-09-14 05:00:00,1_8,5,322.35,468.38018798828125,,,2026-06-25T20:48:01.118111
dayahead,timemixer,0,2023-01-01,2025-08-31,2025-09-01,2025-09-30,2025-09-14,2025-09-14,2025-09-14 06:00:00,1_8,6,329.08,448.5618591308594,,,2026-06-25T20:48:01.118111
dayahead,timemixer,0,2023-01-01,2025-08-31,2025-09-01,2025-09-30,2025-09-14,2025-09-14,2025-09-14 07:00:00,1_8,7,336.36,445.0006103515625,,,2026-06-25T20:48:01.118111
dayahead,timemixer,0,2023-01-01,2025-08-31,2025-09-01,2025-09-30,2025-09-14,2025-09-14,2025-09-14 08:00:00,1_8,8,329.58,439.33111572265625,,,2026-06-25T20:48:01.118111
dayahead,timemixer,0,2023-01-01,2025-08-31,2025-09-01,2025-09-30,2025-09-14,2025-09-14,2025-09-14 09:00:00,9_16,9,200.22,351.8396301269531,,,2026-06-25T20:48:01.118111
dayahead,timemixer,0,2023-01-01,2025-08-31,2025-09-01,2025-09-30,2025-09-14,2025-09-14,2025-09-14 10:00:00,9_16,10,-84.8,332.5030212402344,,,2026-06-25T20:48:01.118111
dayahead,timemixer,0,2023-01-01,2025-08-31,2025-09-01,2025-09-30,2025-09-14,2025-09-14,2025-09-14 11:00:00,9_16,11,-75.32,308.9302673339844,,,2026-06-25T20:48:01.118111
dayahead,timemixer,0,2023-01-01,2025-08-31,2025-09-01,2025-09-30,2025-09-14,2025-09-14,2025-09-14 12:00:00,9_16,12,-18.96,302.7937316894531,,,2026-06-25T20:48:01.118111
dayahead,timemixer,0,2023-01-01,2025-08-31,2025-09-01,2025-09-30,2025-09-14,2025-09-14,2025-09-14 13:00:00,9_16,13,-13.04,291.892578125,,,2026-06-25T20:48:01.118111
dayahead,timemixer,0,2023-01-01,2025-08-31,2025-09-01,2025-09-30,2025-09-14,2025-09-14,2025-09-14 14:00:00,9_16,14,-30.26,284.8289794921875,,,2026-06-25T20:48:01.118111
dayahead,timemixer,0,2023-01-01,2025-08-31,2025-09-01,2025-09-30,2025-09-14,2025-09-14,2025-09-14 15:00:00,9_16,15,-27.75,295.27801513671875,,,2026-06-25T20:48:01.118111
dayahead,timemixer,0,2023-01-01,2025-08-31,2025-09-01,2025-09-30,2025-09-14,2025-09-14,2025-09-14 16:00:00,9_16,16,-22.65,296.6564636230469,,,2026-06-25T20:48:01.118111
dayahead,timemixer,0,2023-01-01,2025-08-31,2025-09-01,2025-09-30,2025-09-14,2025-09-14,2025-09-14 17:00:00,17_24,17,222.28,246.32638549804688,,,2026-06-25T20:48:01.118111
dayahead,timemixer,0,2023-01-01,2025-08-31,2025-09-01,2025-09-30,2025-09-14,2025-09-14,2025-09-14 18:00:00,17_24,18,363.55,208.02268981933594,,,2026-06-25T20:48:01.118111
dayahead,timemixer,0,2023-01-01,2025-08-31,2025-09-01,2025-09-30,2025-09-14,2025-09-14,2025-09-14 19:00:00,17_24,19,381.67,41.55125427246094,,,2026-06-25T20:48:01.118111
dayahead,timemixer,0,2023-01-01,2025-08-31,2025-09-01,2025-09-30,2025-09-14,2025-09-14,2025-09-14 20:00:00,17_24,20,379.75,-88.7472152709961,,,2026-06-25T20:48:01.118111
dayahead,timemixer,0,2023-01-01,2025-08-31,2025-09-01,2025-09-30,2025-09-14,2025-09-14,2025-09-14 21:00:00,17_24,21,379.37,-80.11995697021484,,,2026-06-25T20:48:01.118111
dayahead,timemixer,0,2023-01-01,2025-08-31,2025-09-01,2025-09-30,2025-09-14,2025-09-14,2025-09-14 22:00:00,17_24,22,377.91,-60.395748138427734,,,2026-06-25T20:48:01.118111
dayahead,timemixer,0,2023-01-01,2025-08-31,2025-09-01,2025-09-30,2025-09-14,2025-09-14,2025-09-14 23:00:00,17_24,23,376.87,-83.72238159179688,,,2026-06-25T20:48:01.118111
dayahead,timemixer,0,2023-01-01,2025-08-31,2025-09-01,2025-09-30,2025-09-14,2025-09-14,2025-09-15 00:00:00,17_24,24,364.99,-54.36260223388672,,,2026-06-25T20:48:01.118111
dayahead,timemixer,0,2023-01-01,2025-08-31,2025-09-01,2025-09-30,2025-09-15,2025-09-15,2025-09-15 01:00:00,1_8,1,360.91,286.80706787109375,,,2026-06-25T20:48:01.118111
dayahead,timemixer,0,2023-01-01,2025-08-31,2025-09-01,2025-09-30,2025-09-15,2025-09-15,2025-09-15 02:00:00,1_8,2,359.09,319.25726318359375,,,2026-06-25T20:48:01.118111
dayahead,timemixer,0,2023-01-01,2025-08-31,2025-09-01,2025-09-30,2025-09-15,2025-09-15,2025-09-15 03:00:00,1_8,3,355.76,374.4865417480469,,,2026-06-25T20:48:01.118111
dayahead,timemixer,0,2023-01-01,2025-08-31,2025-09-01,2025-09-30,2025-09-15,2025-09-15,2025-09-15 04:00:00,1_8,4,352.42,393.950927734375,,,2026-06-25T20:48:01.118111
dayahead,timemixer,0,2023-01-01,2025-08-31,2025-09-01,2025-09-30,2025-09-15,2025-09-15,2025-09-15 05:00:00,1_8,5,350.1,368.79510498046875,,,2026-06-25T20:48:01.118111
dayahead,timemixer,0,2023-01-01,2025-08-31,2025-09-01,2025-09-30,2025-09-15,2025-09-15,2025-09-15 06:00:00,1_8,6,353.1,347.4129333496094,,,2026-06-25T20:48:01.118111
dayahead,timemixer,0,2023-01-01,2025-08-31,2025-09-01,2025-09-30,2025-09-15,2025-09-15,2025-09-15 07:00:00,1_8,7,360.42,343.0582275390625,,,2026-06-25T20:48:01.118111
dayahead,timemixer,0,2023-01-01,2025-08-31,2025-09-01,2025-09-30,2025-09-15,2025-09-15,2025-09-15 08:00:00,1_8,8,356.0,337.8399353027344,,,2026-06-25T20:48:01.118111
dayahead,timemixer,0,2023-01-01,2025-08-31,2025-09-01,2025-09-30,2025-09-15,2025-09-15,2025-09-15 09:00:00,9_16,9,340.22,375.3471984863281,,,2026-06-25T20:48:01.118111
dayahead,timemixer,0,2023-01-01,2025-08-31,2025-09-01,2025-09-30,2025-09-15,2025-09-15,2025-09-15 10:00:00,9_16,10,316.95,348.1236572265625,,,2026-06-25T20:48:01.118111
dayahead,timemixer,0,2023-01-01,2025-08-31,2025-09-01,2025-09-30,2025-09-15,2025-09-15,2025-09-15 11:00:00,9_16,11,279.4,313.75653076171875,,,2026-06-25T20:48:01.118111
dayahead,timemixer,0,2023-01-01,2025-08-31,2025-09-01,2025-09-30,2025-09-15,2025-09-15,2025-09-15 12:00:00,9_16,12,309.45,315.93206787109375,,,2026-06-25T20:48:01.118111
dayahead,timemixer,0,2023-01-01,2025-08-31,2025-09-01,2025-09-30,2025-09-15,2025-09-15,2025-09-15 13:00:00,9_16,13,318.49,315.6023254394531,,,2026-06-25T20:48:01.118111
dayahead,timemixer,0,2023-01-01,2025-08-31,2025-09-01,2025-09-30,2025-09-15,2025-09-15,2025-09-15 14:00:00,9_16,14,306.94,279.3208923339844,,,2026-06-25T20:48:01.118111
dayahead,timemixer,0,2023-01-01,2025-08-31,2025-09-01,2025-09-30,2025-09-15,2025-09-15,2025-09-15 15:00:00,9_16,15,356.53,299.3758544921875,,,2026-06-25T20:48:01.118111
dayahead,timemixer,0,2023-01-01,2025-08-31,2025-09-01,2025-09-30,2025-09-15,2025-09-15,2025-09-15 16:00:00,9_16,16,386.83,303.3681640625,,,2026-06-25T20:48:01.118111
dayahead,timemixer,0,2023-01-01,2025-08-31,2025-09-01,2025-09-30,2025-09-15,2025-09-15,2025-09-15 17:00:00,17_24,17,384.48,403.8271484375,,,2026-06-25T20:48:01.118111
dayahead,timemixer,0,2023-01-01,2025-08-31,2025-09-01,2025-09-30,2025-09-15,2025-09-15,2025-09-15 18:00:00,17_24,18,446.87,395.1598205566406,,,2026-06-25T20:48:01.118111
dayahead,timemixer,0,2023-01-01,2025-08-31,2025-09-01,2025-09-30,2025-09-15,2025-09-15,2025-09-15 19:00:00,17_24,19,495.01,354.095703125,,,2026-06-25T20:48:01.118111
dayahead,timemixer,0,2023-01-01,2025-08-31,2025-09-01,2025-09-30,2025-09-15,2025-09-15,2025-09-15 20:00:00,17_24,20,494.93,305.5096740722656,,,2026-06-25T20:48:01.118111
dayahead,timemixer,0,2023-01-01,2025-08-31,2025-09-01,2025-09-30,2025-09-15,2025-09-15,2025-09-15 21:00:00,17_24,21,468.88,300.21429443359375,,,2026-06-25T20:48:01.118111
dayahead,timemixer,0,2023-01-01,2025-08-31,2025-09-01,2025-09-30,2025-09-15,2025-09-15,2025-09-15 22:00:00,17_24,22,387.17,305.0677795410156,,,2026-06-25T20:48:01.118111
dayahead,timemixer,0,2023-01-01,2025-08-31,2025-09-01,2025-09-30,2025-09-15,2025-09-15,2025-09-15 23:00:00,17_24,23,383.91,276.595703125,,,2026-06-25T20:48:01.118111
dayahead,timemixer,0,2023-01-01,2025-08-31,2025-09-01,2025-09-30,2025-09-15,2025-09-15,2025-09-16 00:00:00,17_24,24,371.82,307.5632629394531,,,2026-06-25T20:48:01.118111
dayahead,timemixer,0,2023-01-01,2025-08-31,2025-09-01,2025-09-30,2025-09-16,2025-09-16,2025-09-16 01:00:00,1_8,1,362.02,392.29833984375,,,2026-06-25T20:48:01.118111
dayahead,timemixer,0,2023-01-01,2025-08-31,2025-09-01,2025-09-30,2025-09-16,2025-09-16,2025-09-16 02:00:00,1_8,2,360.89,354.71673583984375,,,2026-06-25T20:48:01.118111
dayahead,timemixer,0,2023-01-01,2025-08-31,2025-09-01,2025-09-30,2025-09-16,2025-09-16,2025-09-16 03:00:00,1_8,3,365.0,321.00933837890625,,,2026-06-25T20:48:01.118111
dayahead,timemixer,0,2023-01-01,2025-08-31,2025-09-01,2025-09-30,2025-09-16,2025-09-16,2025-09-16 04:00:00,1_8,4,365.0,328.94366455078125,,,2026-06-25T20:48:01.118111
dayahead,timemixer,0,2023-01-01,2025-08-31,2025-09-01,2025-09-30,2025-09-16,2025-09-16,2025-09-16 05:00:00,1_8,5,365.0,299.2222900390625,,,2026-06-25T20:48:01.118111
dayahead,timemixer,0,2023-01-01,2025-08-31,2025-09-01,2025-09-30,2025-09-16,2025-09-16,2025-09-16 06:00:00,1_8,6,359.97,257.814697265625,,,2026-06-25T20:48:01.118111
dayahead,timemixer,0,2023-01-01,2025-08-31,2025-09-01,2025-09-30,2025-09-16,2025-09-16,2025-09-16 07:00:00,1_8,7,352.6,250.82310485839844,,,2026-06-25T20:48:01.118111
dayahead,timemixer,0,2023-01-01,2025-08-31,2025-09-01,2025-09-30,2025-09-16,2025-09-16,2025-09-16 08:00:00,1_8,8,356.71,259.98046875,,,2026-06-25T20:48:01.118111
dayahead,timemixer,0,2023-01-01,2025-08-31,2025-09-01,2025-09-30,2025-09-16,2025-09-16,2025-09-16 09:00:00,9_16,9,361.91,286.2335205078125,,,2026-06-25T20:48:01.118111
dayahead,timemixer,0,2023-01-01,2025-08-31,2025-09-01,2025-09-30,2025-09-16,2025-09-16,2025-09-16 10:00:00,9_16,10,742.0,255.3192901611328,,,2026-06-25T20:48:01.118111
dayahead,timemixer,0,2023-01-01,2025-08-31,2025-09-01,2025-09-30,2025-09-16,2025-09-16,2025-09-16 11:00:00,9_16,11,761.95,248.27536010742188,,,2026-06-25T20:48:01.118111
dayahead,timemixer,0,2023-01-01,2025-08-31,2025-09-01,2025-09-30,2025-09-16,2025-09-16,2025-09-16 12:00:00,9_16,12,777.11,225.5548858642578,,,2026-06-25T20:48:01.118111
dayahead,timemixer,0,2023-01-01,2025-08-31,2025-09-01,2025-09-30,2025-09-16,2025-09-16,2025-09-16 13:00:00,9_16,13,802.68,220.52902221679688,,,2026-06-25T20:48:01.118111
dayahead,timemixer,0,2023-01-01,2025-08-31,2025-09-01,2025-09-30,2025-09-16,2025-09-16,2025-09-16 14:00:00,9_16,14,785.89,215.7042236328125,,,2026-06-25T20:48:01.118111
dayahead,timemixer,0,2023-01-01,2025-08-31,2025-09-01,2025-09-30,2025-09-16,2025-09-16,2025-09-16 15:00:00,9_16,15,783.85,235.4720458984375,,,2026-06-25T20:48:01.118111
dayahead,timemixer,0,2023-01-01,2025-08-31,2025-09-01,2025-09-30,2025-09-16,2025-09-16,2025-09-16 16:00:00,9_16,16,780.35,208.56417846679688,,,2026-06-25T20:48:01.118111
dayahead,timemixer,0,2023-01-01,2025-08-31,2025-09-01,2025-09-30,2025-09-16,2025-09-16,2025-09-16 17:00:00,17_24,17,412.05,297.3287353515625,,,2026-06-25T20:48:01.118111
dayahead,timemixer,0,2023-01-01,2025-08-31,2025-09-01,2025-09-30,2025-09-16,2025-09-16,2025-09-16 18:00:00,17_24,18,397.66,381.503173828125,,,2026-06-25T20:48:01.118111
dayahead,timemixer,0,2023-01-01,2025-08-31,2025-09-01,2025-09-30,2025-09-16,2025-09-16,2025-09-16 19:00:00,17_24,19,381.86,450.8082275390625,,,2026-06-25T20:48:01.118111
dayahead,timemixer,0,2023-01-01,2025-08-31,2025-09-01,2025-09-30,2025-09-16,2025-09-16,2025-09-16 20:00:00,17_24,20,379.58,452.55035400390625,,,2026-06-25T20:48:01.118111
dayahead,timemixer,0,2023-01-01,2025-08-31,2025-09-01,2025-09-30,2025-09-16,2025-09-16,2025-09-16 21:00:00,17_24,21,367.93,485.83502197265625,,,2026-06-25T20:48:01.118111
dayahead,timemixer,0,2023-01-01,2025-08-31,2025-09-01,2025-09-30,2025-09-16,2025-09-16,2025-09-16 22:00:00,17_24,22,350.14,519.3148193359375,,,2026-06-25T20:48:01.118111
dayahead,timemixer,0,2023-01-01,2025-08-31,2025-09-01,2025-09-30,2025-09-16,2025-09-16,2025-09-16 23:00:00,17_24,23,343.62,439.7933349609375,,,2026-06-25T20:48:01.118111
dayahead,timemixer,0,2023-01-01,2025-08-31,2025-09-01,2025-09-30,2025-09-16,2025-09-16,2025-09-17 00:00:00,17_24,24,316.18,486.4957275390625,,,2026-06-25T20:48:01.118111
dayahead,timemixer,0,2023-01-01,2025-08-31,2025-09-01,2025-09-30,2025-09-17,2025-09-17,2025-09-17 01:00:00,1_8,1,294.69,262.82220458984375,,,2026-06-25T20:48:01.118111
dayahead,timemixer,0,2023-01-01,2025-08-31,2025-09-01,2025-09-30,2025-09-17,2025-09-17,2025-09-17 02:00:00,1_8,2,256.37,314.52923583984375,,,2026-06-25T20:48:01.118111
dayahead,timemixer,0,2023-01-01,2025-08-31,2025-09-01,2025-09-30,2025-09-17,2025-09-17,2025-09-17 03:00:00,1_8,3,293.8,334.5251770019531,,,2026-06-25T20:48:01.118111
dayahead,timemixer,0,2023-01-01,2025-08-31,2025-09-01,2025-09-30,2025-09-17,2025-09-17,2025-09-17 04:00:00,1_8,4,267.35,330.54425048828125,,,2026-06-25T20:48:01.118111
dayahead,timemixer,0,2023-01-01,2025-08-31,2025-09-01,2025-09-30,2025-09-17,2025-09-17,2025-09-17 05:00:00,1_8,5,248.29,300.590576171875,,,2026-06-25T20:48:01.118111
dayahead,timemixer,0,2023-01-01,2025-08-31,2025-09-01,2025-09-30,2025-09-17,2025-09-17,2025-09-17 06:00:00,1_8,6,265.86,267.29217529296875,,,2026-06-25T20:48:01.118111
dayahead,timemixer,0,2023-01-01,2025-08-31,2025-09-01,2025-09-30,2025-09-17,2025-09-17,2025-09-17 07:00:00,1_8,7,307.31,248.8946990966797,,,2026-06-25T20:48:01.118111
dayahead,timemixer,0,2023-01-01,2025-08-31,2025-09-01,2025-09-30,2025-09-17,2025-09-17,2025-09-17 08:00:00,1_8,8,316.01,234.60693359375,,,2026-06-25T20:48:01.118111
dayahead,timemixer,0,2023-01-01,2025-08-31,2025-09-01,2025-09-30,2025-09-17,2025-09-17,2025-09-17 09:00:00,9_16,9,286.97,353.4419250488281,,,2026-06-25T20:48:01.118111
dayahead,timemixer,0,2023-01-01,2025-08-31,2025-09-01,2025-09-30,2025-09-17,2025-09-17,2025-09-17 10:00:00,9_16,10,132.7,344.597412109375,,,2026-06-25T20:48:01.118111
dayahead,timemixer,0,2023-01-01,2025-08-31,2025-09-01,2025-09-30,2025-09-17,2025-09-17,2025-09-17 11:00:00,9_16,11,-46.53,301.1861572265625,,,2026-06-25T20:48:01.118111
dayahead,timemixer,0,2023-01-01,2025-08-31,2025-09-01,2025-09-30,2025-09-17,2025-09-17,2025-09-17 12:00:00,9_16,12,-63.97,298.8074035644531,,,2026-06-25T20:48:01.118111
dayahead,timemixer,0,2023-01-01,2025-08-31,2025-09-01,2025-09-30,2025-09-17,2025-09-17,2025-09-17 13:00:00,9_16,13,-75.55,291.1654968261719,,,2026-06-25T20:48:01.118111
dayahead,timemixer,0,2023-01-01,2025-08-31,2025-09-01,2025-09-30,2025-09-17,2025-09-17,2025-09-17 14:00:00,9_16,14,-81.2,283.6264343261719,,,2026-06-25T20:48:01.118111
dayahead,timemixer,0,2023-01-01,2025-08-31,2025-09-01,2025-09-30,2025-09-17,2025-09-17,2025-09-17 15:00:00,9_16,15,-66.66,294.6307373046875,,,2026-06-25T20:48:01.118111
dayahead,timemixer,0,2023-01-01,2025-08-31,2025-09-01,2025-09-30,2025-09-17,2025-09-17,2025-09-17 16:00:00,9_16,16,60.72,313.6878662109375,,,2026-06-25T20:48:01.118111
dayahead,timemixer,0,2023-01-01,2025-08-31,2025-09-01,2025-09-30,2025-09-17,2025-09-17,2025-09-17 17:00:00,17_24,17,269.79,381.2534484863281,,,2026-06-25T20:48:01.118111
dayahead,timemixer,0,2023-01-01,2025-08-31,2025-09-01,2025-09-30,2025-09-17,2025-09-17,2025-09-17 18:00:00,17_24,18,337.47,407.59234619140625,,,2026-06-25T20:48:01.118111
dayahead,timemixer,0,2023-01-01,2025-08-31,2025-09-01,2025-09-30,2025-09-17,2025-09-17,2025-09-17 19:00:00,17_24,19,355.0,386.384765625,,,2026-06-25T20:48:01.118111
dayahead,timemixer,0,2023-01-01,2025-08-31,2025-09-01,2025-09-30,2025-09-17,2025-09-17,2025-09-17 20:00:00,17_24,20,355.0,359.8749694824219,,,2026-06-25T20:48:01.118111
dayahead,timemixer,0,2023-01-01,2025-08-31,2025-09-01,2025-09-30,2025-09-17,2025-09-17,2025-09-17 21:00:00,17_24,21,355.0,358.7537841796875,,,2026-06-25T20:48:01.118111
dayahead,timemixer,0,2023-01-01,2025-08-31,2025-09-01,2025-09-30,2025-09-17,2025-09-17,2025-09-17 22:00:00,17_24,22,355.0,361.4263610839844,,,2026-06-25T20:48:01.118111
dayahead,timemixer,0,2023-01-01,2025-08-31,2025-09-01,2025-09-30,2025-09-17,2025-09-17,2025-09-17 23:00:00,17_24,23,355.0,328.44952392578125,,,2026-06-25T20:48:01.118111
dayahead,timemixer,0,2023-01-01,2025-08-31,2025-09-01,2025-09-30,2025-09-17,2025-09-17,2025-09-18 00:00:00,17_24,24,355.0,363.4219665527344,,,2026-06-25T20:48:01.118111
dayahead,timemixer,0,2023-01-01,2025-08-31,2025-09-01,2025-09-30,2025-09-18,2025-09-18,2025-09-18 01:00:00,1_8,1,354.59,345.5631103515625,,,2026-06-25T20:48:01.118111
dayahead,timemixer,0,2023-01-01,2025-08-31,2025-09-01,2025-09-30,2025-09-18,2025-09-18,2025-09-18 02:00:00,1_8,2,334.34,382.1267395019531,,,2026-06-25T20:48:01.118111
dayahead,timemixer,0,2023-01-01,2025-08-31,2025-09-01,2025-09-30,2025-09-18,2025-09-18,2025-09-18 03:00:00,1_8,3,332.84,416.7090148925781,,,2026-06-25T20:48:01.118111
dayahead,timemixer,0,2023-01-01,2025-08-31,2025-09-01,2025-09-30,2025-09-18,2025-09-18,2025-09-18 04:00:00,1_8,4,330.56,419.4918212890625,,,2026-06-25T20:48:01.118111
dayahead,timemixer,0,2023-01-01,2025-08-31,2025-09-01,2025-09-30,2025-09-18,2025-09-18,2025-09-18 05:00:00,1_8,5,330.93,404.8326110839844,,,2026-06-25T20:48:01.118111
dayahead,timemixer,0,2023-01-01,2025-08-31,2025-09-01,2025-09-30,2025-09-18,2025-09-18,2025-09-18 06:00:00,1_8,6,336.19,344.1087646484375,,,2026-06-25T20:48:01.118111
dayahead,timemixer,0,2023-01-01,2025-08-31,2025-09-01,2025-09-30,2025-09-18,2025-09-18,2025-09-18 07:00:00,1_8,7,347.22,332.9332275390625,,,2026-06-25T20:48:01.118111
dayahead,timemixer,0,2023-01-01,2025-08-31,2025-09-01,2025-09-30,2025-09-18,2025-09-18,2025-09-18 08:00:00,1_8,8,344.92,321.92596435546875,,,2026-06-25T20:48:01.118111
dayahead,timemixer,0,2023-01-01,2025-08-31,2025-09-01,2025-09-30,2025-09-18,2025-09-18,2025-09-18 09:00:00,9_16,9,302.84,353.48553466796875,,,2026-06-25T20:48:01.118111
dayahead,timemixer,0,2023-01-01,2025-08-31,2025-09-01,2025-09-30,2025-09-18,2025-09-18,2025-09-18 10:00:00,9_16,10,65.89,340.7373962402344,,,2026-06-25T20:48:01.118111
dayahead,timemixer,0,2023-01-01,2025-08-31,2025-09-01,2025-09-30,2025-09-18,2025-09-18,2025-09-18 11:00:00,9_16,11,-92.78,309.3531494140625,,,2026-06-25T20:48:01.118111
dayahead,timemixer,0,2023-01-01,2025-08-31,2025-09-01,2025-09-30,2025-09-18,2025-09-18,2025-09-18 12:00:00,9_16,12,-86.44,299.03424072265625,,,2026-06-25T20:48:01.118111
dayahead,timemixer,0,2023-01-01,2025-08-31,2025-09-01,2025-09-30,2025-09-18,2025-09-18,2025-09-18 13:00:00,9_16,13,-82.82,294.94781494140625,,,2026-06-25T20:48:01.118111
dayahead,timemixer,0,2023-01-01,2025-08-31,2025-09-01,2025-09-30,2025-09-18,2025-09-18,2025-09-18 14:00:00,9_16,14,-92.15,282.4239807128906,,,2026-06-25T20:48:01.118111
dayahead,timemixer,0,2023-01-01,2025-08-31,2025-09-01,2025-09-30,2025-09-18,2025-09-18,2025-09-18 15:00:00,9_16,15,17.77,284.2021484375,,,2026-06-25T20:48:01.118111
dayahead,timemixer,0,2023-01-01,2025-08-31,2025-09-01,2025-09-30,2025-09-18,2025-09-18,2025-09-18 16:00:00,9_16,16,309.96,304.9305725097656,,,2026-06-25T20:48:01.118111
dayahead,timemixer,0,2023-01-01,2025-08-31,2025-09-01,2025-09-30,2025-09-18,2025-09-18,2025-09-18 17:00:00,17_24,17,356.98,385.5813293457031,,,2026-06-25T20:48:01.118111
dayahead,timemixer,0,2023-01-01,2025-08-31,2025-09-01,2025-09-30,2025-09-18,2025-09-18,2025-09-18 18:00:00,17_24,18,383.09,389.0996398925781,,,2026-06-25T20:48:01.118111
dayahead,timemixer,0,2023-01-01,2025-08-31,2025-09-01,2025-09-30,2025-09-18,2025-09-18,2025-09-18 19:00:00,17_24,19,384.49,405.3819580078125,,,2026-06-25T20:48:01.118111
dayahead,timemixer,0,2023-01-01,2025-08-31,2025-09-01,2025-09-30,2025-09-18,2025-09-18,2025-09-18 20:00:00,17_24,20,384.78,376.97174072265625,,,2026-06-25T20:48:01.118111
dayahead,timemixer,0,2023-01-01,2025-08-31,2025-09-01,2025-09-30,2025-09-18,2025-09-18,2025-09-18 21:00:00,17_24,21,384.28,402.455810546875,,,2026-06-25T20:48:01.118111
dayahead,timemixer,0,2023-01-01,2025-08-31,2025-09-01,2025-09-30,2025-09-18,2025-09-18,2025-09-18 22:00:00,17_24,22,381.03,424.916015625,,,2026-06-25T20:48:01.118111
dayahead,timemixer,0,2023-01-01,2025-08-31,2025-09-01,2025-09-30,2025-09-18,2025-09-18,2025-09-18 23:00:00,17_24,23,378.26,360.7334899902344,,,2026-06-25T20:48:01.118111
dayahead,timemixer,0,2023-01-01,2025-08-31,2025-09-01,2025-09-30,2025-09-18,2025-09-18,2025-09-19 00:00:00,17_24,24,372.82,405.4332275390625,,,2026-06-25T20:48:01.118111
dayahead,timemixer,0,2023-01-01,2025-08-31,2025-09-01,2025-09-30,2025-09-19,2025-09-19,2025-09-19 01:00:00,1_8,1,364.48,404.20184326171875,,,2026-06-25T20:48:01.118111
dayahead,timemixer,0,2023-01-01,2025-08-31,2025-09-01,2025-09-30,2025-09-19,2025-09-19,2025-09-19 02:00:00,1_8,2,350.01,418.5924072265625,,,2026-06-25T20:48:01.118111
dayahead,timemixer,0,2023-01-01,2025-08-31,2025-09-01,2025-09-30,2025-09-19,2025-09-19,2025-09-19 03:00:00,1_8,3,346.14,377.35516357421875,,,2026-06-25T20:48:01.118111
dayahead,timemixer,0,2023-01-01,2025-08-31,2025-09-01,2025-09-30,2025-09-19,2025-09-19,2025-09-19 04:00:00,1_8,4,341.15,387.64422607421875,,,2026-06-25T20:48:01.118111
dayahead,timemixer,0,2023-01-01,2025-08-31,2025-09-01,2025-09-30,2025-09-19,2025-09-19,2025-09-19 05:00:00,1_8,5,340.63,383.42840576171875,,,2026-06-25T20:48:01.118111
dayahead,timemixer,0,2023-01-01,2025-08-31,2025-09-01,2025-09-30,2025-09-19,2025-09-19,2025-09-19 06:00:00,1_8,6,339.25,333.864013671875,,,2026-06-25T20:48:01.118111
dayahead,timemixer,0,2023-01-01,2025-08-31,2025-09-01,2025-09-30,2025-09-19,2025-09-19,2025-09-19 07:00:00,1_8,7,340.69,332.62542724609375,,,2026-06-25T20:48:01.118111
dayahead,timemixer,0,2023-01-01,2025-08-31,2025-09-01,2025-09-30,2025-09-19,2025-09-19,2025-09-19 08:00:00,1_8,8,346.93,298.3882751464844,,,2026-06-25T20:48:01.118111
dayahead,timemixer,0,2023-01-01,2025-08-31,2025-09-01,2025-09-30,2025-09-19,2025-09-19,2025-09-19 09:00:00,9_16,9,351.89,394.5208740234375,,,2026-06-25T20:48:01.118111
dayahead,timemixer,0,2023-01-01,2025-08-31,2025-09-01,2025-09-30,2025-09-19,2025-09-19,2025-09-19 10:00:00,9_16,10,372.35,378.5072937011719,,,2026-06-25T20:48:01.118111
dayahead,timemixer,0,2023-01-01,2025-08-31,2025-09-01,2025-09-30,2025-09-19,2025-09-19,2025-09-19 11:00:00,9_16,11,422.8,336.41021728515625,,,2026-06-25T20:48:01.118111
dayahead,timemixer,0,2023-01-01,2025-08-31,2025-09-01,2025-09-30,2025-09-19,2025-09-19,2025-09-19 12:00:00,9_16,12,587.19,326.1209716796875,,,2026-06-25T20:48:01.118111
dayahead,timemixer,0,2023-01-01,2025-08-31,2025-09-01,2025-09-30,2025-09-19,2025-09-19,2025-09-19 13:00:00,9_16,13,604.95,302.209716796875,,,2026-06-25T20:48:01.118111
dayahead,timemixer,0,2023-01-01,2025-08-31,2025-09-01,2025-09-30,2025-09-19,2025-09-19,2025-09-19 14:00:00,9_16,14,415.16,313.48602294921875,,,2026-06-25T20:48:01.118111
dayahead,timemixer,0,2023-01-01,2025-08-31,2025-09-01,2025-09-30,2025-09-19,2025-09-19,2025-09-19 15:00:00,9_16,15,413.31,306.9774475097656,,,2026-06-25T20:48:01.118111
dayahead,timemixer,0,2023-01-01,2025-08-31,2025-09-01,2025-09-30,2025-09-19,2025-09-19,2025-09-19 16:00:00,9_16,16,356.53,323.97845458984375,,,2026-06-25T20:48:01.118111
dayahead,timemixer,0,2023-01-01,2025-08-31,2025-09-01,2025-09-30,2025-09-19,2025-09-19,2025-09-19 17:00:00,17_24,17,351.77,401.4462585449219,,,2026-06-25T20:48:01.118111
dayahead,timemixer,0,2023-01-01,2025-08-31,2025-09-01,2025-09-30,2025-09-19,2025-09-19,2025-09-19 18:00:00,17_24,18,354.41,400.1501159667969,,,2026-06-25T20:48:01.118111
dayahead,timemixer,0,2023-01-01,2025-08-31,2025-09-01,2025-09-30,2025-09-19,2025-09-19,2025-09-19 19:00:00,17_24,19,366.11,359.396240234375,,,2026-06-25T20:48:01.118111
dayahead,timemixer,0,2023-01-01,2025-08-31,2025-09-01,2025-09-30,2025-09-19,2025-09-19,2025-09-19 20:00:00,17_24,20,370.96,233.47357177734375,,,2026-06-25T20:48:01.118111
dayahead,timemixer,0,2023-01-01,2025-08-31,2025-09-01,2025-09-30,2025-09-19,2025-09-19,2025-09-19 21:00:00,17_24,21,355.46,211.7371063232422,,,2026-06-25T20:48:01.118111
dayahead,timemixer,0,2023-01-01,2025-08-31,2025-09-01,2025-09-30,2025-09-19,2025-09-19,2025-09-19 22:00:00,17_24,22,337.37,171.42642211914062,,,2026-06-25T20:48:01.118111
dayahead,timemixer,0,2023-01-01,2025-08-31,2025-09-01,2025-09-30,2025-09-19,2025-09-19,2025-09-19 23:00:00,17_24,23,340.02,158.18832397460938,,,2026-06-25T20:48:01.118111
dayahead,timemixer,0,2023-01-01,2025-08-31,2025-09-01,2025-09-30,2025-09-19,2025-09-19,2025-09-20 00:00:00,17_24,24,333.69,192.04791259765625,,,2026-06-25T20:48:01.118111
dayahead,timemixer,0,2023-01-01,2025-08-31,2025-09-01,2025-09-30,2025-09-20,2025-09-20,2025-09-20 01:00:00,1_8,1,323.8,171.65286254882812,,,2026-06-25T20:48:01.118111
dayahead,timemixer,0,2023-01-01,2025-08-31,2025-09-01,2025-09-30,2025-09-20,2025-09-20,2025-09-20 02:00:00,1_8,2,446.22,340.85430908203125,,,2026-06-25T20:48:01.118111
dayahead,timemixer,0,2023-01-01,2025-08-31,2025-09-01,2025-09-30,2025-09-20,2025-09-20,2025-09-20 03:00:00,1_8,3,401.79,425.3328552246094,,,2026-06-25T20:48:01.118111
dayahead,timemixer,0,2023-01-01,2025-08-31,2025-09-01,2025-09-30,2025-09-20,2025-09-20,2025-09-20 04:00:00,1_8,4,371.35,437.9385681152344,,,2026-06-25T20:48:01.118111
dayahead,timemixer,0,2023-01-01,2025-08-31,2025-09-01,2025-09-30,2025-09-20,2025-09-20,2025-09-20 05:00:00,1_8,5,367.09,405.73492431640625,,,2026-06-25T20:48:01.118111
dayahead,timemixer,0,2023-01-01,2025-08-31,2025-09-01,2025-09-30,2025-09-20,2025-09-20,2025-09-20 06:00:00,1_8,6,368.65,398.01116943359375,,,2026-06-25T20:48:01.118111
dayahead,timemixer,0,2023-01-01,2025-08-31,2025-09-01,2025-09-30,2025-09-20,2025-09-20,2025-09-20 07:00:00,1_8,7,383.21,388.53680419921875,,,2026-06-25T20:48:01.118111
dayahead,timemixer,0,2023-01-01,2025-08-31,2025-09-01,2025-09-30,2025-09-20,2025-09-20,2025-09-20 08:00:00,1_8,8,375.53,380.55706787109375,,,2026-06-25T20:48:01.118111
dayahead,timemixer,0,2023-01-01,2025-08-31,2025-09-01,2025-09-30,2025-09-20,2025-09-20,2025-09-20 09:00:00,9_16,9,309.08,363.7480163574219,,,2026-06-25T20:48:01.118111
dayahead,timemixer,0,2023-01-01,2025-08-31,2025-09-01,2025-09-30,2025-09-20,2025-09-20,2025-09-20 10:00:00,9_16,10,-59.34,344.8907165527344,,,2026-06-25T20:48:01.118111
dayahead,timemixer,0,2023-01-01,2025-08-31,2025-09-01,2025-09-30,2025-09-20,2025-09-20,2025-09-20 11:00:00,9_16,11,-89.86,310.2521057128906,,,2026-06-25T20:48:01.118111
dayahead,timemixer,0,2023-01-01,2025-08-31,2025-09-01,2025-09-30,2025-09-20,2025-09-20,2025-09-20 12:00:00,9_16,12,-100.0,303.2295837402344,,,2026-06-25T20:48:01.118111
dayahead,timemixer,0,2023-01-01,2025-08-31,2025-09-01,2025-09-30,2025-09-20,2025-09-20,2025-09-20 13:00:00,9_16,13,-100.0,297.1547546386719,,,2026-06-25T20:48:01.118111
dayahead,timemixer,0,2023-01-01,2025-08-31,2025-09-01,2025-09-30,2025-09-20,2025-09-20,2025-09-20 14:00:00,9_16,14,-100.0,296.5740966796875,,,2026-06-25T20:48:01.118111
dayahead,timemixer,0,2023-01-01,2025-08-31,2025-09-01,2025-09-30,2025-09-20,2025-09-20,2025-09-20 15:00:00,9_16,15,-100.0,299.7911376953125,,,2026-06-25T20:48:01.118111
dayahead,timemixer,0,2023-01-01,2025-08-31,2025-09-01,2025-09-30,2025-09-20,2025-09-20,2025-09-20 16:00:00,9_16,16,-80.0,304.4518737792969,,,2026-06-25T20:48:01.118111
dayahead,timemixer,0,2023-01-01,2025-08-31,2025-09-01,2025-09-30,2025-09-20,2025-09-20,2025-09-20 17:00:00,17_24,17,201.25,335.3050537109375,,,2026-06-25T20:48:01.118111
dayahead,timemixer,0,2023-01-01,2025-08-31,2025-09-01,2025-09-30,2025-09-20,2025-09-20,2025-09-20 18:00:00,17_24,18,376.17,339.0569763183594,,,2026-06-25T20:48:01.118111
dayahead,timemixer,0,2023-01-01,2025-08-31,2025-09-01,2025-09-30,2025-09-20,2025-09-20,2025-09-20 19:00:00,17_24,19,455.98,344.22210693359375,,,2026-06-25T20:48:01.118111
dayahead,timemixer,0,2023-01-01,2025-08-31,2025-09-01,2025-09-30,2025-09-20,2025-09-20,2025-09-20 20:00:00,17_24,20,457.19,330.1981506347656,,,2026-06-25T20:48:01.118111
dayahead,timemixer,0,2023-01-01,2025-08-31,2025-09-01,2025-09-30,2025-09-20,2025-09-20,2025-09-20 21:00:00,17_24,21,457.38,346.6280212402344,,,2026-06-25T20:48:01.118111
dayahead,timemixer,0,2023-01-01,2025-08-31,2025-09-01,2025-09-30,2025-09-20,2025-09-20,2025-09-20 22:00:00,17_24,22,457.5,332.2204284667969,,,2026-06-25T20:48:01.118111
dayahead,timemixer,0,2023-01-01,2025-08-31,2025-09-01,2025-09-30,2025-09-20,2025-09-20,2025-09-20 23:00:00,17_24,23,457.74,276.2579345703125,,,2026-06-25T20:48:01.118111
dayahead,timemixer,0,2023-01-01,2025-08-31,2025-09-01,2025-09-30,2025-09-20,2025-09-20,2025-09-21 00:00:00,17_24,24,457.13,333.75909423828125,,,2026-06-25T20:48:01.118111
dayahead,timemixer,0,2023-01-01,2025-08-31,2025-09-01,2025-09-30,2025-09-21,2025-09-21,2025-09-21 01:00:00,1_8,1,456.43,233.76400756835938,,,2026-06-25T20:48:01.118111
dayahead,timemixer,0,2023-01-01,2025-08-31,2025-09-01,2025-09-30,2025-09-21,2025-09-21,2025-09-21 02:00:00,1_8,2,435.74,345.5223083496094,,,2026-06-25T20:48:01.118111
dayahead,timemixer,0,2023-01-01,2025-08-31,2025-09-01,2025-09-30,2025-09-21,2025-09-21,2025-09-21 03:00:00,1_8,3,433.78,420.3371276855469,,,2026-06-25T20:48:01.118111
dayahead,timemixer,0,2023-01-01,2025-08-31,2025-09-01,2025-09-30,2025-09-21,2025-09-21,2025-09-21 04:00:00,1_8,4,424.83,439.51544189453125,,,2026-06-25T20:48:01.118111
dayahead,timemixer,0,2023-01-01,2025-08-31,2025-09-01,2025-09-30,2025-09-21,2025-09-21,2025-09-21 05:00:00,1_8,5,416.17,421.053466796875,,,2026-06-25T20:48:01.118111
dayahead,timemixer,0,2023-01-01,2025-08-31,2025-09-01,2025-09-30,2025-09-21,2025-09-21,2025-09-21 06:00:00,1_8,6,424.98,397.7881774902344,,,2026-06-25T20:48:01.118111
dayahead,timemixer,0,2023-01-01,2025-08-31,2025-09-01,2025-09-30,2025-09-21,2025-09-21,2025-09-21 07:00:00,1_8,7,444.97,393.0386657714844,,,2026-06-25T20:48:01.118111
dayahead,timemixer,0,2023-01-01,2025-08-31,2025-09-01,2025-09-30,2025-09-21,2025-09-21,2025-09-21 08:00:00,1_8,8,434.48,372.1647033691406,,,2026-06-25T20:48:01.118111
dayahead,timemixer,0,2023-01-01,2025-08-31,2025-09-01,2025-09-30,2025-09-21,2025-09-21,2025-09-21 09:00:00,9_16,9,341.71,356.5838928222656,,,2026-06-25T20:48:01.118111
dayahead,timemixer,0,2023-01-01,2025-08-31,2025-09-01,2025-09-30,2025-09-21,2025-09-21,2025-09-21 10:00:00,9_16,10,238.3,340.6664733886719,,,2026-06-25T20:48:01.118111
dayahead,timemixer,0,2023-01-01,2025-08-31,2025-09-01,2025-09-30,2025-09-21,2025-09-21,2025-09-21 11:00:00,9_16,11,-42.63,309.66558837890625,,,2026-06-25T20:48:01.118111
dayahead,timemixer,0,2023-01-01,2025-08-31,2025-09-01,2025-09-30,2025-09-21,2025-09-21,2025-09-21 12:00:00,9_16,12,-74.88,277.7771911621094,,,2026-06-25T20:48:01.118111
dayahead,timemixer,0,2023-01-01,2025-08-31,2025-09-01,2025-09-30,2025-09-21,2025-09-21,2025-09-21 13:00:00,9_16,13,-74.88,286.6805114746094,,,2026-06-25T20:48:01.118111
dayahead,timemixer,0,2023-01-01,2025-08-31,2025-09-01,2025-09-30,2025-09-21,2025-09-21,2025-09-21 14:00:00,9_16,14,-74.8,275.63970947265625,,,2026-06-25T20:48:01.118111
dayahead,timemixer,0,2023-01-01,2025-08-31,2025-09-01,2025-09-30,2025-09-21,2025-09-21,2025-09-21 15:00:00,9_16,15,25.81,271.5010070800781,,,2026-06-25T20:48:01.118111
dayahead,timemixer,0,2023-01-01,2025-08-31,2025-09-01,2025-09-30,2025-09-21,2025-09-21,2025-09-21 16:00:00,9_16,16,248.14,283.949951171875,,,2026-06-25T20:48:01.118111
dayahead,timemixer,0,2023-01-01,2025-08-31,2025-09-01,2025-09-30,2025-09-21,2025-09-21,2025-09-21 17:00:00,17_24,17,303.43,303.3800964355469,,,2026-06-25T20:48:01.118111
dayahead,timemixer,0,2023-01-01,2025-08-31,2025-09-01,2025-09-30,2025-09-21,2025-09-21,2025-09-21 18:00:00,17_24,18,375.11,349.6565246582031,,,2026-06-25T20:48:01.118111
dayahead,timemixer,0,2023-01-01,2025-08-31,2025-09-01,2025-09-30,2025-09-21,2025-09-21,2025-09-21 19:00:00,17_24,19,394.26,387.95849609375,,,2026-06-25T20:48:01.118111
dayahead,timemixer,0,2023-01-01,2025-08-31,2025-09-01,2025-09-30,2025-09-21,2025-09-21,2025-09-21 20:00:00,17_24,20,395.13,373.84027099609375,,,2026-06-25T20:48:01.118111
dayahead,timemixer,0,2023-01-01,2025-08-31,2025-09-01,2025-09-30,2025-09-21,2025-09-21,2025-09-21 21:00:00,17_24,21,395.22,379.163818359375,,,2026-06-25T20:48:01.118111
dayahead,timemixer,0,2023-01-01,2025-08-31,2025-09-01,2025-09-30,2025-09-21,2025-09-21,2025-09-21 22:00:00,17_24,22,395.35,378.47943115234375,,,2026-06-25T20:48:01.118111
dayahead,timemixer,0,2023-01-01,2025-08-31,2025-09-01,2025-09-30,2025-09-21,2025-09-21,2025-09-21 23:00:00,17_24,23,395.49,336.5355224609375,,,2026-06-25T20:48:01.118111
dayahead,timemixer,0,2023-01-01,2025-08-31,2025-09-01,2025-09-30,2025-09-21,2025-09-21,2025-09-22 00:00:00,17_24,24,395.07,371.0373229980469,,,2026-06-25T20:48:01.118111
dayahead,timemixer,0,2023-01-01,2025-08-31,2025-09-01,2025-09-30,2025-09-22,2025-09-22,2025-09-22 01:00:00,1_8,1,391.2,342.4599609375,,,2026-06-25T20:48:01.118111
dayahead,timemixer,0,2023-01-01,2025-08-31,2025-09-01,2025-09-30,2025-09-22,2025-09-22,2025-09-22 02:00:00,1_8,2,390.06,364.30133056640625,,,2026-06-25T20:48:01.118111
dayahead,timemixer,0,2023-01-01,2025-08-31,2025-09-01,2025-09-30,2025-09-22,2025-09-22,2025-09-22 03:00:00,1_8,3,381.93,363.01788330078125,,,2026-06-25T20:48:01.118111
dayahead,timemixer,0,2023-01-01,2025-08-31,2025-09-01,2025-09-30,2025-09-22,2025-09-22,2025-09-22 04:00:00,1_8,4,381.0,384.53643798828125,,,2026-06-25T20:48:01.118111
dayahead,timemixer,0,2023-01-01,2025-08-31,2025-09-01,2025-09-30,2025-09-22,2025-09-22,2025-09-22 05:00:00,1_8,5,381.0,369.86663818359375,,,2026-06-25T20:48:01.118111
dayahead,timemixer,0,2023-01-01,2025-08-31,2025-09-01,2025-09-30,2025-09-22,2025-09-22,2025-09-22 06:00:00,1_8,6,381.0,345.4308776855469,,,2026-06-25T20:48:01.118111
dayahead,timemixer,0,2023-01-01,2025-08-31,2025-09-01,2025-09-30,2025-09-22,2025-09-22,2025-09-22 07:00:00,1_8,7,382.23,347.463623046875,,,2026-06-25T20:48:01.118111
dayahead,timemixer,0,2023-01-01,2025-08-31,2025-09-01,2025-09-30,2025-09-22,2025-09-22,2025-09-22 08:00:00,1_8,8,390.05,336.8688049316406,,,2026-06-25T20:48:01.118111
dayahead,timemixer,0,2023-01-01,2025-08-31,2025-09-01,2025-09-30,2025-09-22,2025-09-22,2025-09-22 09:00:00,9_16,9,396.18,394.642333984375,,,2026-06-25T20:48:01.118111
dayahead,timemixer,0,2023-01-01,2025-08-31,2025-09-01,2025-09-30,2025-09-22,2025-09-22,2025-09-22 10:00:00,9_16,10,621.76,378.1319885253906,,,2026-06-25T20:48:01.118111
dayahead,timemixer,0,2023-01-01,2025-08-31,2025-09-01,2025-09-30,2025-09-22,2025-09-22,2025-09-22 11:00:00,9_16,11,695.07,349.7320556640625,,,2026-06-25T20:48:01.118111
dayahead,timemixer,0,2023-01-01,2025-08-31,2025-09-01,2025-09-30,2025-09-22,2025-09-22,2025-09-22 12:00:00,9_16,12,700.88,331.5131530761719,,,2026-06-25T20:48:01.118111
dayahead,timemixer,0,2023-01-01,2025-08-31,2025-09-01,2025-09-30,2025-09-22,2025-09-22,2025-09-22 13:00:00,9_16,13,625.1,329.9159240722656,,,2026-06-25T20:48:01.118111
dayahead,timemixer,0,2023-01-01,2025-08-31,2025-09-01,2025-09-30,2025-09-22,2025-09-22,2025-09-22 14:00:00,9_16,14,378.93,309.14532470703125,,,2026-06-25T20:48:01.118111
dayahead,timemixer,0,2023-01-01,2025-08-31,2025-09-01,2025-09-30,2025-09-22,2025-09-22,2025-09-22 15:00:00,9_16,15,395.66,321.637451171875,,,2026-06-25T20:48:01.118111
dayahead,timemixer,0,2023-01-01,2025-08-31,2025-09-01,2025-09-30,2025-09-22,2025-09-22,2025-09-22 16:00:00,9_16,16,404.56,341.9033508300781,,,2026-06-25T20:48:01.118111
dayahead,timemixer,0,2023-01-01,2025-08-31,2025-09-01,2025-09-30,2025-09-22,2025-09-22,2025-09-22 17:00:00,17_24,17,406.9,363.70831298828125,,,2026-06-25T20:48:01.118111
dayahead,timemixer,0,2023-01-01,2025-08-31,2025-09-01,2025-09-30,2025-09-22,2025-09-22,2025-09-22 18:00:00,17_24,18,621.77,375.44891357421875,,,2026-06-25T20:48:01.118111
dayahead,timemixer,0,2023-01-01,2025-08-31,2025-09-01,2025-09-30,2025-09-22,2025-09-22,2025-09-22 19:00:00,17_24,19,693.14,365.76361083984375,,,2026-06-25T20:48:01.118111
dayahead,timemixer,0,2023-01-01,2025-08-31,2025-09-01,2025-09-30,2025-09-22,2025-09-22,2025-09-22 20:00:00,17_24,20,694.19,341.8865661621094,,,2026-06-25T20:48:01.118111
dayahead,timemixer,0,2023-01-01,2025-08-31,2025-09-01,2025-09-30,2025-09-22,2025-09-22,2025-09-22 21:00:00,17_24,21,412.7,355.9638671875,,,2026-06-25T20:48:01.118111
dayahead,timemixer,0,2023-01-01,2025-08-31,2025-09-01,2025-09-30,2025-09-22,2025-09-22,2025-09-22 22:00:00,17_24,22,387.36,360.39178466796875,,,2026-06-25T20:48:01.118111
dayahead,timemixer,0,2023-01-01,2025-08-31,2025-09-01,2025-09-30,2025-09-22,2025-09-22,2025-09-22 23:00:00,17_24,23,390.67,295.85186767578125,,,2026-06-25T20:48:01.118111
dayahead,timemixer,0,2023-01-01,2025-08-31,2025-09-01,2025-09-30,2025-09-22,2025-09-22,2025-09-23 00:00:00,17_24,24,385.11,362.7604064941406,,,2026-06-25T20:48:01.118111
dayahead,timemixer,0,2023-01-01,2025-08-31,2025-09-01,2025-09-30,2025-09-23,2025-09-23,2025-09-23 01:00:00,1_8,1,377.96,356.2689208984375,,,2026-06-25T20:48:01.118111
dayahead,timemixer,0,2023-01-01,2025-08-31,2025-09-01,2025-09-30,2025-09-23,2025-09-23,2025-09-23 02:00:00,1_8,2,382.88,359.8775939941406,,,2026-06-25T20:48:01.118111
dayahead,timemixer,0,2023-01-01,2025-08-31,2025-09-01,2025-09-30,2025-09-23,2025-09-23,2025-09-23 03:00:00,1_8,3,381.5,349.6967468261719,,,2026-06-25T20:48:01.118111
dayahead,timemixer,0,2023-01-01,2025-08-31,2025-09-01,2025-09-30,2025-09-23,2025-09-23,2025-09-23 04:00:00,1_8,4,381.5,368.360107421875,,,2026-06-25T20:48:01.118111
dayahead,timemixer,0,2023-01-01,2025-08-31,2025-09-01,2025-09-30,2025-09-23,2025-09-23,2025-09-23 05:00:00,1_8,5,381.5,358.96002197265625,,,2026-06-25T20:48:01.118111
dayahead,timemixer,0,2023-01-01,2025-08-31,2025-09-01,2025-09-30,2025-09-23,2025-09-23,2025-09-23 06:00:00,1_8,6,381.5,314.61187744140625,,,2026-06-25T20:48:01.118111
dayahead,timemixer,0,2023-01-01,2025-08-31,2025-09-01,2025-09-30,2025-09-23,2025-09-23,2025-09-23 07:00:00,1_8,7,381.5,313.28216552734375,,,2026-06-25T20:48:01.118111
dayahead,timemixer,0,2023-01-01,2025-08-31,2025-09-01,2025-09-30,2025-09-23,2025-09-23,2025-09-23 08:00:00,1_8,8,385.0,302.0702209472656,,,2026-06-25T20:48:01.118111
dayahead,timemixer,0,2023-01-01,2025-08-31,2025-09-01,2025-09-30,2025-09-23,2025-09-23,2025-09-23 09:00:00,9_16,9,397.06,385.95367431640625,,,2026-06-25T20:48:01.118111
dayahead,timemixer,0,2023-01-01,2025-08-31,2025-09-01,2025-09-30,2025-09-23,2025-09-23,2025-09-23 10:00:00,9_16,10,696.26,364.0054931640625,,,2026-06-25T20:48:01.118111
dayahead,timemixer,0,2023-01-01,2025-08-31,2025-09-01,2025-09-30,2025-09-23,2025-09-23,2025-09-23 11:00:00,9_16,11,698.06,343.9196472167969,,,2026-06-25T20:48:01.118111
dayahead,timemixer,0,2023-01-01,2025-08-31,2025-09-01,2025-09-30,2025-09-23,2025-09-23,2025-09-23 12:00:00,9_16,12,705.17,333.44287109375,,,2026-06-25T20:48:01.118111
dayahead,timemixer,0,2023-01-01,2025-08-31,2025-09-01,2025-09-30,2025-09-23,2025-09-23,2025-09-23 13:00:00,9_16,13,701.85,322.33514404296875,,,2026-06-25T20:48:01.118111
dayahead,timemixer,0,2023-01-01,2025-08-31,2025-09-01,2025-09-30,2025-09-23,2025-09-23,2025-09-23 14:00:00,9_16,14,469.37,323.74505615234375,,,2026-06-25T20:48:01.118111
dayahead,timemixer,0,2023-01-01,2025-08-31,2025-09-01,2025-09-30,2025-09-23,2025-09-23,2025-09-23 15:00:00,9_16,15,701.63,330.0017395019531,,,2026-06-25T20:48:01.118111
dayahead,timemixer,0,2023-01-01,2025-08-31,2025-09-01,2025-09-30,2025-09-23,2025-09-23,2025-09-23 16:00:00,9_16,16,701.63,343.6810607910156,,,2026-06-25T20:48:01.118111
dayahead,timemixer,0,2023-01-01,2025-08-31,2025-09-01,2025-09-30,2025-09-23,2025-09-23,2025-09-23 17:00:00,17_24,17,400.17,398.46148681640625,,,2026-06-25T20:48:01.118111
dayahead,timemixer,0,2023-01-01,2025-08-31,2025-09-01,2025-09-30,2025-09-23,2025-09-23,2025-09-23 18:00:00,17_24,18,394.03,393.8727111816406,,,2026-06-25T20:48:01.118111
dayahead,timemixer,0,2023-01-01,2025-08-31,2025-09-01,2025-09-30,2025-09-23,2025-09-23,2025-09-23 19:00:00,17_24,19,382.91,353.44732666015625,,,2026-06-25T20:48:01.118111
dayahead,timemixer,0,2023-01-01,2025-08-31,2025-09-01,2025-09-30,2025-09-23,2025-09-23,2025-09-23 20:00:00,17_24,20,377.05,279.17315673828125,,,2026-06-25T20:48:01.118111
dayahead,timemixer,0,2023-01-01,2025-08-31,2025-09-01,2025-09-30,2025-09-23,2025-09-23,2025-09-23 21:00:00,17_24,21,370.14,285.2189636230469,,,2026-06-25T20:48:01.118111
dayahead,timemixer,0,2023-01-01,2025-08-31,2025-09-01,2025-09-30,2025-09-23,2025-09-23,2025-09-23 22:00:00,17_24,22,366.7,275.02752685546875,,,2026-06-25T20:48:01.118111
dayahead,timemixer,0,2023-01-01,2025-08-31,2025-09-01,2025-09-30,2025-09-23,2025-09-23,2025-09-23 23:00:00,17_24,23,370.0,218.74044799804688,,,2026-06-25T20:48:01.118111
dayahead,timemixer,0,2023-01-01,2025-08-31,2025-09-01,2025-09-30,2025-09-23,2025-09-23,2025-09-24 00:00:00,17_24,24,367.91,308.7427062988281,,,2026-06-25T20:48:01.118111
dayahead,timemixer,0,2023-01-01,2025-08-31,2025-09-01,2025-09-30,2025-09-24,2025-09-24,2025-09-24 01:00:00,1_8,1,364.62,343.31890869140625,,,2026-06-25T20:48:01.118111
dayahead,timemixer,0,2023-01-01,2025-08-31,2025-09-01,2025-09-30,2025-09-24,2025-09-24,2025-09-24 02:00:00,1_8,2,307.33,379.204833984375,,,2026-06-25T20:48:01.118111
dayahead,timemixer,0,2023-01-01,2025-08-31,2025-09-01,2025-09-30,2025-09-24,2025-09-24,2025-09-24 03:00:00,1_8,3,306.27,381.119140625,,,2026-06-25T20:48:01.118111
dayahead,timemixer,0,2023-01-01,2025-08-31,2025-09-01,2025-09-30,2025-09-24,2025-09-24,2025-09-24 04:00:00,1_8,4,304.12,395.7035827636719,,,2026-06-25T20:48:01.118111
dayahead,timemixer,0,2023-01-01,2025-08-31,2025-09-01,2025-09-30,2025-09-24,2025-09-24,2025-09-24 05:00:00,1_8,5,304.72,361.93121337890625,,,2026-06-25T20:48:01.118111
dayahead,timemixer,0,2023-01-01,2025-08-31,2025-09-01,2025-09-30,2025-09-24,2025-09-24,2025-09-24 06:00:00,1_8,6,324.11,337.212646484375,,,2026-06-25T20:48:01.118111
dayahead,timemixer,0,2023-01-01,2025-08-31,2025-09-01,2025-09-30,2025-09-24,2025-09-24,2025-09-24 07:00:00,1_8,7,361.33,341.4959716796875,,,2026-06-25T20:48:01.118111
dayahead,timemixer,0,2023-01-01,2025-08-31,2025-09-01,2025-09-30,2025-09-24,2025-09-24,2025-09-24 08:00:00,1_8,8,383.83,336.0243835449219,,,2026-06-25T20:48:01.118111
dayahead,timemixer,0,2023-01-01,2025-08-31,2025-09-01,2025-09-30,2025-09-24,2025-09-24,2025-09-24 09:00:00,9_16,9,378.09,361.5484924316406,,,2026-06-25T20:48:01.118111
dayahead,timemixer,0,2023-01-01,2025-08-31,2025-09-01,2025-09-30,2025-09-24,2025-09-24,2025-09-24 10:00:00,9_16,10,338.39,339.91595458984375,,,2026-06-25T20:48:01.118111
dayahead,timemixer,0,2023-01-01,2025-08-31,2025-09-01,2025-09-30,2025-09-24,2025-09-24,2025-09-24 11:00:00,9_16,11,295.28,311.3841247558594,,,2026-06-25T20:48:01.118111
dayahead,timemixer,0,2023-01-01,2025-08-31,2025-09-01,2025-09-30,2025-09-24,2025-09-24,2025-09-24 12:00:00,9_16,12,286.99,303.0539855957031,,,2026-06-25T20:48:01.118111
dayahead,timemixer,0,2023-01-01,2025-08-31,2025-09-01,2025-09-30,2025-09-24,2025-09-24,2025-09-24 13:00:00,9_16,13,258.92,289.84014892578125,,,2026-06-25T20:48:01.118111
dayahead,timemixer,0,2023-01-01,2025-08-31,2025-09-01,2025-09-30,2025-09-24,2025-09-24,2025-09-24 14:00:00,9_16,14,237.03,287.9445495605469,,,2026-06-25T20:48:01.118111
dayahead,timemixer,0,2023-01-01,2025-08-31,2025-09-01,2025-09-30,2025-09-24,2025-09-24,2025-09-24 15:00:00,9_16,15,253.89,290.6545715332031,,,2026-06-25T20:48:01.118111
dayahead,timemixer,0,2023-01-01,2025-08-31,2025-09-01,2025-09-30,2025-09-24,2025-09-24,2025-09-24 16:00:00,9_16,16,274.68,305.6945495605469,,,2026-06-25T20:48:01.118111
dayahead,timemixer,0,2023-01-01,2025-08-31,2025-09-01,2025-09-30,2025-09-24,2025-09-24,2025-09-24 17:00:00,17_24,17,296.51,466.1630859375,,,2026-06-25T20:48:01.118111
dayahead,timemixer,0,2023-01-01,2025-08-31,2025-09-01,2025-09-30,2025-09-24,2025-09-24,2025-09-24 18:00:00,17_24,18,376.2,418.5382080078125,,,2026-06-25T20:48:01.118111
dayahead,timemixer,0,2023-01-01,2025-08-31,2025-09-01,2025-09-30,2025-09-24,2025-09-24,2025-09-24 19:00:00,17_24,19,568.1,406.90997314453125,,,2026-06-25T20:48:01.118111
dayahead,timemixer,0,2023-01-01,2025-08-31,2025-09-01,2025-09-30,2025-09-24,2025-09-24,2025-09-24 20:00:00,17_24,20,569.0,216.94366455078125,,,2026-06-25T20:48:01.118111
dayahead,timemixer,0,2023-01-01,2025-08-31,2025-09-01,2025-09-30,2025-09-24,2025-09-24,2025-09-24 21:00:00,17_24,21,568.85,244.49427795410156,,,2026-06-25T20:48:01.118111
dayahead,timemixer,0,2023-01-01,2025-08-31,2025-09-01,2025-09-30,2025-09-24,2025-09-24,2025-09-24 22:00:00,17_24,22,566.87,255.4397430419922,,,2026-06-25T20:48:01.118111
dayahead,timemixer,0,2023-01-01,2025-08-31,2025-09-01,2025-09-30,2025-09-24,2025-09-24,2025-09-24 23:00:00,17_24,23,560.4,193.10797119140625,,,2026-06-25T20:48:01.118111
dayahead,timemixer,0,2023-01-01,2025-08-31,2025-09-01,2025-09-30,2025-09-24,2025-09-24,2025-09-25 00:00:00,17_24,24,517.54,276.6607666015625,,,2026-06-25T20:48:01.118111
dayahead,timemixer,0,2023-01-01,2025-08-31,2025-09-01,2025-09-30,2025-09-25,2025-09-25,2025-09-25 01:00:00,1_8,1,395.65,223.44546508789062,,,2026-06-25T20:48:01.118111
dayahead,timemixer,0,2023-01-01,2025-08-31,2025-09-01,2025-09-30,2025-09-25,2025-09-25,2025-09-25 02:00:00,1_8,2,470.24,285.81072998046875,,,2026-06-25T20:48:01.118111
dayahead,timemixer,0,2023-01-01,2025-08-31,2025-09-01,2025-09-30,2025-09-25,2025-09-25,2025-09-25 03:00:00,1_8,3,453.25,368.26837158203125,,,2026-06-25T20:48:01.118111
dayahead,timemixer,0,2023-01-01,2025-08-31,2025-09-01,2025-09-30,2025-09-25,2025-09-25,2025-09-25 04:00:00,1_8,4,444.14,411.7820739746094,,,2026-06-25T20:48:01.118111
dayahead,timemixer,0,2023-01-01,2025-08-31,2025-09-01,2025-09-30,2025-09-25,2025-09-25,2025-09-25 05:00:00,1_8,5,437.45,398.84075927734375,,,2026-06-25T20:48:01.118111
dayahead,timemixer,0,2023-01-01,2025-08-31,2025-09-01,2025-09-30,2025-09-25,2025-09-25,2025-09-25 06:00:00,1_8,6,448.16,376.97088623046875,,,2026-06-25T20:48:01.118111
dayahead,timemixer,0,2023-01-01,2025-08-31,2025-09-01,2025-09-30,2025-09-25,2025-09-25,2025-09-25 07:00:00,1_8,7,476.54,363.4528503417969,,,2026-06-25T20:48:01.118111
dayahead,timemixer,0,2023-01-01,2025-08-31,2025-09-01,2025-09-30,2025-09-25,2025-09-25,2025-09-25 08:00:00,1_8,8,468.22,343.79095458984375,,,2026-06-25T20:48:01.118111
dayahead,timemixer,0,2023-01-01,2025-08-31,2025-09-01,2025-09-30,2025-09-25,2025-09-25,2025-09-25 09:00:00,9_16,9,384.98,399.9329528808594,,,2026-06-25T20:48:01.118111
dayahead,timemixer,0,2023-01-01,2025-08-31,2025-09-01,2025-09-30,2025-09-25,2025-09-25,2025-09-25 10:00:00,9_16,10,202.31,401.9268493652344,,,2026-06-25T20:48:01.118111
dayahead,timemixer,0,2023-01-01,2025-08-31,2025-09-01,2025-09-30,2025-09-25,2025-09-25,2025-09-25 11:00:00,9_16,11,-66.16,361.65032958984375,,,2026-06-25T20:48:01.118111
dayahead,timemixer,0,2023-01-01,2025-08-31,2025-09-01,2025-09-30,2025-09-25,2025-09-25,2025-09-25 12:00:00,9_16,12,-54.87,350.2586364746094,,,2026-06-25T20:48:01.118111
dayahead,timemixer,0,2023-01-01,2025-08-31,2025-09-01,2025-09-30,2025-09-25,2025-09-25,2025-09-25 13:00:00,9_16,13,-57.33,351.2511901855469,,,2026-06-25T20:48:01.118111
dayahead,timemixer,0,2023-01-01,2025-08-31,2025-09-01,2025-09-30,2025-09-25,2025-09-25,2025-09-25 14:00:00,9_16,14,-62.06,326.77691650390625,,,2026-06-25T20:48:01.118111
dayahead,timemixer,0,2023-01-01,2025-08-31,2025-09-01,2025-09-30,2025-09-25,2025-09-25,2025-09-25 15:00:00,9_16,15,-60.49,339.62506103515625,,,2026-06-25T20:48:01.118111
dayahead,timemixer,0,2023-01-01,2025-08-31,2025-09-01,2025-09-30,2025-09-25,2025-09-25,2025-09-25 16:00:00,9_16,16,24.83,362.7593688964844,,,2026-06-25T20:48:01.118111
dayahead,timemixer,0,2023-01-01,2025-08-31,2025-09-01,2025-09-30,2025-09-25,2025-09-25,2025-09-25 17:00:00,17_24,17,317.55,376.97210693359375,,,2026-06-25T20:48:01.118111
dayahead,timemixer,0,2023-01-01,2025-08-31,2025-09-01,2025-09-30,2025-09-25,2025-09-25,2025-09-25 18:00:00,17_24,18,413.46,396.9957275390625,,,2026-06-25T20:48:01.118111
dayahead,timemixer,0,2023-01-01,2025-08-31,2025-09-01,2025-09-30,2025-09-25,2025-09-25,2025-09-25 19:00:00,17_24,19,479.28,432.2426452636719,,,2026-06-25T20:48:01.118111
dayahead,timemixer,0,2023-01-01,2025-08-31,2025-09-01,2025-09-30,2025-09-25,2025-09-25,2025-09-25 20:00:00,17_24,20,480.61,299.88580322265625,,,2026-06-25T20:48:01.118111
dayahead,timemixer,0,2023-01-01,2025-08-31,2025-09-01,2025-09-30,2025-09-25,2025-09-25,2025-09-25 21:00:00,17_24,21,479.02,239.96047973632812,,,2026-06-25T20:48:01.118111
dayahead,timemixer,0,2023-01-01,2025-08-31,2025-09-01,2025-09-30,2025-09-25,2025-09-25,2025-09-25 22:00:00,17_24,22,470.99,218.40869140625,,,2026-06-25T20:48:01.118111
dayahead,timemixer,0,2023-01-01,2025-08-31,2025-09-01,2025-09-30,2025-09-25,2025-09-25,2025-09-25 23:00:00,17_24,23,469.46,172.48794555664062,,,2026-06-25T20:48:01.118111
dayahead,timemixer,0,2023-01-01,2025-08-31,2025-09-01,2025-09-30,2025-09-25,2025-09-25,2025-09-26 00:00:00,17_24,24,467.54,264.0302429199219,,,2026-06-25T20:48:01.118111
dayahead,timemixer,0,2023-01-01,2025-08-31,2025-09-01,2025-09-30,2025-09-26,2025-09-26,2025-09-26 01:00:00,1_8,1,464.75,388.28411865234375,,,2026-06-25T20:48:01.118111
dayahead,timemixer,0,2023-01-01,2025-08-31,2025-09-01,2025-09-30,2025-09-26,2025-09-26,2025-09-26 02:00:00,1_8,2,412.91,391.09283447265625,,,2026-06-25T20:48:01.118111
dayahead,timemixer,0,2023-01-01,2025-08-31,2025-09-01,2025-09-30,2025-09-26,2025-09-26,2025-09-26 03:00:00,1_8,3,403.29,380.5424499511719,,,2026-06-25T20:48:01.118111
dayahead,timemixer,0,2023-01-01,2025-08-31,2025-09-01,2025-09-30,2025-09-26,2025-09-26,2025-09-26 04:00:00,1_8,4,394.85,371.0226745605469,,,2026-06-25T20:48:01.118111
dayahead,timemixer,0,2023-01-01,2025-08-31,2025-09-01,2025-09-30,2025-09-26,2025-09-26,2025-09-26 05:00:00,1_8,5,390.81,364.50054931640625,,,2026-06-25T20:48:01.118111
dayahead,timemixer,0,2023-01-01,2025-08-31,2025-09-01,2025-09-30,2025-09-26,2025-09-26,2025-09-26 06:00:00,1_8,6,394.27,327.3555908203125,,,2026-06-25T20:48:01.118111
dayahead,timemixer,0,2023-01-01,2025-08-31,2025-09-01,2025-09-30,2025-09-26,2025-09-26,2025-09-26 07:00:00,1_8,7,413.55,300.43267822265625,,,2026-06-25T20:48:01.118111
dayahead,timemixer,0,2023-01-01,2025-08-31,2025-09-01,2025-09-30,2025-09-26,2025-09-26,2025-09-26 08:00:00,1_8,8,419.37,293.44342041015625,,,2026-06-25T20:48:01.118111
dayahead,timemixer,0,2023-01-01,2025-08-31,2025-09-01,2025-09-30,2025-09-26,2025-09-26,2025-09-26 09:00:00,9_16,9,382.48,400.15814208984375,,,2026-06-25T20:48:01.118111
dayahead,timemixer,0,2023-01-01,2025-08-31,2025-09-01,2025-09-30,2025-09-26,2025-09-26,2025-09-26 10:00:00,9_16,10,346.79,405.36865234375,,,2026-06-25T20:48:01.118111
dayahead,timemixer,0,2023-01-01,2025-08-31,2025-09-01,2025-09-30,2025-09-26,2025-09-26,2025-09-26 11:00:00,9_16,11,286.22,382.60858154296875,,,2026-06-25T20:48:01.118111
dayahead,timemixer,0,2023-01-01,2025-08-31,2025-09-01,2025-09-30,2025-09-26,2025-09-26,2025-09-26 12:00:00,9_16,12,318.53,380.8589172363281,,,2026-06-25T20:48:01.118111
dayahead,timemixer,0,2023-01-01,2025-08-31,2025-09-01,2025-09-30,2025-09-26,2025-09-26,2025-09-26 13:00:00,9_16,13,337.42,380.08477783203125,,,2026-06-25T20:48:01.118111
dayahead,timemixer,0,2023-01-01,2025-08-31,2025-09-01,2025-09-30,2025-09-26,2025-09-26,2025-09-26 14:00:00,9_16,14,309.31,371.4533996582031,,,2026-06-25T20:48:01.118111
dayahead,timemixer,0,2023-01-01,2025-08-31,2025-09-01,2025-09-30,2025-09-26,2025-09-26,2025-09-26 15:00:00,9_16,15,356.88,373.5436706542969,,,2026-06-25T20:48:01.118111
dayahead,timemixer,0,2023-01-01,2025-08-31,2025-09-01,2025-09-30,2025-09-26,2025-09-26,2025-09-26 16:00:00,9_16,16,413.18,388.31866455078125,,,2026-06-25T20:48:01.118111
dayahead,timemixer,0,2023-01-01,2025-08-31,2025-09-01,2025-09-30,2025-09-26,2025-09-26,2025-09-26 17:00:00,17_24,17,403.24,316.8199157714844,,,2026-06-25T20:48:01.118111
dayahead,timemixer,0,2023-01-01,2025-08-31,2025-09-01,2025-09-30,2025-09-26,2025-09-26,2025-09-26 18:00:00,17_24,18,448.61,352.65875244140625,,,2026-06-25T20:48:01.118111
dayahead,timemixer,0,2023-01-01,2025-08-31,2025-09-01,2025-09-30,2025-09-26,2025-09-26,2025-09-26 19:00:00,17_24,19,514.83,355.646484375,,,2026-06-25T20:48:01.118111
dayahead,timemixer,0,2023-01-01,2025-08-31,2025-09-01,2025-09-30,2025-09-26,2025-09-26,2025-09-26 20:00:00,17_24,20,515.69,340.0828552246094,,,2026-06-25T20:48:01.118111
dayahead,timemixer,0,2023-01-01,2025-08-31,2025-09-01,2025-09-30,2025-09-26,2025-09-26,2025-09-26 21:00:00,17_24,21,504.8,324.634521484375,,,2026-06-25T20:48:01.118111
dayahead,timemixer,0,2023-01-01,2025-08-31,2025-09-01,2025-09-30,2025-09-26,2025-09-26,2025-09-26 22:00:00,17_24,22,417.89,321.88031005859375,,,2026-06-25T20:48:01.118111
dayahead,timemixer,0,2023-01-01,2025-08-31,2025-09-01,2025-09-30,2025-09-26,2025-09-26,2025-09-26 23:00:00,17_24,23,502.13,276.39251708984375,,,2026-06-25T20:48:01.118111
dayahead,timemixer,0,2023-01-01,2025-08-31,2025-09-01,2025-09-30,2025-09-26,2025-09-26,2025-09-27 00:00:00,17_24,24,422.6,323.3128356933594,,,2026-06-25T20:48:01.118111
dayahead,timemixer,0,2023-01-01,2025-08-31,2025-09-01,2025-09-30,2025-09-27,2025-09-27,2025-09-27 01:00:00,1_8,1,416.58,320.6772766113281,,,2026-06-25T20:48:01.118111
dayahead,timemixer,0,2023-01-01,2025-08-31,2025-09-01,2025-09-30,2025-09-27,2025-09-27,2025-09-27 02:00:00,1_8,2,395.36,396.98675537109375,,,2026-06-25T20:48:01.118111
dayahead,timemixer,0,2023-01-01,2025-08-31,2025-09-01,2025-09-30,2025-09-27,2025-09-27,2025-09-27 03:00:00,1_8,3,393.08,427.4633483886719,,,2026-06-25T20:48:01.118111
dayahead,timemixer,0,2023-01-01,2025-08-31,2025-09-01,2025-09-30,2025-09-27,2025-09-27,2025-09-27 04:00:00,1_8,4,391.38,423.12872314453125,,,2026-06-25T20:48:01.118111
dayahead,timemixer,0,2023-01-01,2025-08-31,2025-09-01,2025-09-30,2025-09-27,2025-09-27,2025-09-27 05:00:00,1_8,5,390.0,421.19091796875,,,2026-06-25T20:48:01.118111
dayahead,timemixer,0,2023-01-01,2025-08-31,2025-09-01,2025-09-30,2025-09-27,2025-09-27,2025-09-27 06:00:00,1_8,6,390.07,386.1109619140625,,,2026-06-25T20:48:01.118111
dayahead,timemixer,0,2023-01-01,2025-08-31,2025-09-01,2025-09-30,2025-09-27,2025-09-27,2025-09-27 07:00:00,1_8,7,391.43,363.83203125,,,2026-06-25T20:48:01.118111
dayahead,timemixer,0,2023-01-01,2025-08-31,2025-09-01,2025-09-30,2025-09-27,2025-09-27,2025-09-27 08:00:00,1_8,8,394.31,362.4184875488281,,,2026-06-25T20:48:01.118111
dayahead,timemixer,0,2023-01-01,2025-08-31,2025-09-01,2025-09-30,2025-09-27,2025-09-27,2025-09-27 09:00:00,9_16,9,395.28,348.04254150390625,,,2026-06-25T20:48:01.118111
dayahead,timemixer,0,2023-01-01,2025-08-31,2025-09-01,2025-09-30,2025-09-27,2025-09-27,2025-09-27 10:00:00,9_16,10,392.22,316.26837158203125,,,2026-06-25T20:48:01.118111
dayahead,timemixer,0,2023-01-01,2025-08-31,2025-09-01,2025-09-30,2025-09-27,2025-09-27,2025-09-27 11:00:00,9_16,11,389.6,277.6640625,,,2026-06-25T20:48:01.118111
dayahead,timemixer,0,2023-01-01,2025-08-31,2025-09-01,2025-09-30,2025-09-27,2025-09-27,2025-09-27 12:00:00,9_16,12,390.77,254.97706604003906,,,2026-06-25T20:48:01.118111
dayahead,timemixer,0,2023-01-01,2025-08-31,2025-09-01,2025-09-30,2025-09-27,2025-09-27,2025-09-27 13:00:00,9_16,13,391.02,238.59449768066406,,,2026-06-25T20:48:01.118111
dayahead,timemixer,0,2023-01-01,2025-08-31,2025-09-01,2025-09-30,2025-09-27,2025-09-27,2025-09-27 14:00:00,9_16,14,388.71,228.09158325195312,,,2026-06-25T20:48:01.118111
dayahead,timemixer,0,2023-01-01,2025-08-31,2025-09-01,2025-09-30,2025-09-27,2025-09-27,2025-09-27 15:00:00,9_16,15,391.4,237.7117156982422,,,2026-06-25T20:48:01.118111
dayahead,timemixer,0,2023-01-01,2025-08-31,2025-09-01,2025-09-30,2025-09-27,2025-09-27,2025-09-27 16:00:00,9_16,16,390.32,236.07232666015625,,,2026-06-25T20:48:01.118111
dayahead,timemixer,0,2023-01-01,2025-08-31,2025-09-01,2025-09-30,2025-09-27,2025-09-27,2025-09-27 17:00:00,17_24,17,409.03,349.4251403808594,,,2026-06-25T20:48:01.118111
dayahead,timemixer,0,2023-01-01,2025-08-31,2025-09-01,2025-09-30,2025-09-27,2025-09-27,2025-09-27 18:00:00,17_24,18,659.29,387.22991943359375,,,2026-06-25T20:48:01.118111
dayahead,timemixer,0,2023-01-01,2025-08-31,2025-09-01,2025-09-30,2025-09-27,2025-09-27,2025-09-27 19:00:00,17_24,19,659.29,375.0098571777344,,,2026-06-25T20:48:01.118111
dayahead,timemixer,0,2023-01-01,2025-08-31,2025-09-01,2025-09-30,2025-09-27,2025-09-27,2025-09-27 20:00:00,17_24,20,659.29,370.3310546875,,,2026-06-25T20:48:01.118111
dayahead,timemixer,0,2023-01-01,2025-08-31,2025-09-01,2025-09-30,2025-09-27,2025-09-27,2025-09-27 21:00:00,17_24,21,581.17,335.2323303222656,,,2026-06-25T20:48:01.118111
dayahead,timemixer,0,2023-01-01,2025-08-31,2025-09-01,2025-09-30,2025-09-27,2025-09-27,2025-09-27 22:00:00,17_24,22,508.86,354.93505859375,,,2026-06-25T20:48:01.118111
dayahead,timemixer,0,2023-01-01,2025-08-31,2025-09-01,2025-09-30,2025-09-27,2025-09-27,2025-09-27 23:00:00,17_24,23,655.05,271.56524658203125,,,2026-06-25T20:48:01.118111
dayahead,timemixer,0,2023-01-01,2025-08-31,2025-09-01,2025-09-30,2025-09-27,2025-09-27,2025-09-28 00:00:00,17_24,24,513.9,326.71392822265625,,,2026-06-25T20:48:01.118111
dayahead,timemixer,0,2023-01-01,2025-08-31,2025-09-01,2025-09-30,2025-09-28,2025-09-28,2025-09-28 01:00:00,1_8,1,393.86,336.30914306640625,,,2026-06-25T20:48:01.118111
dayahead,timemixer,0,2023-01-01,2025-08-31,2025-09-01,2025-09-30,2025-09-28,2025-09-28,2025-09-28 02:00:00,1_8,2,391.01,407.17071533203125,,,2026-06-25T20:48:01.118111
dayahead,timemixer,0,2023-01-01,2025-08-31,2025-09-01,2025-09-30,2025-09-28,2025-09-28,2025-09-28 03:00:00,1_8,3,390.0,441.8473205566406,,,2026-06-25T20:48:01.118111
dayahead,timemixer,0,2023-01-01,2025-08-31,2025-09-01,2025-09-30,2025-09-28,2025-09-28,2025-09-28 04:00:00,1_8,4,389.7,484.8759765625,,,2026-06-25T20:48:01.118111
dayahead,timemixer,0,2023-01-01,2025-08-31,2025-09-01,2025-09-30,2025-09-28,2025-09-28,2025-09-28 05:00:00,1_8,5,389.0,450.5856018066406,,,2026-06-25T20:48:01.118111
dayahead,timemixer,0,2023-01-01,2025-08-31,2025-09-01,2025-09-30,2025-09-28,2025-09-28,2025-09-28 06:00:00,1_8,6,389.75,392.7748718261719,,,2026-06-25T20:48:01.118111
dayahead,timemixer,0,2023-01-01,2025-08-31,2025-09-01,2025-09-30,2025-09-28,2025-09-28,2025-09-28 07:00:00,1_8,7,392.04,372.6749267578125,,,2026-06-25T20:48:01.118111
dayahead,timemixer,0,2023-01-01,2025-08-31,2025-09-01,2025-09-30,2025-09-28,2025-09-28,2025-09-28 08:00:00,1_8,8,394.15,364.2890319824219,,,2026-06-25T20:48:01.118111
dayahead,timemixer,0,2023-01-01,2025-08-31,2025-09-01,2025-09-30,2025-09-28,2025-09-28,2025-09-28 09:00:00,9_16,9,388.74,410.41217041015625,,,2026-06-25T20:48:01.118111
dayahead,timemixer,0,2023-01-01,2025-08-31,2025-09-01,2025-09-30,2025-09-28,2025-09-28,2025-09-28 10:00:00,9_16,10,380.09,383.95086669921875,,,2026-06-25T20:48:01.118111
dayahead,timemixer,0,2023-01-01,2025-08-31,2025-09-01,2025-09-30,2025-09-28,2025-09-28,2025-09-28 11:00:00,9_16,11,349.02,357.1915588378906,,,2026-06-25T20:48:01.118111
dayahead,timemixer,0,2023-01-01,2025-08-31,2025-09-01,2025-09-30,2025-09-28,2025-09-28,2025-09-28 12:00:00,9_16,12,345.9,343.7083435058594,,,2026-06-25T20:48:01.118111
dayahead,timemixer,0,2023-01-01,2025-08-31,2025-09-01,2025-09-30,2025-09-28,2025-09-28,2025-09-28 13:00:00,9_16,13,345.41,327.92816162109375,,,2026-06-25T20:48:01.118111
dayahead,timemixer,0,2023-01-01,2025-08-31,2025-09-01,2025-09-30,2025-09-28,2025-09-28,2025-09-28 14:00:00,9_16,14,342.86,325.70513916015625,,,2026-06-25T20:48:01.118111
dayahead,timemixer,0,2023-01-01,2025-08-31,2025-09-01,2025-09-30,2025-09-28,2025-09-28,2025-09-28 15:00:00,9_16,15,355.96,342.1841125488281,,,2026-06-25T20:48:01.118111
dayahead,timemixer,0,2023-01-01,2025-08-31,2025-09-01,2025-09-30,2025-09-28,2025-09-28,2025-09-28 16:00:00,9_16,16,378.59,360.3819274902344,,,2026-06-25T20:48:01.118111
dayahead,timemixer,0,2023-01-01,2025-08-31,2025-09-01,2025-09-30,2025-09-28,2025-09-28,2025-09-28 17:00:00,17_24,17,389.89,398.75347900390625,,,2026-06-25T20:48:01.118111
dayahead,timemixer,0,2023-01-01,2025-08-31,2025-09-01,2025-09-30,2025-09-28,2025-09-28,2025-09-28 18:00:00,17_24,18,440.73,418.3991394042969,,,2026-06-25T20:48:01.118111
dayahead,timemixer,0,2023-01-01,2025-08-31,2025-09-01,2025-09-30,2025-09-28,2025-09-28,2025-09-28 19:00:00,17_24,19,578.32,329.4288024902344,,,2026-06-25T20:48:01.118111
dayahead,timemixer,0,2023-01-01,2025-08-31,2025-09-01,2025-09-30,2025-09-28,2025-09-28,2025-09-28 20:00:00,17_24,20,580.27,267.817626953125,,,2026-06-25T20:48:01.118111
dayahead,timemixer,0,2023-01-01,2025-08-31,2025-09-01,2025-09-30,2025-09-28,2025-09-28,2025-09-28 21:00:00,17_24,21,486.66,239.72569274902344,,,2026-06-25T20:48:01.118111
dayahead,timemixer,0,2023-01-01,2025-08-31,2025-09-01,2025-09-30,2025-09-28,2025-09-28,2025-09-28 22:00:00,17_24,22,439.68,179.86732482910156,,,2026-06-25T20:48:01.118111
dayahead,timemixer,0,2023-01-01,2025-08-31,2025-09-01,2025-09-30,2025-09-28,2025-09-28,2025-09-28 23:00:00,17_24,23,578.32,225.58139038085938,,,2026-06-25T20:48:01.118111
dayahead,timemixer,0,2023-01-01,2025-08-31,2025-09-01,2025-09-30,2025-09-28,2025-09-28,2025-09-29 00:00:00,17_24,24,440.26,280.2283630371094,,,2026-06-25T20:48:01.118111
dayahead,timemixer,0,2023-01-01,2025-08-31,2025-09-01,2025-09-30,2025-09-29,2025-09-29,2025-09-29 01:00:00,1_8,1,391.28,340.39385986328125,,,2026-06-25T20:48:01.118111
dayahead,timemixer,0,2023-01-01,2025-08-31,2025-09-01,2025-09-30,2025-09-29,2025-09-29,2025-09-29 02:00:00,1_8,2,394.25,443.95782470703125,,,2026-06-25T20:48:01.118111
dayahead,timemixer,0,2023-01-01,2025-08-31,2025-09-01,2025-09-30,2025-09-29,2025-09-29,2025-09-29 03:00:00,1_8,3,393.25,438.04278564453125,,,2026-06-25T20:48:01.118111
dayahead,timemixer,0,2023-01-01,2025-08-31,2025-09-01,2025-09-30,2025-09-29,2025-09-29,2025-09-29 04:00:00,1_8,4,392.0,455.164306640625,,,2026-06-25T20:48:01.118111
dayahead,timemixer,0,2023-01-01,2025-08-31,2025-09-01,2025-09-30,2025-09-29,2025-09-29,2025-09-29 05:00:00,1_8,5,392.0,429.73785400390625,,,2026-06-25T20:48:01.118111
dayahead,timemixer,0,2023-01-01,2025-08-31,2025-09-01,2025-09-30,2025-09-29,2025-09-29,2025-09-29 06:00:00,1_8,6,393.26,396.3442687988281,,,2026-06-25T20:48:01.118111
dayahead,timemixer,0,2023-01-01,2025-08-31,2025-09-01,2025-09-30,2025-09-29,2025-09-29,2025-09-29 07:00:00,1_8,7,403.52,374.8127746582031,,,2026-06-25T20:48:01.118111
dayahead,timemixer,0,2023-01-01,2025-08-31,2025-09-01,2025-09-30,2025-09-29,2025-09-29,2025-09-29 08:00:00,1_8,8,411.61,360.4935302734375,,,2026-06-25T20:48:01.118111
dayahead,timemixer,0,2023-01-01,2025-08-31,2025-09-01,2025-09-30,2025-09-29,2025-09-29,2025-09-29 09:00:00,9_16,9,387.04,319.1930847167969,,,2026-06-25T20:48:01.118111
dayahead,timemixer,0,2023-01-01,2025-08-31,2025-09-01,2025-09-30,2025-09-29,2025-09-29,2025-09-29 10:00:00,9_16,10,327.72,315.285888671875,,,2026-06-25T20:48:01.118111
dayahead,timemixer,0,2023-01-01,2025-08-31,2025-09-01,2025-09-30,2025-09-29,2025-09-29,2025-09-29 11:00:00,9_16,11,118.74,271.6883850097656,,,2026-06-25T20:48:01.118111
dayahead,timemixer,0,2023-01-01,2025-08-31,2025-09-01,2025-09-30,2025-09-29,2025-09-29,2025-09-29 12:00:00,9_16,12,-21.99,266.8141174316406,,,2026-06-25T20:48:01.118111
dayahead,timemixer,0,2023-01-01,2025-08-31,2025-09-01,2025-09-30,2025-09-29,2025-09-29,2025-09-29 13:00:00,9_16,13,-28.01,258.8260192871094,,,2026-06-25T20:48:01.118111
dayahead,timemixer,0,2023-01-01,2025-08-31,2025-09-01,2025-09-30,2025-09-29,2025-09-29,2025-09-29 14:00:00,9_16,14,-49.97,244.28506469726562,,,2026-06-25T20:48:01.118111
dayahead,timemixer,0,2023-01-01,2025-08-31,2025-09-01,2025-09-30,2025-09-29,2025-09-29,2025-09-29 15:00:00,9_16,15,5.55,252.41790771484375,,,2026-06-25T20:48:01.118111
dayahead,timemixer,0,2023-01-01,2025-08-31,2025-09-01,2025-09-30,2025-09-29,2025-09-29,2025-09-29 16:00:00,9_16,16,252.94,267.7454833984375,,,2026-06-25T20:48:01.118111
dayahead,timemixer,0,2023-01-01,2025-08-31,2025-09-01,2025-09-30,2025-09-29,2025-09-29,2025-09-29 17:00:00,17_24,17,356.69,351.47998046875,,,2026-06-25T20:48:01.118111
dayahead,timemixer,0,2023-01-01,2025-08-31,2025-09-01,2025-09-30,2025-09-29,2025-09-29,2025-09-29 18:00:00,17_24,18,394.06,357.7345275878906,,,2026-06-25T20:48:01.118111
dayahead,timemixer,0,2023-01-01,2025-08-31,2025-09-01,2025-09-30,2025-09-29,2025-09-29,2025-09-29 19:00:00,17_24,19,396.98,420.95208740234375,,,2026-06-25T20:48:01.118111
dayahead,timemixer,0,2023-01-01,2025-08-31,2025-09-01,2025-09-30,2025-09-29,2025-09-29,2025-09-29 20:00:00,17_24,20,397.33,317.7055969238281,,,2026-06-25T20:48:01.118111
dayahead,timemixer,0,2023-01-01,2025-08-31,2025-09-01,2025-09-30,2025-09-29,2025-09-29,2025-09-29 21:00:00,17_24,21,396.53,309.5931701660156,,,2026-06-25T20:48:01.118111
dayahead,timemixer,0,2023-01-01,2025-08-31,2025-09-01,2025-09-30,2025-09-29,2025-09-29,2025-09-29 22:00:00,17_24,22,396.23,276.4245910644531,,,2026-06-25T20:48:01.118111
dayahead,timemixer,0,2023-01-01,2025-08-31,2025-09-01,2025-09-30,2025-09-29,2025-09-29,2025-09-29 23:00:00,17_24,23,396.02,231.03298950195312,,,2026-06-25T20:48:01.118111
dayahead,timemixer,0,2023-01-01,2025-08-31,2025-09-01,2025-09-30,2025-09-29,2025-09-29,2025-09-30 00:00:00,17_24,24,394.96,323.1835021972656,,,2026-06-25T20:48:01.118111
dayahead,timemixer,0,2023-01-01,2025-08-31,2025-09-01,2025-09-30,2025-09-30,2025-09-30,2025-09-30 01:00:00,1_8,1,393.06,344.8446044921875,,,2026-06-25T20:48:01.118111
dayahead,timemixer,0,2023-01-01,2025-08-31,2025-09-01,2025-09-30,2025-09-30,2025-09-30,2025-09-30 02:00:00,1_8,2,391.991,385.055908203125,,,2026-06-25T20:48:01.118111
dayahead,timemixer,0,2023-01-01,2025-08-31,2025-09-01,2025-09-30,2025-09-30,2025-09-30,2025-09-30 03:00:00,1_8,3,393.001,399.666015625,,,2026-06-25T20:48:01.118111
dayahead,timemixer,0,2023-01-01,2025-08-31,2025-09-01,2025-09-30,2025-09-30,2025-09-30,2025-09-30 04:00:00,1_8,4,393.001,420.2461853027344,,,2026-06-25T20:48:01.118111
dayahead,timemixer,0,2023-01-01,2025-08-31,2025-09-01,2025-09-30,2025-09-30,2025-09-30,2025-09-30 05:00:00,1_8,5,393.001,396.4737243652344,,,2026-06-25T20:48:01.118111
dayahead,timemixer,0,2023-01-01,2025-08-31,2025-09-01,2025-09-30,2025-09-30,2025-09-30,2025-09-30 06:00:00,1_8,6,421.091,352.426025390625,,,2026-06-25T20:48:01.118111
dayahead,timemixer,0,2023-01-01,2025-08-31,2025-09-01,2025-09-30,2025-09-30,2025-09-30,2025-09-30 07:00:00,1_8,7,522.541,336.65008544921875,,,2026-06-25T20:48:01.118111
dayahead,timemixer,0,2023-01-01,2025-08-31,2025-09-01,2025-09-30,2025-09-30,2025-09-30,2025-09-30 08:00:00,1_8,8,539.911,327.0446472167969,,,2026-06-25T20:48:01.118111
dayahead,timemixer,0,2023-01-01,2025-08-31,2025-09-01,2025-09-30,2025-09-30,2025-09-30,2025-09-30 09:00:00,9_16,9,395.471,379.677734375,,,2026-06-25T20:48:01.118111
dayahead,timemixer,0,2023-01-01,2025-08-31,2025-09-01,2025-09-30,2025-09-30,2025-09-30,2025-09-30 10:00:00,9_16,10,281.601,350.2200927734375,,,2026-06-25T20:48:01.118111
dayahead,timemixer,0,2023-01-01,2025-08-31,2025-09-01,2025-09-30,2025-09-30,2025-09-30,2025-09-30 11:00:00,9_16,11,-36.381,316.85687255859375,,,2026-06-25T20:48:01.118111
dayahead,timemixer,0,2023-01-01,2025-08-31,2025-09-01,2025-09-30,2025-09-30,2025-09-30,2025-09-30 12:00:00,9_16,12,-58.851,300.0066833496094,,,2026-06-25T20:48:01.118111
dayahead,timemixer,0,2023-01-01,2025-08-31,2025-09-01,2025-09-30,2025-09-30,2025-09-30,2025-09-30 13:00:00,9_16,13,-59.931,309.38250732421875,,,2026-06-25T20:48:01.118111
dayahead,timemixer,0,2023-01-01,2025-08-31,2025-09-01,2025-09-30,2025-09-30,2025-09-30,2025-09-30 14:00:00,9_16,14,-66.931,290.3408203125,,,2026-06-25T20:48:01.118111
dayahead,timemixer,0,2023-01-01,2025-08-31,2025-09-01,2025-09-30,2025-09-30,2025-09-30,2025-09-30 15:00:00,9_16,15,-67.461,313.887939453125,,,2026-06-25T20:48:01.118111
dayahead,timemixer,0,2023-01-01,2025-08-31,2025-09-01,2025-09-30,2025-09-30,2025-09-30,2025-09-30 16:00:00,9_16,16,127.551,313.4183349609375,,,2026-06-25T20:48:01.118111
dayahead,timemixer,0,2023-01-01,2025-08-31,2025-09-01,2025-09-30,2025-09-30,2025-09-30,2025-09-30 17:00:00,17_24,17,320.331,337.741455078125,,,2026-06-25T20:48:01.118111
dayahead,timemixer,0,2023-01-01,2025-08-31,2025-09-01,2025-09-30,2025-09-30,2025-09-30,2025-09-30 18:00:00,17_24,18,383.431,334.2502136230469,,,2026-06-25T20:48:01.118111
dayahead,timemixer,0,2023-01-01,2025-08-31,2025-09-01,2025-09-30,2025-09-30,2025-09-30,2025-09-30 19:00:00,17_24,19,394.151,289.1205749511719,,,2026-06-25T20:48:01.118111
dayahead,timemixer,0,2023-01-01,2025-08-31,2025-09-01,2025-09-30,2025-09-30,2025-09-30,2025-09-30 20:00:00,17_24,20,389.001,146.17483520507812,,,2026-06-25T20:48:01.118111
dayahead,timemixer,0,2023-01-01,2025-08-31,2025-09-01,2025-09-30,2025-09-30,2025-09-30,2025-09-30 21:00:00,17_24,21,388.511,150.54632568359375,,,2026-06-25T20:48:01.118111
dayahead,timemixer,0,2023-01-01,2025-08-31,2025-09-01,2025-09-30,2025-09-30,2025-09-30,2025-09-30 22:00:00,17_24,22,387.011,126.85867309570312,,,2026-06-25T20:48:01.118111
dayahead,timemixer,0,2023-01-01,2025-08-31,2025-09-01,2025-09-30,2025-09-30,2025-09-30,2025-09-30 23:00:00,17_24,23,387.121,80.07833862304688,,,2026-06-25T20:48:01.118111
dayahead,timemixer,0,2023-01-01,2025-08-31,2025-09-01,2025-09-30,2025-09-30,2025-09-30,2025-10-01 00:00:00,17_24,24,385.001,161.6103973388672,,,2026-06-25T20:48:01.118111
