ds,day_ahead_clearing_price,realtime_price,load,wind,solar,interconnect,bidding_space,renewable,task,target_day,decision_day,info_cutoff,hour_physical,hour_business,period,model_name,y_true,y_pred,pred_day_ahead_price,traded,profit_per_mwh
2026-06-01 00:00:00,400.0,296.643,63568.2925,20531.2525,11.6,17238.5,12660.44,20542.8525,da,2026-06-01,2026-05-31,2026-05-31 15:00:00,0,24,17_24,TimeMixer,400.0,508.5761219215393,,,
2026-06-01 01:00:00,360.0,365.425,62153.1425,19470.2425,12.8,18214.75,11648.85,19483.0425,da,2026-06-01,2026-05-31,2026-05-31 15:00:00,1,1,1_8,TimeMixer,360.0,372.21863525390626,,,
2026-06-01 02:00:00,352.613,356.766,60403.3875,18000.0875,12.1,18203.25,11381.45,18012.1875,da,2026-06-01,2026-05-31,2026-05-31 15:00:00,2,2,1_8,TimeMixer,352.613,380.758113861084,,,
2026-06-01 03:00:00,363.975,355.431,58997.6075,16140.4525,12.5,18362.75,11675.405,16152.9525,da,2026-06-01,2026-05-31,2026-05-31 15:00:00,3,3,1_8,TimeMixer,363.975,338.1800336761474,,,
2026-06-01 04:00:00,387.378,322.16,58306.5325,14034.6075,12.3,18441.0,13012.125,14046.9075,da,2026-06-01,2026-05-31,2026-05-31 15:00:00,4,4,1_8,TimeMixer,387.378,317.57596902770996,,,
2026-06-01 05:00:00,396.5,359.101,58908.2725,12253.87,42.8275,18425.25,15379.825,12296.6975,da,2026-06-01,2026-05-31,2026-05-31 15:00:00,5,5,1_8,TimeMixer,396.5,299.44059715271,,,
2026-06-01 06:00:00,376.25,362.442,60521.0325,10824.8125,1177.2125,19782.75,15929.7575,12002.025,da,2026-06-01,2026-05-31,2026-05-31 15:00:00,6,6,1_8,TimeMixer,376.25,298.8997631072998,,,
2026-06-01 07:00:00,100.0,34.998,59231.97,9471.93,4618.1675,22604.5,9734.6225,14090.0975,da,2026-06-01,2026-05-31,2026-05-31 15:00:00,7,7,1_8,TimeMixer,100.0,60.523081207275396,,,
2026-06-01 08:00:00,-70.0,-53.391,57053.2425,8060.2175,9894.59,23231.25,3123.185,17954.8075,da,2026-06-01,2026-05-31,2026-05-31 15:00:00,8,8,1_8,TimeMixer,-70.0,34.77417755126953,,,
2026-06-01 09:00:00,-70.0,155.503,55404.1975,6886.0175,15341.655,21785.75,-1340.725,22227.6725,da,2026-06-01,2026-05-31,2026-05-31 15:00:00,9,9,9_16,TimeMixer,-70.0,31.94749755859374,,,
2026-06-01 10:00:00,-75.0,-74.006,52232.135,6213.605,19788.67,19803.25,-6304.89,26002.275,da,2026-06-01,2026-05-31,2026-05-31 15:00:00,10,10,9_16,TimeMixer,-75.0,-6.215954589843761,,,
2026-06-01 11:00:00,-75.0,-70.772,52965.7825,5818.94,22595.34,18915.5,-7095.4975,28414.28,da,2026-06-01,2026-05-31,2026-05-31 15:00:00,11,11,9_16,TimeMixer,-75.0,-37.112271118164074,,,
2026-06-01 12:00:00,-75.0,-80.0,52004.3875,5520.07,23906.0975,18778.5,-8931.78,29426.1675,da,2026-06-01,2026-05-31,2026-05-31 15:00:00,12,12,9_16,TimeMixer,-75.0,8.30169677734375,,,
2026-06-01 13:00:00,-75.0,-48.675,48133.1025,5212.01,23966.345,18870.0,-12646.7525,29178.355,da,2026-06-01,2026-05-31,2026-05-31 15:00:00,13,13,9_16,TimeMixer,-75.0,-55.91099548339844,,,
2026-06-01 14:00:00,-75.0,-70.535,49869.2825,5133.3,22860.0125,19093.75,-9949.28,27993.3125,da,2026-06-01,2026-05-31,2026-05-31 15:00:00,14,14,9_16,TimeMixer,-75.0,-44.38790283203127,,,
2026-06-01 15:00:00,-75.0,-80.0,52357.135,5314.7575,20252.735,19872.0,-5813.8575,25567.4925,da,2026-06-01,2026-05-31,2026-05-31 15:00:00,15,15,9_16,TimeMixer,-75.0,76.51673773193357,,,
2026-06-01 16:00:00,-49.34,-80.0,56616.005,5755.225,16034.66,20961.5,1133.12,21789.885,da,2026-06-01,2026-05-31,2026-05-31 15:00:00,16,16,9_16,TimeMixer,-49.34,102.4969620361328,,,
2026-06-01 17:00:00,310.77,195.515,62909.085,6349.8825,10476.0625,22054.25,11224.89,16825.945,da,2026-06-01,2026-05-31,2026-05-31 15:00:00,17,17,17_24,TimeMixer,310.77,172.2287165222168,,,
2026-06-01 18:00:00,398.5,550.118,68725.975,7147.135,4811.985,23777.5,20166.605,11959.12,da,2026-06-01,2026-05-31,2026-05-31 15:00:00,18,18,17_24,TimeMixer,398.5,325.4999092102051,,,
2026-06-01 19:00:00,514.873,562.554,73097.8075,8396.66,1117.75,23749.25,27007.6475,9514.41,da,2026-06-01,2026-05-31,2026-05-31 15:00:00,19,19,17_24,TimeMixer,514.873,407.25917739868163,,,
2026-06-01 20:00:00,505.875,547.537,75455.8675,10115.1525,30.07,22658.25,29825.895,10145.2225,da,2026-06-01,2026-05-31,2026-05-31 15:00:00,20,20,17_24,TimeMixer,505.875,443.94600086212154,,,
2026-06-01 21:00:00,501.375,608.046,74108.5375,11762.1275,12.2,21836.25,27671.46,11774.3275,da,2026-06-01,2026-05-31,2026-05-31 15:00:00,21,21,17_24,TimeMixer,501.375,460.3706480636597,,,
2026-06-01 22:00:00,446.875,613.371,71544.965,13293.875,12.7,20453.25,24958.64,13306.575,da,2026-06-01,2026-05-31,2026-05-31 15:00:00,22,22,17_24,TimeMixer,446.875,418.7940507888794,,,
2026-06-01 23:00:00,431.5,514.696,69346.56,14412.445,11.6,18884.25,23211.765,14424.045,da,2026-06-01,2026-05-31,2026-05-31 15:00:00,23,23,17_24,TimeMixer,431.5,433.30828342437746,,,
2026-06-02 00:00:00,411.5,424.837,66235.8925,14977.5325,11.6,17302.5,21117.76,14989.1325,da,2026-06-02,2026-06-01,2026-06-01 15:00:00,0,24,17_24,TimeMixer,411.5,428.5722324371338,,,
2026-06-02 01:00:00,475.25,404.257,64207.3,14990.43,11.9,19762.25,16636.22,15002.33,da,2026-06-02,2026-06-01,2026-06-01 15:00:00,1,1,1_8,TimeMixer,475.25,352.59751281738284,,,
2026-06-02 02:00:00,400.0,354.302,62893.4325,14549.0375,12.0,19768.0,15757.895,14561.0375,da,2026-06-02,2026-06-01,2026-06-01 15:00:00,2,2,1_8,TimeMixer,400.0,355.40200124053956,,,
2026-06-02 03:00:00,400.0,341.615,61754.745,13852.8425,11.7,19802.0,15281.7025,13864.5425,da,2026-06-02,2026-06-01,2026-06-01 15:00:00,3,3,1_8,TimeMixer,400.0,344.3348977661133,,,
2026-06-02 04:00:00,411.5,335.385,60896.78,13008.9775,12.7,19810.75,15257.8525,13021.6775,da,2026-06-02,2026-06-01,2026-06-01 15:00:00,4,4,1_8,TimeMixer,411.5,357.8256888740539,,,
2026-06-02 05:00:00,433.67,369.238,61463.675,12166.9625,46.6175,19622.25,16821.345,12213.58,da,2026-06-02,2026-06-01,2026-06-01 15:00:00,5,5,1_8,TimeMixer,433.67,354.5492622375488,,,
2026-06-02 06:00:00,367.5,272.422,62133.455,11289.655,1413.38,21046.5,15577.42,12703.035,da,2026-06-02,2026-06-01,2026-06-01 15:00:00,6,6,1_8,TimeMixer,367.5,342.72542266845704,,,
2026-06-02 07:00:00,86.0,-80.0,59664.2675,10065.22,5561.3475,24695.25,6539.7,15626.5675,da,2026-06-02,2026-06-01,2026-06-01 15:00:00,7,7,1_8,TimeMixer,86.0,154.93597869873048,,,
2026-06-02 08:00:00,-29.0,-80.0,57333.12,8461.9125,11567.755,25110.25,-550.7975,20029.6675,da,2026-06-02,2026-06-01,2026-06-01 15:00:00,8,8,1_8,TimeMixer,-29.0,34.7457290649414,,,
2026-06-02 09:00:00,-70.0,-80.0,55326.8325,7212.52,17103.6375,23052.0,-4772.825,24316.1575,da,2026-06-02,2026-06-01,2026-06-01 15:00:00,9,9,9_16,TimeMixer,-70.0,32.72157897949219,,,
2026-06-02 10:00:00,-74.988,-80.0,52129.3675,6576.7625,21250.1625,21379.5,-9808.5575,27826.925,da,2026-06-02,2026-06-01,2026-06-01 15:00:00,10,10,9_16,TimeMixer,-74.988,3.3315109252929744,,,
2026-06-02 11:00:00,-75.0,-80.0,53060.835,6216.9125,23583.8975,19848.5,-9319.975,29800.81,da,2026-06-02,2026-06-01,2026-06-01 15:00:00,11,11,9_16,TimeMixer,-75.0,-26.373321533203125,,,
2026-06-02 12:00:00,-75.0,-66.698,52939.6825,5876.1575,24439.485,19613.0,-9720.46,30315.6425,da,2026-06-02,2026-06-01,2026-06-01 15:00:00,12,12,9_16,TimeMixer,-75.0,15.079994201660156,,,
2026-06-02 13:00:00,-75.0,-59.163,49009.885,5577.22,24309.4875,19613.25,-13221.5725,29886.7075,da,2026-06-02,2026-06-01,2026-06-01 15:00:00,13,13,9_16,TimeMixer,-75.0,-49.43843078613281,,,
2026-06-02 14:00:00,-75.0,-56.988,51183.9875,5387.11,23204.6925,19750.25,-9889.565,28591.8025,da,2026-06-02,2026-06-01,2026-06-01 15:00:00,14,14,9_16,TimeMixer,-75.0,-47.05720520019531,,,
2026-06-02 15:00:00,-70.0,-75.992,53589.2375,5430.4,20588.7225,19953.5,-5114.885,26019.1225,da,2026-06-02,2026-06-01,2026-06-01 15:00:00,15,15,9_16,TimeMixer,-70.0,48.629791259765625,,,
2026-06-02 16:00:00,-30.0,64.24,58034.0825,5741.44,16267.0825,21162.5,2131.56,22008.5225,da,2026-06-02,2026-06-01,2026-06-01 15:00:00,16,16,9_16,TimeMixer,-30.0,74.1409577331543,,,
2026-06-02 17:00:00,312.175,463.308,64635.1175,6309.735,10548.38,24231.0,10742.0025,16858.115,da,2026-06-02,2026-06-01,2026-06-01 15:00:00,17,17,17_24,TimeMixer,312.175,324.4953081054688,,,
2026-06-02 18:00:00,455.7,636.413,70477.2375,7228.7475,4785.135,25879.0,19761.605,12013.8825,da,2026-06-02,2026-06-01,2026-06-01 15:00:00,18,18,17_24,TimeMixer,455.7,389.9541328430176,,,
2026-06-02 19:00:00,546.81,594.886,74789.315,8605.4575,1119.1525,25774.0,26464.205,9724.61,da,2026-06-02,2026-06-01,2026-06-01 15:00:00,19,19,17_24,TimeMixer,546.81,458.06136332397466,,,
2026-06-02 20:00:00,546.75,510.564,77639.8725,10165.775,31.8,24847.0,29768.7975,10197.575,da,2026-06-02,2026-06-01,2026-06-01 15:00:00,20,20,17_24,TimeMixer,546.75,470.1874852180481,,,
2026-06-02 21:00:00,551.5,521.208,76700.5025,11524.0625,11.3,23057.0,29281.64,11535.3625,da,2026-06-02,2026-06-01,2026-06-01 15:00:00,21,21,17_24,TimeMixer,551.5,477.8527207374573,,,
2026-06-02 22:00:00,545.75,521.952,74308.615,12417.2025,11.9,21617.0,27436.0125,12429.1025,da,2026-06-02,2026-06-01,2026-06-01 15:00:00,22,22,17_24,TimeMixer,545.75,425.56286201477053,,,
2026-06-02 23:00:00,521.0,493.448,71600.08,12875.27,12.6,19987.25,25898.46,12887.87,da,2026-06-02,2026-06-01,2026-06-01 15:00:00,23,23,17_24,TimeMixer,521.0,429.2766476631164,,,
2026-06-03 00:00:00,500.0,615.833,67735.0225,12998.0875,11.4,18536.0,23363.035,13009.4875,da,2026-06-03,2026-06-02,2026-06-02 15:00:00,0,24,17_24,TimeMixer,500.0,397.9177425384521,,,
2026-06-03 01:00:00,494.0,516.964,67722.6825,11864.5675,12.6,19530.0,23609.015,11877.1675,da,2026-06-03,2026-06-02,2026-06-02 15:00:00,1,1,1_8,TimeMixer,494.0,409.8256210327148,,,
2026-06-03 02:00:00,447.0,471.11,65746.605,11612.245,12.1,19530.0,21885.76,11624.345,da,2026-06-03,2026-06-02,2026-06-02 15:00:00,2,2,1_8,TimeMixer,447.0,371.80270896911617,,,
2026-06-03 03:00:00,440.0,429.557,63826.375,11316.245,11.9,19530.0,20261.73,11328.145,da,2026-06-03,2026-06-02,2026-06-02 15:00:00,3,3,1_8,TimeMixer,440.0,358.4648009490967,,,
2026-06-03 04:00:00,445.5,434.58,62616.88,11012.2475,11.51,19530.0,19356.6225,11023.7575,da,2026-06-03,2026-06-02,2026-06-02 15:00:00,4,4,1_8,TimeMixer,445.5,355.88176605224606,,,
2026-06-03 05:00:00,412.5,481.472,63182.1775,10712.045,33.535,19361.0,20369.0975,10745.58,da,2026-06-03,2026-06-02,2026-06-02 15:00:00,5,5,1_8,TimeMixer,412.5,381.1331417388916,,,
2026-06-03 06:00:00,413.2,478.715,64286.2975,10211.7125,927.8625,20823.75,19616.4725,11139.575,da,2026-06-03,2026-06-02,2026-06-02 15:00:00,6,6,1_8,TimeMixer,413.2,327.4291268920898,,,
2026-06-03 07:00:00,274.313,317.513,64883.6825,9345.2725,3496.25,24590.5,14748.91,12841.5225,da,2026-06-03,2026-06-02,2026-06-02 15:00:00,7,7,1_8,TimeMixer,274.313,143.58293533325195,,,
2026-06-03 08:00:00,232.64,389.433,66791.265,8350.29,7483.3125,24902.75,13410.9125,15833.6025,da,2026-06-03,2026-06-02,2026-06-02 15:00:00,8,8,1_8,TimeMixer,232.64,124.98507628440856,,,
2026-06-03 09:00:00,276.0,465.032,67746.0425,7668.73,11866.3,22662.25,12917.2625,19535.03,da,2026-06-03,2026-06-02,2026-06-02 15:00:00,9,9,9_16,TimeMixer,276.0,127.0887375869751,,,
2026-06-03 10:00:00,95.5,482.101,66591.725,7610.97,15498.96,21138.0,9712.295,23109.93,da,2026-06-03,2026-06-02,2026-06-02 15:00:00,10,10,9_16,TimeMixer,95.5,135.63900389404296,,,
2026-06-03 11:00:00,4.5,488.563,65908.635,7765.9325,18279.0975,19475.0,7757.105,26045.03,da,2026-06-03,2026-06-02,2026-06-02 15:00:00,11,11,9_16,TimeMixer,4.5,162.67277374267576,,,
2026-06-03 12:00:00,30.5,477.629,63208.0,8036.2975,20044.51,19176.0,3319.6925,28080.8075,da,2026-06-03,2026-06-02,2026-06-02 15:00:00,12,12,9_16,TimeMixer,30.5,114.28582229614258,,,
2026-06-03 13:00:00,8.5,388.951,58326.6325,8222.8175,20462.5875,19150.25,-2140.5225,28685.405,da,2026-06-03,2026-06-02,2026-06-02 15:00:00,13,13,9_16,TimeMixer,8.5,123.04425720214843,,,
2026-06-03 14:00:00,6.56,202.338,60841.9975,8442.3375,19219.1125,19319.75,1229.2975,27661.45,da,2026-06-03,2026-06-02,2026-06-02 15:00:00,14,14,9_16,TimeMixer,6.56,104.86239756011963,,,
2026-06-03 15:00:00,83.25,119.573,64340.6375,8702.0175,16530.975,19568.5,6907.645,25232.9925,da,2026-06-03,2026-06-02,2026-06-02 15:00:00,15,15,9_16,TimeMixer,83.25,120.33758239746093,,,
2026-06-03 16:00:00,300.0,42.106,69173.92,9225.59,12580.81,20752.0,13984.02,21806.4,da,2026-06-03,2026-06-02,2026-06-02 15:00:00,16,16,9_16,TimeMixer,300.0,124.33371257781982,,,
2026-06-03 17:00:00,402.5,497.462,73973.2625,9860.7225,7867.675,23776.75,19764.115,17728.3975,da,2026-06-03,2026-06-02,2026-06-02 15:00:00,17,17,17_24,TimeMixer,402.5,340.33679693222047,,,
2026-06-03 18:00:00,502.0,572.353,77364.875,10333.8175,3488.9125,25360.75,25458.645,13822.73,da,2026-06-03,2026-06-02,2026-06-02 15:00:00,18,18,17_24,TimeMixer,502.0,417.64230677795405,,,
2026-06-03 19:00:00,524.0,536.775,79504.52,10824.125,822.3525,25323.75,29807.7925,11646.4775,da,2026-06-03,2026-06-02,2026-06-02 15:00:00,19,19,17_24,TimeMixer,524.0,525.8634673461913,,,
2026-06-03 20:00:00,520.0,531.978,80497.1675,11263.1075,28.535,24610.75,31868.275,11291.6425,da,2026-06-03,2026-06-02,2026-06-02 15:00:00,20,20,17_24,TimeMixer,520.0,519.5511293334961,,,
2026-06-03 21:00:00,527.0,539.882,79361.9475,11085.115,11.6,22984.25,32554.4825,11096.715,da,2026-06-03,2026-06-02,2026-06-02 15:00:00,21,21,17_24,TimeMixer,527.0,538.7912353668213,,,
2026-06-03 22:00:00,545.995,519.857,76176.1075,10720.945,12.6,21417.25,31298.8125,10733.545,da,2026-06-03,2026-06-02,2026-06-02 15:00:00,22,22,17_24,TimeMixer,545.995,498.06237232971193,,,
2026-06-03 23:00:00,540.5,421.655,72177.335,10239.8025,13.0,19640.5,29557.5325,10252.8025,da,2026-06-03,2026-06-02,2026-06-02 15:00:00,23,23,17_24,TimeMixer,540.5,488.7769776687622,,,
2026-06-04 00:00:00,540.5,414.112,70079.02,9437.9325,11.6,18387.75,29515.2375,9449.5325,da,2026-06-04,2026-06-03,2026-06-03 15:00:00,0,24,17_24,TimeMixer,540.5,498.42195682525636,,,
2026-06-04 01:00:00,525.0,590.569,62988.9225,8087.0075,0.0,19536.0,22759.415,8087.0075,da,2026-06-04,2026-06-03,2026-06-03 15:00:00,1,1,1_8,TimeMixer,525.0,493.6238647460937,,,
2026-06-04 02:00:00,502.5,491.713,61130.3225,7359.6275,0.0,19535.5,21628.695,7359.6275,da,2026-06-04,2026-06-03,2026-06-03 15:00:00,2,2,1_8,TimeMixer,502.5,468.5706508636474,,,
2026-06-04 03:00:00,457.5,629.895,59909.475,7012.0125,0.0,19534.75,20756.2125,7012.0125,da,2026-06-04,2026-06-03,2026-06-03 15:00:00,3,3,1_8,TimeMixer,457.5,447.8666237354279,,,
2026-06-04 04:00:00,450.0,490.96,59253.4825,7001.33,0.0125,19536.0,20109.64,7001.3425,da,2026-06-04,2026-06-03,2026-06-03 15:00:00,4,4,1_8,TimeMixer,450.0,445.83615723848345,,,
2026-06-04 05:00:00,412.299,618.688,59260.61,7174.565,50.445,19402.25,20026.85,7225.01,da,2026-06-04,2026-06-03,2026-06-03 15:00:00,5,5,1_8,TimeMixer,412.299,433.52580181503293,,,
2026-06-04 06:00:00,430.75,575.907,60559.4025,7401.87,932.98,20760.25,18857.8025,8334.85,da,2026-06-04,2026-06-03,2026-06-03 15:00:00,6,6,1_8,TimeMixer,430.75,418.691286605072,,,
2026-06-04 07:00:00,329.61,378.624,60357.64,7411.75,3578.73,24238.5,12525.91,10990.48,da,2026-06-04,2026-06-03,2026-06-03 15:00:00,7,7,1_8,TimeMixer,329.61,232.9166149909973,,,
2026-06-04 08:00:00,255.5,429.017,62151.36,7396.1275,7697.1775,24670.0,9844.055,15093.305,da,2026-06-04,2026-06-03,2026-06-03 15:00:00,8,8,1_8,TimeMixer,255.5,112.89817655944822,,,
2026-06-04 09:00:00,136.0,626.057,61322.3575,7271.96,12271.7,22778.0,6469.1975,19543.66,da,2026-06-04,2026-06-03,2026-06-03 15:00:00,9,9,9_16,TimeMixer,136.0,131.42087516784667,,,
2026-06-04 10:00:00,0.0,441.169,58433.95,6897.08,16477.3575,21490.25,1037.7625,23374.4375,da,2026-06-04,2026-06-03,2026-06-03 15:00:00,10,10,9_16,TimeMixer,0.0,14.498886871337888,,,
2026-06-04 11:00:00,-67.948,329.402,56438.5,6543.4825,19781.835,19966.0,-2384.3175,26325.3175,da,2026-06-04,2026-06-03,2026-06-03 15:00:00,11,11,9_16,TimeMixer,-67.948,-70.87530746459962,,,
2026-06-04 12:00:00,-44.5,-80.0,53094.375,6164.155,21758.7675,19744.0,-7104.0475,27922.9225,da,2026-06-04,2026-06-03,2026-06-03 15:00:00,12,12,9_16,TimeMixer,-44.5,-55.88395767211914,,,
2026-06-04 13:00:00,-45.875,-80.0,47976.4725,5748.9225,22296.2225,19744.0,-12344.1725,28045.145,da,2026-06-04,2026-06-03,2026-06-03 15:00:00,13,13,9_16,TimeMixer,-45.875,-72.9423583984375,,,
2026-06-04 14:00:00,-60.625,-80.0,49271.6375,5508.7425,21802.755,19842.75,-10414.11,27311.4975,da,2026-06-04,2026-06-03,2026-06-03 15:00:00,14,14,9_16,TimeMixer,-60.625,-78.97756658935546,,,
2026-06-04 15:00:00,-69.5,-80.0,52433.545,5352.405,19844.7125,19982.5,-5277.5725,25197.1175,da,2026-06-04,2026-06-03,2026-06-03 15:00:00,15,15,9_16,TimeMixer,-69.5,0.8071777343749957,,,
2026-06-04 16:00:00,-29.95,-80.0,57612.3125,5311.5775,16082.4,21134.5,2552.335,21393.9775,da,2026-06-04,2026-06-03,2026-06-03 15:00:00,16,16,9_16,TimeMixer,-29.95,175.64940620422365,,,
2026-06-04 17:00:00,260.5,147.833,63189.3425,5280.6375,10809.815,23959.25,10535.64,16090.4525,da,2026-06-04,2026-06-03,2026-06-03 15:00:00,17,17,17_24,TimeMixer,260.5,322.83472900390626,,,
2026-06-04 18:00:00,520.25,613.905,69110.315,5108.225,5133.285,25367.75,20878.305,10241.51,da,2026-06-04,2026-06-03,2026-06-03 15:00:00,18,18,17_24,TimeMixer,520.25,468.30291316223145,,,
2026-06-04 19:00:00,546.0,806.969,73030.935,5027.58,1270.625,25274.0,28832.23,6298.205,da,2026-06-04,2026-06-03,2026-06-03 15:00:00,19,19,17_24,TimeMixer,546.0,524.0738022384643,,,
2026-06-04 20:00:00,564.5,707.876,75885.3175,5355.4775,37.445,24354.0,33511.895,5392.9225,da,2026-06-04,2026-06-03,2026-06-03 15:00:00,20,20,17_24,TimeMixer,564.5,541.6218630027771,,,
2026-06-04 21:00:00,566.875,658.026,75159.125,5606.4525,0.0,22546.25,34379.9225,5606.4525,da,2026-06-04,2026-06-03,2026-06-03 15:00:00,21,21,17_24,TimeMixer,566.875,547.0293796539306,,,
2026-06-04 22:00:00,577.5,461.831,72706.57,5562.18,0.0,21144.5,33373.39,5562.18,da,2026-06-04,2026-06-03,2026-06-03 15:00:00,22,22,17_24,TimeMixer,577.5,535.6061449737549,,,
2026-06-04 23:00:00,580.75,407.503,69290.5125,5601.6525,0.0,19839.0,31223.36,5601.6525,da,2026-06-04,2026-06-03,2026-06-03 15:00:00,23,23,17_24,TimeMixer,580.75,547.0807830810547,,,
2026-06-05 00:00:00,582.5,620.44,66421.8975,5378.3475,0.0,18862.75,29554.3,5378.3475,da,2026-06-05,2026-06-04,2026-06-04 15:00:00,0,24,17_24,TimeMixer,582.5,584.4715957641602,,,
2026-06-05 01:00:00,622.5,728.717,63848.0025,4461.875,0.0,19980.0,26994.6275,4461.875,da,2026-06-05,2026-06-04,2026-06-04 15:00:00,1,1,1_8,TimeMixer,622.5,573.2074508666992,,,
2026-06-05 02:00:00,595.688,642.313,61811.5,4301.8675,0.0,19989.0,25109.1325,4301.8675,da,2026-06-05,2026-06-04,2026-06-04 15:00:00,2,2,1_8,TimeMixer,595.688,537.2972896575927,,,
2026-06-05 03:00:00,580.5,611.88,60288.3775,4108.76,0.0,19998.75,23769.3675,4108.76,da,2026-06-05,2026-06-04,2026-06-04 15:00:00,3,3,1_8,TimeMixer,580.5,508.925846862793,,,
2026-06-05 04:00:00,569.5,534.406,59440.5,3912.095,0.01,20003.0,23113.895,3912.105,da,2026-06-05,2026-06-04,2026-06-04 15:00:00,4,4,1_8,TimeMixer,569.5,498.1460437774658,,,
2026-06-05 05:00:00,573.5,575.279,60328.725,3688.425,39.69,19828.0,24361.11,3728.115,da,2026-06-05,2026-06-04,2026-06-04 15:00:00,5,5,1_8,TimeMixer,573.5,471.0144086212158,,,
2026-06-05 06:00:00,546.375,510.598,61250.8325,3302.7825,1429.9175,21189.25,22917.3825,4732.7,da,2026-06-05,2026-06-04,2026-06-04 15:00:00,6,6,1_8,TimeMixer,546.375,467.5606460571289,,,
2026-06-05 07:00:00,335.75,220.469,59688.3125,2709.5525,5525.7875,24632.25,14412.9725,8235.34,da,2026-06-05,2026-06-04,2026-06-04 15:00:00,7,7,1_8,TimeMixer,335.75,315.07493745422363,,,
2026-06-05 08:00:00,85.0,593.325,59199.7475,2099.98,11389.0625,25368.5,7993.205,13489.0425,da,2026-06-05,2026-06-04,2026-06-04 15:00:00,8,8,1_8,TimeMixer,85.0,153.47384643554685,,,
2026-06-05 09:00:00,-23.25,528.983,57042.325,1740.8725,16726.8375,23869.0,2369.115,18467.71,da,2026-06-05,2026-06-04,2026-06-04 15:00:00,9,9,9_16,TimeMixer,-23.25,82.55271682739257,,,
2026-06-05 10:00:00,-58.25,387.179,54282.65,1623.29,20863.6975,21998.5,-2517.5875,22486.9875,da,2026-06-05,2026-06-04,2026-06-04 15:00:00,10,10,9_16,TimeMixer,-58.25,-26.423062927246093,,,
2026-06-05 11:00:00,-61.5,339.317,53478.99,1626.675,23247.6125,20594.0,-4275.7975,24874.2875,da,2026-06-05,2026-06-04,2026-06-04 15:00:00,11,11,9_16,TimeMixer,-61.5,-104.44287989501953,,,
2026-06-05 12:00:00,-67.71,176.983,50758.3975,1679.905,24154.8625,20491.5,-7854.37,25834.7675,da,2026-06-05,2026-06-04,2026-06-04 15:00:00,12,12,9_16,TimeMixer,-67.71,-77.92913970947265,,,
2026-06-05 13:00:00,-61.0,-80.0,46332.1275,1744.5575,24015.1625,20507.0,-12245.0925,25759.72,da,2026-06-05,2026-06-04,2026-06-04 15:00:00,13,13,9_16,TimeMixer,-61.0,-81.20331091308594,,,
2026-06-05 14:00:00,-67.225,-80.0,48669.5925,1837.545,22832.8775,20566.75,-8904.08,24670.4225,da,2026-06-05,2026-06-04,2026-06-04 15:00:00,14,14,9_16,TimeMixer,-67.225,-82.71129754638673,,,
2026-06-05 15:00:00,-61.0,-58.766,52859.7875,1937.3175,20203.3075,20619.0,-2236.3375,22140.625,da,2026-06-05,2026-06-04,2026-06-04 15:00:00,15,15,9_16,TimeMixer,-61.0,-29.872543487548818,,,
2026-06-05 16:00:00,-29.625,504.02,58183.4675,2118.115,15962.155,21741.75,6024.9475,18080.27,da,2026-06-05,2026-06-04,2026-06-04 15:00:00,16,16,9_16,TimeMixer,-29.625,3.431878356933595,,,
2026-06-05 17:00:00,356.04,526.577,64207.0975,2404.535,10415.3,24564.75,14413.5125,12819.835,da,2026-06-05,2026-06-04,2026-06-04 15:00:00,17,17,17_24,TimeMixer,356.04,268.5891073608398,,,
2026-06-05 18:00:00,538.35,641.0,69806.655,2881.645,4771.4175,25939.5,23786.3425,7653.0625,da,2026-06-05,2026-06-04,2026-06-04 15:00:00,18,18,17_24,TimeMixer,538.35,473.5079309844971,,,
2026-06-05 19:00:00,565.0,559.647,73387.1575,3715.325,1148.3575,25894.5,30197.475,4863.6825,da,2026-06-05,2026-06-04,2026-06-04 15:00:00,19,19,17_24,TimeMixer,565.0,530.9116386413574,,,
2026-06-05 20:00:00,570.0,550.782,76105.3175,4999.5325,23.8675,24988.25,33662.1675,5023.4,da,2026-06-05,2026-06-04,2026-06-04 15:00:00,20,20,17_24,TimeMixer,570.0,556.7338491201401,,,
2026-06-05 21:00:00,565.0,544.16,75732.825,6195.1875,0.0,23040.25,34065.8875,6195.1875,da,2026-06-05,2026-06-04,2026-06-04 15:00:00,21,21,17_24,TimeMixer,565.0,537.261962890625,,,
2026-06-05 22:00:00,577.5,535.078,73232.8875,7070.7475,0.0,21691.25,32039.39,7070.7475,da,2026-06-05,2026-06-04,2026-06-04 15:00:00,22,22,17_24,TimeMixer,577.5,529.7035613250732,,,
2026-06-05 23:00:00,550.0,546.457,69444.87,7740.935,0.0,20079.0,29193.435,7740.935,da,2026-06-05,2026-06-04,2026-06-04 15:00:00,23,23,17_24,TimeMixer,550.0,546.9399369812012,,,
2026-06-06 00:00:00,550.0,660.329,67732.7375,7927.545,0.0,18537.5,28836.1925,7927.545,da,2026-06-06,2026-06-05,2026-06-05 15:00:00,0,24,17_24,TimeMixer,550.0,512.4188919067383,,,
2026-06-06 01:00:00,410.0,453.545,61442.71,9294.1,0.0,19771.0,19766.11,9294.1,da,2026-06-06,2026-06-05,2026-06-05 15:00:00,1,1,1_8,TimeMixer,410.0,585.7599636840821,,,
2026-06-06 02:00:00,399.5,415.271,59437.7875,8871.665,0.0,19771.0,18183.6225,8871.665,da,2026-06-06,2026-06-05,2026-06-05 15:00:00,2,2,1_8,TimeMixer,399.5,578.4741136291505,,,
2026-06-06 03:00:00,399.0,404.75,58407.5925,8456.46,0.0,19809.25,17530.3825,8456.46,da,2026-06-06,2026-06-05,2026-06-05 15:00:00,3,3,1_8,TimeMixer,399.0,558.6724318504333,,,
2026-06-06 04:00:00,389.5,410.307,57395.16,8180.5925,0.01,19813.25,16789.8075,8180.6025,da,2026-06-06,2026-06-05,2026-06-05 15:00:00,4,4,1_8,TimeMixer,389.5,529.0369136810302,,,
2026-06-06 05:00:00,399.5,406.147,58188.72,8127.8975,20.0825,19561.0,17868.24,8147.98,da,2026-06-06,2026-06-05,2026-06-05 15:00:00,5,5,1_8,TimeMixer,399.5,556.3688057899475,,,
2026-06-06 06:00:00,399.5,401.272,59496.495,7899.8525,411.12,20757.75,17816.2725,8310.9725,da,2026-06-06,2026-06-05,2026-06-05 15:00:00,6,6,1_8,TimeMixer,399.5,498.41221084594724,,,
2026-06-06 07:00:00,372.5,403.41,61845.96,7583.525,1347.505,24275.25,16031.93,8931.03,da,2026-06-06,2026-06-05,2026-06-05 15:00:00,7,7,1_8,TimeMixer,372.5,245.00960617065425,,,
2026-06-06 08:00:00,400.0,523.909,67201.5475,7262.5775,2718.2925,24776.75,19894.9275,9980.87,da,2026-06-06,2026-06-05,2026-06-05 15:00:00,8,8,1_8,TimeMixer,400.0,148.22620895385742,,,
2026-06-06 09:00:00,420.0,610.56,70356.865,6956.9525,4183.2,22833.25,23846.9625,11140.1525,da,2026-06-06,2026-06-05,2026-06-05 15:00:00,9,9,9_16,TimeMixer,420.0,77.05074768066406,,,
2026-06-06 10:00:00,430.22,662.967,71271.3375,6660.0625,5345.555,21288.0,25441.22,12005.6175,da,2026-06-06,2026-06-05,2026-06-05 15:00:00,10,10,9_16,TimeMixer,430.22,68.37955780029297,,,
2026-06-06 11:00:00,420.0,551.464,72871.7025,6810.5125,6154.5425,19802.5,27567.6475,12965.055,da,2026-06-06,2026-06-05,2026-06-05 15:00:00,11,11,9_16,TimeMixer,420.0,107.03239440917969,,,
2026-06-06 12:00:00,415.0,431.376,71573.4,7255.5825,6662.7025,19638.75,25479.865,13918.285,da,2026-06-06,2026-06-05,2026-06-05 15:00:00,12,12,9_16,TimeMixer,415.0,33.77033178710938,,,
2026-06-06 13:00:00,395.0,27.266,66236.18,7985.35,6715.185,19638.0,19361.145,14700.535,da,2026-06-06,2026-06-05,2026-06-05 15:00:00,13,13,9_16,TimeMixer,395.0,110.24222412109376,,,
2026-06-06 14:00:00,400.0,345.015,68374.945,8768.2375,6347.1675,19732.0,20991.04,15115.405,da,2026-06-06,2026-06-05,2026-06-05 15:00:00,14,14,9_16,TimeMixer,400.0,64.11596588134766,,,
2026-06-06 15:00:00,407.5,345.259,70263.3075,9554.75,5495.96,19864.0,22812.0975,15050.71,da,2026-06-06,2026-06-05,2026-06-05 15:00:00,15,15,9_16,TimeMixer,407.5,34.164923095703124,,,
2026-06-06 16:00:00,420.1,369.377,71748.23,10336.97,4307.545,21007.5,23559.715,14644.515,da,2026-06-06,2026-06-05,2026-06-05 15:00:00,16,16,9_16,TimeMixer,420.1,63.496116638183594,,,
2026-06-06 17:00:00,407.5,339.255,71360.4175,10886.4925,2861.5425,23870.75,21132.6325,13748.035,da,2026-06-06,2026-06-05,2026-06-05 15:00:00,17,17,17_24,TimeMixer,407.5,301.1399857749939,,,
2026-06-06 18:00:00,401.125,339.494,72059.25,11085.44,1428.29,25367.25,21550.52,12513.73,da,2026-06-06,2026-06-05,2026-06-05 15:00:00,18,18,17_24,TimeMixer,401.125,485.1659321136474,,,
2026-06-06 19:00:00,418.875,317.718,70964.2525,11037.105,419.1975,25263.0,21613.45,11456.3025,da,2026-06-06,2026-06-05,2026-06-05 15:00:00,19,19,17_24,TimeMixer,418.875,555.147142291069,,,
2026-06-06 20:00:00,440.0,394.174,71573.9075,10906.305,19.78,24336.75,23679.5725,10926.085,da,2026-06-06,2026-06-05,2026-06-05 15:00:00,20,20,17_24,TimeMixer,440.0,555.3208335876465,,,
2026-06-06 21:00:00,450.0,407.275,71004.08,10640.925,0.0,22545.75,25185.905,10640.925,da,2026-06-06,2026-06-05,2026-06-05 15:00:00,21,21,17_24,TimeMixer,450.0,559.9627108001708,,,
2026-06-06 22:00:00,444.875,403.961,68890.3775,10036.7075,0.0,21190.0,25032.17,10036.7075,da,2026-06-06,2026-06-05,2026-06-05 15:00:00,22,22,17_24,TimeMixer,444.875,544.1546905517578,,,
2026-06-06 23:00:00,437.75,388.058,65807.78,9364.115,0.0,19791.75,24020.415,9364.115,da,2026-06-06,2026-06-05,2026-06-05 15:00:00,23,23,17_24,TimeMixer,437.75,554.5658788204194,,,
2026-06-07 00:00:00,438.5,391.829,64516.3675,8814.745,0.0,18545.0,24525.1225,8814.745,da,2026-06-07,2026-06-06,2026-06-06 15:00:00,0,24,17_24,TimeMixer,438.5,561.733678817749,,,
2026-06-07 01:00:00,558.5,504.699,62836.13,8798.6925,0.0,19622.25,21753.6875,8798.6925,da,2026-06-07,2026-06-06,2026-06-06 15:00:00,1,1,1_8,TimeMixer,558.5,452.0120262145996,,,
2026-06-07 02:00:00,522.5,450.695,61367.2175,8649.88,0.0,19622.75,20433.0875,8649.88,da,2026-06-07,2026-06-06,2026-06-06 15:00:00,2,2,1_8,TimeMixer,522.5,428.6317626953125,,,
2026-06-07 03:00:00,522.0,409.898,60138.8975,8529.58,0.0,19623.0,19324.8175,8529.58,da,2026-06-07,2026-06-06,2026-06-06 15:00:00,3,3,1_8,TimeMixer,522.0,409.209916267395,,,
2026-06-07 04:00:00,491.5,391.717,59404.03,8413.7975,0.01,19623.0,18705.7225,8413.8075,da,2026-06-07,2026-06-06,2026-06-06 15:00:00,4,4,1_8,TimeMixer,491.5,402.5167469024658,,,
2026-06-07 05:00:00,502.5,422.348,59626.56,8205.195,30.685,19454.0,19275.18,8235.88,da,2026-06-07,2026-06-06,2026-06-06 15:00:00,5,5,1_8,TimeMixer,502.5,400.609397315979,,,
2026-06-07 06:00:00,477.5,409.033,60065.785,7693.0125,1018.7375,20779.25,17913.285,8711.75,da,2026-06-07,2026-06-06,2026-06-06 15:00:00,6,6,1_8,TimeMixer,477.5,401.09024391174313,,,
2026-06-07 07:00:00,374.5,-14.36,60091.09,6817.5725,3929.475,24308.0,12378.2925,10747.0475,da,2026-06-07,2026-06-06,2026-06-06 15:00:00,7,7,1_8,TimeMixer,374.5,278.9000717353821,,,
2026-06-07 08:00:00,344.0,146.327,62697.8875,5860.7925,8387.0575,24720.25,11130.7875,14247.85,da,2026-06-07,2026-06-06,2026-06-06 15:00:00,8,8,1_8,TimeMixer,344.0,206.39725231933596,,,
2026-06-07 09:00:00,150.0,-25.442,61101.2075,5037.4825,13019.755,22707.0,7750.47,18057.2375,da,2026-06-07,2026-06-06,2026-06-06 15:00:00,9,9,9_16,TimeMixer,150.0,190.07910165405275,,,
2026-06-07 10:00:00,72.42,-80.0,58220.86,4385.9575,16763.6075,21299.5,3185.295,21149.565,da,2026-06-07,2026-06-06,2026-06-06 15:00:00,10,10,9_16,TimeMixer,72.42,164.16890338134766,,,
2026-06-07 11:00:00,-30.0,-80.0,56250.48,3915.395,19275.5725,19801.0,672.0125,23190.9675,da,2026-06-07,2026-06-06,2026-06-06 15:00:00,11,11,9_16,TimeMixer,-30.0,83.56345771484376,,,
2026-06-07 12:00:00,-30.0,-80.0,52225.7825,3564.97,20558.875,19629.75,-4114.3125,24123.845,da,2026-06-07,2026-06-06,2026-06-06 15:00:00,12,12,9_16,TimeMixer,-30.0,105.63734436035156,,,
2026-06-07 13:00:00,-30.0,-80.0,47741.2525,3280.175,20684.5075,19629.25,-8439.18,23964.6825,da,2026-06-07,2026-06-06,2026-06-06 15:00:00,13,13,9_16,TimeMixer,-30.0,90.59263610839844,,,
2026-06-07 14:00:00,-30.0,-75.965,49306.21,3141.3725,19858.425,19727.75,-6007.8375,22999.7975,da,2026-06-07,2026-06-06,2026-06-06 15:00:00,14,14,9_16,TimeMixer,-30.0,82.05086357421874,,,
2026-06-07 15:00:00,86.5,-71.22,51954.5875,2969.6325,17669.7875,19867.0,-1138.3325,20639.42,da,2026-06-07,2026-06-06,2026-06-06 15:00:00,15,15,9_16,TimeMixer,86.5,152.51073828125,,,
2026-06-07 16:00:00,153.875,-77.837,54997.11,2695.295,14166.6625,21018.25,4530.4025,16861.9575,da,2026-06-07,2026-06-06,2026-06-06 15:00:00,16,16,9_16,TimeMixer,153.875,197.24935852050783,,,
2026-06-07 17:00:00,400.0,-14.331,57925.705,2436.5825,9559.5575,23887.25,9383.315,11996.14,da,2026-06-07,2026-06-06,2026-06-06 15:00:00,17,17,17_24,TimeMixer,400.0,275.6169345092773,,,
2026-06-07 18:00:00,567.625,532.432,63446.93,2183.25,4553.175,25368.0,18664.755,6736.425,da,2026-06-07,2026-06-06,2026-06-06 15:00:00,18,18,17_24,TimeMixer,567.625,340.0782234191894,,,
2026-06-07 19:00:00,605.411,610.594,67384.0075,1940.47,1156.655,25263.5,26341.8825,3097.125,da,2026-06-07,2026-06-06,2026-06-06 15:00:00,19,19,17_24,TimeMixer,605.411,407.0182262420654,,,
2026-06-07 20:00:00,622.963,610.459,70315.4675,1831.1,34.8225,24336.0,31432.045,1865.9225,da,2026-06-07,2026-06-06,2026-06-06 15:00:00,20,20,17_24,TimeMixer,622.963,434.1146333694458,,,
2026-06-07 21:00:00,626.5,605.416,70027.95,1766.7,0.0,22546.0,33033.75,1766.7,da,2026-06-07,2026-06-06,2026-06-06 15:00:00,21,21,17_24,TimeMixer,626.5,426.84812141418456,,,
2026-06-07 22:00:00,565.878,598.833,67787.225,1764.815,0.0,21176.5,32164.41,1764.815,da,2026-06-07,2026-06-06,2026-06-06 15:00:00,22,22,17_24,TimeMixer,565.878,422.3043411254883,,,
2026-06-07 23:00:00,602.5,607.958,64652.92,1870.3375,0.0,19733.5,30367.5825,1870.3375,da,2026-06-07,2026-06-06,2026-06-06 15:00:00,23,23,17_24,TimeMixer,602.5,421.1842956542969,,,
2026-06-08 00:00:00,620.0,629.224,63469.6675,2087.3,0.0,18657.75,30043.1175,2087.3,da,2026-06-08,2026-06-07,2026-06-07 15:00:00,0,24,17_24,TimeMixer,620.0,469.60521316528315,,,
2026-06-08 01:00:00,620.68,653.026,60704.2275,2444.2375,0.0,20141.5,25556.99,2444.2375,da,2026-06-08,2026-06-07,2026-06-07 15:00:00,1,1,1_8,TimeMixer,620.68,503.3270631790161,,,
2026-06-08 02:00:00,564.625,617.422,59210.0575,2735.0,0.0,20148.0,23765.5575,2735.0,da,2026-06-08,2026-06-07,2026-06-07 15:00:00,2,2,1_8,TimeMixer,564.625,478.0914278717041,,,
2026-06-08 03:00:00,561.0,604.53,58043.8775,2936.7525,0.0,20148.25,22397.375,2936.7525,da,2026-06-08,2026-06-07,2026-06-07 15:00:00,3,3,1_8,TimeMixer,561.0,479.19158992767336,,,
2026-06-08 04:00:00,522.0,598.25,57442.5475,3006.135,0.015,20149.75,21725.1475,3006.15,da,2026-06-08,2026-06-07,2026-06-07 15:00:00,4,4,1_8,TimeMixer,522.0,469.6323498077392,,,
2026-06-08 05:00:00,545.938,602.269,58360.9925,3023.26,45.395,19972.0,22758.8375,3068.655,da,2026-06-08,2026-06-07,2026-06-07 15:00:00,5,5,1_8,TimeMixer,545.938,458.4054955840111,,,
2026-06-08 06:00:00,528.5,534.411,60027.6025,2948.9275,1435.2925,21122.0,21959.8825,4384.22,da,2026-06-08,2026-06-07,2026-06-07 15:00:00,6,6,1_8,TimeMixer,528.5,439.6479419708252,,,
2026-06-08 07:00:00,330.625,365.882,58140.17,2713.395,5401.895,24463.0,13004.13,8115.29,da,2026-06-08,2026-06-07,2026-06-07 15:00:00,7,7,1_8,TimeMixer,330.625,311.6696473121643,,,
2026-06-08 08:00:00,89.0,286.532,58919.475,2298.0825,11204.38,24897.25,8020.7625,13502.4625,da,2026-06-08,2026-06-07,2026-06-07 15:00:00,8,8,1_8,TimeMixer,89.0,176.9529022216797,,,
2026-06-08 09:00:00,0.0,3.82,55293.255,1865.0375,16731.4725,22765.25,1444.995,18596.51,da,2026-06-08,2026-06-07,2026-06-07 15:00:00,9,9,9_16,TimeMixer,0.0,58.12846832275392,,,
2026-06-08 10:00:00,-20.0,-80.0,51704.4875,1664.89,20835.5225,21412.75,-4695.175,22500.4125,da,2026-06-08,2026-06-07,2026-06-07 15:00:00,10,10,9_16,TimeMixer,-20.0,-57.96966442871094,,,
2026-06-08 11:00:00,-55.5,-80.0,50494.87,1713.115,23133.165,19720.25,-6558.16,24846.28,da,2026-06-08,2026-06-07,2026-06-07 15:00:00,11,11,9_16,TimeMixer,-55.5,-182.48856506347659,,,
2026-06-08 12:00:00,-67.97,-80.0,47895.285,1822.4275,23994.7125,19483.75,-9892.105,25817.14,da,2026-06-08,2026-06-07,2026-06-07 15:00:00,12,12,9_16,TimeMixer,-67.97,-138.81865844726565,,,
2026-06-08 13:00:00,-67.5,-80.0,42394.8325,1994.9075,23823.41,19483.75,-15393.735,25818.3175,da,2026-06-08,2026-06-07,2026-06-07 15:00:00,13,13,9_16,TimeMixer,-67.5,-181.4121856689453,,,
2026-06-08 14:00:00,-58.0,-61.962,45100.3975,2274.765,22621.885,19585.75,-11868.5025,24896.65,da,2026-06-08,2026-06-07,2026-06-07 15:00:00,14,14,9_16,TimeMixer,-58.0,-171.6933166503906,,,
2026-06-08 15:00:00,-59.5,-80.0,49364.405,2684.75,20015.735,19724.5,-5547.08,22700.485,da,2026-06-08,2026-06-07,2026-06-07 15:00:00,15,15,9_16,TimeMixer,-59.5,17.34488922119141,,,
2026-06-08 16:00:00,-23.0,-80.0,54487.8775,3271.1525,15962.97,20865.0,1902.255,19234.1225,da,2026-06-08,2026-06-07,2026-06-07 15:00:00,16,16,9_16,TimeMixer,-23.0,87.55119689941407,,,
2026-06-08 17:00:00,207.48,42.516,59653.61,4119.01,10657.3475,23808.75,8509.5025,14776.3575,da,2026-06-08,2026-06-07,2026-06-07 15:00:00,17,17,17_24,TimeMixer,207.48,344.8411961364746,,,
2026-06-08 18:00:00,453.5,416.322,65611.1875,5268.13,5030.135,25266.0,17469.1725,10298.265,da,2026-06-08,2026-06-07,2026-06-07 15:00:00,18,18,17_24,TimeMixer,453.5,471.85013351440426,,,
2026-06-08 19:00:00,516.5,380.919,69715.065,7057.53,1247.2375,25141.75,23687.0475,8304.7675,da,2026-06-08,2026-06-07,2026-06-07 15:00:00,19,19,17_24,TimeMixer,516.5,523.1344720397949,,,
2026-06-08 20:00:00,539.625,356.748,72193.39,9419.83,34.1725,24312.25,25845.6375,9454.0025,da,2026-06-08,2026-06-07,2026-06-07 15:00:00,20,20,17_24,TimeMixer,539.625,560.1978765609741,,,
2026-06-08 21:00:00,494.375,361.484,71245.7075,11969.7675,0.0,22530.25,24164.19,11969.7675,da,2026-06-08,2026-06-07,2026-06-07 15:00:00,21,21,17_24,TimeMixer,494.375,551.4932641983032,,,
2026-06-08 22:00:00,414.952,360.372,68974.7925,14116.405,0.0,21374.75,20902.1375,14116.405,da,2026-06-08,2026-06-07,2026-06-07 15:00:00,22,22,17_24,TimeMixer,414.952,493.3388925903321,,,
2026-06-08 23:00:00,400.0,441.182,65826.54,15677.065,0.0,20282.75,17285.225,15677.065,da,2026-06-08,2026-06-07,2026-06-07 15:00:00,23,23,17_24,TimeMixer,400.0,521.4082096099853,,,
2026-06-09 00:00:00,400.0,554.691,64667.9225,16319.9675,0.0,19057.25,16709.205,16319.9675,da,2026-06-09,2026-06-08,2026-06-08 15:00:00,0,24,17_24,TimeMixer,400.0,531.9469264745712,,,
2026-06-09 01:00:00,460.5,591.5,62387.735,16451.09,0.0,20202.0,13123.145,16451.09,da,2026-06-09,2026-06-08,2026-06-08 15:00:00,1,1,1_8,TimeMixer,460.5,525.9617433624267,,,
2026-06-09 02:00:00,415.87,553.321,60742.6725,15722.465,0.0,20194.5,12214.2075,15722.465,da,2026-06-09,2026-06-08,2026-06-08 15:00:00,2,2,1_8,TimeMixer,415.87,485.0596662521362,,,
2026-06-09 03:00:00,390.0,476.478,59396.71,14448.075,0.0,20185.5,12151.635,14448.075,da,2026-06-09,2026-06-08,2026-06-08 15:00:00,3,3,1_8,TimeMixer,390.0,477.7050418853759,,,
2026-06-09 04:00:00,382.5,485.233,58708.76,12741.07,0.01,20186.5,13169.68,12741.08,da,2026-06-09,2026-06-08,2026-06-08 15:00:00,4,4,1_8,TimeMixer,382.5,458.3815084457397,,,
2026-06-09 05:00:00,451.0,503.697,59430.375,10984.3725,36.3675,20011.0,15787.135,11020.74,da,2026-06-09,2026-06-08,2026-06-08 15:00:00,5,5,1_8,TimeMixer,451.0,466.02210068969725,,,
2026-06-09 06:00:00,465.5,545.959,60544.5125,9131.6525,1246.63,21160.75,16393.98,10378.2825,da,2026-06-09,2026-06-08,2026-06-08 15:00:00,6,6,1_8,TimeMixer,465.5,441.45170707702636,,,
2026-06-09 07:00:00,155.013,257.315,59321.2425,7158.08,4824.26,24493.75,10237.4025,11982.34,da,2026-06-09,2026-06-08,2026-06-08 15:00:00,7,7,1_8,TimeMixer,155.013,234.89506759643552,,,
2026-06-09 08:00:00,81.575,487.812,58054.0625,5117.7675,10218.71,24930.75,5237.835,15336.4775,da,2026-06-09,2026-06-08,2026-06-08 15:00:00,8,8,1_8,TimeMixer,81.575,17.701368713378912,,,
2026-06-09 09:00:00,-50.0,693.203,54774.4525,3953.305,15617.9025,22795.5,-128.755,19571.2075,da,2026-06-09,2026-06-08,2026-06-08 15:00:00,9,9,9_16,TimeMixer,-50.0,-61.533843994140625,,,
2026-06-09 10:00:00,-58.375,607.347,51389.4025,3857.91,19823.4675,21455.0,-6283.475,23681.3775,da,2026-06-09,2026-06-08,2026-06-08 15:00:00,10,10,9_16,TimeMixer,-58.375,-119.54028918457031,,,
2026-06-09 11:00:00,-75.0,854.199,50745.28,4277.44,22311.0075,19813.75,-8193.4175,26588.4475,da,2026-06-09,2026-06-08,2026-06-08 15:00:00,11,11,9_16,TimeMixer,-75.0,-177.56575622558594,,,
2026-06-09 12:00:00,-74.135,471.302,48250.6925,4804.335,23138.845,19638.75,-11867.7375,27943.18,da,2026-06-09,2026-06-08,2026-06-08 15:00:00,12,12,9_16,TimeMixer,-74.135,-166.72500842285154,,,
2026-06-09 13:00:00,-72.97,199.803,42222.255,5256.2775,22835.5775,19637.75,-18043.85,28091.855,da,2026-06-09,2026-06-08,2026-06-08 15:00:00,13,13,9_16,TimeMixer,-72.97,-207.6884338378906,,,
2026-06-09 14:00:00,-60.0,436.582,45365.7075,5629.9825,21590.04,19739.75,-14130.565,27220.0225,da,2026-06-09,2026-06-08,2026-06-08 15:00:00,14,14,9_16,TimeMixer,-60.0,-213.93599548339844,,,
2026-06-09 15:00:00,10.0,296.094,49769.7,5763.5275,19041.895,19880.0,-7452.2225,24805.4225,da,2026-06-09,2026-06-08,2026-06-08 15:00:00,15,15,9_16,TimeMixer,10.0,-89.75789184570311,,,
2026-06-09 16:00:00,10.0,380.763,54973.5075,5791.035,15137.5925,21021.0,487.38,20928.6275,da,2026-06-09,2026-06-08,2026-06-08 15:00:00,16,16,9_16,TimeMixer,10.0,-32.072671508789064,,,
2026-06-09 17:00:00,297.33,414.096,60285.98,5637.86,10189.1925,23920.5,7929.4275,15827.0525,da,2026-06-09,2026-06-08,2026-06-08 15:00:00,17,17,17_24,TimeMixer,297.33,218.11687091064454,,,
2026-06-09 18:00:00,533.15,643.319,65902.16,5151.5625,4853.3075,25312.25,17957.29,10004.87,da,2026-06-09,2026-06-08,2026-06-08 15:00:00,18,18,17_24,TimeMixer,533.15,420.964107131958,,,
2026-06-09 19:00:00,599.0,717.189,70190.3275,4673.125,1222.12,25174.25,26489.3325,5895.245,da,2026-06-09,2026-06-08,2026-06-08 15:00:00,19,19,17_24,TimeMixer,599.0,473.2521124267578,,,
2026-06-09 20:00:00,605.125,702.837,72826.405,4487.6675,34.695,24336.75,31335.7925,4522.3625,da,2026-06-09,2026-06-08,2026-06-08 15:00:00,20,20,17_24,TimeMixer,605.125,513.1494888305664,,,
2026-06-09 21:00:00,598.0,685.563,72039.78,4396.0125,0.0,22545.75,32466.5175,4396.0125,da,2026-06-09,2026-06-08,2026-06-08 15:00:00,21,21,17_24,TimeMixer,598.0,500.22898826599123,,,
2026-06-09 22:00:00,582.25,685.237,69301.1125,4188.7575,0.0,21376.75,31104.105,4188.7575,da,2026-06-09,2026-06-08,2026-06-08 15:00:00,22,22,17_24,TimeMixer,582.25,437.39186707611077,,,
2026-06-09 23:00:00,600.0,654.943,65700.8,4112.765,0.0,20290.75,28665.785,4112.765,da,2026-06-09,2026-06-08,2026-06-08 15:00:00,23,23,17_24,TimeMixer,600.0,435.4239817380905,,,
2026-06-10 00:00:00,598.0,677.948,64288.0975,3875.3,0.0,19073.0,28708.2975,3875.3,da,2026-06-10,2026-06-09,2026-06-09 15:00:00,0,24,17_24,TimeMixer,598.0,458.5160217285156,,,
2026-06-10 01:00:00,617.5,731.144,62688.37,3024.1475,0.0,20185.0,26817.7225,3024.1475,da,2026-06-10,2026-06-09,2026-06-09 15:00:00,1,1,1_8,TimeMixer,617.5,484.59851989746096,,,
2026-06-10 02:00:00,600.5,712.19,61234.5925,2718.0575,0.0,20184.75,25670.285,2718.0575,da,2026-06-10,2026-06-09,2026-06-09 15:00:00,2,2,1_8,TimeMixer,600.5,436.8966907958984,,,
2026-06-10 03:00:00,600.0,712.828,59929.92,2566.8075,0.0,20184.25,24517.3625,2566.8075,da,2026-06-10,2026-06-09,2026-06-09 15:00:00,3,3,1_8,TimeMixer,600.0,422.89966761779783,,,
2026-06-10 04:00:00,600.0,715.502,59159.525,2596.8325,0.015,20185.25,23715.9275,2596.8475,da,2026-06-10,2026-06-09,2026-06-09 15:00:00,4,4,1_8,TimeMixer,600.0,422.43572955322264,,,
2026-06-10 05:00:00,600.0,723.078,59729.92,2803.29,35.995,20015.75,24213.385,2839.285,da,2026-06-10,2026-06-09,2026-06-09 15:00:00,5,5,1_8,TimeMixer,600.0,446.9185269622802,,,
2026-06-10 06:00:00,545.0,648.129,60537.4075,2960.3825,1347.7775,21417.25,22150.4975,4308.16,da,2026-06-10,2026-06-09,2026-06-09 15:00:00,6,6,1_8,TimeMixer,545.0,463.2441857299805,,,
2026-06-10 07:00:00,317.5,406.956,58440.0875,2684.005,5292.285,25072.75,12733.2975,7976.29,da,2026-06-10,2026-06-09,2026-06-09 15:00:00,7,7,1_8,TimeMixer,317.5,244.091076473999,,,
2026-06-10 08:00:00,267.65,366.687,58362.525,2328.3775,11021.415,25383.5,7030.2325,13349.7925,da,2026-06-10,2026-06-09,2026-06-09 15:00:00,8,8,1_8,TimeMixer,267.65,111.67330596923827,,,
2026-06-10 09:00:00,173.5,334.434,55987.8975,2213.69,16431.6975,23135.0,1621.01,18645.3875,da,2026-06-10,2026-06-09,2026-06-09 15:00:00,9,9,9_16,TimeMixer,173.5,40.2728775024414,,,
2026-06-10 10:00:00,29.5,-80.0,52472.9625,2237.705,20499.9725,21611.25,-4462.465,22737.6775,da,2026-06-10,2026-06-09,2026-06-09 15:00:00,10,10,9_16,TimeMixer,29.5,-65.9340805053711,,,
2026-06-10 11:00:00,60.0,-80.0,51099.325,2285.7575,22832.35,20128.0,-6733.2825,25118.1075,da,2026-06-10,2026-06-09,2026-06-09 15:00:00,11,11,9_16,TimeMixer,60.0,-157.53822326660156,,,
2026-06-10 12:00:00,50.0,-80.0,48211.6975,2382.4275,23667.29,19963.0,-10387.52,26049.7175,da,2026-06-10,2026-06-09,2026-06-09 15:00:00,12,12,9_16,TimeMixer,50.0,-124.93806176757812,,,
2026-06-10 13:00:00,20.0,-69.438,41892.3,2366.08,23468.3825,19962.75,-16491.4125,25834.4625,da,2026-06-10,2026-06-09,2026-06-09 15:00:00,13,13,9_16,TimeMixer,20.0,-145.868859375,,,
2026-06-10 14:00:00,20.0,-80.0,44734.485,2296.6025,22333.58,20060.5,-12542.6975,24630.1825,da,2026-06-10,2026-06-09,2026-06-09 15:00:00,14,14,9_16,TimeMixer,20.0,-133.83349853515625,,,
2026-06-10 15:00:00,77.063,-80.0,49046.3875,2141.6625,19819.85,20199.0,-5700.625,21961.5125,da,2026-06-10,2026-06-09,2026-06-09 15:00:00,15,15,9_16,TimeMixer,77.063,13.156280517578125,,,
2026-06-10 16:00:00,94.5,216.336,54371.125,1997.5475,15895.65,21468.5,2422.9275,17893.1975,da,2026-06-10,2026-06-09,2026-06-09 15:00:00,16,16,9_16,TimeMixer,94.5,84.20375442504883,,,
2026-06-10 17:00:00,348.5,397.907,59766.5125,1859.675,10686.3875,24596.5,9964.95,12546.0625,da,2026-06-10,2026-06-09,2026-06-09 15:00:00,17,17,17_24,TimeMixer,348.5,309.3800652008057,,,
2026-06-10 18:00:00,588.75,693.831,65769.525,1740.0975,5095.7775,26172.0,20083.9,6835.875,da,2026-06-10,2026-06-09,2026-06-09 15:00:00,18,18,17_24,TimeMixer,588.75,481.7573917114258,,,
2026-06-10 19:00:00,631.527,769.264,69512.43,1796.47,1314.62,26074.5,27645.34,3111.09,da,2026-06-10,2026-06-09,2026-06-09 15:00:00,19,19,17_24,TimeMixer,631.527,540.6397659301757,,,
2026-06-10 20:00:00,628.125,731.567,72712.7775,2133.58,43.0225,25197.0,32657.675,2176.6025,da,2026-06-10,2026-06-09,2026-06-09 15:00:00,20,20,17_24,TimeMixer,628.125,571.8564999389648,,,
2026-06-10 21:00:00,616.5,721.966,72206.265,2490.6775,0.0,23412.0,33622.0875,2490.6775,da,2026-06-10,2026-06-09,2026-06-09 15:00:00,21,21,17_24,TimeMixer,616.5,547.7629535675048,,,
2026-06-10 22:00:00,611.5,710.905,70156.0625,2666.455,0.0,21929.0,32879.1075,2666.455,da,2026-06-10,2026-06-09,2026-06-09 15:00:00,22,22,17_24,TimeMixer,611.5,529.933173828125,,,
2026-06-10 23:00:00,612.5,699.009,66509.5125,2708.5025,0.0,20311.75,30807.76,2708.5025,da,2026-06-10,2026-06-09,2026-06-09 15:00:00,23,23,17_24,TimeMixer,612.5,554.5855815887451,,,
2026-06-11 00:00:00,621.02,704.704,65323.475,2628.935,0.0,19230.0,30783.04,2628.935,da,2026-06-11,2026-06-10,2026-06-10 15:00:00,0,24,17_24,TimeMixer,621.02,588.2261806488037,,,
2026-06-11 01:00:00,668.75,747.01,63685.8325,2758.9775,0.0,20571.75,27103.605,2758.9775,da,2026-06-11,2026-06-10,2026-06-10 15:00:00,1,1,1_8,TimeMixer,668.75,602.9981651306152,,,
2026-06-11 02:00:00,656.0,701.172,62097.2475,2724.875,0.0,20571.0,25549.8725,2724.875,da,2026-06-11,2026-06-10,2026-06-10 15:00:00,2,2,1_8,TimeMixer,656.0,576.5056137084961,,,
2026-06-11 03:00:00,636.5,651.211,60812.13,2691.1775,0.0,20570.25,24299.2025,2691.1775,da,2026-06-11,2026-06-10,2026-06-10 15:00:00,3,3,1_8,TimeMixer,636.5,564.4841457366944,,,
2026-06-11 04:00:00,630.5,594.341,59967.935,2720.5925,0.0125,20569.25,23426.58,2720.605,da,2026-06-11,2026-06-10,2026-06-10 15:00:00,4,4,1_8,TimeMixer,630.5,566.5765888214112,,,
2026-06-11 05:00:00,643.0,632.807,60718.835,2716.45,40.9675,20320.75,24389.1675,2757.4175,da,2026-06-11,2026-06-10,2026-06-10 15:00:00,5,5,1_8,TimeMixer,643.0,551.2240772781372,,,
2026-06-11 06:00:00,621.75,606.609,61695.885,2511.9825,1352.035,21522.5,23057.8675,3864.0175,da,2026-06-11,2026-06-10,2026-06-10 15:00:00,6,6,1_8,TimeMixer,621.75,518.1203147888184,,,
2026-06-11 07:00:00,408.25,316.35,60091.515,2063.3025,5335.1275,25076.5,14368.835,7398.43,da,2026-06-11,2026-06-10,2026-06-10 15:00:00,7,7,1_8,TimeMixer,408.25,313.1413095855713,,,
2026-06-11 08:00:00,273.95,234.528,59841.8825,1523.6975,11219.305,25391.0,8518.88,12743.0025,da,2026-06-11,2026-06-10,2026-06-10 15:00:00,8,8,1_8,TimeMixer,273.95,173.9329046630859,,,
2026-06-11 09:00:00,84.35,19.99,57096.1575,1190.6125,16818.9125,23297.5,2612.6325,18009.525,da,2026-06-11,2026-06-10,2026-06-10 15:00:00,9,9,9_16,TimeMixer,84.35,79.79441604614257,,,
2026-06-11 10:00:00,10.0,-80.0,53714.01,1056.7375,20985.0625,21949.25,-3453.54,22041.8,da,2026-06-11,2026-06-10,2026-06-10 15:00:00,10,10,9_16,TimeMixer,10.0,-74.18855743408203,,,
2026-06-11 11:00:00,-9.0,-80.0,52688.5575,1036.5325,23288.5725,20095.75,-4908.7975,24325.105,da,2026-06-11,2026-06-10,2026-06-10 15:00:00,11,11,9_16,TimeMixer,-9.0,-137.62292529296874,,,
2026-06-11 12:00:00,-30.0,-80.0,50569.4425,1069.345,24110.3225,20192.0,-7978.725,25179.6675,da,2026-06-11,2026-06-10,2026-06-10 15:00:00,12,12,9_16,TimeMixer,-30.0,-115.52678680419922,,,
2026-06-11 13:00:00,-30.0,-80.0,44465.6125,1152.3025,23985.27,20016.75,-13865.21,25137.5725,da,2026-06-11,2026-06-10,2026-06-10 15:00:00,13,13,9_16,TimeMixer,-30.0,-139.59683227539062,,,
2026-06-11 14:00:00,-30.0,-80.0,47577.2975,1280.1425,22963.3675,19901.5,-9744.2125,24243.51,da,2026-06-11,2026-06-10,2026-06-10 15:00:00,14,14,9_16,TimeMixer,-30.0,-148.02621459960938,,,
2026-06-11 15:00:00,-10.0,-80.0,51136.32,1386.1325,20622.7,20056.5,-4105.5125,22008.8325,da,2026-06-11,2026-06-10,2026-06-10 15:00:00,15,15,9_16,TimeMixer,-10.0,-34.776783587646484,,,
2026-06-11 16:00:00,97.25,-80.0,56055.4375,1470.145,16666.435,21684.5,3057.8575,18136.58,da,2026-06-11,2026-06-10,2026-06-10 15:00:00,16,16,9_16,TimeMixer,97.25,0.2827053222656204,,,
2026-06-11 17:00:00,322.075,265.128,61850.6425,1527.16,11206.4075,24826.25,11041.825,12733.5675,da,2026-06-11,2026-06-10,2026-06-10 15:00:00,17,17,17_24,TimeMixer,322.075,265.637769317627,,,
2026-06-11 18:00:00,627.952,596.861,68737.1,1546.345,5322.9425,26173.75,22426.3125,6869.2875,da,2026-06-11,2026-06-10,2026-06-10 15:00:00,18,18,17_24,TimeMixer,627.952,519.9066178161621,,,
2026-06-11 19:00:00,663.15,721.029,73089.275,1653.2425,1356.5825,26074.5,30733.45,3009.825,da,2026-06-11,2026-06-10,2026-06-10 15:00:00,19,19,17_24,TimeMixer,663.15,577.4460892974854,,,
2026-06-11 20:00:00,673.44,706.791,75753.2075,1934.4875,43.9175,25197.0,35306.3025,1978.405,da,2026-06-11,2026-06-10,2026-06-10 15:00:00,20,20,17_24,TimeMixer,673.44,609.1426772875786,,,
2026-06-11 21:00:00,669.25,710.16,75240.1275,2403.9325,0.0,23412.5,36162.195,2403.9325,da,2026-06-11,2026-06-10,2026-06-10 15:00:00,21,21,17_24,TimeMixer,669.25,591.0563697052002,,,
2026-06-11 22:00:00,680.37,699.701,72907.9275,2987.4,0.0,21930.25,34743.7775,2987.4,da,2026-06-11,2026-06-10,2026-06-10 15:00:00,22,22,17_24,TimeMixer,680.37,570.548514175415,,,
2026-06-11 23:00:00,654.225,677.582,68997.53,3748.1475,0.0,20455.75,31562.1325,3748.1475,da,2026-06-11,2026-06-10,2026-06-10 15:00:00,23,23,17_24,TimeMixer,654.225,591.5387176513672,,,
2026-06-12 00:00:00,650.8,667.608,67578.915,4571.9475,0.0,19469.75,30305.7175,4571.9475,da,2026-06-12,2026-06-11,2026-06-11 15:00:00,0,24,17_24,TimeMixer,650.8,597.8515448684692,,,
2026-06-12 01:00:00,430.5,364.904,66098.0025,5838.95,0.0,20570.5,26477.0525,5838.95,da,2026-06-12,2026-06-11,2026-06-11 15:00:00,1,1,1_8,TimeMixer,430.5,648.274055480957,,,
2026-06-12 02:00:00,400.0,354.124,64077.765,6343.5675,0.0,20570.0,23952.6975,6343.5675,da,2026-06-12,2026-06-11,2026-06-11 15:00:00,2,2,1_8,TimeMixer,400.0,631.5800799162387,,,
2026-06-12 03:00:00,395.175,352.51,62538.3775,6479.79,0.0,20570.0,22277.0875,6479.79,da,2026-06-12,2026-06-11,2026-06-11 15:00:00,3,3,1_8,TimeMixer,395.175,603.3927875518799,,,
2026-06-12 04:00:00,382.25,348.889,61642.4375,6291.3475,0.0125,20570.0,21569.5775,6291.36,da,2026-06-12,2026-06-11,2026-06-11 15:00:00,4,4,1_8,TimeMixer,382.25,590.7462409973144,,,
2026-06-12 05:00:00,386.0,354.262,62324.9625,6138.405,41.6525,20318.5,22614.905,6180.0575,da,2026-06-12,2026-06-11,2026-06-11 15:00:00,5,5,1_8,TimeMixer,386.0,611.7339010238647,,,
2026-06-12 06:00:00,380.0,347.303,63101.0925,5769.1625,1349.305,21608.5,21162.625,7118.4675,da,2026-06-12,2026-06-11,2026-06-11 15:00:00,6,6,1_8,TimeMixer,380.0,575.0086324691772,,,
2026-06-12 07:00:00,348.15,45.642,62193.685,5081.87,5112.655,25327.0,13464.41,10194.525,da,2026-06-12,2026-06-11,2026-06-11 15:00:00,7,7,1_8,TimeMixer,348.15,339.7424488067627,,,
2026-06-12 08:00:00,299.75,-61.869,63213.395,4029.5825,10495.6525,25663.75,9950.41,14525.235,da,2026-06-12,2026-06-11,2026-06-11 15:00:00,8,8,1_8,TimeMixer,299.75,153.29016716003414,,,
2026-06-12 09:00:00,234.11,116.335,62859.53,3108.2475,15491.3825,23302.25,8121.15,18599.63,da,2026-06-12,2026-06-11,2026-06-11 15:00:00,9,9,9_16,TimeMixer,234.11,-6.610155334472665,,,
2026-06-12 10:00:00,101.678,125.484,61195.855,2656.12,19210.6575,21625.25,4867.3275,21866.7775,da,2026-06-12,2026-06-11,2026-06-11 15:00:00,10,10,9_16,TimeMixer,101.678,-42.23661231994629,,,
2026-06-12 11:00:00,104.5,87.227,61476.4675,2641.5625,21304.6775,20165.75,4527.9775,23946.24,da,2026-06-12,2026-06-11,2026-06-11 15:00:00,11,11,9_16,TimeMixer,104.5,-93.54259948730468,,,
2026-06-12 12:00:00,62.0,61.114,59160.465,2896.9275,22036.1925,20035.0,1355.845,24933.12,da,2026-06-12,2026-06-11,2026-06-11 15:00:00,12,12,9_16,TimeMixer,62.0,-124.28013366699219,,,
2026-06-12 13:00:00,29.5,-17.492,54353.83,3511.27,21841.51,20036.5,-3871.95,25352.78,da,2026-06-12,2026-06-11,2026-06-11 15:00:00,13,13,9_16,TimeMixer,29.5,-104.54070281982422,,,
2026-06-12 14:00:00,29.5,337.286,57174.02,4287.3075,20667.6025,20116.25,-733.64,24954.91,da,2026-06-12,2026-06-11,2026-06-11 15:00:00,14,14,9_16,TimeMixer,29.5,-137.40259399414063,,,
2026-06-12 15:00:00,122.0,313.25,60846.655,5223.6625,18092.12,20217.5,4476.8725,23315.7825,da,2026-06-12,2026-06-11,2026-06-11 15:00:00,15,15,9_16,TimeMixer,122.0,-71.56492385864257,,,
2026-06-12 16:00:00,293.58,337.636,65573.7125,6408.7325,14249.76,21450.5,10628.22,20658.4925,da,2026-06-12,2026-06-11,2026-06-11 15:00:00,16,16,9_16,TimeMixer,293.58,-4.642576599121099,,,
2026-06-12 17:00:00,279.463,342.176,70371.66,7709.175,9364.86,24715.0,15673.625,17074.035,da,2026-06-12,2026-06-11,2026-06-11 15:00:00,17,17,17_24,TimeMixer,279.463,290.11955694580075,,,
2026-06-12 18:00:00,388.628,350.251,74511.9625,8960.8625,4431.6225,26653.75,21537.9775,13392.485,da,2026-06-12,2026-06-11,2026-06-11 15:00:00,18,18,17_24,TimeMixer,388.628,553.2120125915527,,,
2026-06-12 19:00:00,400.0,350.112,77432.12,10308.83,1158.975,26631.25,26401.565,11467.805,da,2026-06-12,2026-06-11,2026-06-11 15:00:00,19,19,17_24,TimeMixer,400.0,614.1777826690674,,,
2026-06-12 20:00:00,400.0,338.321,80255.6025,11966.015,40.55,25761.0,29556.5375,12006.565,da,2026-06-12,2026-06-11,2026-06-11 15:00:00,20,20,17_24,TimeMixer,400.0,621.7292294158937,,,
2026-06-12 21:00:00,398.0,337.355,80082.825,13482.175,0.0,23976.0,29693.15,13482.175,da,2026-06-12,2026-06-11,2026-06-11 15:00:00,21,21,17_24,TimeMixer,398.0,626.8947317123412,,,
2026-06-12 22:00:00,389.5,337.14,77582.8875,14653.49,0.0,22493.0,27504.8975,14653.49,da,2026-06-12,2026-06-11,2026-06-11 15:00:00,22,22,17_24,TimeMixer,389.5,619.1798000183105,,,
2026-06-12 23:00:00,388.0,362.127,73794.87,15483.97,0.0,20808.0,24571.4,15483.97,da,2026-06-12,2026-06-11,2026-06-11 15:00:00,23,23,17_24,TimeMixer,388.0,597.1003383026124,,,
2026-06-13 00:00:00,386.0,380.508,72082.7375,15840.8175,0.0,19485.5,23824.92,15840.8175,da,2026-06-13,2026-06-12,2026-06-12 15:00:00,0,24,17_24,TimeMixer,386.0,563.9230541992188,,,
2026-06-13 01:00:00,390.0,388.425,68029.845,15177.02,0.0,20800.5,19190.825,15177.02,da,2026-06-13,2026-06-12,2026-06-12 15:00:00,1,1,1_8,TimeMixer,390.0,404.29008560180665,,,
2026-06-13 02:00:00,370.0,370.524,65590.7125,14609.355,0.0,20814.75,17305.1075,14609.355,da,2026-06-13,2026-06-12,2026-06-12 15:00:00,2,2,1_8,TimeMixer,370.0,405.7790336608887,,,
2026-06-13 03:00:00,335.0,368.188,63569.7275,13805.3475,0.0,20780.75,16122.13,13805.3475,da,2026-06-13,2026-06-12,2026-06-12 15:00:00,3,3,1_8,TimeMixer,335.0,388.17286727905275,,,
2026-06-13 04:00:00,324.5,360.819,62486.6,12868.44,0.01,20779.0,15977.65,12868.45,da,2026-06-13,2026-06-12,2026-06-12 15:00:00,4,4,1_8,TimeMixer,324.5,363.8637214660645,,,
2026-06-13 05:00:00,381.0,356.526,62829.8925,11952.9,55.82,20528.0,17431.6725,12008.72,da,2026-06-13,2026-06-12,2026-06-12 15:00:00,5,5,1_8,TimeMixer,381.0,386.6362815856934,,,
2026-06-13 06:00:00,366.2,362.916,63853.6375,10987.83,1130.2575,21738.25,17135.8,12118.0875,da,2026-06-13,2026-06-12,2026-06-12 15:00:00,6,6,1_8,TimeMixer,366.2,372.9655529022217,,,
2026-06-13 07:00:00,252.5,340.861,62655.1875,9851.5375,4212.525,25329.25,10404.125,14064.0625,da,2026-06-13,2026-06-12,2026-06-12 15:00:00,7,7,1_8,TimeMixer,252.5,229.68647064208983,,,
2026-06-13 08:00:00,151.0,351.274,63273.2675,8575.1575,8925.7775,25663.0,7310.3325,17500.935,da,2026-06-13,2026-06-12,2026-06-12 15:00:00,8,8,1_8,TimeMixer,151.0,210.41044628906252,,,
2026-06-13 09:00:00,170.81,369.244,62157.38,7923.6975,13652.4575,23260.25,4534.475,21576.155,da,2026-06-13,2026-06-12,2026-06-12 15:00:00,9,9,9_16,TimeMixer,170.81,130.75686608886718,,,
2026-06-13 10:00:00,70.0,359.711,60088.37,7944.3075,17435.7525,21583.75,338.06,25380.06,da,2026-06-13,2026-06-12,2026-06-12 15:00:00,10,10,9_16,TimeMixer,70.0,79.72711219482423,,,
2026-06-13 11:00:00,37.0,219.8,60076.6275,8346.19,19867.895,20219.5,-1143.4575,28214.085,da,2026-06-13,2026-06-12,2026-06-12 15:00:00,11,11,9_16,TimeMixer,37.0,52.8349624633789,,,
2026-06-13 12:00:00,26.5,-80.0,57950.4975,8872.4825,20908.4875,20151.25,-4768.2225,29780.97,da,2026-06-13,2026-06-12,2026-06-12 15:00:00,12,12,9_16,TimeMixer,26.5,29.659593200683588,,,
2026-06-13 13:00:00,25.0,-80.0,52877.6275,9490.3475,20559.1125,20107.0,-10065.3325,30049.46,da,2026-06-13,2026-06-12,2026-06-12 15:00:00,13,13,9_16,TimeMixer,25.0,-10.70681610107421,,,
2026-06-13 14:00:00,99.5,155.709,56508.4175,10254.92,18856.725,20126.75,-5516.4775,29111.645,da,2026-06-13,2026-06-12,2026-06-12 15:00:00,14,14,9_16,TimeMixer,99.5,-56.69580688476562,,,
2026-06-13 15:00:00,99.5,132.922,60525.0525,10898.8775,15964.24,20227.25,648.185,26863.1175,da,2026-06-13,2026-06-12,2026-06-12 15:00:00,15,15,9_16,TimeMixer,99.5,92.98580017089841,,,
2026-06-13 16:00:00,300.0,391.032,65185.96,11236.98,12165.7225,21426.5,7570.2575,23402.7025,da,2026-06-13,2026-06-12,2026-06-12 15:00:00,16,16,9_16,TimeMixer,300.0,190.84224285888672,,,
2026-06-13 17:00:00,319.233,348.906,70422.31,11388.8475,7889.16,24652.0,13633.3025,19278.0075,da,2026-06-13,2026-06-12,2026-06-12 15:00:00,17,17,17_24,TimeMixer,319.233,243.1524932983399,,,
2026-06-13 18:00:00,399.5,359.794,75180.3875,11308.68,3824.2725,26654.25,20515.435,15132.9525,da,2026-06-13,2026-06-12,2026-06-12 15:00:00,18,18,17_24,TimeMixer,399.5,375.2239308929443,,,
2026-06-13 19:00:00,400.0,346.821,77593.53,11506.9475,1039.36,26631.25,25534.4725,12546.3075,da,2026-06-13,2026-06-12,2026-06-12 15:00:00,19,19,17_24,TimeMixer,400.0,405.6298969268799,,,
2026-06-13 20:00:00,387.0,354.418,79125.8025,12196.54,58.385,25761.0,28228.3775,12254.925,da,2026-06-13,2026-06-12,2026-06-12 15:00:00,20,20,17_24,TimeMixer,387.0,427.8331746292114,,,
2026-06-13 21:00:00,394.0,353.276,78403.795,13081.675,0.0,23976.0,28464.62,13081.675,da,2026-06-13,2026-06-12,2026-06-12 15:00:00,21,21,17_24,TimeMixer,394.0,455.56842693328855,,,
2026-06-13 22:00:00,390.5,371.079,75980.9925,13719.865,0.0,22493.25,26886.3775,13719.865,da,2026-06-13,2026-06-12,2026-06-12 15:00:00,22,22,17_24,TimeMixer,390.5,422.9891511917114,,,
2026-06-13 23:00:00,395.0,374.751,72208.8975,14067.7375,0.0,20905.25,24354.41,14067.7375,da,2026-06-13,2026-06-12,2026-06-12 15:00:00,23,23,17_24,TimeMixer,395.0,424.13285474777217,,,
2026-06-14 00:00:00,392.0,414.513,71348.0725,13944.4125,0.0,19697.5,24824.66,13944.4125,da,2026-06-14,2026-06-13,2026-06-13 15:00:00,0,24,17_24,TimeMixer,392.0,395.8212097930908,,,
2026-06-14 01:00:00,400.0,448.756,70127.4075,12594.57,0.0,20800.5,23971.5375,12594.57,da,2026-06-14,2026-06-13,2026-06-13 15:00:00,1,1,1_8,TimeMixer,400.0,412.24193382263184,,,
2026-06-14 02:00:00,386.0,398.522,67667.4925,12069.295,0.0,20814.75,22022.6475,12069.295,da,2026-06-14,2026-06-13,2026-06-13 15:00:00,2,2,1_8,TimeMixer,386.0,402.1305799484253,,,
2026-06-14 03:00:00,385.5,385.068,65663.1225,11299.65,0.0,20781.0,20821.6725,11299.65,da,2026-06-14,2026-06-13,2026-06-13 15:00:00,3,3,1_8,TimeMixer,385.5,364.432364654541,,,
2026-06-14 04:00:00,383.0,374.883,64843.1375,10350.075,0.0125,20779.25,20953.0,10350.0875,da,2026-06-14,2026-06-13,2026-06-13 15:00:00,4,4,1_8,TimeMixer,383.0,335.41575317382814,,,
2026-06-14 05:00:00,389.5,378.919,65030.0975,9489.5725,27.2,20528.0,22224.525,9516.7725,da,2026-06-14,2026-06-13,2026-06-13 15:00:00,5,5,1_8,TimeMixer,389.5,389.6493717193604,,,
2026-06-14 06:00:00,383.5,377.845,65811.585,8565.2825,943.2625,21738.5,21803.74,9508.545,da,2026-06-14,2026-06-13,2026-06-13 15:00:00,6,6,1_8,TimeMixer,383.5,375.50413753509525,,,
2026-06-14 07:00:00,333.715,350.426,62696.4825,7460.4825,3729.4975,25329.25,13420.2025,11189.98,da,2026-06-14,2026-06-13,2026-06-13 15:00:00,7,7,1_8,TimeMixer,333.715,197.42213973999023,,,
2026-06-14 08:00:00,342.75,346.917,63447.6075,6283.465,8228.205,25663.25,10574.3875,14511.67,da,2026-06-14,2026-06-13,2026-06-13 15:00:00,8,8,1_8,TimeMixer,342.75,122.73057708740234,,,
2026-06-14 09:00:00,291.0,326.857,60446.1475,5636.9475,13416.8375,23259.75,5446.8125,19053.785,da,2026-06-14,2026-06-13,2026-06-13 15:00:00,9,9,9_16,TimeMixer,291.0,52.18906396484374,,,
2026-06-14 10:00:00,165.5,331.67,57504.8325,5596.155,18031.9225,21641.0,-450.045,23628.0775,da,2026-06-14,2026-06-13,2026-06-13 15:00:00,10,10,9_16,TimeMixer,165.5,2.0383549499511773,,,
2026-06-14 11:00:00,173.5,199.752,55653.6075,5805.24,20968.935,20517.0,-4323.3675,26774.175,da,2026-06-14,2026-06-13,2026-06-13 15:00:00,11,11,9_16,TimeMixer,173.5,-82.44837951660156,,,
2026-06-14 12:00:00,55.0,224.486,53830.97,6193.695,22295.775,20222.5,-7566.8,28489.47,da,2026-06-14,2026-06-13,2026-06-13 15:00:00,12,12,9_16,TimeMixer,55.0,-86.36193542480468,,,
2026-06-14 13:00:00,56.875,-80.0,49506.3375,6600.4125,22202.475,20347.0,-12329.35,28802.8875,da,2026-06-14,2026-06-13,2026-06-13 15:00:00,13,13,9_16,TimeMixer,56.875,-89.41541290283203,,,
2026-06-14 14:00:00,56.0,-80.0,52116.525,7009.8075,20803.1775,20502.5,-8884.76,27812.985,da,2026-06-14,2026-06-13,2026-06-13 15:00:00,14,14,9_16,TimeMixer,56.0,-71.72322540283204,,,
2026-06-14 15:00:00,110.5,-64.607,56044.565,7448.9675,18097.6125,20592.5,-2780.315,25546.58,da,2026-06-14,2026-06-13,2026-06-13 15:00:00,15,15,9_16,TimeMixer,110.5,15.522415924072249,,,
2026-06-14 16:00:00,315.5,180.289,61358.895,7871.0525,14181.07,21550.75,5070.2225,22052.1225,da,2026-06-14,2026-06-13,2026-06-13 15:00:00,16,16,9_16,TimeMixer,315.5,149.46340560913086,,,
2026-06-14 17:00:00,378.625,275.755,66695.1625,8355.9325,9468.2525,24651.25,11461.4275,17824.185,da,2026-06-14,2026-06-13,2026-06-13 15:00:00,17,17,17_24,TimeMixer,378.625,262.49145858459474,,,
2026-06-14 18:00:00,400.0,351.504,71804.3925,8956.26,4575.195,26653.75,18842.1375,13531.455,da,2026-06-14,2026-06-13,2026-06-13 15:00:00,18,18,17_24,TimeMixer,400.0,393.67027015686034,,,
2026-06-14 19:00:00,415.0,358.265,75801.275,9750.9175,1190.5675,26631.25,25447.74,10941.485,da,2026-06-14,2026-06-13,2026-06-13 15:00:00,19,19,17_24,TimeMixer,415.0,438.2453977432251,,,
2026-06-14 20:00:00,397.75,352.996,78280.42,10827.74,40.64,25761.25,28869.99,10868.38,da,2026-06-14,2026-06-13,2026-06-13 15:00:00,20,20,17_24,TimeMixer,397.75,448.088650390625,,,
2026-06-14 21:00:00,390.0,350.0,77470.7,12233.385,0.0,23976.25,28480.265,12233.385,da,2026-06-14,2026-06-13,2026-06-13 15:00:00,21,21,17_24,TimeMixer,390.0,463.44881669616694,,,
2026-06-14 22:00:00,392.0,350.22,74701.02,13481.67,0.0,22493.25,25945.3,13481.67,da,2026-06-14,2026-06-13,2026-06-13 15:00:00,22,22,17_24,TimeMixer,392.0,420.54883406829833,,,
2026-06-14 23:00:00,394.0,357.788,71254.5175,14348.32,0.0,20905.5,23219.8975,14348.32,da,2026-06-14,2026-06-13,2026-06-13 15:00:00,23,23,17_24,TimeMixer,394.0,437.7161750793457,,,
2026-06-15 00:00:00,400.0,361.99,69655.475,14538.9325,0.0,20414.5,21921.2425,14538.9325,da,2026-06-15,2026-06-14,2026-06-14 15:00:00,0,24,17_24,TimeMixer,400.0,426.52575035095214,,,
2026-06-15 01:00:00,433.0,361.568,65258.0175,12665.6825,0.0,22595.75,17085.785,12665.6825,da,2026-06-15,2026-06-14,2026-06-14 15:00:00,1,1,1_8,TimeMixer,433.0,405.979642791748,,,
2026-06-15 02:00:00,400.0,349.409,63290.0875,12209.085,0.0,22807.0,15363.2025,12209.085,da,2026-06-15,2026-06-14,2026-06-14 15:00:00,2,2,1_8,TimeMixer,400.0,411.3066396362305,,,
2026-06-15 03:00:00,389.0,351.023,61595.4825,11505.615,0.0,22861.25,14317.8175,11505.615,da,2026-06-15,2026-06-14,2026-06-14 15:00:00,3,3,1_8,TimeMixer,389.0,402.8614523315429,,,
2026-06-15 04:00:00,386.0,352.874,60793.72,10636.275,0.01,22587.0,14659.635,10636.285,da,2026-06-15,2026-06-14,2026-06-14 15:00:00,4,4,1_8,TimeMixer,386.0,390.67782388610834,,,
2026-06-15 05:00:00,408.0,357.522,61321.71,9719.1225,34.7,22009.5,16647.5875,9753.8225,da,2026-06-15,2026-06-14,2026-06-14 15:00:00,5,5,1_8,TimeMixer,408.0,416.44949710083006,,,
2026-06-15 06:00:00,412.0,351.12,63266.8625,8783.7475,1101.2675,24283.5,16187.5475,9885.015,da,2026-06-15,2026-06-14,2026-06-14 15:00:00,6,6,1_8,TimeMixer,412.0,388.1995197296143,,,
2026-06-15 07:00:00,339.0,234.573,62464.3925,7641.875,4176.905,29386.5,8352.0625,11818.78,da,2026-06-15,2026-06-14,2026-06-14 15:00:00,7,7,1_8,TimeMixer,339.0,255.03481283569334,,,
2026-06-15 08:00:00,300.0,317.141,65398.135,6596.2025,8825.815,29605.0,7522.8175,15422.0175,da,2026-06-15,2026-06-14,2026-06-14 15:00:00,8,8,1_8,TimeMixer,300.0,186.06332626342774,,,
2026-06-15 09:00:00,300.0,332.297,65094.455,5982.57,13662.88,26685.25,5927.955,19645.45,da,2026-06-15,2026-06-14,2026-06-14 15:00:00,9,9,9_16,TimeMixer,300.0,125.83662185668945,,,
2026-06-15 10:00:00,267.0,299.286,62880.0675,5603.0175,17725.03,25179.25,1536.97,23328.0475,da,2026-06-15,2026-06-14,2026-06-14 15:00:00,10,10,9_16,TimeMixer,267.0,33.71458129882812,,,
2026-06-15 11:00:00,141.03,2.327,61682.295,5290.785,20473.62,24311.5,-1229.41,25764.405,da,2026-06-15,2026-06-14,2026-06-14 15:00:00,11,11,9_16,TimeMixer,141.03,15.001313781738276,,,
2026-06-15 12:00:00,58.72,-80.0,58110.18,5164.46,21795.31,23984.5,-5669.89,26959.77,da,2026-06-15,2026-06-14,2026-06-14 15:00:00,12,12,9_16,TimeMixer,58.72,-71.99945037841798,,,
2026-06-15 13:00:00,29.0,-80.0,52559.4925,5195.8475,21856.4525,24182.75,-11511.3575,27052.3,da,2026-06-15,2026-06-14,2026-06-14 15:00:00,13,13,9_16,TimeMixer,29.0,-75.16643524169922,,,
2026-06-15 14:00:00,72.5,-80.0,55049.3025,5429.5675,20802.2725,24377.25,-8395.5875,26231.84,da,2026-06-15,2026-06-14,2026-06-14 15:00:00,14,14,9_16,TimeMixer,72.5,-83.26911773681641,,,
2026-06-15 15:00:00,41.0,-80.0,58307.795,5882.8975,18394.265,24627.0,-3432.1675,24277.1625,da,2026-06-15,2026-06-14,2026-06-14 15:00:00,15,15,9_16,TimeMixer,41.0,8.431450653076169,,,
2026-06-15 16:00:00,281.5,103.351,63178.35,6498.8875,14565.2375,25918.0,3360.425,21064.125,da,2026-06-15,2026-06-14,2026-06-14 15:00:00,16,16,9_16,TimeMixer,281.5,138.97114736938474,,,
2026-06-15 17:00:00,326.5,120.823,68171.9625,7178.2675,9684.1325,29277.5,9123.7625,16862.4,da,2026-06-15,2026-06-14,2026-06-14 15:00:00,17,17,17_24,TimeMixer,326.5,304.78327793884273,,,
2026-06-15 18:00:00,405.5,339.291,73527.4,7828.5725,4664.2,31153.25,16954.3275,12492.7725,da,2026-06-15,2026-06-14,2026-06-14 15:00:00,18,18,17_24,TimeMixer,405.5,392.706884765625,,,
2026-06-15 19:00:00,449.5,346.299,77235.1925,8547.4,1223.205,31003.25,23530.5375,9770.605,da,2026-06-15,2026-06-14,2026-06-14 15:00:00,19,19,17_24,TimeMixer,449.5,437.1306997558594,,,
2026-06-15 20:00:00,439.5,348.798,79552.835,9484.5875,42.0075,30259.75,26835.69,9526.595,da,2026-06-15,2026-06-14,2026-06-14 15:00:00,20,20,17_24,TimeMixer,439.5,443.38497972488403,,,
2026-06-15 21:00:00,385.545,349.427,78893.2475,10562.3275,0.0,28473.75,26926.37,10562.3275,da,2026-06-15,2026-06-14,2026-06-14 15:00:00,21,21,17_24,TimeMixer,385.545,432.5508192062378,,,
2026-06-15 22:00:00,389.125,349.372,75771.8675,11836.2875,0.0,26601.75,24403.03,11836.2875,da,2026-06-15,2026-06-14,2026-06-14 15:00:00,22,22,17_24,TimeMixer,389.125,388.87963703918456,,,
2026-06-15 23:00:00,435.0,361.258,71562.68,12763.8625,0.0,24426.25,21441.7675,12763.8625,da,2026-06-15,2026-06-14,2026-06-14 15:00:00,23,23,17_24,TimeMixer,435.0,392.28475189208984,,,
2026-06-16 00:00:00,424.0,361.518,70363.2175,13155.025,0.0,22793.5,21483.8925,13155.025,da,2026-06-16,2026-06-15,2026-06-15 15:00:00,0,24,17_24,TimeMixer,424.0,394.46390161514285,,,
2026-06-16 01:00:00,458.0,539.059,66073.06,11108.0475,0.0,22843.5,19210.7125,11108.0475,da,2026-06-16,2026-06-15,2026-06-15 15:00:00,1,1,1_8,TimeMixer,458.0,416.29848136901853,,,
2026-06-16 02:00:00,438.25,518.029,64203.03,10383.5675,0.0,22843.75,18064.9125,10383.5675,da,2026-06-16,2026-06-15,2026-06-15 15:00:00,2,2,1_8,TimeMixer,438.25,397.3415735054016,,,
2026-06-16 03:00:00,432.25,514.629,62886.3075,9574.18,0.0,22900.75,17500.5775,9574.18,da,2026-06-16,2026-06-15,2026-06-15 15:00:00,3,3,1_8,TimeMixer,432.25,376.67274322509763,,,
2026-06-16 04:00:00,439.0,516.556,61946.2925,8772.5725,0.01,22625.25,17637.66,8772.5825,da,2026-06-16,2026-06-15,2026-06-15 15:00:00,4,4,1_8,TimeMixer,439.0,375.6062309265137,,,
2026-06-16 05:00:00,456.0,527.45,62557.8025,8088.7625,34.935,22046.25,19477.055,8123.6975,da,2026-06-16,2026-06-15,2026-06-15 15:00:00,5,5,1_8,TimeMixer,456.0,415.94085396575923,,,
2026-06-16 06:00:00,457.0,492.891,64742.7025,7428.1675,1118.5025,24311.75,18973.4825,8546.67,da,2026-06-16,2026-06-15,2026-06-15 15:00:00,6,6,1_8,TimeMixer,457.0,397.66603393554686,,,
2026-06-16 07:00:00,329.5,184.643,64152.46,6516.8025,4403.7275,29398.5,10926.38,10920.53,da,2026-06-16,2026-06-15,2026-06-15 15:00:00,7,7,1_8,TimeMixer,329.5,224.23220698547365,,,
2026-06-16 08:00:00,284.32,387.135,65813.1525,5546.75,9431.105,29617.5,8369.4975,14977.855,da,2026-06-16,2026-06-15,2026-06-15 15:00:00,8,8,1_8,TimeMixer,284.32,149.86276931762697,,,
2026-06-16 09:00:00,265.5,250.223,64997.3375,4799.885,14603.4225,26710.75,6047.48,19403.3075,da,2026-06-16,2026-06-15,2026-06-15 15:00:00,9,9,9_16,TimeMixer,265.5,98.91454696655273,,,
2026-06-16 10:00:00,144.0,373.347,62218.38,4270.8925,18716.4175,25207.75,1187.52,22987.31,da,2026-06-16,2026-06-15,2026-06-15 15:00:00,10,10,9_16,TimeMixer,144.0,60.26653541259765,,,
2026-06-16 11:00:00,20.0,540.651,60989.755,3945.035,21384.9225,24343.0,-1519.0025,25329.9575,da,2026-06-16,2026-06-15,2026-06-15 15:00:00,11,11,9_16,TimeMixer,20.0,-50.106853515625005,,,
2026-06-16 12:00:00,0.0,315.524,57556.425,3842.6925,22657.2275,24013.5,-5792.795,26499.92,da,2026-06-16,2026-06-15,2026-06-15 15:00:00,12,12,9_16,TimeMixer,0.0,-99.29608135986328,,,
2026-06-16 13:00:00,-30.0,56.218,50232.055,3985.4425,22734.52,24211.5,-13535.2075,26719.9625,da,2026-06-16,2026-06-15,2026-06-15 15:00:00,13,13,9_16,TimeMixer,-30.0,-134.6274349975586,,,
2026-06-16 14:00:00,-31.0,36.401,53133.28,4451.7175,21708.5475,24407.0,-10269.785,26160.265,da,2026-06-16,2026-06-15,2026-06-15 15:00:00,14,14,9_16,TimeMixer,-31.0,-106.4305191040039,,,
2026-06-16 15:00:00,0.0,-75.294,56478.0825,5042.435,19248.5825,24657.5,-5321.235,24291.0175,da,2026-06-16,2026-06-15,2026-06-15 15:00:00,15,15,9_16,TimeMixer,0.0,-32.173159027099615,,,
2026-06-16 16:00:00,145.5,-80.0,61447.4775,5725.4925,15302.285,25936.25,1617.65,21027.7775,da,2026-06-16,2026-06-15,2026-06-15 15:00:00,16,16,9_16,TimeMixer,145.5,117.11416473388672,,,
2026-06-16 17:00:00,314.0,168.901,66886.03,6413.5325,10152.52,29277.0,8123.4275,16566.0525,da,2026-06-16,2026-06-15,2026-06-15 15:00:00,17,17,17_24,TimeMixer,314.0,289.31274971008304,,,
2026-06-16 18:00:00,423.838,499.266,72476.2725,7178.94,4795.5575,31152.25,16422.475,11974.4975,da,2026-06-16,2026-06-15,2026-06-15 15:00:00,18,18,17_24,TimeMixer,423.838,425.47382820129394,,,
2026-06-16 19:00:00,470.075,524.195,75663.04,8231.43,1242.16,31003.75,22254.9,9473.59,da,2026-06-16,2026-06-15,2026-06-15 15:00:00,19,19,17_24,TimeMixer,470.075,477.25886305236816,,,
2026-06-16 20:00:00,460.5,472.235,77907.65,9453.265,42.245,30259.25,25222.09,9495.51,da,2026-06-16,2026-06-15,2026-06-15 15:00:00,20,20,17_24,TimeMixer,460.5,493.228644990921,,,
2026-06-16 21:00:00,440.0,411.149,77222.795,10826.2225,0.0,28474.25,24991.5225,10826.2225,da,2026-06-16,2026-06-15,2026-06-15 15:00:00,21,21,17_24,TimeMixer,440.0,460.73415942382815,,,
2026-06-16 22:00:00,433.838,386.038,74637.8375,12071.1075,0.0,26574.75,23061.18,12071.1075,da,2026-06-16,2026-06-15,2026-06-15 15:00:00,22,22,17_24,TimeMixer,433.838,441.26919403076175,,,
2026-06-16 23:00:00,440.0,437.608,70424.34,12968.435,0.0,24361.75,20163.355,12968.435,da,2026-06-16,2026-06-15,2026-06-15 15:00:00,23,23,17_24,TimeMixer,440.0,480.1042303085327,,,
2026-06-17 00:00:00,450.5,459.6,69301.095,13315.04,0.0,22723.5,20331.755,13315.04,da,2026-06-17,2026-06-16,2026-06-16 15:00:00,0,24,17_24,TimeMixer,450.5,473.9991721153259,,,
2026-06-17 01:00:00,487.5,519.48,67248.3575,13154.51,0.0,22992.75,17880.2975,13154.51,da,2026-06-17,2026-06-16,2026-06-16 15:00:00,1,1,1_8,TimeMixer,487.5,488.3189710617065,,,
2026-06-17 02:00:00,469.35,494.69,65122.7675,12536.35,0.0,22971.75,16393.8675,12536.35,da,2026-06-17,2026-06-16,2026-06-16 15:00:00,2,2,1_8,TimeMixer,469.35,475.18372440338135,,,
2026-06-17 03:00:00,460.0,500.67,63551.4225,11396.1175,0.0,23001.75,15932.755,11396.1175,da,2026-06-17,2026-06-16,2026-06-16 15:00:00,3,3,1_8,TimeMixer,460.0,463.5419031143188,,,
2026-06-17 04:00:00,462.5,518.6,62653.2425,9942.7775,0.01,22732.75,16756.905,9942.7875,da,2026-06-17,2026-06-16,2026-06-16 15:00:00,4,4,1_8,TimeMixer,462.5,470.8309770584106,,,
2026-06-17 05:00:00,494.2,524.5,63383.0325,8528.69,30.1975,22145.0,19458.345,8558.8875,da,2026-06-17,2026-06-16,2026-06-16 15:00:00,5,5,1_8,TimeMixer,494.2,487.1024981498718,,,
2026-06-17 06:00:00,496.9,433.65,64920.2575,7214.955,1067.6925,23921.5,19495.31,8282.6475,da,2026-06-17,2026-06-16,2026-06-16 15:00:00,6,6,1_8,TimeMixer,496.9,457.70624702453614,,,
2026-06-17 07:00:00,333.5,-3.68,64490.605,5827.0825,4230.425,28003.25,13216.5475,10057.5075,da,2026-06-17,2026-06-16,2026-06-16 15:00:00,7,7,1_8,TimeMixer,333.5,298.98545021362304,,,
2026-06-17 08:00:00,384.75,258.39,66727.88,4530.2075,9173.06,28400.75,11488.0625,13703.2675,da,2026-06-17,2026-06-16,2026-06-16 15:00:00,8,8,1_8,TimeMixer,384.75,252.09105747985836,,,
2026-06-17 09:00:00,350.0,263.38,66446.92,3524.61,14360.42,26296.75,9184.34,17885.03,da,2026-06-17,2026-06-16,2026-06-16 15:00:00,9,9,9_16,TimeMixer,350.0,220.14593238830565,,,
2026-06-17 10:00:00,300.0,255.56,63701.8925,2791.0425,18597.6075,24500.0,4809.9425,21388.65,da,2026-06-17,2026-06-16,2026-06-16 15:00:00,10,10,9_16,TimeMixer,300.0,73.7828384399414,,,
2026-06-17 11:00:00,247.5,341.9,62602.3725,2158.8225,21220.005,23044.0,3223.745,23378.8275,da,2026-06-17,2026-06-16,2026-06-16 15:00:00,11,11,9_16,TimeMixer,247.5,-25.108889770507812,,,
2026-06-17 12:00:00,171.788,454.49,60082.965,1769.22,22403.6975,22923.75,67.9975,24172.9175,da,2026-06-17,2026-06-16,2026-06-16 15:00:00,12,12,9_16,TimeMixer,171.788,-46.868466186523435,,,
2026-06-17 13:00:00,105.0,437.43,55280.72,1628.2225,22246.1025,22923.75,-4430.655,23874.325,da,2026-06-17,2026-06-16,2026-06-16 15:00:00,13,13,9_16,TimeMixer,105.0,-68.41970977783203,,,
2026-06-17 14:00:00,65.453,436.02,58580.19,1665.6825,20745.965,22998.25,224.4925,22411.6475,da,2026-06-17,2026-06-16,2026-06-16 15:00:00,14,14,9_16,TimeMixer,65.453,-74.69873315429687,,,
2026-06-17 15:00:00,135.0,,62695.3,1865.065,17945.18,23204.0,6677.755,19810.245,da,2026-06-17,2026-06-16,2026-06-16 15:00:00,15,15,9_16,TimeMixer,135.0,11.17898928833008,,,
2026-06-17 16:00:00,357.1,,67612.34,2175.29,13874.665,24739.25,13732.335,16049.955,da,2026-06-17,2026-06-16,2026-06-16 15:00:00,16,16,9_16,TimeMixer,357.1,132.6213291168213,,,
2026-06-17 17:00:00,448.355,,72561.1725,2495.0775,9040.08,27851.75,19960.965,11535.1575,da,2026-06-17,2026-06-16,2026-06-16 15:00:00,17,17,17_24,TimeMixer,448.355,319.82814445495603,,,
2026-06-17 18:00:00,550.0,,76857.315,2893.7075,4261.2175,29158.25,27308.34,7154.925,da,2026-06-17,2026-06-16,2026-06-16 15:00:00,18,18,17_24,TimeMixer,550.0,458.1538883331299,,,
2026-06-17 19:00:00,600.0,,79464.6675,3496.7125,1128.745,29170.5,32427.91,4625.4575,da,2026-06-17,2026-06-16,2026-06-16 15:00:00,19,19,17_24,TimeMixer,600.0,505.5458005981445,,,
2026-06-17 20:00:00,519.163,,81421.6625,4374.1625,41.8425,28380.75,35384.1075,4416.005,da,2026-06-17,2026-06-16,2026-06-16 15:00:00,20,20,17_24,TimeMixer,519.163,508.4865792274475,,,
2026-06-17 21:00:00,523.388,,80759.08,5360.39,0.0,26510.75,35647.14,5360.39,da,2026-06-17,2026-06-16,2026-06-16 15:00:00,21,21,17_24,TimeMixer,523.388,495.4705417633057,,,
2026-06-17 22:00:00,570.0,,78133.0175,6352.1975,0.0,25000.25,33539.77,6352.1975,da,2026-06-17,2026-06-16,2026-06-16 15:00:00,22,22,17_24,TimeMixer,570.0,469.48836782531737,,,
2026-06-17 23:00:00,574.75,,74124.1225,7218.0625,0.0,23826.5,29838.76,7218.0625,da,2026-06-17,2026-06-16,2026-06-16 15:00:00,23,23,17_24,TimeMixer,574.75,479.1041805267334,,,
2026-06-18 00:00:00,594.5,,72873.1425,7525.1875,0.0,22721.75,29385.405,7525.1875,da,2026-06-18,2026-06-17,2026-06-17 15:00:00,0,24,17_24,TimeMixer,594.5,507.8381118822098,,,
2026-06-18 01:00:00,,,69363.87,6224.915,0.0,22921.75,26946.405,6224.915,da,2026-06-18,2026-06-17,2026-06-17 15:00:00,1,1,1_8,TimeMixer,,542.5355844497681,,,
2026-06-18 02:00:00,,,67123.905,5842.7775,0.0,22849.75,25160.5775,5842.7775,da,2026-06-18,2026-06-17,2026-06-17 15:00:00,2,2,1_8,TimeMixer,,517.3458632087708,,,
2026-06-18 03:00:00,,,65237.955,5336.2425,0.0,22826.5,23804.4125,5336.2425,da,2026-06-18,2026-06-17,2026-06-17 15:00:00,3,3,1_8,TimeMixer,,498.2637553215027,,,
2026-06-18 04:00:00,,,64413.13,4794.2,0.01,22555.25,23792.87,4794.21,da,2026-06-18,2026-06-17,2026-06-17 15:00:00,4,4,1_8,TimeMixer,,499.75571060180664,,,
2026-06-18 05:00:00,,,64943.535,4249.7075,32.02,22059.0,25332.0075,4281.7275,da,2026-06-18,2026-06-17,2026-06-17 15:00:00,5,5,1_8,TimeMixer,,514.6510076080322,,,
2026-06-18 06:00:00,,,66635.4575,3720.5075,1010.255,23890.0,24743.895,4730.7625,da,2026-06-18,2026-06-17,2026-06-17 15:00:00,6,6,1_8,TimeMixer,,493.0602430725097,,,
2026-06-18 07:00:00,,,67395.9775,3024.2725,3833.0075,27874.0,19401.3975,6857.28,da,2026-06-18,2026-06-17,2026-06-17 15:00:00,7,7,1_8,TimeMixer,,341.09783258819584,,,
2026-06-18 08:00:00,,,71974.495,2173.8925,7827.805,28401.0,20385.9975,10001.6975,da,2026-06-18,2026-06-17,2026-06-17 15:00:00,8,8,1_8,TimeMixer,,365.95652542114254,,,
2026-06-18 09:00:00,,,74090.1625,1569.2525,11728.0725,26509.25,21152.7875,13297.325,da,2026-06-18,2026-06-17,2026-06-17 15:00:00,9,9,9_16,TimeMixer,,336.03197174072267,,,
2026-06-18 10:00:00,,,73822.6325,1304.9625,14760.1325,24970.25,19733.9875,16065.095,da,2026-06-18,2026-06-17,2026-06-17 15:00:00,10,10,9_16,TimeMixer,,255.17681121826172,,,
2026-06-18 11:00:00,,,73568.135,1251.1775,16590.575,23787.25,18933.3325,17841.7525,da,2026-06-18,2026-06-17,2026-06-17 15:00:00,11,11,9_16,TimeMixer,,238.60240906982423,,,
2026-06-18 12:00:00,,,70585.275,1338.9925,17303.605,23697.25,15277.1275,18642.5975,da,2026-06-18,2026-06-17,2026-06-17 15:00:00,12,12,9_16,TimeMixer,,113.96207001953125,,,
2026-06-18 13:00:00,,,65028.515,1571.31,16900.7125,23704.25,9888.9425,18472.0225,da,2026-06-18,2026-06-17,2026-06-17 15:00:00,13,13,9_16,TimeMixer,,150.90941467285157,,,
2026-06-18 14:00:00,,,68058.025,1966.885,15432.225,23590.0,14073.115,17399.11,da,2026-06-18,2026-06-17,2026-06-17 15:00:00,14,14,9_16,TimeMixer,,76.90917106323242,,,
2026-06-18 15:00:00,,,72016.65,2439.085,12820.1725,23722.25,19981.8425,15259.2575,da,2026-06-18,2026-06-17,2026-06-17 15:00:00,15,15,9_16,TimeMixer,,122.34641189575196,,,
2026-06-18 16:00:00,,,75782.365,2877.055,9584.59,25273.0,24906.92,12461.645,da,2026-06-18,2026-06-17,2026-06-17 15:00:00,16,16,9_16,TimeMixer,,270.7026387023926,,,
2026-06-18 17:00:00,,,78185.0375,3331.1925,6111.1025,28362.25,27117.1925,9442.295,da,2026-06-18,2026-06-17,2026-06-17 15:00:00,17,17,17_24,TimeMixer,,391.56475685882566,,,
2026-06-18 18:00:00,,,80126.4425,3791.745,2864.295,29499.0,30685.6025,6656.04,da,2026-06-18,2026-06-17,2026-06-17 15:00:00,18,18,17_24,TimeMixer,,551.113839805603,,,
2026-06-18 19:00:00,,,81223.69,4311.9225,774.125,29609.0,33237.8425,5086.0475,da,2026-06-18,2026-06-17,2026-06-17 15:00:00,19,19,17_24,TimeMixer,,607.5084139704704,,,
2026-06-18 20:00:00,,,82693.925,5050.22,34.22,28840.0,35478.685,5084.44,da,2026-06-18,2026-06-17,2026-06-17 15:00:00,20,20,17_24,TimeMixer,,545.9231102874755,,,
2026-06-18 21:00:00,,,81881.8525,5903.4825,0.0,26534.0,36153.57,5903.4825,da,2026-06-18,2026-06-17,2026-06-17 15:00:00,21,21,17_24,TimeMixer,,569.289988796997,,,
2026-06-18 22:00:00,,,79201.655,6780.945,0.0,24950.0,34179.91,6780.945,da,2026-06-18,2026-06-17,2026-06-17 15:00:00,22,22,17_24,TimeMixer,,566.6500828552246,,,
2026-06-18 23:00:00,,,75439.68,7473.7625,0.0,23680.0,30995.1175,7473.7625,da,2026-06-18,2026-06-17,2026-06-17 15:00:00,23,23,17_24,TimeMixer,,576.4596393585205,,,
2026-06-01 00:00:00,400.0,296.643,63568.2925,20531.2525,11.6,17238.5,12660.44,20542.8525,rt,2026-06-01,2026-05-31,2026-05-31 15:00:00,0,24,17_24,TimeMixer,296.643,474.76267907779476,508.5761219215393,1.0,-103.35700000000003
2026-06-01 01:00:00,360.0,365.425,62153.1425,19470.2425,12.8,18214.75,11648.85,19483.0425,rt,2026-06-01,2026-05-31,2026-05-31 15:00:00,1,1,1_8,TimeMixer,365.425,438.7657726326348,372.21863525390626,1.0,5.425000000000011
2026-06-01 02:00:00,352.613,356.766,60403.3875,18000.0875,12.1,18203.25,11381.45,18012.1875,rt,2026-06-01,2026-05-31,2026-05-31 15:00:00,2,2,1_8,TimeMixer,356.766,313.9348664916589,380.758113861084,0.0,0.0
2026-06-01 03:00:00,363.975,355.431,58997.6075,16140.4525,12.5,18362.75,11675.405,16152.9525,rt,2026-06-01,2026-05-31,2026-05-31 15:00:00,3,3,1_8,TimeMixer,355.431,295.05898718257686,338.1800336761474,0.0,-0.0
2026-06-01 04:00:00,387.378,322.16,58306.5325,14034.6075,12.3,18441.0,13012.125,14046.9075,rt,2026-06-01,2026-05-31,2026-05-31 15:00:00,4,4,1_8,TimeMixer,322.16,277.5220591320398,317.57596902770996,0.0,-0.0
2026-06-01 05:00:00,396.5,359.101,58908.2725,12253.87,42.8275,18425.25,15379.825,12296.6975,rt,2026-06-01,2026-05-31,2026-05-31 15:00:00,5,5,1_8,TimeMixer,359.101,308.83930443919917,299.44059715271,0.0,-0.0
2026-06-01 06:00:00,376.25,362.442,60521.0325,10824.8125,1177.2125,19782.75,15929.7575,12002.025,rt,2026-06-01,2026-05-31,2026-05-31 15:00:00,6,6,1_8,TimeMixer,362.442,270.4101177453973,298.8997631072998,0.0,-0.0
2026-06-01 07:00:00,100.0,34.998,59231.97,9471.93,4618.1675,22604.5,9734.6225,14090.0975,rt,2026-06-01,2026-05-31,2026-05-31 15:00:00,7,7,1_8,TimeMixer,34.998,261.0166960844018,60.523081207275396,1.0,-65.00200000000001
2026-06-01 08:00:00,-70.0,-53.391,57053.2425,8060.2175,9894.59,23231.25,3123.185,17954.8075,rt,2026-06-01,2026-05-31,2026-05-31 15:00:00,8,8,1_8,TimeMixer,-53.391,37.24840864066489,34.77417755126953,1.0,16.609
2026-06-01 09:00:00,-70.0,155.503,55404.1975,6886.0175,15341.655,21785.75,-1340.725,22227.6725,rt,2026-06-01,2026-05-31,2026-05-31 15:00:00,9,9,9_16,TimeMixer,155.503,17.66691194266685,31.94749755859374,1.0,225.503
2026-06-01 10:00:00,-75.0,-74.006,52232.135,6213.605,19788.67,19803.25,-6304.89,26002.275,rt,2026-06-01,2026-05-31,2026-05-31 15:00:00,10,10,9_16,TimeMixer,-74.006,-17.7970874921476,-6.215954589843761,1.0,0.9939999999999998
2026-06-01 11:00:00,-75.0,-70.772,52965.7825,5818.94,22595.34,18915.5,-7095.4975,28414.28,rt,2026-06-01,2026-05-31,2026-05-31 15:00:00,11,11,9_16,TimeMixer,-70.772,14.175081682657076,-37.112271118164074,1.0,4.227999999999994
2026-06-01 12:00:00,-75.0,-80.0,52004.3875,5520.07,23906.0975,18778.5,-8931.78,29426.1675,rt,2026-06-01,2026-05-31,2026-05-31 15:00:00,12,12,9_16,TimeMixer,-80.0,10.440132142862161,8.30169677734375,1.0,-5.0
2026-06-01 13:00:00,-75.0,-48.675,48133.1025,5212.01,23966.345,18870.0,-12646.7525,29178.355,rt,2026-06-01,2026-05-31,2026-05-31 15:00:00,13,13,9_16,TimeMixer,-48.675,14.957531659463726,-55.91099548339844,1.0,26.325000000000003
2026-06-01 14:00:00,-75.0,-70.535,49869.2825,5133.3,22860.0125,19093.75,-9949.28,27993.3125,rt,2026-06-01,2026-05-31,2026-05-31 15:00:00,14,14,9_16,TimeMixer,-70.535,44.47794009757406,-44.38790283203127,1.0,4.465000000000003
2026-06-01 15:00:00,-75.0,-80.0,52357.135,5314.7575,20252.735,19872.0,-5813.8575,25567.4925,rt,2026-06-01,2026-05-31,2026-05-31 15:00:00,15,15,9_16,TimeMixer,-80.0,53.551623372415385,76.51673773193357,1.0,-5.0
2026-06-01 16:00:00,-49.34,-80.0,56616.005,5755.225,16034.66,20961.5,1133.12,21789.885,rt,2026-06-01,2026-05-31,2026-05-31 15:00:00,16,16,9_16,TimeMixer,-80.0,80.94882422675497,102.4969620361328,1.0,-30.659999999999997
2026-06-01 17:00:00,310.77,195.515,62909.085,6349.8825,10476.0625,22054.25,11224.89,16825.945,rt,2026-06-01,2026-05-31,2026-05-31 15:00:00,17,17,17_24,TimeMixer,195.515,296.43708437473083,172.2287165222168,0.0,-0.0
2026-06-01 18:00:00,398.5,550.118,68725.975,7147.135,4811.985,23777.5,20166.605,11959.12,rt,2026-06-01,2026-05-31,2026-05-31 15:00:00,18,18,17_24,TimeMixer,550.118,347.6676944631555,325.4999092102051,0.0,0.0
2026-06-01 19:00:00,514.873,562.554,73097.8075,8396.66,1117.75,23749.25,27007.6475,9514.41,rt,2026-06-01,2026-05-31,2026-05-31 15:00:00,19,19,17_24,TimeMixer,562.554,511.8216677621057,407.25917739868163,0.0,0.0
2026-06-01 20:00:00,505.875,547.537,75455.8675,10115.1525,30.07,22658.25,29825.895,10145.2225,rt,2026-06-01,2026-05-31,2026-05-31 15:00:00,20,20,17_24,TimeMixer,547.537,489.51486396938105,443.94600086212154,0.0,0.0
2026-06-01 21:00:00,501.375,608.046,74108.5375,11762.1275,12.2,21836.25,27671.46,11774.3275,rt,2026-06-01,2026-05-31,2026-05-31 15:00:00,21,21,17_24,TimeMixer,608.046,480.84664630153435,460.3706480636597,0.0,0.0
2026-06-01 22:00:00,446.875,613.371,71544.965,13293.875,12.7,20453.25,24958.64,13306.575,rt,2026-06-01,2026-05-31,2026-05-31 15:00:00,22,22,17_24,TimeMixer,613.371,505.5119078954675,418.7940507888794,1.0,166.49599999999998
2026-06-01 23:00:00,431.5,514.696,69346.56,14412.445,11.6,18884.25,23211.765,14424.045,rt,2026-06-01,2026-05-31,2026-05-31 15:00:00,23,23,17_24,TimeMixer,514.696,495.4699811812951,433.30828342437746,1.0,83.19600000000003
2026-06-02 00:00:00,411.5,424.837,66235.8925,14977.5325,11.6,17302.5,21117.76,14989.1325,rt,2026-06-02,2026-06-01,2026-06-01 15:00:00,0,24,17_24,TimeMixer,424.837,430.205560171354,428.5722324371338,1.0,13.336999999999989
2026-06-02 01:00:00,475.25,404.257,64207.3,14990.43,11.9,19762.25,16636.22,15002.33,rt,2026-06-02,2026-06-01,2026-06-01 15:00:00,1,1,1_8,TimeMixer,404.257,453.9238112773826,352.59751281738284,0.0,-0.0
2026-06-02 02:00:00,400.0,354.302,62893.4325,14549.0375,12.0,19768.0,15757.895,14561.0375,rt,2026-06-02,2026-06-01,2026-06-01 15:00:00,2,2,1_8,TimeMixer,354.302,431.591284537008,355.40200124053956,1.0,-45.69799999999998
2026-06-02 03:00:00,400.0,341.615,61754.745,13852.8425,11.7,19802.0,15281.7025,13864.5425,rt,2026-06-02,2026-06-01,2026-06-01 15:00:00,3,3,1_8,TimeMixer,341.615,395.98862429866574,344.3348977661133,0.0,-0.0
2026-06-02 04:00:00,411.5,335.385,60896.78,13008.9775,12.7,19810.75,15257.8525,13021.6775,rt,2026-06-02,2026-06-01,2026-06-01 15:00:00,4,4,1_8,TimeMixer,335.385,380.49000862422724,357.8256888740539,0.0,-0.0
2026-06-02 05:00:00,433.67,369.238,61463.675,12166.9625,46.6175,19622.25,16821.345,12213.58,rt,2026-06-02,2026-06-01,2026-06-01 15:00:00,5,5,1_8,TimeMixer,369.238,431.79768582713865,354.5492622375488,0.0,-0.0
2026-06-02 06:00:00,367.5,272.422,62133.455,11289.655,1413.38,21046.5,15577.42,12703.035,rt,2026-06-02,2026-06-01,2026-06-01 15:00:00,6,6,1_8,TimeMixer,272.422,431.5378414218309,342.72542266845704,1.0,-95.07799999999997
2026-06-02 07:00:00,86.0,-80.0,59664.2675,10065.22,5561.3475,24695.25,6539.7,15626.5675,rt,2026-06-02,2026-06-01,2026-06-01 15:00:00,7,7,1_8,TimeMixer,-80.0,246.11323984645628,154.93597869873048,1.0,-166.0
2026-06-02 08:00:00,-29.0,-80.0,57333.12,8461.9125,11567.755,25110.25,-550.7975,20029.6675,rt,2026-06-02,2026-06-01,2026-06-01 15:00:00,8,8,1_8,TimeMixer,-80.0,5.380785510476915,34.7457290649414,1.0,-51.0
2026-06-02 09:00:00,-70.0,-80.0,55326.8325,7212.52,17103.6375,23052.0,-4772.825,24316.1575,rt,2026-06-02,2026-06-01,2026-06-01 15:00:00,9,9,9_16,TimeMixer,-80.0,98.47777934501059,32.72157897949219,1.0,-10.0
2026-06-02 10:00:00,-74.988,-80.0,52129.3675,6576.7625,21250.1625,21379.5,-9808.5575,27826.925,rt,2026-06-02,2026-06-01,2026-06-01 15:00:00,10,10,9_16,TimeMixer,-80.0,-28.45556913277261,3.3315109252929744,1.0,-5.0120000000000005
2026-06-02 11:00:00,-75.0,-80.0,53060.835,6216.9125,23583.8975,19848.5,-9319.975,29800.81,rt,2026-06-02,2026-06-01,2026-06-01 15:00:00,11,11,9_16,TimeMixer,-80.0,-8.505543062215958,-26.373321533203125,1.0,-5.0
2026-06-02 12:00:00,-75.0,-66.698,52939.6825,5876.1575,24439.485,19613.0,-9720.46,30315.6425,rt,2026-06-02,2026-06-01,2026-06-01 15:00:00,12,12,9_16,TimeMixer,-66.698,-28.453377121053855,15.079994201660156,1.0,8.302000000000007
2026-06-02 13:00:00,-75.0,-59.163,49009.885,5577.22,24309.4875,19613.25,-13221.5725,29886.7075,rt,2026-06-02,2026-06-01,2026-06-01 15:00:00,13,13,9_16,TimeMixer,-59.163,-20.836956394735484,-49.43843078613281,1.0,15.837000000000003
2026-06-02 14:00:00,-75.0,-56.988,51183.9875,5387.11,23204.6925,19750.25,-9889.565,28591.8025,rt,2026-06-02,2026-06-01,2026-06-01 15:00:00,14,14,9_16,TimeMixer,-56.988,9.34431028983482,-47.05720520019531,1.0,18.012
2026-06-02 15:00:00,-70.0,-75.992,53589.2375,5430.4,20588.7225,19953.5,-5114.885,26019.1225,rt,2026-06-02,2026-06-01,2026-06-01 15:00:00,15,15,9_16,TimeMixer,-75.992,9.573805836709816,48.629791259765625,1.0,-5.992000000000004
2026-06-02 16:00:00,-30.0,64.24,58034.0825,5741.44,16267.0825,21162.5,2131.56,22008.5225,rt,2026-06-02,2026-06-01,2026-06-01 15:00:00,16,16,9_16,TimeMixer,64.24,34.4793953002108,74.1409577331543,1.0,94.24
2026-06-02 17:00:00,312.175,463.308,64635.1175,6309.735,10548.38,24231.0,10742.0025,16858.115,rt,2026-06-02,2026-06-01,2026-06-01 15:00:00,17,17,17_24,TimeMixer,463.308,389.2056413895776,324.4953081054688,1.0,151.13299999999998
2026-06-02 18:00:00,455.7,636.413,70477.2375,7228.7475,4785.135,25879.0,19761.605,12013.8825,rt,2026-06-02,2026-06-01,2026-06-01 15:00:00,18,18,17_24,TimeMixer,636.413,555.1343416469933,389.9541328430176,1.0,180.71300000000002
2026-06-02 19:00:00,546.81,594.886,74789.315,8605.4575,1119.1525,25774.0,26464.205,9724.61,rt,2026-06-02,2026-06-01,2026-06-01 15:00:00,19,19,17_24,TimeMixer,594.886,558.2889050902918,458.06136332397466,1.0,48.07600000000002
2026-06-02 20:00:00,546.75,510.564,77639.8725,10165.775,31.8,24847.0,29768.7975,10197.575,rt,2026-06-02,2026-06-01,2026-06-01 15:00:00,20,20,17_24,TimeMixer,510.564,557.4332571038415,470.1874852180481,1.0,-36.18599999999998
2026-06-02 21:00:00,551.5,521.208,76700.5025,11524.0625,11.3,23057.0,29281.64,11535.3625,rt,2026-06-02,2026-06-01,2026-06-01 15:00:00,21,21,17_24,TimeMixer,521.208,584.5617740740563,477.8527207374573,1.0,-30.29200000000003
2026-06-02 22:00:00,545.75,521.952,74308.615,12417.2025,11.9,21617.0,27436.0125,12429.1025,rt,2026-06-02,2026-06-01,2026-06-01 15:00:00,22,22,17_24,TimeMixer,521.952,568.6349511447503,425.56286201477053,1.0,-23.798000000000002
2026-06-02 23:00:00,521.0,493.448,71600.08,12875.27,12.6,19987.25,25898.46,12887.87,rt,2026-06-02,2026-06-01,2026-06-01 15:00:00,23,23,17_24,TimeMixer,493.448,559.2647916439416,429.2766476631164,1.0,-27.55200000000002
2026-06-03 00:00:00,500.0,615.833,67735.0225,12998.0875,11.4,18536.0,23363.035,13009.4875,rt,2026-06-03,2026-06-02,2026-06-02 15:00:00,0,24,17_24,TimeMixer,615.833,488.0465734000947,397.9177425384521,0.0,0.0
2026-06-03 01:00:00,494.0,516.964,67722.6825,11864.5675,12.6,19530.0,23609.015,11877.1675,rt,2026-06-03,2026-06-02,2026-06-02 15:00:00,1,1,1_8,TimeMixer,516.964,468.28818583919303,409.8256210327148,0.0,0.0
2026-06-03 02:00:00,447.0,471.11,65746.605,11612.245,12.1,19530.0,21885.76,11624.345,rt,2026-06-03,2026-06-02,2026-06-02 15:00:00,2,2,1_8,TimeMixer,471.11,437.13122203120963,371.80270896911617,0.0,0.0
2026-06-03 03:00:00,440.0,429.557,63826.375,11316.245,11.9,19530.0,20261.73,11328.145,rt,2026-06-03,2026-06-02,2026-06-02 15:00:00,3,3,1_8,TimeMixer,429.557,430.5600074563195,358.4648009490967,0.0,-0.0
2026-06-03 04:00:00,445.5,434.58,62616.88,11012.2475,11.51,19530.0,19356.6225,11023.7575,rt,2026-06-03,2026-06-02,2026-06-02 15:00:00,4,4,1_8,TimeMixer,434.58,431.3866972536829,355.88176605224606,0.0,-0.0
2026-06-03 05:00:00,412.5,481.472,63182.1775,10712.045,33.535,19361.0,20369.0975,10745.58,rt,2026-06-03,2026-06-02,2026-06-02 15:00:00,5,5,1_8,TimeMixer,481.472,441.27162438411494,381.1331417388916,1.0,68.97199999999998
2026-06-03 06:00:00,413.2,478.715,64286.2975,10211.7125,927.8625,20823.75,19616.4725,11139.575,rt,2026-06-03,2026-06-02,2026-06-02 15:00:00,6,6,1_8,TimeMixer,478.715,398.98377412593624,327.4291268920898,0.0,0.0
2026-06-03 07:00:00,274.313,317.513,64883.6825,9345.2725,3496.25,24590.5,14748.91,12841.5225,rt,2026-06-03,2026-06-02,2026-06-02 15:00:00,7,7,1_8,TimeMixer,317.513,250.90272330898068,143.58293533325195,0.0,0.0
2026-06-03 08:00:00,232.64,389.433,66791.265,8350.29,7483.3125,24902.75,13410.9125,15833.6025,rt,2026-06-03,2026-06-02,2026-06-02 15:00:00,8,8,1_8,TimeMixer,389.433,283.88559752940915,124.98507628440856,1.0,156.793
2026-06-03 09:00:00,276.0,465.032,67746.0425,7668.73,11866.3,22662.25,12917.2625,19535.03,rt,2026-06-03,2026-06-02,2026-06-02 15:00:00,9,9,9_16,TimeMixer,465.032,298.3698683440759,127.0887375869751,1.0,189.03199999999998
2026-06-03 10:00:00,95.5,482.101,66591.725,7610.97,15498.96,21138.0,9712.295,23109.93,rt,2026-06-03,2026-06-02,2026-06-02 15:00:00,10,10,9_16,TimeMixer,482.101,285.0594613849237,135.63900389404296,1.0,386.601
2026-06-03 11:00:00,4.5,488.563,65908.635,7765.9325,18279.0975,19475.0,7757.105,26045.03,rt,2026-06-03,2026-06-02,2026-06-02 15:00:00,11,11,9_16,TimeMixer,488.563,324.06403626857536,162.67277374267576,1.0,484.063
2026-06-03 12:00:00,30.5,477.629,63208.0,8036.2975,20044.51,19176.0,3319.6925,28080.8075,rt,2026-06-03,2026-06-02,2026-06-02 15:00:00,12,12,9_16,TimeMixer,477.629,84.29067428397542,114.28582229614258,1.0,447.129
2026-06-03 13:00:00,8.5,388.951,58326.6325,8222.8175,20462.5875,19150.25,-2140.5225,28685.405,rt,2026-06-03,2026-06-02,2026-06-02 15:00:00,13,13,9_16,TimeMixer,388.951,83.28073219840414,123.04425720214843,1.0,380.451
2026-06-03 14:00:00,6.56,202.338,60841.9975,8442.3375,19219.1125,19319.75,1229.2975,27661.45,rt,2026-06-03,2026-06-02,2026-06-02 15:00:00,14,14,9_16,TimeMixer,202.338,131.34431838797934,104.86239756011963,1.0,195.778
2026-06-03 15:00:00,83.25,119.573,64340.6375,8702.0175,16530.975,19568.5,6907.645,25232.9925,rt,2026-06-03,2026-06-02,2026-06-02 15:00:00,15,15,9_16,TimeMixer,119.573,309.1037742135217,120.33758239746093,1.0,36.32299999999999
2026-06-03 16:00:00,300.0,42.106,69173.92,9225.59,12580.81,20752.0,13984.02,21806.4,rt,2026-06-03,2026-06-02,2026-06-02 15:00:00,16,16,9_16,TimeMixer,42.106,357.1158828307702,124.33371257781982,1.0,-257.894
2026-06-03 17:00:00,402.5,497.462,73973.2625,9860.7225,7867.675,23776.75,19764.115,17728.3975,rt,2026-06-03,2026-06-02,2026-06-02 15:00:00,17,17,17_24,TimeMixer,497.462,515.5053608881738,340.33679693222047,1.0,94.96199999999999
2026-06-03 18:00:00,502.0,572.353,77364.875,10333.8175,3488.9125,25360.75,25458.645,13822.73,rt,2026-06-03,2026-06-02,2026-06-02 15:00:00,18,18,17_24,TimeMixer,572.353,576.0651321350457,417.64230677795405,1.0,70.35299999999995
2026-06-03 19:00:00,524.0,536.775,79504.52,10824.125,822.3525,25323.75,29807.7925,11646.4775,rt,2026-06-03,2026-06-02,2026-06-02 15:00:00,19,19,17_24,TimeMixer,536.775,579.0529452662255,525.8634673461913,1.0,12.774999999999977
2026-06-03 20:00:00,520.0,531.978,80497.1675,11263.1075,28.535,24610.75,31868.275,11291.6425,rt,2026-06-03,2026-06-02,2026-06-02 15:00:00,20,20,17_24,TimeMixer,531.978,536.5189617698265,519.5511293334961,1.0,11.977999999999952
2026-06-03 21:00:00,527.0,539.882,79361.9475,11085.115,11.6,22984.25,32554.4825,11096.715,rt,2026-06-03,2026-06-02,2026-06-02 15:00:00,21,21,17_24,TimeMixer,539.882,528.9386328463341,538.7912353668213,1.0,12.881999999999948
2026-06-03 22:00:00,545.995,519.857,76176.1075,10720.945,12.6,21417.25,31298.8125,10733.545,rt,2026-06-03,2026-06-02,2026-06-02 15:00:00,22,22,17_24,TimeMixer,519.857,535.5703750751854,498.06237232971193,0.0,-0.0
2026-06-03 23:00:00,540.5,421.655,72177.335,10239.8025,13.0,19640.5,29557.5325,10252.8025,rt,2026-06-03,2026-06-02,2026-06-02 15:00:00,23,23,17_24,TimeMixer,421.655,535.7956182468965,488.7769776687622,0.0,-0.0
2026-06-04 00:00:00,540.5,414.112,70079.02,9437.9325,11.6,18387.75,29515.2375,9449.5325,rt,2026-06-04,2026-06-03,2026-06-03 15:00:00,0,24,17_24,TimeMixer,414.112,584.1994228332878,498.42195682525636,1.0,-126.38799999999998
2026-06-04 01:00:00,525.0,590.569,62988.9225,8087.0075,0.0,19536.0,22759.415,8087.0075,rt,2026-06-04,2026-06-03,2026-06-03 15:00:00,1,1,1_8,TimeMixer,590.569,594.2680525704125,493.6238647460937,1.0,65.56899999999996
2026-06-04 02:00:00,502.5,491.713,61130.3225,7359.6275,0.0,19535.5,21628.695,7359.6275,rt,2026-06-04,2026-06-03,2026-06-03 15:00:00,2,2,1_8,TimeMixer,491.713,554.7031444176843,468.5706508636474,1.0,-10.786999999999978
2026-06-04 03:00:00,457.5,629.895,59909.475,7012.0125,0.0,19534.75,20756.2125,7012.0125,rt,2026-06-04,2026-06-03,2026-06-03 15:00:00,3,3,1_8,TimeMixer,629.895,509.80540444820184,447.8666237354279,1.0,172.39499999999998
2026-06-04 04:00:00,450.0,490.96,59253.4825,7001.33,0.0125,19536.0,20109.64,7001.3425,rt,2026-06-04,2026-06-03,2026-06-03 15:00:00,4,4,1_8,TimeMixer,490.96,511.646195098684,445.83615723848345,1.0,40.95999999999998
2026-06-04 05:00:00,412.299,618.688,59260.61,7174.565,50.445,19402.25,20026.85,7225.01,rt,2026-06-04,2026-06-03,2026-06-03 15:00:00,5,5,1_8,TimeMixer,618.688,531.6836304723718,433.52580181503293,1.0,206.389
2026-06-04 06:00:00,430.75,575.907,60559.4025,7401.87,932.98,20760.25,18857.8025,8334.85,rt,2026-06-04,2026-06-03,2026-06-03 15:00:00,6,6,1_8,TimeMixer,575.907,509.18573274106757,418.691286605072,1.0,145.15700000000004
2026-06-04 07:00:00,329.61,378.624,60357.64,7411.75,3578.73,24238.5,12525.91,10990.48,rt,2026-06-04,2026-06-03,2026-06-03 15:00:00,7,7,1_8,TimeMixer,378.624,350.0314735653283,232.9166149909973,1.0,49.01400000000001
2026-06-04 08:00:00,255.5,429.017,62151.36,7396.1275,7697.1775,24670.0,9844.055,15093.305,rt,2026-06-04,2026-06-03,2026-06-03 15:00:00,8,8,1_8,TimeMixer,429.017,360.8902597658898,112.89817655944822,1.0,173.517
2026-06-04 09:00:00,136.0,626.057,61322.3575,7271.96,12271.7,22778.0,6469.1975,19543.66,rt,2026-06-04,2026-06-03,2026-06-03 15:00:00,9,9,9_16,TimeMixer,626.057,335.70039231715936,131.42087516784667,1.0,490.057
2026-06-04 10:00:00,0.0,441.169,58433.95,6897.08,16477.3575,21490.25,1037.7625,23374.4375,rt,2026-06-04,2026-06-03,2026-06-03 15:00:00,10,10,9_16,TimeMixer,441.169,108.56096405448326,14.498886871337888,1.0,441.169
2026-06-04 11:00:00,-67.948,329.402,56438.5,6543.4825,19781.835,19966.0,-2384.3175,26325.3175,rt,2026-06-04,2026-06-03,2026-06-03 15:00:00,11,11,9_16,TimeMixer,329.402,108.43000435965902,-70.87530746459962,1.0,397.34999999999997
2026-06-04 12:00:00,-44.5,-80.0,53094.375,6164.155,21758.7675,19744.0,-7104.0475,27922.9225,rt,2026-06-04,2026-06-03,2026-06-03 15:00:00,12,12,9_16,TimeMixer,-80.0,89.37264562430747,-55.88395767211914,1.0,-35.5
2026-06-04 13:00:00,-45.875,-80.0,47976.4725,5748.9225,22296.2225,19744.0,-12344.1725,28045.145,rt,2026-06-04,2026-06-03,2026-06-03 15:00:00,13,13,9_16,TimeMixer,-80.0,63.39459476127036,-72.9423583984375,1.0,-34.125
2026-06-04 14:00:00,-60.625,-80.0,49271.6375,5508.7425,21802.755,19842.75,-10414.11,27311.4975,rt,2026-06-04,2026-06-03,2026-06-03 15:00:00,14,14,9_16,TimeMixer,-80.0,21.040979289468595,-78.97756658935546,1.0,-19.375
2026-06-04 15:00:00,-69.5,-80.0,52433.545,5352.405,19844.7125,19982.5,-5277.5725,25197.1175,rt,2026-06-04,2026-06-03,2026-06-03 15:00:00,15,15,9_16,TimeMixer,-80.0,-23.233643922201317,0.8071777343749957,1.0,-10.5
2026-06-04 16:00:00,-29.95,-80.0,57612.3125,5311.5775,16082.4,21134.5,2552.335,21393.9775,rt,2026-06-04,2026-06-03,2026-06-03 15:00:00,16,16,9_16,TimeMixer,-80.0,-39.422744890218894,175.64940620422365,0.0,-0.0
2026-06-04 17:00:00,260.5,147.833,63189.3425,5280.6375,10809.815,23959.25,10535.64,16090.4525,rt,2026-06-04,2026-06-03,2026-06-03 15:00:00,17,17,17_24,TimeMixer,147.833,431.3304995829369,322.83472900390626,1.0,-112.667
2026-06-04 18:00:00,520.25,613.905,69110.315,5108.225,5133.285,25367.75,20878.305,10241.51,rt,2026-06-04,2026-06-03,2026-06-03 15:00:00,18,18,17_24,TimeMixer,613.905,565.7121593629051,468.30291316223145,1.0,93.65499999999997
2026-06-04 19:00:00,546.0,806.969,73030.935,5027.58,1270.625,25274.0,28832.23,6298.205,rt,2026-06-04,2026-06-03,2026-06-03 15:00:00,19,19,17_24,TimeMixer,806.969,592.9158802807976,524.0738022384643,1.0,260.96900000000005
2026-06-04 20:00:00,564.5,707.876,75885.3175,5355.4775,37.445,24354.0,33511.895,5392.9225,rt,2026-06-04,2026-06-03,2026-06-03 15:00:00,20,20,17_24,TimeMixer,707.876,585.0441267257288,541.6218630027771,1.0,143.37599999999998
2026-06-04 21:00:00,566.875,658.026,75159.125,5606.4525,0.0,22546.25,34379.9225,5606.4525,rt,2026-06-04,2026-06-03,2026-06-03 15:00:00,21,21,17_24,TimeMixer,658.026,609.5459331737497,547.0293796539306,1.0,91.15099999999995
2026-06-04 22:00:00,577.5,461.831,72706.57,5562.18,0.0,21144.5,33373.39,5562.18,rt,2026-06-04,2026-06-03,2026-06-03 15:00:00,22,22,17_24,TimeMixer,461.831,597.8385312798669,535.6061449737549,1.0,-115.66899999999998
2026-06-04 23:00:00,580.75,407.503,69290.5125,5601.6525,0.0,19839.0,31223.36,5601.6525,rt,2026-06-04,2026-06-03,2026-06-03 15:00:00,23,23,17_24,TimeMixer,407.503,584.7073140246179,547.0807830810547,1.0,-173.247
2026-06-05 00:00:00,582.5,620.44,66421.8975,5378.3475,0.0,18862.75,29554.3,5378.3475,rt,2026-06-05,2026-06-04,2026-06-04 15:00:00,0,24,17_24,TimeMixer,620.44,590.8377307787682,584.4715957641602,1.0,37.940000000000055
2026-06-05 01:00:00,622.5,728.717,63848.0025,4461.875,0.0,19980.0,26994.6275,4461.875,rt,2026-06-05,2026-06-04,2026-06-04 15:00:00,1,1,1_8,TimeMixer,728.717,636.3372573153283,573.2074508666992,1.0,106.21699999999998
2026-06-05 02:00:00,595.688,642.313,61811.5,4301.8675,0.0,19989.0,25109.1325,4301.8675,rt,2026-06-05,2026-06-04,2026-06-04 15:00:00,2,2,1_8,TimeMixer,642.313,574.643467026632,537.2972896575927,0.0,0.0
2026-06-05 03:00:00,580.5,611.88,60288.3775,4108.76,0.0,19998.75,23769.3675,4108.76,rt,2026-06-05,2026-06-04,2026-06-04 15:00:00,3,3,1_8,TimeMixer,611.88,612.9120597825981,508.925846862793,1.0,31.379999999999995
2026-06-05 04:00:00,569.5,534.406,59440.5,3912.095,0.01,20003.0,23113.895,3912.105,rt,2026-06-05,2026-06-04,2026-06-04 15:00:00,4,4,1_8,TimeMixer,534.406,555.4792626447656,498.1460437774658,0.0,-0.0
2026-06-05 05:00:00,573.5,575.279,60328.725,3688.425,39.69,19828.0,24361.11,3728.115,rt,2026-06-05,2026-06-04,2026-06-04 15:00:00,5,5,1_8,TimeMixer,575.279,628.5120653637291,471.0144086212158,1.0,1.7789999999999964
2026-06-05 06:00:00,546.375,510.598,61250.8325,3302.7825,1429.9175,21189.25,22917.3825,4732.7,rt,2026-06-05,2026-06-04,2026-06-04 15:00:00,6,6,1_8,TimeMixer,510.598,600.0175465291954,467.5606460571289,1.0,-35.77699999999999
2026-06-05 07:00:00,335.75,220.469,59688.3125,2709.5525,5525.7875,24632.25,14412.9725,8235.34,rt,2026-06-05,2026-06-04,2026-06-04 15:00:00,7,7,1_8,TimeMixer,220.469,439.05987387553955,315.07493745422363,1.0,-115.281
2026-06-05 08:00:00,85.0,593.325,59199.7475,2099.98,11389.0625,25368.5,7993.205,13489.0425,rt,2026-06-05,2026-06-04,2026-06-04 15:00:00,8,8,1_8,TimeMixer,593.325,400.8295285781457,153.47384643554685,1.0,508.32500000000005
2026-06-05 09:00:00,-23.25,528.983,57042.325,1740.8725,16726.8375,23869.0,2369.115,18467.71,rt,2026-06-05,2026-06-04,2026-06-04 15:00:00,9,9,9_16,TimeMixer,528.983,175.53624061576255,82.55271682739257,1.0,552.233
2026-06-05 10:00:00,-58.25,387.179,54282.65,1623.29,20863.6975,21998.5,-2517.5875,22486.9875,rt,2026-06-05,2026-06-04,2026-06-04 15:00:00,10,10,9_16,TimeMixer,387.179,89.89474530692465,-26.423062927246093,1.0,445.429
2026-06-05 11:00:00,-61.5,339.317,53478.99,1626.675,23247.6125,20594.0,-4275.7975,24874.2875,rt,2026-06-05,2026-06-04,2026-06-04 15:00:00,11,11,9_16,TimeMixer,339.317,42.121209334024265,-104.44287989501953,1.0,400.817
2026-06-05 12:00:00,-67.71,176.983,50758.3975,1679.905,24154.8625,20491.5,-7854.37,25834.7675,rt,2026-06-05,2026-06-04,2026-06-04 15:00:00,12,12,9_16,TimeMixer,176.983,-104.17620021309486,-77.92913970947265,0.0,0.0
2026-06-05 13:00:00,-61.0,-80.0,46332.1275,1744.5575,24015.1625,20507.0,-12245.0925,25759.72,rt,2026-06-05,2026-06-04,2026-06-04 15:00:00,13,13,9_16,TimeMixer,-80.0,-108.21928035347571,-81.20331091308594,0.0,-0.0
2026-06-05 14:00:00,-67.225,-80.0,48669.5925,1837.545,22832.8775,20566.75,-8904.08,24670.4225,rt,2026-06-05,2026-06-04,2026-06-04 15:00:00,14,14,9_16,TimeMixer,-80.0,-55.77535446785561,-82.71129754638673,1.0,-12.775000000000006
2026-06-05 15:00:00,-61.0,-58.766,52859.7875,1937.3175,20203.3075,20619.0,-2236.3375,22140.625,rt,2026-06-05,2026-06-04,2026-06-04 15:00:00,15,15,9_16,TimeMixer,-58.766,-55.384618223348774,-29.872543487548818,1.0,2.2340000000000018
2026-06-05 16:00:00,-29.625,504.02,58183.4675,2118.115,15962.155,21741.75,6024.9475,18080.27,rt,2026-06-05,2026-06-04,2026-06-04 15:00:00,16,16,9_16,TimeMixer,504.02,182.64015754848265,3.431878356933595,1.0,533.645
2026-06-05 17:00:00,356.04,526.577,64207.0975,2404.535,10415.3,24564.75,14413.5125,12819.835,rt,2026-06-05,2026-06-04,2026-06-04 15:00:00,17,17,17_24,TimeMixer,526.577,358.3718703992822,268.5891073608398,1.0,170.53699999999998
2026-06-05 18:00:00,538.35,641.0,69806.655,2881.645,4771.4175,25939.5,23786.3425,7653.0625,rt,2026-06-05,2026-06-04,2026-06-04 15:00:00,18,18,17_24,TimeMixer,641.0,579.8206470352532,473.5079309844971,1.0,102.64999999999998
2026-06-05 19:00:00,565.0,559.647,73387.1575,3715.325,1148.3575,25894.5,30197.475,4863.6825,rt,2026-06-05,2026-06-04,2026-06-04 15:00:00,19,19,17_24,TimeMixer,559.647,663.4427687355019,530.9116386413574,1.0,-5.352999999999952
2026-06-05 20:00:00,570.0,550.782,76105.3175,4999.5325,23.8675,24988.25,33662.1675,5023.4,rt,2026-06-05,2026-06-04,2026-06-04 15:00:00,20,20,17_24,TimeMixer,550.782,618.4738541076257,556.7338491201401,1.0,-19.21799999999996
2026-06-05 21:00:00,565.0,544.16,75732.825,6195.1875,0.0,23040.25,34065.8875,6195.1875,rt,2026-06-05,2026-06-04,2026-06-04 15:00:00,21,21,17_24,TimeMixer,544.16,631.2508561251427,537.261962890625,1.0,-20.840000000000032
2026-06-05 22:00:00,577.5,535.078,73232.8875,7070.7475,0.0,21691.25,32039.39,7070.7475,rt,2026-06-05,2026-06-04,2026-06-04 15:00:00,22,22,17_24,TimeMixer,535.078,521.8870908068444,529.7035613250732,0.0,-0.0
2026-06-05 23:00:00,550.0,546.457,69444.87,7740.935,0.0,20079.0,29193.435,7740.935,rt,2026-06-05,2026-06-04,2026-06-04 15:00:00,23,23,17_24,TimeMixer,546.457,522.3854515899254,546.9399369812012,0.0,-0.0
2026-06-06 00:00:00,550.0,660.329,67732.7375,7927.545,0.0,18537.5,28836.1925,7927.545,rt,2026-06-06,2026-06-05,2026-06-05 15:00:00,0,24,17_24,TimeMixer,660.329,581.0266579400231,512.4188919067383,1.0,110.32899999999995
2026-06-06 01:00:00,410.0,453.545,61442.71,9294.1,0.0,19771.0,19766.11,9294.1,rt,2026-06-06,2026-06-05,2026-06-05 15:00:00,1,1,1_8,TimeMixer,453.545,663.3349277938439,585.7599636840821,1.0,43.545000000000016
2026-06-06 02:00:00,399.5,415.271,59437.7875,8871.665,0.0,19771.0,18183.6225,8871.665,rt,2026-06-06,2026-06-05,2026-06-05 15:00:00,2,2,1_8,TimeMixer,415.271,613.7410827831627,578.4741136291505,1.0,15.771000000000015
2026-06-06 03:00:00,399.0,404.75,58407.5925,8456.46,0.0,19809.25,17530.3825,8456.46,rt,2026-06-06,2026-06-05,2026-06-05 15:00:00,3,3,1_8,TimeMixer,404.75,577.4498627596643,558.6724318504333,1.0,5.75
2026-06-06 04:00:00,389.5,410.307,57395.16,8180.5925,0.01,19813.25,16789.8075,8180.6025,rt,2026-06-06,2026-06-05,2026-06-05 15:00:00,4,4,1_8,TimeMixer,410.307,549.0686893828943,529.0369136810302,1.0,20.807000000000016
2026-06-06 05:00:00,399.5,406.147,58188.72,8127.8975,20.0825,19561.0,17868.24,8147.98,rt,2026-06-06,2026-06-05,2026-06-05 15:00:00,5,5,1_8,TimeMixer,406.147,565.5406349724938,556.3688057899475,1.0,6.646999999999991
2026-06-06 06:00:00,399.5,401.272,59496.495,7899.8525,411.12,20757.75,17816.2725,8310.9725,rt,2026-06-06,2026-06-05,2026-06-05 15:00:00,6,6,1_8,TimeMixer,401.272,488.46667718471303,498.41221084594724,1.0,1.7719999999999914
2026-06-06 07:00:00,372.5,403.41,61845.96,7583.525,1347.505,24275.25,16031.93,8931.03,rt,2026-06-06,2026-06-05,2026-06-05 15:00:00,7,7,1_8,TimeMixer,403.41,313.01735139735956,245.00960617065425,0.0,0.0
2026-06-06 08:00:00,400.0,523.909,67201.5475,7262.5775,2718.2925,24776.75,19894.9275,9980.87,rt,2026-06-06,2026-06-05,2026-06-05 15:00:00,8,8,1_8,TimeMixer,523.909,498.4216181600549,148.22620895385742,1.0,123.90899999999999
2026-06-06 09:00:00,420.0,610.56,70356.865,6956.9525,4183.2,22833.25,23846.9625,11140.1525,rt,2026-06-06,2026-06-05,2026-06-05 15:00:00,9,9,9_16,TimeMixer,610.56,490.72629223659294,77.05074768066406,1.0,190.55999999999995
2026-06-06 10:00:00,430.22,662.967,71271.3375,6660.0625,5345.555,21288.0,25441.22,12005.6175,rt,2026-06-06,2026-06-05,2026-06-05 15:00:00,10,10,9_16,TimeMixer,662.967,434.640557762716,68.37955780029297,1.0,232.74699999999996
2026-06-06 11:00:00,420.0,551.464,72871.7025,6810.5125,6154.5425,19802.5,27567.6475,12965.055,rt,2026-06-06,2026-06-05,2026-06-05 15:00:00,11,11,9_16,TimeMixer,551.464,439.127043153341,107.03239440917969,1.0,131.46400000000006
2026-06-06 12:00:00,415.0,431.376,71573.4,7255.5825,6662.7025,19638.75,25479.865,13918.285,rt,2026-06-06,2026-06-05,2026-06-05 15:00:00,12,12,9_16,TimeMixer,431.376,368.20345870998165,33.77033178710938,0.0,0.0
2026-06-06 13:00:00,395.0,27.266,66236.18,7985.35,6715.185,19638.0,19361.145,14700.535,rt,2026-06-06,2026-06-05,2026-06-05 15:00:00,13,13,9_16,TimeMixer,27.266,264.1832970742395,110.24222412109376,0.0,-0.0
2026-06-06 14:00:00,400.0,345.015,68374.945,8768.2375,6347.1675,19732.0,20991.04,15115.405,rt,2026-06-06,2026-06-05,2026-06-05 15:00:00,14,14,9_16,TimeMixer,345.015,251.3385277871301,64.11596588134766,0.0,-0.0
2026-06-06 15:00:00,407.5,345.259,70263.3075,9554.75,5495.96,19864.0,22812.0975,15050.71,rt,2026-06-06,2026-06-05,2026-06-05 15:00:00,15,15,9_16,TimeMixer,345.259,232.20084923000118,34.164923095703124,0.0,-0.0
2026-06-06 16:00:00,420.1,369.377,71748.23,10336.97,4307.545,21007.5,23559.715,14644.515,rt,2026-06-06,2026-06-05,2026-06-05 15:00:00,16,16,9_16,TimeMixer,369.377,419.2742589962413,63.496116638183594,0.0,-0.0
2026-06-06 17:00:00,407.5,339.255,71360.4175,10886.4925,2861.5425,23870.75,21132.6325,13748.035,rt,2026-06-06,2026-06-05,2026-06-05 15:00:00,17,17,17_24,TimeMixer,339.255,461.4984034898354,301.1399857749939,1.0,-68.245
2026-06-06 18:00:00,401.125,339.494,72059.25,11085.44,1428.29,25367.25,21550.52,12513.73,rt,2026-06-06,2026-06-05,2026-06-05 15:00:00,18,18,17_24,TimeMixer,339.494,585.9397448488976,485.1659321136474,1.0,-61.63099999999997
2026-06-06 19:00:00,418.875,317.718,70964.2525,11037.105,419.1975,25263.0,21613.45,11456.3025,rt,2026-06-06,2026-06-05,2026-06-05 15:00:00,19,19,17_24,TimeMixer,317.718,560.578738132589,555.147142291069,1.0,-101.15699999999998
2026-06-06 20:00:00,440.0,394.174,71573.9075,10906.305,19.78,24336.75,23679.5725,10926.085,rt,2026-06-06,2026-06-05,2026-06-05 15:00:00,20,20,17_24,TimeMixer,394.174,519.1126599196984,555.3208335876465,1.0,-45.82600000000002
2026-06-06 21:00:00,450.0,407.275,71004.08,10640.925,0.0,22545.75,25185.905,10640.925,rt,2026-06-06,2026-06-05,2026-06-05 15:00:00,21,21,17_24,TimeMixer,407.275,504.5679712746788,559.9627108001708,1.0,-42.72500000000002
2026-06-06 22:00:00,444.875,403.961,68890.3775,10036.7075,0.0,21190.0,25032.17,10036.7075,rt,2026-06-06,2026-06-05,2026-06-05 15:00:00,22,22,17_24,TimeMixer,403.961,532.4946633047082,544.1546905517578,1.0,-40.91399999999999
2026-06-06 23:00:00,437.75,388.058,65807.78,9364.115,0.0,19791.75,24020.415,9364.115,rt,2026-06-06,2026-06-05,2026-06-05 15:00:00,23,23,17_24,TimeMixer,388.058,527.9362362173058,554.5658788204194,1.0,-49.69200000000001
2026-06-07 00:00:00,438.5,391.829,64516.3675,8814.745,0.0,18545.0,24525.1225,8814.745,rt,2026-06-07,2026-06-06,2026-06-06 15:00:00,0,24,17_24,TimeMixer,391.829,601.6427828250481,561.733678817749,1.0,-46.67099999999999
2026-06-07 01:00:00,558.5,504.699,62836.13,8798.6925,0.0,19622.25,21753.6875,8798.6925,rt,2026-06-07,2026-06-06,2026-06-06 15:00:00,1,1,1_8,TimeMixer,504.699,523.0955848397424,452.0120262145996,0.0,-0.0
2026-06-07 02:00:00,522.5,450.695,61367.2175,8649.88,0.0,19622.75,20433.0875,8649.88,rt,2026-06-07,2026-06-06,2026-06-06 15:00:00,2,2,1_8,TimeMixer,450.695,442.3490911291864,428.6317626953125,0.0,-0.0
2026-06-07 03:00:00,522.0,409.898,60138.8975,8529.58,0.0,19623.0,19324.8175,8529.58,rt,2026-06-07,2026-06-06,2026-06-06 15:00:00,3,3,1_8,TimeMixer,409.898,420.05152516658563,409.209916267395,0.0,-0.0
2026-06-07 04:00:00,491.5,391.717,59404.03,8413.7975,0.01,19623.0,18705.7225,8413.8075,rt,2026-06-07,2026-06-06,2026-06-06 15:00:00,4,4,1_8,TimeMixer,391.717,414.4123052387597,402.5167469024658,0.0,-0.0
2026-06-07 05:00:00,502.5,422.348,59626.56,8205.195,30.685,19454.0,19275.18,8235.88,rt,2026-06-07,2026-06-06,2026-06-06 15:00:00,5,5,1_8,TimeMixer,422.348,442.92506504939814,400.609397315979,0.0,-0.0
2026-06-07 06:00:00,477.5,409.033,60065.785,7693.0125,1018.7375,20779.25,17913.285,8711.75,rt,2026-06-07,2026-06-06,2026-06-06 15:00:00,6,6,1_8,TimeMixer,409.033,418.1885300965478,401.09024391174313,0.0,-0.0
2026-06-07 07:00:00,374.5,-14.36,60091.09,6817.5725,3929.475,24308.0,12378.2925,10747.0475,rt,2026-06-07,2026-06-06,2026-06-06 15:00:00,7,7,1_8,TimeMixer,-14.36,384.7938970324304,278.9000717353821,1.0,-388.86
2026-06-07 08:00:00,344.0,146.327,62697.8875,5860.7925,8387.0575,24720.25,11130.7875,14247.85,rt,2026-06-07,2026-06-06,2026-06-06 15:00:00,8,8,1_8,TimeMixer,146.327,442.405236807821,206.39725231933596,1.0,-197.673
2026-06-07 09:00:00,150.0,-25.442,61101.2075,5037.4825,13019.755,22707.0,7750.47,18057.2375,rt,2026-06-07,2026-06-06,2026-06-06 15:00:00,9,9,9_16,TimeMixer,-25.442,413.37856489528434,190.07910165405275,1.0,-175.442
2026-06-07 10:00:00,72.42,-80.0,58220.86,4385.9575,16763.6075,21299.5,3185.295,21149.565,rt,2026-06-07,2026-06-06,2026-06-06 15:00:00,10,10,9_16,TimeMixer,-80.0,166.9563462725008,164.16890338134766,1.0,-152.42000000000002
2026-06-07 11:00:00,-30.0,-80.0,56250.48,3915.395,19275.5725,19801.0,672.0125,23190.9675,rt,2026-06-07,2026-06-06,2026-06-06 15:00:00,11,11,9_16,TimeMixer,-80.0,107.2658224309481,83.56345771484376,1.0,-50.0
2026-06-07 12:00:00,-30.0,-80.0,52225.7825,3564.97,20558.875,19629.75,-4114.3125,24123.845,rt,2026-06-07,2026-06-06,2026-06-06 15:00:00,12,12,9_16,TimeMixer,-80.0,86.01382001273515,105.63734436035156,1.0,-50.0
2026-06-07 13:00:00,-30.0,-80.0,47741.2525,3280.175,20684.5075,19629.25,-8439.18,23964.6825,rt,2026-06-07,2026-06-06,2026-06-06 15:00:00,13,13,9_16,TimeMixer,-80.0,-103.89713677071205,90.59263610839844,0.0,-0.0
2026-06-07 14:00:00,-30.0,-75.965,49306.21,3141.3725,19858.425,19727.75,-6007.8375,22999.7975,rt,2026-06-07,2026-06-06,2026-06-06 15:00:00,14,14,9_16,TimeMixer,-75.965,62.534359036172695,82.05086357421874,1.0,-45.965
2026-06-07 15:00:00,86.5,-71.22,51954.5875,2969.6325,17669.7875,19867.0,-1138.3325,20639.42,rt,2026-06-07,2026-06-06,2026-06-06 15:00:00,15,15,9_16,TimeMixer,-71.22,63.835316760782085,152.51073828125,0.0,-0.0
2026-06-07 16:00:00,153.875,-77.837,54997.11,2695.295,14166.6625,21018.25,4530.4025,16861.9575,rt,2026-06-07,2026-06-06,2026-06-06 15:00:00,16,16,9_16,TimeMixer,-77.837,308.0828774612024,197.24935852050783,1.0,-231.712
2026-06-07 17:00:00,400.0,-14.331,57925.705,2436.5825,9559.5575,23887.25,9383.315,11996.14,rt,2026-06-07,2026-06-06,2026-06-06 15:00:00,17,17,17_24,TimeMixer,-14.331,361.36428070857784,275.6169345092773,0.0,-0.0
2026-06-07 18:00:00,567.625,532.432,63446.93,2183.25,4553.175,25368.0,18664.755,6736.425,rt,2026-06-07,2026-06-06,2026-06-06 15:00:00,18,18,17_24,TimeMixer,532.432,408.5090250295617,340.0782234191894,0.0,-0.0
2026-06-07 19:00:00,605.411,610.594,67384.0075,1940.47,1156.655,25263.5,26341.8825,3097.125,rt,2026-06-07,2026-06-06,2026-06-06 15:00:00,19,19,17_24,TimeMixer,610.594,460.58134285934227,407.0182262420654,0.0,0.0
2026-06-07 20:00:00,622.963,610.459,70315.4675,1831.1,34.8225,24336.0,31432.045,1865.9225,rt,2026-06-07,2026-06-06,2026-06-06 15:00:00,20,20,17_24,TimeMixer,610.459,470.1542350416162,434.1146333694458,0.0,-0.0
2026-06-07 21:00:00,626.5,605.416,70027.95,1766.7,0.0,22546.0,33033.75,1766.7,rt,2026-06-07,2026-06-06,2026-06-06 15:00:00,21,21,17_24,TimeMixer,605.416,493.8946708649804,426.84812141418456,0.0,-0.0
2026-06-07 22:00:00,565.878,598.833,67787.225,1764.815,0.0,21176.5,32164.41,1764.815,rt,2026-06-07,2026-06-06,2026-06-06 15:00:00,22,22,17_24,TimeMixer,598.833,503.5107379481103,422.3043411254883,0.0,0.0
2026-06-07 23:00:00,602.5,607.958,64652.92,1870.3375,0.0,19733.5,30367.5825,1870.3375,rt,2026-06-07,2026-06-06,2026-06-06 15:00:00,23,23,17_24,TimeMixer,607.958,506.3761511056115,421.1842956542969,0.0,0.0
2026-06-08 00:00:00,620.0,629.224,63469.6675,2087.3,0.0,18657.75,30043.1175,2087.3,rt,2026-06-08,2026-06-07,2026-06-07 15:00:00,0,24,17_24,TimeMixer,629.224,371.85868906554145,469.60521316528315,0.0,0.0
2026-06-08 01:00:00,620.68,653.026,60704.2275,2444.2375,0.0,20141.5,25556.99,2444.2375,rt,2026-06-08,2026-06-07,2026-06-07 15:00:00,1,1,1_8,TimeMixer,653.026,410.7527488285677,503.3270631790161,0.0,0.0
2026-06-08 02:00:00,564.625,617.422,59210.0575,2735.0,0.0,20148.0,23765.5575,2735.0,rt,2026-06-08,2026-06-07,2026-06-07 15:00:00,2,2,1_8,TimeMixer,617.422,374.1259524609049,478.0914278717041,0.0,0.0
2026-06-08 03:00:00,561.0,604.53,58043.8775,2936.7525,0.0,20148.25,22397.375,2936.7525,rt,2026-06-08,2026-06-07,2026-06-07 15:00:00,3,3,1_8,TimeMixer,604.53,361.0914806060755,479.19158992767336,0.0,0.0
2026-06-08 04:00:00,522.0,598.25,57442.5475,3006.135,0.015,20149.75,21725.1475,3006.15,rt,2026-06-08,2026-06-07,2026-06-07 15:00:00,4,4,1_8,TimeMixer,598.25,351.0578921603504,469.6323498077392,0.0,0.0
2026-06-08 05:00:00,545.938,602.269,58360.9925,3023.26,45.395,19972.0,22758.8375,3068.655,rt,2026-06-08,2026-06-07,2026-06-07 15:00:00,5,5,1_8,TimeMixer,602.269,384.230829609009,458.4054955840111,0.0,0.0
2026-06-08 06:00:00,528.5,534.411,60027.6025,2948.9275,1435.2925,21122.0,21959.8825,4384.22,rt,2026-06-08,2026-06-07,2026-06-07 15:00:00,6,6,1_8,TimeMixer,534.411,369.48038972434426,439.6479419708252,0.0,0.0
2026-06-08 07:00:00,330.625,365.882,58140.17,2713.395,5401.895,24463.0,13004.13,8115.29,rt,2026-06-08,2026-06-07,2026-06-07 15:00:00,7,7,1_8,TimeMixer,365.882,189.90829646498287,311.6696473121643,0.0,0.0
2026-06-08 08:00:00,89.0,286.532,58919.475,2298.0825,11204.38,24897.25,8020.7625,13502.4625,rt,2026-06-08,2026-06-07,2026-06-07 15:00:00,8,8,1_8,TimeMixer,286.532,232.0291927408658,176.9529022216797,1.0,197.53199999999998
2026-06-08 09:00:00,0.0,3.82,55293.255,1865.0375,16731.4725,22765.25,1444.995,18596.51,rt,2026-06-08,2026-06-07,2026-06-07 15:00:00,9,9,9_16,TimeMixer,3.82,-8.31416235113367,58.12846832275392,0.0,0.0
2026-06-08 10:00:00,-20.0,-80.0,51704.4875,1664.89,20835.5225,21412.75,-4695.175,22500.4125,rt,2026-06-08,2026-06-07,2026-06-07 15:00:00,10,10,9_16,TimeMixer,-80.0,-77.23988505409349,-57.96966442871094,0.0,-0.0
2026-06-08 11:00:00,-55.5,-80.0,50494.87,1713.115,23133.165,19720.25,-6558.16,24846.28,rt,2026-06-08,2026-06-07,2026-06-07 15:00:00,11,11,9_16,TimeMixer,-80.0,-69.17960785607548,-182.48856506347659,0.0,-0.0
2026-06-08 12:00:00,-67.97,-80.0,47895.285,1822.4275,23994.7125,19483.75,-9892.105,25817.14,rt,2026-06-08,2026-06-07,2026-06-07 15:00:00,12,12,9_16,TimeMixer,-80.0,-63.38563545952525,-138.81865844726565,1.0,-12.030000000000001
2026-06-08 13:00:00,-67.5,-80.0,42394.8325,1994.9075,23823.41,19483.75,-15393.735,25818.3175,rt,2026-06-08,2026-06-07,2026-06-07 15:00:00,13,13,9_16,TimeMixer,-80.0,-72.47002104705292,-181.4121856689453,0.0,-0.0
2026-06-08 14:00:00,-58.0,-61.962,45100.3975,2274.765,22621.885,19585.75,-11868.5025,24896.65,rt,2026-06-08,2026-06-07,2026-06-07 15:00:00,14,14,9_16,TimeMixer,-61.962,-42.2583868389581,-171.6933166503906,1.0,-3.9620000000000033
2026-06-08 15:00:00,-59.5,-80.0,49364.405,2684.75,20015.735,19724.5,-5547.08,22700.485,rt,2026-06-08,2026-06-07,2026-06-07 15:00:00,15,15,9_16,TimeMixer,-80.0,-31.419832544441935,17.34488922119141,1.0,-20.5
2026-06-08 16:00:00,-23.0,-80.0,54487.8775,3271.1525,15962.97,20865.0,1902.255,19234.1225,rt,2026-06-08,2026-06-07,2026-06-07 15:00:00,16,16,9_16,TimeMixer,-80.0,-13.804205012522452,87.55119689941407,1.0,-57.0
2026-06-08 17:00:00,207.48,42.516,59653.61,4119.01,10657.3475,23808.75,8509.5025,14776.3575,rt,2026-06-08,2026-06-07,2026-06-07 15:00:00,17,17,17_24,TimeMixer,42.516,209.31107542567443,344.8411961364746,1.0,-164.964
2026-06-08 18:00:00,453.5,416.322,65611.1875,5268.13,5030.135,25266.0,17469.1725,10298.265,rt,2026-06-08,2026-06-07,2026-06-07 15:00:00,18,18,17_24,TimeMixer,416.322,442.73225956712906,471.85013351440426,0.0,-0.0
2026-06-08 19:00:00,516.5,380.919,69715.065,7057.53,1247.2375,25141.75,23687.0475,8304.7675,rt,2026-06-08,2026-06-07,2026-06-07 15:00:00,19,19,17_24,TimeMixer,380.919,459.60241210007695,523.1344720397949,0.0,-0.0
2026-06-08 20:00:00,539.625,356.748,72193.39,9419.83,34.1725,24312.25,25845.6375,9454.0025,rt,2026-06-08,2026-06-07,2026-06-07 15:00:00,20,20,17_24,TimeMixer,356.748,456.30454341356864,560.1978765609741,0.0,-0.0
2026-06-08 21:00:00,494.375,361.484,71245.7075,11969.7675,0.0,22530.25,24164.19,11969.7675,rt,2026-06-08,2026-06-07,2026-06-07 15:00:00,21,21,17_24,TimeMixer,361.484,473.06434977477295,551.4932641983032,0.0,-0.0
2026-06-08 22:00:00,414.952,360.372,68974.7925,14116.405,0.0,21374.75,20902.1375,14116.405,rt,2026-06-08,2026-06-07,2026-06-07 15:00:00,22,22,17_24,TimeMixer,360.372,454.366800717731,493.3388925903321,1.0,-54.579999999999984
2026-06-08 23:00:00,400.0,441.182,65826.54,15677.065,0.0,20282.75,17285.225,15677.065,rt,2026-06-08,2026-06-07,2026-06-07 15:00:00,23,23,17_24,TimeMixer,441.182,468.56104443220573,521.4082096099853,1.0,41.182000000000016
2026-06-09 00:00:00,400.0,554.691,64667.9225,16319.9675,0.0,19057.25,16709.205,16319.9675,rt,2026-06-09,2026-06-08,2026-06-08 15:00:00,0,24,17_24,TimeMixer,554.691,428.10304342108174,531.9469264745712,1.0,154.69100000000003
2026-06-09 01:00:00,460.5,591.5,62387.735,16451.09,0.0,20202.0,13123.145,16451.09,rt,2026-06-09,2026-06-08,2026-06-08 15:00:00,1,1,1_8,TimeMixer,591.5,436.06016581327947,525.9617433624267,0.0,0.0
2026-06-09 02:00:00,415.87,553.321,60742.6725,15722.465,0.0,20194.5,12214.2075,15722.465,rt,2026-06-09,2026-06-08,2026-06-08 15:00:00,2,2,1_8,TimeMixer,553.321,406.56940876747217,485.0596662521362,0.0,0.0
2026-06-09 03:00:00,390.0,476.478,59396.71,14448.075,0.0,20185.5,12151.635,14448.075,rt,2026-06-09,2026-06-08,2026-06-08 15:00:00,3,3,1_8,TimeMixer,476.478,383.4441558502848,477.7050418853759,0.0,0.0
2026-06-09 04:00:00,382.5,485.233,58708.76,12741.07,0.01,20186.5,13169.68,12741.08,rt,2026-06-09,2026-06-08,2026-06-08 15:00:00,4,4,1_8,TimeMixer,485.233,383.91073329996163,458.3815084457397,1.0,102.733
2026-06-09 05:00:00,451.0,503.697,59430.375,10984.3725,36.3675,20011.0,15787.135,11020.74,rt,2026-06-09,2026-06-08,2026-06-08 15:00:00,5,5,1_8,TimeMixer,503.697,409.3362864430283,466.02210068969725,0.0,0.0
2026-06-09 06:00:00,465.5,545.959,60544.5125,9131.6525,1246.63,21160.75,16393.98,10378.2825,rt,2026-06-09,2026-06-08,2026-06-08 15:00:00,6,6,1_8,TimeMixer,545.959,371.5420062004637,441.45170707702636,0.0,0.0
2026-06-09 07:00:00,155.013,257.315,59321.2425,7158.08,4824.26,24493.75,10237.4025,11982.34,rt,2026-06-09,2026-06-08,2026-06-08 15:00:00,7,7,1_8,TimeMixer,257.315,249.68047634795488,234.89506759643552,1.0,102.30199999999999
2026-06-09 08:00:00,81.575,487.812,58054.0625,5117.7675,10218.71,24930.75,5237.835,15336.4775,rt,2026-06-09,2026-06-08,2026-06-08 15:00:00,8,8,1_8,TimeMixer,487.812,237.69412896603708,17.701368713378912,1.0,406.237
2026-06-09 09:00:00,-50.0,693.203,54774.4525,3953.305,15617.9025,22795.5,-128.755,19571.2075,rt,2026-06-09,2026-06-08,2026-06-08 15:00:00,9,9,9_16,TimeMixer,693.203,-45.31789993289415,-61.533843994140625,1.0,743.203
2026-06-09 10:00:00,-58.375,607.347,51389.4025,3857.91,19823.4675,21455.0,-6283.475,23681.3775,rt,2026-06-09,2026-06-08,2026-06-08 15:00:00,10,10,9_16,TimeMixer,607.347,-94.79666362592592,-119.54028918457031,0.0,0.0
2026-06-09 11:00:00,-75.0,854.199,50745.28,4277.44,22311.0075,19813.75,-8193.4175,26588.4475,rt,2026-06-09,2026-06-08,2026-06-08 15:00:00,11,11,9_16,TimeMixer,854.199,-96.3556301515769,-177.56575622558594,0.0,0.0
2026-06-09 12:00:00,-74.135,471.302,48250.6925,4804.335,23138.845,19638.75,-11867.7375,27943.18,rt,2026-06-09,2026-06-08,2026-06-08 15:00:00,12,12,9_16,TimeMixer,471.302,-94.37824444662914,-166.72500842285154,0.0,0.0
2026-06-09 13:00:00,-72.97,199.803,42222.255,5256.2775,22835.5775,19637.75,-18043.85,28091.855,rt,2026-06-09,2026-06-08,2026-06-08 15:00:00,13,13,9_16,TimeMixer,199.803,-93.67184904596559,-207.6884338378906,0.0,0.0
2026-06-09 14:00:00,-60.0,436.582,45365.7075,5629.9825,21590.04,19739.75,-14130.565,27220.0225,rt,2026-06-09,2026-06-08,2026-06-08 15:00:00,14,14,9_16,TimeMixer,436.582,-62.32201280269274,-213.93599548339844,0.0,0.0
2026-06-09 15:00:00,10.0,296.094,49769.7,5763.5275,19041.895,19880.0,-7452.2225,24805.4225,rt,2026-06-09,2026-06-08,2026-06-08 15:00:00,15,15,9_16,TimeMixer,296.094,-56.30039671625167,-89.75789184570311,0.0,0.0
2026-06-09 16:00:00,10.0,380.763,54973.5075,5791.035,15137.5925,21021.0,487.38,20928.6275,rt,2026-06-09,2026-06-08,2026-06-08 15:00:00,16,16,9_16,TimeMixer,380.763,-18.752809281780788,-32.072671508789064,0.0,0.0
2026-06-09 17:00:00,297.33,414.096,60285.98,5637.86,10189.1925,23920.5,7929.4275,15827.0525,rt,2026-06-09,2026-06-08,2026-06-08 15:00:00,17,17,17_24,TimeMixer,414.096,254.39696027273703,218.11687091064454,0.0,0.0
2026-06-09 18:00:00,533.15,643.319,65902.16,5151.5625,4853.3075,25312.25,17957.29,10004.87,rt,2026-06-09,2026-06-08,2026-06-08 15:00:00,18,18,17_24,TimeMixer,643.319,419.68282251267345,420.964107131958,0.0,0.0
2026-06-09 19:00:00,599.0,717.189,70190.3275,4673.125,1222.12,25174.25,26489.3325,5895.245,rt,2026-06-09,2026-06-08,2026-06-08 15:00:00,19,19,17_24,TimeMixer,717.189,391.9347892379512,473.2521124267578,0.0,0.0
2026-06-09 20:00:00,605.125,702.837,72826.405,4487.6675,34.695,24336.75,31335.7925,4522.3625,rt,2026-06-09,2026-06-08,2026-06-08 15:00:00,20,20,17_24,TimeMixer,702.837,376.3378542578344,513.1494888305664,0.0,0.0
2026-06-09 21:00:00,598.0,685.563,72039.78,4396.0125,0.0,22545.75,32466.5175,4396.0125,rt,2026-06-09,2026-06-08,2026-06-08 15:00:00,21,21,17_24,TimeMixer,685.563,378.46436447556175,500.22898826599123,0.0,0.0
2026-06-09 22:00:00,582.25,685.237,69301.1125,4188.7575,0.0,21376.75,31104.105,4188.7575,rt,2026-06-09,2026-06-08,2026-06-08 15:00:00,22,22,17_24,TimeMixer,685.237,369.22418063351677,437.39186707611077,0.0,0.0
2026-06-09 23:00:00,600.0,654.943,65700.8,4112.765,0.0,20290.75,28665.785,4112.765,rt,2026-06-09,2026-06-08,2026-06-08 15:00:00,23,23,17_24,TimeMixer,654.943,414.97562146920353,435.4239817380905,0.0,0.0
2026-06-10 00:00:00,598.0,677.948,64288.0975,3875.3,0.0,19073.0,28708.2975,3875.3,rt,2026-06-10,2026-06-09,2026-06-09 15:00:00,0,24,17_24,TimeMixer,677.948,459.29255775367795,458.5160217285156,0.0,0.0
2026-06-10 01:00:00,617.5,731.144,62688.37,3024.1475,0.0,20185.0,26817.7225,3024.1475,rt,2026-06-10,2026-06-09,2026-06-09 15:00:00,1,1,1_8,TimeMixer,731.144,458.91147098342446,484.59851989746096,0.0,0.0
2026-06-10 02:00:00,600.5,712.19,61234.5925,2718.0575,0.0,20184.75,25670.285,2718.0575,rt,2026-06-10,2026-06-09,2026-06-09 15:00:00,2,2,1_8,TimeMixer,712.19,424.01347221612656,436.8966907958984,0.0,0.0
2026-06-10 03:00:00,600.0,712.828,59929.92,2566.8075,0.0,20184.25,24517.3625,2566.8075,rt,2026-06-10,2026-06-09,2026-06-09 15:00:00,3,3,1_8,TimeMixer,712.828,381.1968988739259,422.89966761779783,0.0,0.0
2026-06-10 04:00:00,600.0,715.502,59159.525,2596.8325,0.015,20185.25,23715.9275,2596.8475,rt,2026-06-10,2026-06-09,2026-06-09 15:00:00,4,4,1_8,TimeMixer,715.502,389.688960531963,422.43572955322264,0.0,0.0
2026-06-10 05:00:00,600.0,723.078,59729.92,2803.29,35.995,20015.75,24213.385,2839.285,rt,2026-06-10,2026-06-09,2026-06-09 15:00:00,5,5,1_8,TimeMixer,723.078,415.2890997326659,446.9185269622802,0.0,0.0
2026-06-10 06:00:00,545.0,648.129,60537.4075,2960.3825,1347.7775,21417.25,22150.4975,4308.16,rt,2026-06-10,2026-06-09,2026-06-09 15:00:00,6,6,1_8,TimeMixer,648.129,431.96513626451457,463.2441857299805,0.0,0.0
2026-06-10 07:00:00,317.5,406.956,58440.0875,2684.005,5292.285,25072.75,12733.2975,7976.29,rt,2026-06-10,2026-06-09,2026-06-09 15:00:00,7,7,1_8,TimeMixer,406.956,301.8200710159684,244.091076473999,0.0,0.0
2026-06-10 08:00:00,267.65,366.687,58362.525,2328.3775,11021.415,25383.5,7030.2325,13349.7925,rt,2026-06-10,2026-06-09,2026-06-09 15:00:00,8,8,1_8,TimeMixer,366.687,399.15425287115704,111.67330596923827,1.0,99.03700000000003
2026-06-10 09:00:00,173.5,334.434,55987.8975,2213.69,16431.6975,23135.0,1621.01,18645.3875,rt,2026-06-10,2026-06-09,2026-06-09 15:00:00,9,9,9_16,TimeMixer,334.434,220.42974118750678,40.2728775024414,1.0,160.93400000000003
2026-06-10 10:00:00,29.5,-80.0,52472.9625,2237.705,20499.9725,21611.25,-4462.465,22737.6775,rt,2026-06-10,2026-06-09,2026-06-09 15:00:00,10,10,9_16,TimeMixer,-80.0,185.65801677523635,-65.9340805053711,1.0,-109.5
2026-06-10 11:00:00,60.0,-80.0,51099.325,2285.7575,22832.35,20128.0,-6733.2825,25118.1075,rt,2026-06-10,2026-06-09,2026-06-09 15:00:00,11,11,9_16,TimeMixer,-80.0,236.03730984622206,-157.53822326660156,1.0,-140.0
2026-06-10 12:00:00,50.0,-80.0,48211.6975,2382.4275,23667.29,19963.0,-10387.52,26049.7175,rt,2026-06-10,2026-06-09,2026-06-09 15:00:00,12,12,9_16,TimeMixer,-80.0,106.97149024881026,-124.93806176757812,1.0,-130.0
2026-06-10 13:00:00,20.0,-69.438,41892.3,2366.08,23468.3825,19962.75,-16491.4125,25834.4625,rt,2026-06-10,2026-06-09,2026-06-09 15:00:00,13,13,9_16,TimeMixer,-69.438,1.3915201367338124,-145.868859375,0.0,-0.0
2026-06-10 14:00:00,20.0,-80.0,44734.485,2296.6025,22333.58,20060.5,-12542.6975,24630.1825,rt,2026-06-10,2026-06-09,2026-06-09 15:00:00,14,14,9_16,TimeMixer,-80.0,109.04087105411296,-133.83349853515625,1.0,-100.0
2026-06-10 15:00:00,77.063,-80.0,49046.3875,2141.6625,19819.85,20199.0,-5700.625,21961.5125,rt,2026-06-10,2026-06-09,2026-06-09 15:00:00,15,15,9_16,TimeMixer,-80.0,68.83946745225752,13.156280517578125,0.0,-0.0
2026-06-10 16:00:00,94.5,216.336,54371.125,1997.5475,15895.65,21468.5,2422.9275,17893.1975,rt,2026-06-10,2026-06-09,2026-06-09 15:00:00,16,16,9_16,TimeMixer,216.336,102.01548516845129,84.20375442504883,1.0,121.83600000000001
2026-06-10 17:00:00,348.5,397.907,59766.5125,1859.675,10686.3875,24596.5,9964.95,12546.0625,rt,2026-06-10,2026-06-09,2026-06-09 15:00:00,17,17,17_24,TimeMixer,397.907,372.77786444919417,309.3800652008057,1.0,49.40699999999998
2026-06-10 18:00:00,588.75,693.831,65769.525,1740.0975,5095.7775,26172.0,20083.9,6835.875,rt,2026-06-10,2026-06-09,2026-06-09 15:00:00,18,18,17_24,TimeMixer,693.831,490.973541585096,481.7573917114258,0.0,0.0
2026-06-10 19:00:00,631.527,769.264,69512.43,1796.47,1314.62,26074.5,27645.34,3111.09,rt,2026-06-10,2026-06-09,2026-06-09 15:00:00,19,19,17_24,TimeMixer,769.264,495.582981239599,540.6397659301757,0.0,0.0
2026-06-10 20:00:00,628.125,731.567,72712.7775,2133.58,43.0225,25197.0,32657.675,2176.6025,rt,2026-06-10,2026-06-09,2026-06-09 15:00:00,20,20,17_24,TimeMixer,731.567,482.4550246646541,571.8564999389648,0.0,0.0
2026-06-10 21:00:00,616.5,721.966,72206.265,2490.6775,0.0,23412.0,33622.0875,2490.6775,rt,2026-06-10,2026-06-09,2026-06-09 15:00:00,21,21,17_24,TimeMixer,721.966,496.18679619403315,547.7629535675048,0.0,0.0
2026-06-10 22:00:00,611.5,710.905,70156.0625,2666.455,0.0,21929.0,32879.1075,2666.455,rt,2026-06-10,2026-06-09,2026-06-09 15:00:00,22,22,17_24,TimeMixer,710.905,460.4787024469645,529.933173828125,0.0,0.0
2026-06-10 23:00:00,612.5,699.009,66509.5125,2708.5025,0.0,20311.75,30807.76,2708.5025,rt,2026-06-10,2026-06-09,2026-06-09 15:00:00,23,23,17_24,TimeMixer,699.009,474.1177157566741,554.5855815887451,0.0,0.0
2026-06-11 00:00:00,621.02,704.704,65323.475,2628.935,0.0,19230.0,30783.04,2628.935,rt,2026-06-11,2026-06-10,2026-06-10 15:00:00,0,24,17_24,TimeMixer,704.704,620.3718764893702,588.2261806488037,0.0,0.0
2026-06-11 01:00:00,668.75,747.01,63685.8325,2758.9775,0.0,20571.75,27103.605,2758.9775,rt,2026-06-11,2026-06-10,2026-06-10 15:00:00,1,1,1_8,TimeMixer,747.01,700.6089350661828,602.9981651306152,1.0,78.25999999999999
2026-06-11 02:00:00,656.0,701.172,62097.2475,2724.875,0.0,20571.0,25549.8725,2724.875,rt,2026-06-11,2026-06-10,2026-06-10 15:00:00,2,2,1_8,TimeMixer,701.172,654.444722837484,576.5056137084961,0.0,0.0
2026-06-11 03:00:00,636.5,651.211,60812.13,2691.1775,0.0,20570.25,24299.2025,2691.1775,rt,2026-06-11,2026-06-10,2026-06-10 15:00:00,3,3,1_8,TimeMixer,651.211,664.0549202984216,564.4841457366944,1.0,14.711000000000013
2026-06-11 04:00:00,630.5,594.341,59967.935,2720.5925,0.0125,20569.25,23426.58,2720.605,rt,2026-06-11,2026-06-10,2026-06-10 15:00:00,4,4,1_8,TimeMixer,594.341,637.690374766195,566.5765888214112,1.0,-36.15899999999999
2026-06-11 05:00:00,643.0,632.807,60718.835,2716.45,40.9675,20320.75,24389.1675,2757.4175,rt,2026-06-11,2026-06-10,2026-06-10 15:00:00,5,5,1_8,TimeMixer,632.807,671.6177192260338,551.2240772781372,1.0,-10.192999999999984
2026-06-11 06:00:00,621.75,606.609,61695.885,2511.9825,1352.035,21522.5,23057.8675,3864.0175,rt,2026-06-11,2026-06-10,2026-06-10 15:00:00,6,6,1_8,TimeMixer,606.609,620.6407768922021,518.1203147888184,0.0,-0.0
2026-06-11 07:00:00,408.25,316.35,60091.515,2063.3025,5335.1275,25076.5,14368.835,7398.43,rt,2026-06-11,2026-06-10,2026-06-10 15:00:00,7,7,1_8,TimeMixer,316.35,426.42891012920165,313.1413095855713,1.0,-91.89999999999998
2026-06-11 08:00:00,273.95,234.528,59841.8825,1523.6975,11219.305,25391.0,8518.88,12743.0025,rt,2026-06-11,2026-06-10,2026-06-10 15:00:00,8,8,1_8,TimeMixer,234.528,440.5539246230676,173.9329046630859,1.0,-39.422
2026-06-11 09:00:00,84.35,19.99,57096.1575,1190.6125,16818.9125,23297.5,2612.6325,18009.525,rt,2026-06-11,2026-06-10,2026-06-10 15:00:00,9,9,9_16,TimeMixer,19.99,157.29172083793054,79.79441604614257,1.0,-64.36
2026-06-11 10:00:00,10.0,-80.0,53714.01,1056.7375,20985.0625,21949.25,-3453.54,22041.8,rt,2026-06-11,2026-06-10,2026-06-10 15:00:00,10,10,9_16,TimeMixer,-80.0,-61.474567560506976,-74.18855743408203,0.0,-0.0
2026-06-11 11:00:00,-9.0,-80.0,52688.5575,1036.5325,23288.5725,20095.75,-4908.7975,24325.105,rt,2026-06-11,2026-06-10,2026-06-10 15:00:00,11,11,9_16,TimeMixer,-80.0,-106.34100996773353,-137.62292529296874,0.0,-0.0
2026-06-11 12:00:00,-30.0,-80.0,50569.4425,1069.345,24110.3225,20192.0,-7978.725,25179.6675,rt,2026-06-11,2026-06-10,2026-06-10 15:00:00,12,12,9_16,TimeMixer,-80.0,-173.69089182808509,-115.52678680419922,0.0,-0.0
2026-06-11 13:00:00,-30.0,-80.0,44465.6125,1152.3025,23985.27,20016.75,-13865.21,25137.5725,rt,2026-06-11,2026-06-10,2026-06-10 15:00:00,13,13,9_16,TimeMixer,-80.0,-168.4257701020109,-139.59683227539062,0.0,-0.0
2026-06-11 14:00:00,-30.0,-80.0,47577.2975,1280.1425,22963.3675,19901.5,-9744.2125,24243.51,rt,2026-06-11,2026-06-10,2026-06-10 15:00:00,14,14,9_16,TimeMixer,-80.0,-136.38852671578042,-148.02621459960938,0.0,-0.0
2026-06-11 15:00:00,-10.0,-80.0,51136.32,1386.1325,20622.7,20056.5,-4105.5125,22008.8325,rt,2026-06-11,2026-06-10,2026-06-10 15:00:00,15,15,9_16,TimeMixer,-80.0,-122.16258295967688,-34.776783587646484,0.0,-0.0
2026-06-11 16:00:00,97.25,-80.0,56055.4375,1470.145,16666.435,21684.5,3057.8575,18136.58,rt,2026-06-11,2026-06-10,2026-06-10 15:00:00,16,16,9_16,TimeMixer,-80.0,13.995491004556502,0.2827053222656204,0.0,-0.0
2026-06-11 17:00:00,322.075,265.128,61850.6425,1527.16,11206.4075,24826.25,11041.825,12733.5675,rt,2026-06-11,2026-06-10,2026-06-10 15:00:00,17,17,17_24,TimeMixer,265.128,380.43362283168574,265.637769317627,1.0,-56.947
2026-06-11 18:00:00,627.952,596.861,68737.1,1546.345,5322.9425,26173.75,22426.3125,6869.2875,rt,2026-06-11,2026-06-10,2026-06-10 15:00:00,18,18,17_24,TimeMixer,596.861,655.7540096477868,519.9066178161621,1.0,-31.091000000000008
2026-06-11 19:00:00,663.15,721.029,73089.275,1653.2425,1356.5825,26074.5,30733.45,3009.825,rt,2026-06-11,2026-06-10,2026-06-10 15:00:00,19,19,17_24,TimeMixer,721.029,733.0053562392404,577.4460892974854,1.0,57.87900000000002
2026-06-11 20:00:00,673.44,706.791,75753.2075,1934.4875,43.9175,25197.0,35306.3025,1978.405,rt,2026-06-11,2026-06-10,2026-06-10 15:00:00,20,20,17_24,TimeMixer,706.791,694.9446173762109,609.1426772875786,1.0,33.351
2026-06-11 21:00:00,669.25,710.16,75240.1275,2403.9325,0.0,23412.5,36162.195,2403.9325,rt,2026-06-11,2026-06-10,2026-06-10 15:00:00,21,21,17_24,TimeMixer,710.16,701.8797880088403,591.0563697052002,1.0,40.90999999999997
2026-06-11 22:00:00,680.37,699.701,72907.9275,2987.4,0.0,21930.25,34743.7775,2987.4,rt,2026-06-11,2026-06-10,2026-06-10 15:00:00,22,22,17_24,TimeMixer,699.701,643.3110499822594,570.548514175415,0.0,0.0
2026-06-11 23:00:00,654.225,677.582,68997.53,3748.1475,0.0,20455.75,31562.1325,3748.1475,rt,2026-06-11,2026-06-10,2026-06-10 15:00:00,23,23,17_24,TimeMixer,677.582,656.6379417550256,591.5387176513672,1.0,23.35699999999997
2026-06-12 00:00:00,650.8,667.608,67578.915,4571.9475,0.0,19469.75,30305.7175,4571.9475,rt,2026-06-12,2026-06-11,2026-06-11 15:00:00,0,24,17_24,TimeMixer,667.608,670.3899242910363,597.8515448684692,1.0,16.807999999999993
2026-06-12 01:00:00,430.5,364.904,66098.0025,5838.95,0.0,20570.5,26477.0525,5838.95,rt,2026-06-12,2026-06-11,2026-06-11 15:00:00,1,1,1_8,TimeMixer,364.904,698.7548402190757,648.274055480957,1.0,-65.596
2026-06-12 02:00:00,400.0,354.124,64077.765,6343.5675,0.0,20570.0,23952.6975,6343.5675,rt,2026-06-12,2026-06-11,2026-06-11 15:00:00,2,2,1_8,TimeMixer,354.124,656.6622518783165,631.5800799162387,1.0,-45.875999999999976
2026-06-12 03:00:00,395.175,352.51,62538.3775,6479.79,0.0,20570.0,22277.0875,6479.79,rt,2026-06-12,2026-06-11,2026-06-11 15:00:00,3,3,1_8,TimeMixer,352.51,609.8439214474083,603.3927875518799,1.0,-42.66500000000002
2026-06-12 04:00:00,382.25,348.889,61642.4375,6291.3475,0.0125,20570.0,21569.5775,6291.36,rt,2026-06-12,2026-06-11,2026-06-11 15:00:00,4,4,1_8,TimeMixer,348.889,584.6036419930628,590.7462409973144,1.0,-33.36099999999999
2026-06-12 05:00:00,386.0,354.262,62324.9625,6138.405,41.6525,20318.5,22614.905,6180.0575,rt,2026-06-12,2026-06-11,2026-06-11 15:00:00,5,5,1_8,TimeMixer,354.262,606.9493608169153,611.7339010238647,1.0,-31.738
2026-06-12 06:00:00,380.0,347.303,63101.0925,5769.1625,1349.305,21608.5,21162.625,7118.4675,rt,2026-06-12,2026-06-11,2026-06-11 15:00:00,6,6,1_8,TimeMixer,347.303,585.3159253161218,575.0086324691772,1.0,-32.697
2026-06-12 07:00:00,348.15,45.642,62193.685,5081.87,5112.655,25327.0,13464.41,10194.525,rt,2026-06-12,2026-06-11,2026-06-11 15:00:00,7,7,1_8,TimeMixer,45.642,379.4992030044152,339.7424488067627,1.0,-302.508
2026-06-12 08:00:00,299.75,-61.869,63213.395,4029.5825,10495.6525,25663.75,9950.41,14525.235,rt,2026-06-12,2026-06-11,2026-06-11 15:00:00,8,8,1_8,TimeMixer,-61.869,407.72321383009694,153.29016716003414,1.0,-361.619
2026-06-12 09:00:00,234.11,116.335,62859.53,3108.2475,15491.3825,23302.25,8121.15,18599.63,rt,2026-06-12,2026-06-11,2026-06-11 15:00:00,9,9,9_16,TimeMixer,116.335,251.12852838527462,-6.610155334472665,1.0,-117.77500000000002
2026-06-12 10:00:00,101.678,125.484,61195.855,2656.12,19210.6575,21625.25,4867.3275,21866.7775,rt,2026-06-12,2026-06-11,2026-06-11 15:00:00,10,10,9_16,TimeMixer,125.484,-49.42854189522377,-42.23661231994629,0.0,0.0
2026-06-12 11:00:00,104.5,87.227,61476.4675,2641.5625,21304.6775,20165.75,4527.9775,23946.24,rt,2026-06-12,2026-06-11,2026-06-11 15:00:00,11,11,9_16,TimeMixer,87.227,-68.39415629952065,-93.54259948730468,0.0,-0.0
2026-06-12 12:00:00,62.0,61.114,59160.465,2896.9275,22036.1925,20035.0,1355.845,24933.12,rt,2026-06-12,2026-06-11,2026-06-11 15:00:00,12,12,9_16,TimeMixer,61.114,-99.4102013617765,-124.28013366699219,0.0,-0.0
2026-06-12 13:00:00,29.5,-17.492,54353.83,3511.27,21841.51,20036.5,-3871.95,25352.78,rt,2026-06-12,2026-06-11,2026-06-11 15:00:00,13,13,9_16,TimeMixer,-17.492,-129.00428294136634,-104.54070281982422,0.0,-0.0
2026-06-12 14:00:00,29.5,337.286,57174.02,4287.3075,20667.6025,20116.25,-733.64,24954.91,rt,2026-06-12,2026-06-11,2026-06-11 15:00:00,14,14,9_16,TimeMixer,337.286,-112.0273923774015,-137.40259399414063,0.0,0.0
2026-06-12 15:00:00,122.0,313.25,60846.655,5223.6625,18092.12,20217.5,4476.8725,23315.7825,rt,2026-06-12,2026-06-11,2026-06-11 15:00:00,15,15,9_16,TimeMixer,313.25,-108.74235744698157,-71.56492385864257,0.0,0.0
2026-06-12 16:00:00,293.58,337.636,65573.7125,6408.7325,14249.76,21450.5,10628.22,20658.4925,rt,2026-06-12,2026-06-11,2026-06-11 15:00:00,16,16,9_16,TimeMixer,337.636,213.67834065334102,-4.642576599121099,0.0,0.0
2026-06-12 17:00:00,279.463,342.176,70371.66,7709.175,9364.86,24715.0,15673.625,17074.035,rt,2026-06-12,2026-06-11,2026-06-11 15:00:00,17,17,17_24,TimeMixer,342.176,425.1805266888024,290.11955694580075,1.0,62.712999999999965
2026-06-12 18:00:00,388.628,350.251,74511.9625,8960.8625,4431.6225,26653.75,21537.9775,13392.485,rt,2026-06-12,2026-06-11,2026-06-11 15:00:00,18,18,17_24,TimeMixer,350.251,619.9108724395348,553.2120125915527,1.0,-38.37700000000001
2026-06-12 19:00:00,400.0,350.112,77432.12,10308.83,1158.975,26631.25,26401.565,11467.805,rt,2026-06-12,2026-06-11,2026-06-11 15:00:00,19,19,17_24,TimeMixer,350.112,653.4933868801858,614.1777826690674,1.0,-49.88799999999998
2026-06-12 20:00:00,400.0,338.321,80255.6025,11966.015,40.55,25761.0,29556.5375,12006.565,rt,2026-06-12,2026-06-11,2026-06-11 15:00:00,20,20,17_24,TimeMixer,338.321,644.2514407061365,621.7292294158937,1.0,-61.678999999999974
2026-06-12 21:00:00,398.0,337.355,80082.825,13482.175,0.0,23976.0,29693.15,13482.175,rt,2026-06-12,2026-06-11,2026-06-11 15:00:00,21,21,17_24,TimeMixer,337.355,641.6782931121422,626.8947317123412,1.0,-60.64499999999998
2026-06-12 22:00:00,389.5,337.14,77582.8875,14653.49,0.0,22493.0,27504.8975,14653.49,rt,2026-06-12,2026-06-11,2026-06-11 15:00:00,22,22,17_24,TimeMixer,337.14,630.8585208501794,619.1798000183105,1.0,-52.360000000000014
2026-06-12 23:00:00,388.0,362.127,73794.87,15483.97,0.0,20808.0,24571.4,15483.97,rt,2026-06-12,2026-06-11,2026-06-11 15:00:00,23,23,17_24,TimeMixer,362.127,636.0672812940195,597.1003383026124,1.0,-25.87299999999999
2026-06-13 00:00:00,386.0,380.508,72082.7375,15840.8175,0.0,19485.5,23824.92,15840.8175,rt,2026-06-13,2026-06-12,2026-06-12 15:00:00,0,24,17_24,TimeMixer,380.508,618.4662083102013,563.9230541992188,1.0,-5.492000000000019
2026-06-13 01:00:00,390.0,388.425,68029.845,15177.02,0.0,20800.5,19190.825,15177.02,rt,2026-06-13,2026-06-12,2026-06-12 15:00:00,1,1,1_8,TimeMixer,388.425,461.16716170314567,404.29008560180665,1.0,-1.5749999999999886
2026-06-13 02:00:00,370.0,370.524,65590.7125,14609.355,0.0,20814.75,17305.1075,14609.355,rt,2026-06-13,2026-06-12,2026-06-12 15:00:00,2,2,1_8,TimeMixer,370.524,445.56673480983517,405.7790336608887,1.0,0.5240000000000009
2026-06-13 03:00:00,335.0,368.188,63569.7275,13805.3475,0.0,20780.75,16122.13,13805.3475,rt,2026-06-13,2026-06-12,2026-06-12 15:00:00,3,3,1_8,TimeMixer,368.188,414.3191872549035,388.17286727905275,1.0,33.18799999999999
2026-06-13 04:00:00,324.5,360.819,62486.6,12868.44,0.01,20779.0,15977.65,12868.45,rt,2026-06-13,2026-06-12,2026-06-12 15:00:00,4,4,1_8,TimeMixer,360.819,430.7061912923791,363.8637214660645,1.0,36.31900000000002
2026-06-13 05:00:00,381.0,356.526,62829.8925,11952.9,55.82,20528.0,17431.6725,12008.72,rt,2026-06-13,2026-06-12,2026-06-12 15:00:00,5,5,1_8,TimeMixer,356.526,432.2408685708215,386.6362815856934,1.0,-24.47399999999999
2026-06-13 06:00:00,366.2,362.916,63853.6375,10987.83,1130.2575,21738.25,17135.8,12118.0875,rt,2026-06-13,2026-06-12,2026-06-12 15:00:00,6,6,1_8,TimeMixer,362.916,403.50197383815544,372.9655529022217,1.0,-3.283999999999992
2026-06-13 07:00:00,252.5,340.861,62655.1875,9851.5375,4212.525,25329.25,10404.125,14064.0625,rt,2026-06-13,2026-06-12,2026-06-12 15:00:00,7,7,1_8,TimeMixer,340.861,235.2488714919641,229.68647064208983,0.0,0.0
2026-06-13 08:00:00,151.0,351.274,63273.2675,8575.1575,8925.7775,25663.0,7310.3325,17500.935,rt,2026-06-13,2026-06-12,2026-06-12 15:00:00,8,8,1_8,TimeMixer,351.274,231.45503382838987,210.41044628906252,1.0,200.274
2026-06-13 09:00:00,170.81,369.244,62157.38,7923.6975,13652.4575,23260.25,4534.475,21576.155,rt,2026-06-13,2026-06-12,2026-06-12 15:00:00,9,9,9_16,TimeMixer,369.244,63.375835820840656,130.75686608886718,0.0,0.0
2026-06-13 10:00:00,70.0,359.711,60088.37,7944.3075,17435.7525,21583.75,338.06,25380.06,rt,2026-06-13,2026-06-12,2026-06-12 15:00:00,10,10,9_16,TimeMixer,359.711,65.132913220743,79.72711219482423,0.0,0.0
2026-06-13 11:00:00,37.0,219.8,60076.6275,8346.19,19867.895,20219.5,-1143.4575,28214.085,rt,2026-06-13,2026-06-12,2026-06-12 15:00:00,11,11,9_16,TimeMixer,219.8,20.192246682657085,52.8349624633789,0.0,0.0
2026-06-13 12:00:00,26.5,-80.0,57950.4975,8872.4825,20908.4875,20151.25,-4768.2225,29780.97,rt,2026-06-13,2026-06-12,2026-06-12 15:00:00,12,12,9_16,TimeMixer,-80.0,-21.994937658163238,29.659593200683588,0.0,-0.0
2026-06-13 13:00:00,25.0,-80.0,52877.6275,9490.3475,20559.1125,20107.0,-10065.3325,30049.46,rt,2026-06-13,2026-06-12,2026-06-12 15:00:00,13,13,9_16,TimeMixer,-80.0,-107.50877662788977,-10.70681610107421,0.0,-0.0
2026-06-13 14:00:00,99.5,155.709,56508.4175,10254.92,18856.725,20126.75,-5516.4775,29111.645,rt,2026-06-13,2026-06-12,2026-06-12 15:00:00,14,14,9_16,TimeMixer,155.709,121.41165877494225,-56.69580688476562,1.0,56.209
2026-06-13 15:00:00,99.5,132.922,60525.0525,10898.8775,15964.24,20227.25,648.185,26863.1175,rt,2026-06-13,2026-06-12,2026-06-12 15:00:00,15,15,9_16,TimeMixer,132.922,107.49819980399496,92.98580017089841,1.0,33.422
2026-06-13 16:00:00,300.0,391.032,65185.96,11236.98,12165.7225,21426.5,7570.2575,23402.7025,rt,2026-06-13,2026-06-12,2026-06-12 15:00:00,16,16,9_16,TimeMixer,391.032,368.95592210353635,190.84224285888672,1.0,91.03199999999998
2026-06-13 17:00:00,319.233,348.906,70422.31,11388.8475,7889.16,24652.0,13633.3025,19278.0075,rt,2026-06-13,2026-06-12,2026-06-12 15:00:00,17,17,17_24,TimeMixer,348.906,380.23503436549925,243.1524932983399,1.0,29.673000000000002
2026-06-13 18:00:00,399.5,359.794,75180.3875,11308.68,3824.2725,26654.25,20515.435,15132.9525,rt,2026-06-13,2026-06-12,2026-06-12 15:00:00,18,18,17_24,TimeMixer,359.794,469.2049813314416,375.2239308929443,1.0,-39.70600000000002
2026-06-13 19:00:00,400.0,346.821,77593.53,11506.9475,1039.36,26631.25,25534.4725,12546.3075,rt,2026-06-13,2026-06-12,2026-06-12 15:00:00,19,19,17_24,TimeMixer,346.821,471.4533576694849,405.6298969268799,1.0,-53.178999999999974
2026-06-13 20:00:00,387.0,354.418,79125.8025,12196.54,58.385,25761.0,28228.3775,12254.925,rt,2026-06-13,2026-06-12,2026-06-12 15:00:00,20,20,17_24,TimeMixer,354.418,470.3149171032312,427.8331746292114,1.0,-32.581999999999994
2026-06-13 21:00:00,394.0,353.276,78403.795,13081.675,0.0,23976.0,28464.62,13081.675,rt,2026-06-13,2026-06-12,2026-06-12 15:00:00,21,21,17_24,TimeMixer,353.276,437.95444497646116,455.56842693328855,1.0,-40.72399999999999
2026-06-13 22:00:00,390.5,371.079,75980.9925,13719.865,0.0,22493.25,26886.3775,13719.865,rt,2026-06-13,2026-06-12,2026-06-12 15:00:00,22,22,17_24,TimeMixer,371.079,456.6367493242242,422.9891511917114,1.0,-19.420999999999992
2026-06-13 23:00:00,395.0,374.751,72208.8975,14067.7375,0.0,20905.25,24354.41,14067.7375,rt,2026-06-13,2026-06-12,2026-06-12 15:00:00,23,23,17_24,TimeMixer,374.751,458.5345825176599,424.13285474777217,1.0,-20.249000000000024
2026-06-14 00:00:00,392.0,414.513,71348.0725,13944.4125,0.0,19697.5,24824.66,13944.4125,rt,2026-06-14,2026-06-13,2026-06-13 15:00:00,0,24,17_24,TimeMixer,414.513,440.8830473623254,395.8212097930908,1.0,22.512999999999977
2026-06-14 01:00:00,400.0,448.756,70127.4075,12594.57,0.0,20800.5,23971.5375,12594.57,rt,2026-06-14,2026-06-13,2026-06-13 15:00:00,1,1,1_8,TimeMixer,448.756,453.48201171352173,412.24193382263184,1.0,48.75599999999997
2026-06-14 02:00:00,386.0,398.522,67667.4925,12069.295,0.0,20814.75,22022.6475,12069.295,rt,2026-06-14,2026-06-13,2026-06-13 15:00:00,2,2,1_8,TimeMixer,398.522,409.4478809786584,402.1305799484253,1.0,12.521999999999991
2026-06-14 03:00:00,385.5,385.068,65663.1225,11299.65,0.0,20781.0,20821.6725,11299.65,rt,2026-06-14,2026-06-13,2026-06-13 15:00:00,3,3,1_8,TimeMixer,385.068,382.7493520009973,364.432364654541,0.0,-0.0
2026-06-14 04:00:00,383.0,374.883,64843.1375,10350.075,0.0125,20779.25,20953.0,10350.0875,rt,2026-06-14,2026-06-13,2026-06-13 15:00:00,4,4,1_8,TimeMixer,374.883,387.04707037746215,335.41575317382814,1.0,-8.117000000000019
2026-06-14 05:00:00,389.5,378.919,65030.0975,9489.5725,27.2,20528.0,22224.525,9516.7725,rt,2026-06-14,2026-06-13,2026-06-13 15:00:00,5,5,1_8,TimeMixer,378.919,394.57895789638303,389.6493717193604,1.0,-10.581000000000017
2026-06-14 06:00:00,383.5,377.845,65811.585,8565.2825,943.2625,21738.5,21803.74,9508.545,rt,2026-06-14,2026-06-13,2026-06-13 15:00:00,6,6,1_8,TimeMixer,377.845,385.63184398463983,375.50413753509525,1.0,-5.654999999999973
2026-06-14 07:00:00,333.715,350.426,62696.4825,7460.4825,3729.4975,25329.25,13420.2025,11189.98,rt,2026-06-14,2026-06-13,2026-06-13 15:00:00,7,7,1_8,TimeMixer,350.426,295.49913699916624,197.42213973999023,0.0,0.0
2026-06-14 08:00:00,342.75,346.917,63447.6075,6283.465,8228.205,25663.25,10574.3875,14511.67,rt,2026-06-14,2026-06-13,2026-06-13 15:00:00,8,8,1_8,TimeMixer,346.917,348.84639408168573,122.73057708740234,1.0,4.166999999999973
2026-06-14 09:00:00,291.0,326.857,60446.1475,5636.9475,13416.8375,23259.75,5446.8125,19053.785,rt,2026-06-14,2026-06-13,2026-06-13 15:00:00,9,9,9_16,TimeMixer,326.857,282.4671082571008,52.18906396484374,0.0,0.0
2026-06-14 10:00:00,165.5,331.67,57504.8325,5596.155,18031.9225,21641.0,-450.045,23628.0775,rt,2026-06-14,2026-06-13,2026-06-13 15:00:00,10,10,9_16,TimeMixer,331.67,40.62933583793053,2.0383549499511773,0.0,0.0
2026-06-14 11:00:00,173.5,199.752,55653.6075,5805.24,20968.935,20517.0,-4323.3675,26774.175,rt,2026-06-14,2026-06-13,2026-06-13 15:00:00,11,11,9_16,TimeMixer,199.752,-29.71013657906167,-82.44837951660156,0.0,0.0
2026-06-14 12:00:00,55.0,224.486,53830.97,6193.695,22295.775,20222.5,-7566.8,28489.47,rt,2026-06-14,2026-06-13,2026-06-13 15:00:00,12,12,9_16,TimeMixer,224.486,-153.98059290840737,-86.36193542480468,0.0,0.0
2026-06-14 13:00:00,56.875,-80.0,49506.3375,6600.4125,22202.475,20347.0,-12329.35,28802.8875,rt,2026-06-14,2026-06-13,2026-06-13 15:00:00,13,13,9_16,TimeMixer,-80.0,-144.38788203194252,-89.41541290283203,0.0,-0.0
2026-06-14 14:00:00,56.0,-80.0,52116.525,7009.8075,20803.1775,20502.5,-8884.76,27812.985,rt,2026-06-14,2026-06-13,2026-06-13 15:00:00,14,14,9_16,TimeMixer,-80.0,-28.64524412178628,-71.72322540283204,0.0,-0.0
2026-06-14 15:00:00,110.5,-64.607,56044.565,7448.9675,18097.6125,20592.5,-2780.315,25546.58,rt,2026-06-14,2026-06-13,2026-06-13 15:00:00,15,15,9_16,TimeMixer,-64.607,-32.65820346382729,15.522415924072249,0.0,-0.0
2026-06-14 16:00:00,315.5,180.289,61358.895,7871.0525,14181.07,21550.75,5070.2225,22052.1225,rt,2026-06-14,2026-06-13,2026-06-13 15:00:00,16,16,9_16,TimeMixer,180.289,319.09199020839475,149.46340560913086,1.0,-135.211
2026-06-14 17:00:00,378.625,275.755,66695.1625,8355.9325,9468.2525,24651.25,11461.4275,17824.185,rt,2026-06-14,2026-06-13,2026-06-13 15:00:00,17,17,17_24,TimeMixer,275.755,323.03071408046503,262.49145858459474,0.0,-0.0
2026-06-14 18:00:00,400.0,351.504,71804.3925,8956.26,4575.195,26653.75,18842.1375,13531.455,rt,2026-06-14,2026-06-13,2026-06-13 15:00:00,18,18,17_24,TimeMixer,351.504,467.1582823559167,393.67027015686034,1.0,-48.49599999999998
2026-06-14 19:00:00,415.0,358.265,75801.275,9750.9175,1190.5675,26631.25,25447.74,10941.485,rt,2026-06-14,2026-06-13,2026-06-13 15:00:00,19,19,17_24,TimeMixer,358.265,511.60991416896604,438.2453977432251,1.0,-56.735000000000014
2026-06-14 20:00:00,397.75,352.996,78280.42,10827.74,40.64,25761.25,28869.99,10868.38,rt,2026-06-14,2026-06-13,2026-06-13 15:00:00,20,20,17_24,TimeMixer,352.996,506.29216107539906,448.088650390625,1.0,-44.75400000000002
2026-06-14 21:00:00,390.0,350.0,77470.7,12233.385,0.0,23976.25,28480.265,12233.385,rt,2026-06-14,2026-06-13,2026-06-13 15:00:00,21,21,17_24,TimeMixer,350.0,485.0140443654993,463.44881669616694,1.0,-40.0
2026-06-14 22:00:00,392.0,350.22,74701.02,13481.67,0.0,22493.25,25945.3,13481.67,rt,2026-06-14,2026-06-13,2026-06-13 15:00:00,22,22,17_24,TimeMixer,350.22,516.7059036357476,420.54883406829833,1.0,-41.77999999999997
2026-06-14 23:00:00,394.0,357.788,71254.5175,14348.32,0.0,20905.5,23219.8975,14348.32,rt,2026-06-14,2026-06-13,2026-06-13 15:00:00,23,23,17_24,TimeMixer,357.788,504.6409052099206,437.7161750793457,1.0,-36.21199999999999
2026-06-15 00:00:00,400.0,361.99,69655.475,14538.9325,0.0,20414.5,21921.2425,14538.9325,rt,2026-06-15,2026-06-14,2026-06-14 15:00:00,0,24,17_24,TimeMixer,361.99,497.53694500514763,426.52575035095214,1.0,-38.00999999999999
2026-06-15 01:00:00,433.0,361.568,65258.0175,12665.6825,0.0,22595.75,17085.785,12665.6825,rt,2026-06-15,2026-06-14,2026-06-14 15:00:00,1,1,1_8,TimeMixer,361.568,513.1827700130823,405.979642791748,1.0,-71.43200000000002
2026-06-15 02:00:00,400.0,349.409,63290.0875,12209.085,0.0,22807.0,15363.2025,12209.085,rt,2026-06-15,2026-06-14,2026-06-14 15:00:00,2,2,1_8,TimeMixer,349.409,479.97619291347286,411.3066396362305,1.0,-50.59100000000001
2026-06-15 03:00:00,389.0,351.023,61595.4825,11505.615,0.0,22861.25,14317.8175,11505.615,rt,2026-06-15,2026-06-14,2026-06-14 15:00:00,3,3,1_8,TimeMixer,351.023,464.48772981105583,402.8614523315429,1.0,-37.976999999999975
2026-06-15 04:00:00,386.0,352.874,60793.72,10636.275,0.01,22587.0,14659.635,10636.285,rt,2026-06-15,2026-06-14,2026-06-14 15:00:00,4,4,1_8,TimeMixer,352.874,471.1827935457971,390.67782388610834,1.0,-33.125999999999976
2026-06-15 05:00:00,408.0,357.522,61321.71,9719.1225,34.7,22009.5,16647.5875,9753.8225,rt,2026-06-15,2026-06-14,2026-06-14 15:00:00,5,5,1_8,TimeMixer,357.522,474.7102823458459,416.44949710083006,1.0,-50.47800000000001
2026-06-15 06:00:00,412.0,351.12,63266.8625,8783.7475,1101.2675,24283.5,16187.5475,9885.015,rt,2026-06-15,2026-06-14,2026-06-14 15:00:00,6,6,1_8,TimeMixer,351.12,459.9668847811487,388.1995197296143,1.0,-60.879999999999995
2026-06-15 07:00:00,339.0,234.573,62464.3925,7641.875,4176.905,29386.5,8352.0625,11818.78,rt,2026-06-15,2026-06-14,2026-06-14 15:00:00,7,7,1_8,TimeMixer,234.573,382.90597194240354,255.03481283569334,1.0,-104.42699999999999
2026-06-15 08:00:00,300.0,317.141,65398.135,6596.2025,8825.815,29605.0,7522.8175,15422.0175,rt,2026-06-15,2026-06-14,2026-06-14 15:00:00,8,8,1_8,TimeMixer,317.141,383.6828642763879,186.06332626342774,1.0,17.14100000000002
2026-06-15 09:00:00,300.0,332.297,65094.455,5982.57,13662.88,26685.25,5927.955,19645.45,rt,2026-06-15,2026-06-14,2026-06-14 15:00:00,9,9,9_16,TimeMixer,332.297,320.40790336208124,125.83662185668945,1.0,32.297000000000025
2026-06-15 10:00:00,267.0,299.286,62880.0675,5603.0175,17725.03,25179.25,1536.97,23328.0475,rt,2026-06-15,2026-06-14,2026-06-14 15:00:00,10,10,9_16,TimeMixer,299.286,39.42298440360436,33.71458129882812,0.0,0.0
2026-06-15 11:00:00,141.03,2.327,61682.295,5290.785,20473.62,24311.5,-1229.41,25764.405,rt,2026-06-15,2026-06-14,2026-06-14 15:00:00,11,11,9_16,TimeMixer,2.327,-2.6495867121183068,15.001313781738276,0.0,-0.0
2026-06-15 12:00:00,58.72,-80.0,58110.18,5164.46,21795.31,23984.5,-5669.89,26959.77,rt,2026-06-15,2026-06-14,2026-06-14 15:00:00,12,12,9_16,TimeMixer,-80.0,-12.970105720907371,-71.99945037841798,0.0,-0.0
2026-06-15 13:00:00,29.0,-80.0,52559.4925,5195.8475,21856.4525,24182.75,-11511.3575,27052.3,rt,2026-06-15,2026-06-14,2026-06-14 15:00:00,13,13,9_16,TimeMixer,-80.0,-120.68360886910071,-75.16643524169922,0.0,-0.0
2026-06-15 14:00:00,72.5,-80.0,55049.3025,5429.5675,20802.2725,24377.25,-8395.5875,26231.84,rt,2026-06-15,2026-06-14,2026-06-14 15:00:00,14,14,9_16,TimeMixer,-80.0,-87.80673171608558,-83.26911773681641,0.0,-0.0
2026-06-15 15:00:00,41.0,-80.0,58307.795,5882.8975,18394.265,24627.0,-3432.1675,24277.1625,rt,2026-06-15,2026-06-14,2026-06-14 15:00:00,15,15,9_16,TimeMixer,-80.0,-95.92522262093178,8.431450653076169,0.0,-0.0
2026-06-15 16:00:00,281.5,103.351,63178.35,6498.8875,14565.2375,25918.0,3360.425,21064.125,rt,2026-06-15,2026-06-14,2026-06-14 15:00:00,16,16,9_16,TimeMixer,103.351,20.770587697366544,138.97114736938474,0.0,-0.0
2026-06-15 17:00:00,326.5,120.823,68171.9625,7178.2675,9684.1325,29277.5,9123.7625,16862.4,rt,2026-06-15,2026-06-14,2026-06-14 15:00:00,17,17,17_24,TimeMixer,120.823,339.5257122254541,304.78327793884273,1.0,-205.67700000000002
2026-06-15 18:00:00,405.5,339.291,73527.4,7828.5725,4664.2,31153.25,16954.3275,12492.7725,rt,2026-06-15,2026-06-14,2026-06-14 15:00:00,18,18,17_24,TimeMixer,339.291,499.2422145031335,392.706884765625,1.0,-66.209
2026-06-15 19:00:00,449.5,346.299,77235.1925,8547.4,1223.205,31003.25,23530.5375,9770.605,rt,2026-06-15,2026-06-14,2026-06-14 15:00:00,19,19,17_24,TimeMixer,346.299,490.5916780880334,437.1306997558594,1.0,-103.20100000000002
2026-06-15 20:00:00,439.5,348.798,79552.835,9484.5875,42.0075,30259.75,26835.69,9526.595,rt,2026-06-15,2026-06-14,2026-06-14 15:00:00,20,20,17_24,TimeMixer,348.798,478.07486613406917,443.38497972488403,1.0,-90.702
2026-06-15 21:00:00,385.545,349.427,78893.2475,10562.3275,0.0,28473.75,26926.37,10562.3275,rt,2026-06-15,2026-06-14,2026-06-14 15:00:00,21,21,17_24,TimeMixer,349.427,466.98756633968134,432.5508192062378,1.0,-36.117999999999995
2026-06-15 22:00:00,389.125,349.372,75771.8675,11836.2875,0.0,26601.75,24403.03,11836.2875,rt,2026-06-15,2026-06-14,2026-06-14 15:00:00,22,22,17_24,TimeMixer,349.372,472.6533281812646,388.87963703918456,1.0,-39.752999999999986
2026-06-15 23:00:00,435.0,361.258,71562.68,12763.8625,0.0,24426.25,21441.7675,12763.8625,rt,2026-06-15,2026-06-14,2026-06-14 15:00:00,23,23,17_24,TimeMixer,361.258,489.41407712989593,392.28475189208984,1.0,-73.74200000000002
2026-06-16 00:00:00,424.0,361.518,70363.2175,13155.025,0.0,22793.5,21483.8925,13155.025,rt,2026-06-16,2026-06-15,2026-06-15 15:00:00,0,24,17_24,TimeMixer,361.518,488.16018143489623,394.46390161514285,1.0,-62.48200000000003
2026-06-16 01:00:00,458.0,539.059,66073.06,11108.0475,0.0,22843.5,19210.7125,11108.0475,rt,2026-06-16,2026-06-15,2026-06-15 15:00:00,1,1,1_8,TimeMixer,539.059,484.2368252437951,416.29848136901853,1.0,81.05899999999997
2026-06-16 02:00:00,438.25,518.029,64203.03,10383.5675,0.0,22843.75,18064.9125,10383.5675,rt,2026-06-16,2026-06-15,2026-06-15 15:00:00,2,2,1_8,TimeMixer,518.029,460.8286211013391,397.3415735054016,1.0,79.779
2026-06-16 03:00:00,432.25,514.629,62886.3075,9574.18,0.0,22900.75,17500.5775,9574.18,rt,2026-06-16,2026-06-15,2026-06-15 15:00:00,3,3,1_8,TimeMixer,514.629,437.1246613833215,376.67274322509763,1.0,82.37900000000002
2026-06-16 04:00:00,439.0,516.556,61946.2925,8772.5725,0.01,22625.25,17637.66,8772.5825,rt,2026-06-16,2026-06-15,2026-06-15 15:00:00,4,4,1_8,TimeMixer,516.556,451.71173019618766,375.6062309265137,1.0,77.55600000000004
2026-06-16 05:00:00,456.0,527.45,62557.8025,8088.7625,34.935,22046.25,19477.055,8123.6975,rt,2026-06-16,2026-06-15,2026-06-15 15:00:00,5,5,1_8,TimeMixer,527.45,464.7908560247399,415.94085396575923,1.0,71.45000000000005
2026-06-16 06:00:00,457.0,492.891,64742.7025,7428.1675,1118.5025,24311.75,18973.4825,8546.67,rt,2026-06-16,2026-06-15,2026-06-15 15:00:00,6,6,1_8,TimeMixer,492.891,456.23860520656365,397.66603393554686,0.0,0.0
2026-06-16 07:00:00,329.5,184.643,64152.46,6516.8025,4403.7275,29398.5,10926.38,10920.53,rt,2026-06-16,2026-06-15,2026-06-15 15:00:00,7,7,1_8,TimeMixer,184.643,311.30742916591424,224.23220698547365,0.0,-0.0
2026-06-16 08:00:00,284.32,387.135,65813.1525,5546.75,9431.105,29617.5,8369.4975,14977.855,rt,2026-06-16,2026-06-15,2026-06-15 15:00:00,8,8,1_8,TimeMixer,387.135,408.7289229137781,149.86276931762697,1.0,102.815
2026-06-16 09:00:00,265.5,250.223,64997.3375,4799.885,14603.4225,26710.75,6047.48,19403.3075,rt,2026-06-16,2026-06-15,2026-06-15 15:00:00,9,9,9_16,TimeMixer,250.223,394.05111502223747,98.91454696655273,1.0,-15.276999999999987
2026-06-16 10:00:00,144.0,373.347,62218.38,4270.8925,18716.4175,25207.75,1187.52,22987.31,rt,2026-06-16,2026-06-15,2026-06-15 15:00:00,10,10,9_16,TimeMixer,373.347,119.53418657035238,60.26653541259765,0.0,0.0
2026-06-16 11:00:00,20.0,540.651,60989.755,3945.035,21384.9225,24343.0,-1519.0025,25329.9575,rt,2026-06-16,2026-06-15,2026-06-15 15:00:00,11,11,9_16,TimeMixer,540.651,38.77014478446371,-50.106853515625005,1.0,520.651
2026-06-16 12:00:00,0.0,315.524,57556.425,3842.6925,22657.2275,24013.5,-5792.795,26499.92,rt,2026-06-16,2026-06-15,2026-06-15 15:00:00,12,12,9_16,TimeMixer,315.524,-78.3017078046476,-99.29608135986328,0.0,0.0
2026-06-16 13:00:00,-30.0,56.218,50232.055,3985.4425,22734.52,24211.5,-13535.2075,26719.9625,rt,2026-06-16,2026-06-15,2026-06-15 15:00:00,13,13,9_16,TimeMixer,56.218,-108.80966963326088,-134.6274349975586,0.0,0.0
2026-06-16 14:00:00,-31.0,36.401,53133.28,4451.7175,21708.5475,24407.0,-10269.785,26160.265,rt,2026-06-16,2026-06-15,2026-06-15 15:00:00,14,14,9_16,TimeMixer,36.401,-23.76281783882729,-106.4305191040039,1.0,67.40100000000001
2026-06-16 15:00:00,0.0,-75.294,56478.0825,5042.435,19248.5825,24657.5,-5321.235,24291.0175,rt,2026-06-16,2026-06-15,2026-06-15 15:00:00,15,15,9_16,TimeMixer,-75.294,-56.33140105293862,-32.173159027099615,0.0,-0.0
2026-06-16 16:00:00,145.5,-80.0,61447.4775,5725.4925,15302.285,25936.25,1617.65,21027.7775,rt,2026-06-16,2026-06-15,2026-06-15 15:00:00,16,16,9_16,TimeMixer,-80.0,71.51436594962485,117.11416473388672,0.0,-0.0
2026-06-16 17:00:00,314.0,168.901,66886.03,6413.5325,10152.52,29277.0,8123.4275,16566.0525,rt,2026-06-16,2026-06-15,2026-06-15 15:00:00,17,17,17_24,TimeMixer,168.901,363.7628779961755,289.31274971008304,1.0,-145.099
2026-06-16 18:00:00,423.838,499.266,72476.2725,7178.94,4795.5575,31152.25,16422.475,11974.4975,rt,2026-06-16,2026-06-15,2026-06-15 15:00:00,18,18,17_24,TimeMixer,499.266,548.3851057863976,425.47382820129394,1.0,75.428
2026-06-16 19:00:00,470.075,524.195,75663.04,8231.43,1242.16,31003.75,22254.9,9473.59,rt,2026-06-16,2026-06-15,2026-06-15 15:00:00,19,19,17_24,TimeMixer,524.195,547.2172748598839,477.25886305236816,1.0,54.12000000000006
2026-06-16 20:00:00,460.5,472.235,77907.65,9453.265,42.245,30259.25,25222.09,9495.51,rt,2026-06-16,2026-06-15,2026-06-15 15:00:00,20,20,17_24,TimeMixer,472.235,533.7910909608819,493.228644990921,1.0,11.735000000000014
2026-06-16 21:00:00,440.0,411.149,77222.795,10826.2225,0.0,28474.25,24991.5225,10826.2225,rt,2026-06-16,2026-06-15,2026-06-15 15:00:00,21,21,17_24,TimeMixer,411.149,524.4976990632989,460.73415942382815,1.0,-28.851
2026-06-16 22:00:00,433.838,386.038,74637.8375,12071.1075,0.0,26574.75,23061.18,12071.1075,rt,2026-06-16,2026-06-15,2026-06-15 15:00:00,22,22,17_24,TimeMixer,386.038,516.5562767350366,441.26919403076175,1.0,-47.80000000000001
2026-06-16 23:00:00,440.0,437.608,70424.34,12968.435,0.0,24361.75,20163.355,12968.435,rt,2026-06-16,2026-06-15,2026-06-15 15:00:00,23,23,17_24,TimeMixer,437.608,531.5222532632042,480.1042303085327,1.0,-2.391999999999996
2026-06-17 00:00:00,450.5,459.6,69301.095,13315.04,0.0,22723.5,20331.755,13315.04,rt,2026-06-17,2026-06-16,2026-06-16 15:00:00,0,24,17_24,TimeMixer,459.6,539.9606877309968,473.9991721153259,1.0,9.100000000000023
2026-06-17 01:00:00,487.5,519.48,67248.3575,13154.51,0.0,22992.75,17880.2975,13154.51,rt,2026-06-17,2026-06-16,2026-06-16 15:00:00,1,1,1_8,TimeMixer,519.48,606.4686980858971,488.3189710617065,1.0,31.980000000000018
2026-06-17 02:00:00,469.35,494.69,65122.7675,12536.35,0.0,22971.75,16393.8675,12536.35,rt,2026-06-17,2026-06-16,2026-06-16 15:00:00,2,2,1_8,TimeMixer,494.69,585.5027616628624,475.18372440338135,1.0,25.339999999999975
2026-06-17 03:00:00,460.0,500.67,63551.4225,11396.1175,0.0,23001.75,15932.755,11396.1175,rt,2026-06-17,2026-06-16,2026-06-16 15:00:00,3,3,1_8,TimeMixer,500.67,566.3862353805139,463.5419031143188,1.0,40.670000000000016
2026-06-17 04:00:00,462.5,518.6,62653.2425,9942.7775,0.01,22732.75,16756.905,9942.7875,rt,2026-06-17,2026-06-16,2026-06-16 15:00:00,4,4,1_8,TimeMixer,518.6,579.8014210705162,470.8309770584106,1.0,56.10000000000002
2026-06-17 05:00:00,494.2,524.5,63383.0325,8528.69,30.1975,22145.0,19458.345,8558.8875,rt,2026-06-17,2026-06-16,2026-06-16 15:00:00,5,5,1_8,TimeMixer,524.5,590.9800393923547,487.1024981498718,1.0,30.30000000000001
2026-06-17 06:00:00,496.9,433.65,64920.2575,7214.955,1067.6925,23921.5,19495.31,8282.6475,rt,2026-06-17,2026-06-16,2026-06-16 15:00:00,6,6,1_8,TimeMixer,433.65,566.5073363781335,457.70624702453614,1.0,-63.25
2026-06-17 07:00:00,333.5,-3.68,64490.605,5827.0825,4230.425,28003.25,13216.5475,10057.5075,rt,2026-06-17,2026-06-16,2026-06-16 15:00:00,7,7,1_8,TimeMixer,-3.68,368.0869231209924,298.98545021362304,1.0,-337.18
2026-06-17 08:00:00,384.75,258.39,66727.88,4530.2075,9173.06,28400.75,11488.0625,13703.2675,rt,2026-06-17,2026-06-16,2026-06-16 15:00:00,8,8,1_8,TimeMixer,258.39,482.75996092754144,252.09105747985836,1.0,-126.36000000000001
2026-06-17 09:00:00,350.0,263.38,66446.92,3524.61,14360.42,26296.75,9184.34,17885.03,rt,2026-06-17,2026-06-16,2026-06-16 15:00:00,9,9,9_16,TimeMixer,263.38,366.5525767361047,220.14593238830565,1.0,-86.62
2026-06-17 10:00:00,300.0,255.56,63701.8925,2791.0425,18597.6075,24500.0,4809.9425,21388.65,rt,2026-06-17,2026-06-16,2026-06-16 15:00:00,10,10,9_16,TimeMixer,255.56,113.04338850516686,73.7828384399414,0.0,-0.0
2026-06-17 11:00:00,247.5,341.9,62602.3725,2158.8225,21220.005,23044.0,3223.745,23378.8275,rt,2026-06-17,2026-06-16,2026-06-16 15:00:00,11,11,9_16,TimeMixer,341.9,173.75961939872147,-25.108889770507812,0.0,0.0
2026-06-17 12:00:00,171.788,454.49,60082.965,1769.22,22403.6975,22923.75,67.9975,24172.9175,rt,2026-06-17,2026-06-16,2026-06-16 15:00:00,12,12,9_16,TimeMixer,454.49,67.85156724784264,-46.868466186523435,0.0,0.0
2026-06-17 13:00:00,105.0,437.43,55280.72,1628.2225,22246.1025,22923.75,-4430.655,23874.325,rt,2026-06-17,2026-06-16,2026-06-16 15:00:00,13,13,9_16,TimeMixer,437.43,-36.185972409139794,-68.41970977783203,0.0,0.0
2026-06-17 14:00:00,65.453,436.02,58580.19,1665.6825,20745.965,22998.25,224.4925,22411.6475,rt,2026-06-17,2026-06-16,2026-06-16 15:00:00,14,14,9_16,TimeMixer,436.02,-21.247864320150534,-74.69873315429687,0.0,0.0
2026-06-17 15:00:00,135.0,,62695.3,1865.065,17945.18,23204.0,6677.755,19810.245,rt,2026-06-17,2026-06-16,2026-06-16 15:00:00,15,15,9_16,TimeMixer,,-89.67842298409096,11.17898928833008,0.0,
2026-06-17 16:00:00,357.1,,67612.34,2175.29,13874.665,24739.25,13732.335,16049.955,rt,2026-06-17,2026-06-16,2026-06-16 15:00:00,16,16,9_16,TimeMixer,,182.72799186000609,132.6213291168213,0.0,
2026-06-17 17:00:00,448.355,,72561.1725,2495.0775,9040.08,27851.75,19960.965,11535.1575,rt,2026-06-17,2026-06-16,2026-06-16 15:00:00,17,17,17_24,TimeMixer,,386.7763343908288,319.82814445495603,0.0,
2026-06-17 18:00:00,550.0,,76857.315,2893.7075,4261.2175,29158.25,27308.34,7154.925,rt,2026-06-17,2026-06-16,2026-06-16 15:00:00,18,18,17_24,TimeMixer,,611.8202467898157,458.1538883331299,1.0,
2026-06-17 19:00:00,600.0,,79464.6675,3496.7125,1128.745,29170.5,32427.91,4625.4575,rt,2026-06-17,2026-06-16,2026-06-16 15:00:00,19,19,17_24,TimeMixer,,619.303181391256,505.5458005981445,1.0,
2026-06-17 20:00:00,519.163,,81421.6625,4374.1625,41.8425,28380.75,35384.1075,4416.005,rt,2026-06-17,2026-06-16,2026-06-16 15:00:00,20,20,17_24,TimeMixer,,581.736240393789,508.4865792274475,1.0,
2026-06-17 21:00:00,523.388,,80759.08,5360.39,0.0,26510.75,35647.14,5360.39,rt,2026-06-17,2026-06-16,2026-06-16 15:00:00,21,21,17_24,TimeMixer,,555.5631694175316,495.4705417633057,1.0,
2026-06-17 22:00:00,570.0,,78133.0175,6352.1975,0.0,25000.25,33539.77,6352.1975,rt,2026-06-17,2026-06-16,2026-06-16 15:00:00,22,22,17_24,TimeMixer,,527.4219384777429,469.48836782531737,0.0,
2026-06-17 23:00:00,574.75,,74124.1225,7218.0625,0.0,23826.5,29838.76,7218.0625,rt,2026-06-17,2026-06-16,2026-06-16 15:00:00,23,23,17_24,TimeMixer,,552.7877697199608,479.1041805267334,0.0,
2026-06-18 00:00:00,594.5,,72873.1425,7525.1875,0.0,22721.75,29385.405,7525.1875,rt,2026-06-18,2026-06-17,2026-06-17 15:00:00,0,24,17_24,TimeMixer,,,507.8381118822098,0.0,
2026-06-18 01:00:00,,,69363.87,6224.915,0.0,22921.75,26946.405,6224.915,rt,2026-06-18,2026-06-17,2026-06-17 15:00:00,1,1,1_8,TimeMixer,,,542.5355844497681,0.0,
2026-06-18 02:00:00,,,67123.905,5842.7775,0.0,22849.75,25160.5775,5842.7775,rt,2026-06-18,2026-06-17,2026-06-17 15:00:00,2,2,1_8,TimeMixer,,,517.3458632087708,0.0,
2026-06-18 03:00:00,,,65237.955,5336.2425,0.0,22826.5,23804.4125,5336.2425,rt,2026-06-18,2026-06-17,2026-06-17 15:00:00,3,3,1_8,TimeMixer,,,498.2637553215027,0.0,
2026-06-18 04:00:00,,,64413.13,4794.2,0.01,22555.25,23792.87,4794.21,rt,2026-06-18,2026-06-17,2026-06-17 15:00:00,4,4,1_8,TimeMixer,,,499.75571060180664,0.0,
2026-06-18 05:00:00,,,64943.535,4249.7075,32.02,22059.0,25332.0075,4281.7275,rt,2026-06-18,2026-06-17,2026-06-17 15:00:00,5,5,1_8,TimeMixer,,,514.6510076080322,0.0,
2026-06-18 06:00:00,,,66635.4575,3720.5075,1010.255,23890.0,24743.895,4730.7625,rt,2026-06-18,2026-06-17,2026-06-17 15:00:00,6,6,1_8,TimeMixer,,,493.0602430725097,0.0,
2026-06-18 07:00:00,,,67395.9775,3024.2725,3833.0075,27874.0,19401.3975,6857.28,rt,2026-06-18,2026-06-17,2026-06-17 15:00:00,7,7,1_8,TimeMixer,,,341.09783258819584,0.0,
2026-06-18 08:00:00,,,71974.495,2173.8925,7827.805,28401.0,20385.9975,10001.6975,rt,2026-06-18,2026-06-17,2026-06-17 15:00:00,8,8,1_8,TimeMixer,,,365.95652542114254,0.0,
2026-06-18 09:00:00,,,74090.1625,1569.2525,11728.0725,26509.25,21152.7875,13297.325,rt,2026-06-18,2026-06-17,2026-06-17 15:00:00,9,9,9_16,TimeMixer,,,336.03197174072267,0.0,
2026-06-18 10:00:00,,,73822.6325,1304.9625,14760.1325,24970.25,19733.9875,16065.095,rt,2026-06-18,2026-06-17,2026-06-17 15:00:00,10,10,9_16,TimeMixer,,,255.17681121826172,0.0,
2026-06-18 11:00:00,,,73568.135,1251.1775,16590.575,23787.25,18933.3325,17841.7525,rt,2026-06-18,2026-06-17,2026-06-17 15:00:00,11,11,9_16,TimeMixer,,,238.60240906982423,0.0,
2026-06-18 12:00:00,,,70585.275,1338.9925,17303.605,23697.25,15277.1275,18642.5975,rt,2026-06-18,2026-06-17,2026-06-17 15:00:00,12,12,9_16,TimeMixer,,,113.96207001953125,0.0,
2026-06-18 13:00:00,,,65028.515,1571.31,16900.7125,23704.25,9888.9425,18472.0225,rt,2026-06-18,2026-06-17,2026-06-17 15:00:00,13,13,9_16,TimeMixer,,,150.90941467285157,0.0,
2026-06-18 14:00:00,,,68058.025,1966.885,15432.225,23590.0,14073.115,17399.11,rt,2026-06-18,2026-06-17,2026-06-17 15:00:00,14,14,9_16,TimeMixer,,,76.90917106323242,0.0,
2026-06-18 15:00:00,,,72016.65,2439.085,12820.1725,23722.25,19981.8425,15259.2575,rt,2026-06-18,2026-06-17,2026-06-17 15:00:00,15,15,9_16,TimeMixer,,,122.34641189575196,0.0,
2026-06-18 16:00:00,,,75782.365,2877.055,9584.59,25273.0,24906.92,12461.645,rt,2026-06-18,2026-06-17,2026-06-17 15:00:00,16,16,9_16,TimeMixer,,,270.7026387023926,0.0,
2026-06-18 17:00:00,,,78185.0375,3331.1925,6111.1025,28362.25,27117.1925,9442.295,rt,2026-06-18,2026-06-17,2026-06-17 15:00:00,17,17,17_24,TimeMixer,,,391.56475685882566,0.0,
2026-06-18 18:00:00,,,80126.4425,3791.745,2864.295,29499.0,30685.6025,6656.04,rt,2026-06-18,2026-06-17,2026-06-17 15:00:00,18,18,17_24,TimeMixer,,,551.113839805603,0.0,
2026-06-18 19:00:00,,,81223.69,4311.9225,774.125,29609.0,33237.8425,5086.0475,rt,2026-06-18,2026-06-17,2026-06-17 15:00:00,19,19,17_24,TimeMixer,,,607.5084139704704,0.0,
2026-06-18 20:00:00,,,82693.925,5050.22,34.22,28840.0,35478.685,5084.44,rt,2026-06-18,2026-06-17,2026-06-17 15:00:00,20,20,17_24,TimeMixer,,,545.9231102874755,0.0,
2026-06-18 21:00:00,,,81881.8525,5903.4825,0.0,26534.0,36153.57,5903.4825,rt,2026-06-18,2026-06-17,2026-06-17 15:00:00,21,21,17_24,TimeMixer,,,569.289988796997,0.0,
2026-06-18 22:00:00,,,79201.655,6780.945,0.0,24950.0,34179.91,6780.945,rt,2026-06-18,2026-06-17,2026-06-17 15:00:00,22,22,17_24,TimeMixer,,,566.6500828552246,0.0,
2026-06-18 23:00:00,,,75439.68,7473.7625,0.0,23680.0,30995.1175,7473.7625,rt,2026-06-18,2026-06-17,2026-06-17 15:00:00,23,23,17_24,TimeMixer,,,576.4596393585205,0.0,
