task,model_name,fold_id,train_start,train_end,test_start,test_end,target_day,business_day,ds,period,hour_business,y_true,y_pred,source,run_mode,created_at
dayahead,lightgbm,0,2023-01-01,2026-04-30,2026-05-01,2026-05-31,2026-05-01,2026-05-01,2026-05-01 01:00:00,1_8,1,491.86,343.3238437886477,,,2026-06-25T10:22:48.214174
dayahead,lightgbm,0,2023-01-01,2026-04-30,2026-05-01,2026-05-31,2026-05-01,2026-05-01,2026-05-01 02:00:00,1_8,2,467.5,344.9549497585208,,,2026-06-25T10:22:48.214174
dayahead,lightgbm,0,2023-01-01,2026-04-30,2026-05-01,2026-05-31,2026-05-01,2026-05-01,2026-05-01 03:00:00,1_8,3,500.0,344.9549497585208,,,2026-06-25T10:22:48.214174
dayahead,lightgbm,0,2023-01-01,2026-04-30,2026-05-01,2026-05-31,2026-05-01,2026-05-01,2026-05-01 04:00:00,1_8,4,446.0,344.9549497585208,,,2026-06-25T10:22:48.214174
dayahead,lightgbm,0,2023-01-01,2026-04-30,2026-05-01,2026-05-31,2026-05-01,2026-05-01,2026-05-01 05:00:00,1_8,5,460.0,343.3238437886477,,,2026-06-25T10:22:48.214174
dayahead,lightgbm,0,2023-01-01,2026-04-30,2026-05-01,2026-05-31,2026-05-01,2026-05-01,2026-05-01 06:00:00,1_8,6,475.875,347.8546630545359,,,2026-06-25T10:22:48.214174
dayahead,lightgbm,0,2023-01-01,2026-04-30,2026-05-01,2026-05-31,2026-05-01,2026-05-01,2026-05-01 07:00:00,1_8,7,258.66,268.1676200351658,,,2026-06-25T10:22:48.214174
dayahead,lightgbm,0,2023-01-01,2026-04-30,2026-05-01,2026-05-31,2026-05-01,2026-05-01,2026-05-01 08:00:00,1_8,8,-21.0,57.30114430197832,,,2026-06-25T10:22:48.214174
dayahead,lightgbm,0,2023-01-01,2026-04-30,2026-05-01,2026-05-31,2026-05-01,2026-05-01,2026-05-01 09:00:00,9_16,9,-57.5,-67.56758551614325,,,2026-06-25T10:22:48.214174
dayahead,lightgbm,0,2023-01-01,2026-04-30,2026-05-01,2026-05-31,2026-05-01,2026-05-01,2026-05-01 10:00:00,9_16,10,-51.625,-66.6926905793864,,,2026-06-25T10:22:48.214174
dayahead,lightgbm,0,2023-01-01,2026-04-30,2026-05-01,2026-05-31,2026-05-01,2026-05-01,2026-05-01 11:00:00,9_16,11,-57.0,-67.75603024718784,,,2026-06-25T10:22:48.214174
dayahead,lightgbm,0,2023-01-01,2026-04-30,2026-05-01,2026-05-31,2026-05-01,2026-05-01,2026-05-01 12:00:00,9_16,12,-19.5,-61.26555648453202,,,2026-06-25T10:22:48.214174
dayahead,lightgbm,0,2023-01-01,2026-04-30,2026-05-01,2026-05-31,2026-05-01,2026-05-01,2026-05-01 13:00:00,9_16,13,-20.0,-61.26555648453202,,,2026-06-25T10:22:48.214174
dayahead,lightgbm,0,2023-01-01,2026-04-30,2026-05-01,2026-05-31,2026-05-01,2026-05-01,2026-05-01 14:00:00,9_16,14,0.0,-63.076629844591224,,,2026-06-25T10:22:48.214174
dayahead,lightgbm,0,2023-01-01,2026-04-30,2026-05-01,2026-05-31,2026-05-01,2026-05-01,2026-05-01 15:00:00,9_16,15,0.0,-60.36737863407456,,,2026-06-25T10:22:48.214174
dayahead,lightgbm,0,2023-01-01,2026-04-30,2026-05-01,2026-05-31,2026-05-01,2026-05-01,2026-05-01 16:00:00,9_16,16,298.0,-39.81255206229683,,,2026-06-25T10:22:48.214174
dayahead,lightgbm,0,2023-01-01,2026-04-30,2026-05-01,2026-05-31,2026-05-01,2026-05-01,2026-05-01 17:00:00,17_24,17,433.925,219.50395249483375,,,2026-06-25T10:22:48.214174
dayahead,lightgbm,0,2023-01-01,2026-04-30,2026-05-01,2026-05-31,2026-05-01,2026-05-01,2026-05-01 18:00:00,17_24,18,489.0,329.7524710724443,,,2026-06-25T10:22:48.214174
dayahead,lightgbm,0,2023-01-01,2026-04-30,2026-05-01,2026-05-31,2026-05-01,2026-05-01,2026-05-01 19:00:00,17_24,19,520.0,407.68252330154564,,,2026-06-25T10:22:48.214174
dayahead,lightgbm,0,2023-01-01,2026-04-30,2026-05-01,2026-05-31,2026-05-01,2026-05-01,2026-05-01 20:00:00,17_24,20,520.683,418.60510883191193,,,2026-06-25T10:22:48.214174
dayahead,lightgbm,0,2023-01-01,2026-04-30,2026-05-01,2026-05-31,2026-05-01,2026-05-01,2026-05-01 21:00:00,17_24,21,525.25,398.4990986162942,,,2026-06-25T10:22:48.214174
dayahead,lightgbm,0,2023-01-01,2026-04-30,2026-05-01,2026-05-31,2026-05-01,2026-05-01,2026-05-01 22:00:00,17_24,22,500.5,393.0277436453064,,,2026-06-25T10:22:48.214174
dayahead,lightgbm,0,2023-01-01,2026-04-30,2026-05-01,2026-05-31,2026-05-01,2026-05-01,2026-05-01 23:00:00,17_24,23,480.5,386.6841628546455,,,2026-06-25T10:22:48.214174
dayahead,lightgbm,0,2023-01-01,2026-04-30,2026-05-01,2026-05-31,2026-05-01,2026-05-01,2026-05-02 00:00:00,17_24,24,502.0,355.6061445534445,,,2026-06-25T10:22:48.214174
dayahead,lightgbm,0,2023-01-01,2026-04-30,2026-05-01,2026-05-31,2026-05-02,2026-05-02,2026-05-02 01:00:00,1_8,1,415.0,413.3032221708901,,,2026-06-25T10:22:48.214174
dayahead,lightgbm,0,2023-01-01,2026-04-30,2026-05-01,2026-05-31,2026-05-02,2026-05-02,2026-05-02 02:00:00,1_8,2,415.0,412.30685382011075,,,2026-06-25T10:22:48.214174
dayahead,lightgbm,0,2023-01-01,2026-04-30,2026-05-01,2026-05-31,2026-05-02,2026-05-02,2026-05-02 03:00:00,1_8,3,415.0,425.3331049732383,,,2026-06-25T10:22:48.214174
dayahead,lightgbm,0,2023-01-01,2026-04-30,2026-05-01,2026-05-31,2026-05-02,2026-05-02,2026-05-02 04:00:00,1_8,4,380.0,420.55350537298654,,,2026-06-25T10:22:48.214174
dayahead,lightgbm,0,2023-01-01,2026-04-30,2026-05-01,2026-05-31,2026-05-02,2026-05-02,2026-05-02 05:00:00,1_8,5,375.0,428.7059884466742,,,2026-06-25T10:22:48.214174
dayahead,lightgbm,0,2023-01-01,2026-04-30,2026-05-01,2026-05-31,2026-05-02,2026-05-02,2026-05-02 06:00:00,1_8,6,438.151,429.5090115418257,,,2026-06-25T10:22:48.214174
dayahead,lightgbm,0,2023-01-01,2026-04-30,2026-05-01,2026-05-31,2026-05-02,2026-05-02,2026-05-02 07:00:00,1_8,7,500.0,361.4087535551414,,,2026-06-25T10:22:48.214174
dayahead,lightgbm,0,2023-01-01,2026-04-30,2026-05-01,2026-05-31,2026-05-02,2026-05-02,2026-05-02 08:00:00,1_8,8,419.08,359.7411997712684,,,2026-06-25T10:22:48.214174
dayahead,lightgbm,0,2023-01-01,2026-04-30,2026-05-01,2026-05-31,2026-05-02,2026-05-02,2026-05-02 09:00:00,9_16,9,453.28,380.7150271576866,,,2026-06-25T10:22:48.214174
dayahead,lightgbm,0,2023-01-01,2026-04-30,2026-05-01,2026-05-31,2026-05-02,2026-05-02,2026-05-02 10:00:00,9_16,10,484.11,366.4846902520818,,,2026-06-25T10:22:48.214174
dayahead,lightgbm,0,2023-01-01,2026-04-30,2026-05-01,2026-05-31,2026-05-02,2026-05-02,2026-05-02 11:00:00,9_16,11,575.0,378.305081042718,,,2026-06-25T10:22:48.214174
dayahead,lightgbm,0,2023-01-01,2026-04-30,2026-05-01,2026-05-31,2026-05-02,2026-05-02,2026-05-02 12:00:00,9_16,12,575.0,380.63883125224424,,,2026-06-25T10:22:48.214174
dayahead,lightgbm,0,2023-01-01,2026-04-30,2026-05-01,2026-05-31,2026-05-02,2026-05-02,2026-05-02 13:00:00,9_16,13,550.0,381.05670566577936,,,2026-06-25T10:22:48.214174
dayahead,lightgbm,0,2023-01-01,2026-04-30,2026-05-01,2026-05-31,2026-05-02,2026-05-02,2026-05-02 14:00:00,9_16,14,513.55,379.21183902990464,,,2026-06-25T10:22:48.214174
dayahead,lightgbm,0,2023-01-01,2026-04-30,2026-05-01,2026-05-31,2026-05-02,2026-05-02,2026-05-02 15:00:00,9_16,15,589.9,385.6541408290879,,,2026-06-25T10:22:48.214174
dayahead,lightgbm,0,2023-01-01,2026-04-30,2026-05-01,2026-05-31,2026-05-02,2026-05-02,2026-05-02 16:00:00,9_16,16,575.0,400.6228078631009,,,2026-06-25T10:22:48.214174
dayahead,lightgbm,0,2023-01-01,2026-04-30,2026-05-01,2026-05-31,2026-05-02,2026-05-02,2026-05-02 17:00:00,17_24,17,590.0,467.4929607484161,,,2026-06-25T10:22:48.214174
dayahead,lightgbm,0,2023-01-01,2026-04-30,2026-05-01,2026-05-31,2026-05-02,2026-05-02,2026-05-02 18:00:00,17_24,18,584.0,479.8666726664691,,,2026-06-25T10:22:48.214174
dayahead,lightgbm,0,2023-01-01,2026-04-30,2026-05-01,2026-05-31,2026-05-02,2026-05-02,2026-05-02 19:00:00,17_24,19,582.5,494.2613390842731,,,2026-06-25T10:22:48.214174
dayahead,lightgbm,0,2023-01-01,2026-04-30,2026-05-01,2026-05-31,2026-05-02,2026-05-02,2026-05-02 20:00:00,17_24,20,600.0,493.72788364302227,,,2026-06-25T10:22:48.214174
dayahead,lightgbm,0,2023-01-01,2026-04-30,2026-05-01,2026-05-31,2026-05-02,2026-05-02,2026-05-02 21:00:00,17_24,21,354.16,493.45908874979574,,,2026-06-25T10:22:48.214174
dayahead,lightgbm,0,2023-01-01,2026-04-30,2026-05-01,2026-05-31,2026-05-02,2026-05-02,2026-05-02 22:00:00,17_24,22,351.28,489.10839090711676,,,2026-06-25T10:22:48.214174
dayahead,lightgbm,0,2023-01-01,2026-04-30,2026-05-01,2026-05-31,2026-05-02,2026-05-02,2026-05-02 23:00:00,17_24,23,402.84,480.33833406172494,,,2026-06-25T10:22:48.214174
dayahead,lightgbm,0,2023-01-01,2026-04-30,2026-05-01,2026-05-31,2026-05-02,2026-05-02,2026-05-03 00:00:00,17_24,24,402.46,487.72301624646155,,,2026-06-25T10:22:48.214174
dayahead,lightgbm,0,2023-01-01,2026-04-30,2026-05-01,2026-05-31,2026-05-03,2026-05-03,2026-05-03 01:00:00,1_8,1,550.0,406.1179668303106,,,2026-06-25T10:22:48.214174
dayahead,lightgbm,0,2023-01-01,2026-04-30,2026-05-01,2026-05-31,2026-05-03,2026-05-03,2026-05-03 02:00:00,1_8,2,552.68,392.833801952454,,,2026-06-25T10:22:48.214174
dayahead,lightgbm,0,2023-01-01,2026-04-30,2026-05-01,2026-05-31,2026-05-03,2026-05-03,2026-05-03 03:00:00,1_8,3,471.5,380.9682948454027,,,2026-06-25T10:22:48.214174
dayahead,lightgbm,0,2023-01-01,2026-04-30,2026-05-01,2026-05-31,2026-05-03,2026-05-03,2026-05-03 04:00:00,1_8,4,464.0,343.0976225362992,,,2026-06-25T10:22:48.214174
dayahead,lightgbm,0,2023-01-01,2026-04-30,2026-05-01,2026-05-31,2026-05-03,2026-05-03,2026-05-03 05:00:00,1_8,5,458.0,335.2385866660464,,,2026-06-25T10:22:48.214174
dayahead,lightgbm,0,2023-01-01,2026-04-30,2026-05-01,2026-05-31,2026-05-03,2026-05-03,2026-05-03 06:00:00,1_8,6,462.5,320.3458739465413,,,2026-06-25T10:22:48.214174
dayahead,lightgbm,0,2023-01-01,2026-04-30,2026-05-01,2026-05-31,2026-05-03,2026-05-03,2026-05-03 07:00:00,1_8,7,420.0,309.87086762629775,,,2026-06-25T10:22:48.214174
dayahead,lightgbm,0,2023-01-01,2026-04-30,2026-05-01,2026-05-31,2026-05-03,2026-05-03,2026-05-03 08:00:00,1_8,8,330.0,173.74679270121376,,,2026-06-25T10:22:48.214174
dayahead,lightgbm,0,2023-01-01,2026-04-30,2026-05-01,2026-05-31,2026-05-03,2026-05-03,2026-05-03 09:00:00,9_16,9,190.05,-42.261603380300194,,,2026-06-25T10:22:48.214174
dayahead,lightgbm,0,2023-01-01,2026-04-30,2026-05-01,2026-05-31,2026-05-03,2026-05-03,2026-05-03 10:00:00,9_16,10,33.875,-62.479312283199455,,,2026-06-25T10:22:48.214174
dayahead,lightgbm,0,2023-01-01,2026-04-30,2026-05-01,2026-05-31,2026-05-03,2026-05-03,2026-05-03 11:00:00,9_16,11,80.0,-66.3242989412198,,,2026-06-25T10:22:48.214174
dayahead,lightgbm,0,2023-01-01,2026-04-30,2026-05-01,2026-05-31,2026-05-03,2026-05-03,2026-05-03 12:00:00,9_16,12,99.5,-67.7052575759607,,,2026-06-25T10:22:48.214174
dayahead,lightgbm,0,2023-01-01,2026-04-30,2026-05-01,2026-05-31,2026-05-03,2026-05-03,2026-05-03 13:00:00,9_16,13,99.5,-71.15023980667488,,,2026-06-25T10:22:48.214174
dayahead,lightgbm,0,2023-01-01,2026-04-30,2026-05-01,2026-05-31,2026-05-03,2026-05-03,2026-05-03 14:00:00,9_16,14,80.0,-72.37429430301918,,,2026-06-25T10:22:48.214174
dayahead,lightgbm,0,2023-01-01,2026-04-30,2026-05-01,2026-05-31,2026-05-03,2026-05-03,2026-05-03 15:00:00,9_16,15,100.0,-72.99609606684712,,,2026-06-25T10:22:48.214174
dayahead,lightgbm,0,2023-01-01,2026-04-30,2026-05-01,2026-05-31,2026-05-03,2026-05-03,2026-05-03 16:00:00,9_16,16,149.085,-73.69128512717833,,,2026-06-25T10:22:48.214174
dayahead,lightgbm,0,2023-01-01,2026-04-30,2026-05-01,2026-05-31,2026-05-03,2026-05-03,2026-05-03 17:00:00,17_24,17,338.0,146.9747272572534,,,2026-06-25T10:22:48.214174
dayahead,lightgbm,0,2023-01-01,2026-04-30,2026-05-01,2026-05-31,2026-05-03,2026-05-03,2026-05-03 18:00:00,17_24,18,588.5,429.11831229827266,,,2026-06-25T10:22:48.214174
dayahead,lightgbm,0,2023-01-01,2026-04-30,2026-05-01,2026-05-31,2026-05-03,2026-05-03,2026-05-03 19:00:00,17_24,19,601.375,509.1679331193034,,,2026-06-25T10:22:48.214174
dayahead,lightgbm,0,2023-01-01,2026-04-30,2026-05-01,2026-05-31,2026-05-03,2026-05-03,2026-05-03 20:00:00,17_24,20,435.0,505.0944252660512,,,2026-06-25T10:22:48.214174
dayahead,lightgbm,0,2023-01-01,2026-04-30,2026-05-01,2026-05-31,2026-05-03,2026-05-03,2026-05-03 21:00:00,17_24,21,555.73,479.16282756896106,,,2026-06-25T10:22:48.214174
dayahead,lightgbm,0,2023-01-01,2026-04-30,2026-05-01,2026-05-31,2026-05-03,2026-05-03,2026-05-03 22:00:00,17_24,22,675.0,476.7944955327572,,,2026-06-25T10:22:48.214174
dayahead,lightgbm,0,2023-01-01,2026-04-30,2026-05-01,2026-05-31,2026-05-03,2026-05-03,2026-05-03 23:00:00,17_24,23,602.5,459.51340088416976,,,2026-06-25T10:22:48.214174
dayahead,lightgbm,0,2023-01-01,2026-04-30,2026-05-01,2026-05-31,2026-05-03,2026-05-03,2026-05-04 00:00:00,17_24,24,602.5,472.42666473786295,,,2026-06-25T10:22:48.214174
dayahead,lightgbm,0,2023-01-01,2026-04-30,2026-05-01,2026-05-31,2026-05-04,2026-05-04,2026-05-04 01:00:00,1_8,1,602.125,391.9177079151517,,,2026-06-25T10:22:48.214174
dayahead,lightgbm,0,2023-01-01,2026-04-30,2026-05-01,2026-05-31,2026-05-04,2026-05-04,2026-05-04 02:00:00,1_8,2,600.0,390.8930646017218,,,2026-06-25T10:22:48.214174
dayahead,lightgbm,0,2023-01-01,2026-04-30,2026-05-01,2026-05-31,2026-05-04,2026-05-04,2026-05-04 03:00:00,1_8,3,596.5,389.6800206500803,,,2026-06-25T10:22:48.214174
dayahead,lightgbm,0,2023-01-01,2026-04-30,2026-05-01,2026-05-31,2026-05-04,2026-05-04,2026-05-04 04:00:00,1_8,4,584.0,387.99460804507635,,,2026-06-25T10:22:48.214174
dayahead,lightgbm,0,2023-01-01,2026-04-30,2026-05-01,2026-05-31,2026-05-04,2026-05-04,2026-05-04 05:00:00,1_8,5,600.0,387.99460804507635,,,2026-06-25T10:22:48.214174
dayahead,lightgbm,0,2023-01-01,2026-04-30,2026-05-01,2026-05-31,2026-05-04,2026-05-04,2026-05-04 06:00:00,1_8,6,600.0,350.3494855460213,,,2026-06-25T10:22:48.214174
dayahead,lightgbm,0,2023-01-01,2026-04-30,2026-05-01,2026-05-31,2026-05-04,2026-05-04,2026-05-04 07:00:00,1_8,7,190.01,173.57493760246155,,,2026-06-25T10:22:48.214174
dayahead,lightgbm,0,2023-01-01,2026-04-30,2026-05-01,2026-05-31,2026-05-04,2026-05-04,2026-05-04 08:00:00,1_8,8,79.875,68.7306968719888,,,2026-06-25T10:22:48.214174
dayahead,lightgbm,0,2023-01-01,2026-04-30,2026-05-01,2026-05-31,2026-05-04,2026-05-04,2026-05-04 09:00:00,9_16,9,-47.5,-71.56213261739471,,,2026-06-25T10:22:48.214174
dayahead,lightgbm,0,2023-01-01,2026-04-30,2026-05-01,2026-05-31,2026-05-04,2026-05-04,2026-05-04 10:00:00,9_16,10,-67.5,-71.52515072907963,,,2026-06-25T10:22:48.214174
dayahead,lightgbm,0,2023-01-01,2026-04-30,2026-05-01,2026-05-31,2026-05-04,2026-05-04,2026-05-04 11:00:00,9_16,11,-70.0,-70.74178075834541,,,2026-06-25T10:22:48.214174
dayahead,lightgbm,0,2023-01-01,2026-04-30,2026-05-01,2026-05-31,2026-05-04,2026-05-04,2026-05-04 12:00:00,9_16,12,-67.5,-69.51369360503676,,,2026-06-25T10:22:48.214174
dayahead,lightgbm,0,2023-01-01,2026-04-30,2026-05-01,2026-05-31,2026-05-04,2026-05-04,2026-05-04 13:00:00,9_16,13,-66.0,-65.25628280848271,,,2026-06-25T10:22:48.214174
dayahead,lightgbm,0,2023-01-01,2026-04-30,2026-05-01,2026-05-31,2026-05-04,2026-05-04,2026-05-04 14:00:00,9_16,14,-64.5,-54.292459905413914,,,2026-06-25T10:22:48.214174
dayahead,lightgbm,0,2023-01-01,2026-04-30,2026-05-01,2026-05-31,2026-05-04,2026-05-04,2026-05-04 15:00:00,9_16,15,-67.3,-42.24796085807585,,,2026-06-25T10:22:48.214174
dayahead,lightgbm,0,2023-01-01,2026-04-30,2026-05-01,2026-05-31,2026-05-04,2026-05-04,2026-05-04 16:00:00,9_16,16,22.61,-46.34934809727933,,,2026-06-25T10:22:48.214174
dayahead,lightgbm,0,2023-01-01,2026-04-30,2026-05-01,2026-05-31,2026-05-04,2026-05-04,2026-05-04 17:00:00,17_24,17,319.0,150.88733015798434,,,2026-06-25T10:22:48.214174
dayahead,lightgbm,0,2023-01-01,2026-04-30,2026-05-01,2026-05-31,2026-05-04,2026-05-04,2026-05-04 18:00:00,17_24,18,450.375,295.39240852062755,,,2026-06-25T10:22:48.214174
dayahead,lightgbm,0,2023-01-01,2026-04-30,2026-05-01,2026-05-31,2026-05-04,2026-05-04,2026-05-04 19:00:00,17_24,19,550.0,424.4055491794527,,,2026-06-25T10:22:48.214174
dayahead,lightgbm,0,2023-01-01,2026-04-30,2026-05-01,2026-05-31,2026-05-04,2026-05-04,2026-05-04 20:00:00,17_24,20,554.0,412.0159291139634,,,2026-06-25T10:22:48.214174
dayahead,lightgbm,0,2023-01-01,2026-04-30,2026-05-01,2026-05-31,2026-05-04,2026-05-04,2026-05-04 21:00:00,17_24,21,500.0,404.3783945789346,,,2026-06-25T10:22:48.214174
dayahead,lightgbm,0,2023-01-01,2026-04-30,2026-05-01,2026-05-31,2026-05-04,2026-05-04,2026-05-04 22:00:00,17_24,22,476.0,302.93058386022994,,,2026-06-25T10:22:48.214174
dayahead,lightgbm,0,2023-01-01,2026-04-30,2026-05-01,2026-05-31,2026-05-04,2026-05-04,2026-05-04 23:00:00,17_24,23,476.5,314.926278942464,,,2026-06-25T10:22:48.214174
dayahead,lightgbm,0,2023-01-01,2026-04-30,2026-05-01,2026-05-31,2026-05-04,2026-05-04,2026-05-05 00:00:00,17_24,24,471.0,319.0577829497762,,,2026-06-25T10:22:48.214174
dayahead,lightgbm,0,2023-01-01,2026-04-30,2026-05-01,2026-05-31,2026-05-05,2026-05-05,2026-05-05 01:00:00,1_8,1,365.0,64.59789470726818,,,2026-06-25T10:22:48.214174
dayahead,lightgbm,0,2023-01-01,2026-04-30,2026-05-01,2026-05-31,2026-05-05,2026-05-05,2026-05-05 02:00:00,1_8,2,380.0,73.62010354890697,,,2026-06-25T10:22:48.214174
dayahead,lightgbm,0,2023-01-01,2026-04-30,2026-05-01,2026-05-31,2026-05-05,2026-05-05,2026-05-05 03:00:00,1_8,3,350.0,73.62010354890697,,,2026-06-25T10:22:48.214174
dayahead,lightgbm,0,2023-01-01,2026-04-30,2026-05-01,2026-05-31,2026-05-05,2026-05-05,2026-05-05 04:00:00,1_8,4,327.0,73.62010354890697,,,2026-06-25T10:22:48.214174
dayahead,lightgbm,0,2023-01-01,2026-04-30,2026-05-01,2026-05-31,2026-05-05,2026-05-05,2026-05-05 05:00:00,1_8,5,357.0,61.86025875028977,,,2026-06-25T10:22:48.214174
dayahead,lightgbm,0,2023-01-01,2026-04-30,2026-05-01,2026-05-31,2026-05-05,2026-05-05,2026-05-05 06:00:00,1_8,6,281.5,64.59789470726818,,,2026-06-25T10:22:48.214174
dayahead,lightgbm,0,2023-01-01,2026-04-30,2026-05-01,2026-05-31,2026-05-05,2026-05-05,2026-05-05 07:00:00,1_8,7,149.0,56.33725449171462,,,2026-06-25T10:22:48.214174
dayahead,lightgbm,0,2023-01-01,2026-04-30,2026-05-01,2026-05-31,2026-05-05,2026-05-05,2026-05-05 08:00:00,1_8,8,-60.0,44.602556145182106,,,2026-06-25T10:22:48.214174
dayahead,lightgbm,0,2023-01-01,2026-04-30,2026-05-01,2026-05-31,2026-05-05,2026-05-05,2026-05-05 09:00:00,9_16,9,-73.0,-58.9737186545412,,,2026-06-25T10:22:48.214174
dayahead,lightgbm,0,2023-01-01,2026-04-30,2026-05-01,2026-05-31,2026-05-05,2026-05-05,2026-05-05 10:00:00,9_16,10,-73.5,-50.453042687434746,,,2026-06-25T10:22:48.214174
dayahead,lightgbm,0,2023-01-01,2026-04-30,2026-05-01,2026-05-31,2026-05-05,2026-05-05,2026-05-05 11:00:00,9_16,11,-75.0,-46.38958358017097,,,2026-06-25T10:22:48.214174
dayahead,lightgbm,0,2023-01-01,2026-04-30,2026-05-01,2026-05-31,2026-05-05,2026-05-05,2026-05-05 12:00:00,9_16,12,-60.0,-45.97496764043725,,,2026-06-25T10:22:48.214174
dayahead,lightgbm,0,2023-01-01,2026-04-30,2026-05-01,2026-05-31,2026-05-05,2026-05-05,2026-05-05 13:00:00,9_16,13,-48.625,-54.975700529105694,,,2026-06-25T10:22:48.214174
dayahead,lightgbm,0,2023-01-01,2026-04-30,2026-05-01,2026-05-31,2026-05-05,2026-05-05,2026-05-05 14:00:00,9_16,14,-70.0,-53.65714783867459,,,2026-06-25T10:22:48.214174
dayahead,lightgbm,0,2023-01-01,2026-04-30,2026-05-01,2026-05-31,2026-05-05,2026-05-05,2026-05-05 15:00:00,9_16,15,-67.34,-53.65714783867459,,,2026-06-25T10:22:48.214174
dayahead,lightgbm,0,2023-01-01,2026-04-30,2026-05-01,2026-05-31,2026-05-05,2026-05-05,2026-05-05 16:00:00,9_16,16,-5.0,-54.45442145936977,,,2026-06-25T10:22:48.214174
dayahead,lightgbm,0,2023-01-01,2026-04-30,2026-05-01,2026-05-31,2026-05-05,2026-05-05,2026-05-05 17:00:00,17_24,17,221.04,92.0991596666293,,,2026-06-25T10:22:48.214174
dayahead,lightgbm,0,2023-01-01,2026-04-30,2026-05-01,2026-05-31,2026-05-05,2026-05-05,2026-05-05 18:00:00,17_24,18,434.0,167.46520844808228,,,2026-06-25T10:22:48.214174
dayahead,lightgbm,0,2023-01-01,2026-04-30,2026-05-01,2026-05-31,2026-05-05,2026-05-05,2026-05-05 19:00:00,17_24,19,500.5,326.1086905278876,,,2026-06-25T10:22:48.214174
dayahead,lightgbm,0,2023-01-01,2026-04-30,2026-05-01,2026-05-31,2026-05-05,2026-05-05,2026-05-05 20:00:00,17_24,20,493.0,380.7709771408423,,,2026-06-25T10:22:48.214174
dayahead,lightgbm,0,2023-01-01,2026-04-30,2026-05-01,2026-05-31,2026-05-05,2026-05-05,2026-05-05 21:00:00,17_24,21,450.625,378.5542462787578,,,2026-06-25T10:22:48.214174
dayahead,lightgbm,0,2023-01-01,2026-04-30,2026-05-01,2026-05-31,2026-05-05,2026-05-05,2026-05-05 22:00:00,17_24,22,450.0,294.9641606640836,,,2026-06-25T10:22:48.214174
dayahead,lightgbm,0,2023-01-01,2026-04-30,2026-05-01,2026-05-31,2026-05-05,2026-05-05,2026-05-05 23:00:00,17_24,23,450.0,294.9641606640836,,,2026-06-25T10:22:48.214174
dayahead,lightgbm,0,2023-01-01,2026-04-30,2026-05-01,2026-05-31,2026-05-05,2026-05-05,2026-05-06 00:00:00,17_24,24,450.0,204.8362311601948,,,2026-06-25T10:22:48.214174
dayahead,lightgbm,0,2023-01-01,2026-04-30,2026-05-01,2026-05-31,2026-05-06,2026-05-06,2026-05-06 01:00:00,1_8,1,450.0,148.43664823296996,,,2026-06-25T10:22:48.214174
dayahead,lightgbm,0,2023-01-01,2026-04-30,2026-05-01,2026-05-31,2026-05-06,2026-05-06,2026-05-06 02:00:00,1_8,2,383.0,107.50175056105145,,,2026-06-25T10:22:48.214174
dayahead,lightgbm,0,2023-01-01,2026-04-30,2026-05-01,2026-05-31,2026-05-06,2026-05-06,2026-05-06 03:00:00,1_8,3,334.0,107.58723813370464,,,2026-06-25T10:22:48.214174
dayahead,lightgbm,0,2023-01-01,2026-04-30,2026-05-01,2026-05-31,2026-05-06,2026-05-06,2026-05-06 04:00:00,1_8,4,314.25,107.58723813370464,,,2026-06-25T10:22:48.214174
dayahead,lightgbm,0,2023-01-01,2026-04-30,2026-05-01,2026-05-31,2026-05-06,2026-05-06,2026-05-06 05:00:00,1_8,5,353.5,107.58723813370464,,,2026-06-25T10:22:48.214174
dayahead,lightgbm,0,2023-01-01,2026-04-30,2026-05-01,2026-05-31,2026-05-06,2026-05-06,2026-05-06 06:00:00,1_8,6,405.5,115.50251342275611,,,2026-06-25T10:22:48.214174
dayahead,lightgbm,0,2023-01-01,2026-04-30,2026-05-01,2026-05-31,2026-05-06,2026-05-06,2026-05-06 07:00:00,1_8,7,126.0,83.18117236696132,,,2026-06-25T10:22:48.214174
dayahead,lightgbm,0,2023-01-01,2026-04-30,2026-05-01,2026-05-31,2026-05-06,2026-05-06,2026-05-06 08:00:00,1_8,8,-60.0,66.18074193743122,,,2026-06-25T10:22:48.214174
dayahead,lightgbm,0,2023-01-01,2026-04-30,2026-05-01,2026-05-31,2026-05-06,2026-05-06,2026-05-06 09:00:00,9_16,9,-40.0,-66.90517135194362,,,2026-06-25T10:22:48.214174
dayahead,lightgbm,0,2023-01-01,2026-04-30,2026-05-01,2026-05-31,2026-05-06,2026-05-06,2026-05-06 10:00:00,9_16,10,-40.0,-66.90517135194362,,,2026-06-25T10:22:48.214174
dayahead,lightgbm,0,2023-01-01,2026-04-30,2026-05-01,2026-05-31,2026-05-06,2026-05-06,2026-05-06 11:00:00,9_16,11,-52.0,-65.33454587631157,,,2026-06-25T10:22:48.214174
dayahead,lightgbm,0,2023-01-01,2026-04-30,2026-05-01,2026-05-31,2026-05-06,2026-05-06,2026-05-06 12:00:00,9_16,12,-51.5,-59.76325994776312,,,2026-06-25T10:22:48.214174
dayahead,lightgbm,0,2023-01-01,2026-04-30,2026-05-01,2026-05-31,2026-05-06,2026-05-06,2026-05-06 13:00:00,9_16,13,-40.0,-59.76325994776312,,,2026-06-25T10:22:48.214174
dayahead,lightgbm,0,2023-01-01,2026-04-30,2026-05-01,2026-05-31,2026-05-06,2026-05-06,2026-05-06 14:00:00,9_16,14,-9.83,-60.36040447523677,,,2026-06-25T10:22:48.214174
dayahead,lightgbm,0,2023-01-01,2026-04-30,2026-05-01,2026-05-31,2026-05-06,2026-05-06,2026-05-06 15:00:00,9_16,15,27.5,-61.312865555081835,,,2026-06-25T10:22:48.214174
dayahead,lightgbm,0,2023-01-01,2026-04-30,2026-05-01,2026-05-31,2026-05-06,2026-05-06,2026-05-06 16:00:00,9_16,16,104.0,-61.312865555081835,,,2026-06-25T10:22:48.214174
dayahead,lightgbm,0,2023-01-01,2026-04-30,2026-05-01,2026-05-31,2026-05-06,2026-05-06,2026-05-06 17:00:00,17_24,17,444.71,107.03883232162758,,,2026-06-25T10:22:48.214174
dayahead,lightgbm,0,2023-01-01,2026-04-30,2026-05-01,2026-05-31,2026-05-06,2026-05-06,2026-05-06 18:00:00,17_24,18,511.0,379.57119279662,,,2026-06-25T10:22:48.214174
dayahead,lightgbm,0,2023-01-01,2026-04-30,2026-05-01,2026-05-31,2026-05-06,2026-05-06,2026-05-06 19:00:00,17_24,19,570.625,392.214899924889,,,2026-06-25T10:22:48.214174
dayahead,lightgbm,0,2023-01-01,2026-04-30,2026-05-01,2026-05-31,2026-05-06,2026-05-06,2026-05-06 20:00:00,17_24,20,560.0,395.740245872782,,,2026-06-25T10:22:48.214174
dayahead,lightgbm,0,2023-01-01,2026-04-30,2026-05-01,2026-05-31,2026-05-06,2026-05-06,2026-05-06 21:00:00,17_24,21,532.625,399.1716205848014,,,2026-06-25T10:22:48.214174
dayahead,lightgbm,0,2023-01-01,2026-04-30,2026-05-01,2026-05-31,2026-05-06,2026-05-06,2026-05-06 22:00:00,17_24,22,565.0,396.48098031971256,,,2026-06-25T10:22:48.214174
dayahead,lightgbm,0,2023-01-01,2026-04-30,2026-05-01,2026-05-31,2026-05-06,2026-05-06,2026-05-06 23:00:00,17_24,23,574.5,429.42561068607426,,,2026-06-25T10:22:48.214174
dayahead,lightgbm,0,2023-01-01,2026-04-30,2026-05-01,2026-05-31,2026-05-06,2026-05-06,2026-05-07 00:00:00,17_24,24,592.028,429.26234401050147,,,2026-06-25T10:22:48.214174
dayahead,lightgbm,0,2023-01-01,2026-04-30,2026-05-01,2026-05-31,2026-05-07,2026-05-07,2026-05-07 01:00:00,1_8,1,599.5,392.6582181279976,,,2026-06-25T10:22:48.214174
dayahead,lightgbm,0,2023-01-01,2026-04-30,2026-05-01,2026-05-31,2026-05-07,2026-05-07,2026-05-07 02:00:00,1_8,2,585.0,345.4500309981909,,,2026-06-25T10:22:48.214174
dayahead,lightgbm,0,2023-01-01,2026-04-30,2026-05-01,2026-05-31,2026-05-07,2026-05-07,2026-05-07 03:00:00,1_8,3,550.0,293.0950515328845,,,2026-06-25T10:22:48.214174
dayahead,lightgbm,0,2023-01-01,2026-04-30,2026-05-01,2026-05-31,2026-05-07,2026-05-07,2026-05-07 04:00:00,1_8,4,542.0,293.0950515328845,,,2026-06-25T10:22:48.214174
dayahead,lightgbm,0,2023-01-01,2026-04-30,2026-05-01,2026-05-31,2026-05-07,2026-05-07,2026-05-07 05:00:00,1_8,5,577.0,303.38724590461936,,,2026-06-25T10:22:48.214174
dayahead,lightgbm,0,2023-01-01,2026-04-30,2026-05-01,2026-05-31,2026-05-07,2026-05-07,2026-05-07 06:00:00,1_8,6,507.5,324.5899060857868,,,2026-06-25T10:22:48.214174
dayahead,lightgbm,0,2023-01-01,2026-04-30,2026-05-01,2026-05-31,2026-05-07,2026-05-07,2026-05-07 07:00:00,1_8,7,297.0,207.06887617204302,,,2026-06-25T10:22:48.214174
dayahead,lightgbm,0,2023-01-01,2026-04-30,2026-05-01,2026-05-31,2026-05-07,2026-05-07,2026-05-07 08:00:00,1_8,8,97.5,75.2308524038697,,,2026-06-25T10:22:48.214174
dayahead,lightgbm,0,2023-01-01,2026-04-30,2026-05-01,2026-05-31,2026-05-07,2026-05-07,2026-05-07 09:00:00,9_16,9,-48.0,-61.784198011491576,,,2026-06-25T10:22:48.214174
dayahead,lightgbm,0,2023-01-01,2026-04-30,2026-05-01,2026-05-31,2026-05-07,2026-05-07,2026-05-07 10:00:00,9_16,10,-67.5,-61.784198011491576,,,2026-06-25T10:22:48.214174
dayahead,lightgbm,0,2023-01-01,2026-04-30,2026-05-01,2026-05-31,2026-05-07,2026-05-07,2026-05-07 11:00:00,9_16,11,-70.0,-59.44586868254623,,,2026-06-25T10:22:48.214174
dayahead,lightgbm,0,2023-01-01,2026-04-30,2026-05-01,2026-05-31,2026-05-07,2026-05-07,2026-05-07 12:00:00,9_16,12,-70.0,-57.857006048636386,,,2026-06-25T10:22:48.214174
dayahead,lightgbm,0,2023-01-01,2026-04-30,2026-05-01,2026-05-31,2026-05-07,2026-05-07,2026-05-07 13:00:00,9_16,13,-74.5,-58.31461906390692,,,2026-06-25T10:22:48.214174
dayahead,lightgbm,0,2023-01-01,2026-04-30,2026-05-01,2026-05-31,2026-05-07,2026-05-07,2026-05-07 14:00:00,9_16,14,-73.0,-59.098187756172386,,,2026-06-25T10:22:48.214174
dayahead,lightgbm,0,2023-01-01,2026-04-30,2026-05-01,2026-05-31,2026-05-07,2026-05-07,2026-05-07 15:00:00,9_16,15,-70.0,-59.5957195337579,,,2026-06-25T10:22:48.214174
dayahead,lightgbm,0,2023-01-01,2026-04-30,2026-05-01,2026-05-31,2026-05-07,2026-05-07,2026-05-07 16:00:00,9_16,16,0.0,-59.5957195337579,,,2026-06-25T10:22:48.214174
dayahead,lightgbm,0,2023-01-01,2026-04-30,2026-05-01,2026-05-31,2026-05-07,2026-05-07,2026-05-07 17:00:00,17_24,17,258.5,134.10120783652576,,,2026-06-25T10:22:48.214174
dayahead,lightgbm,0,2023-01-01,2026-04-30,2026-05-01,2026-05-31,2026-05-07,2026-05-07,2026-05-07 18:00:00,17_24,18,474.5,393.85255671032286,,,2026-06-25T10:22:48.214174
dayahead,lightgbm,0,2023-01-01,2026-04-30,2026-05-01,2026-05-31,2026-05-07,2026-05-07,2026-05-07 19:00:00,17_24,19,599.875,493.0012407210267,,,2026-06-25T10:22:48.214174
dayahead,lightgbm,0,2023-01-01,2026-04-30,2026-05-01,2026-05-31,2026-05-07,2026-05-07,2026-05-07 20:00:00,17_24,20,599.5,493.5220763786136,,,2026-06-25T10:22:48.214174
dayahead,lightgbm,0,2023-01-01,2026-04-30,2026-05-01,2026-05-31,2026-05-07,2026-05-07,2026-05-07 21:00:00,17_24,21,599.5,485.84891859896067,,,2026-06-25T10:22:48.214174
dayahead,lightgbm,0,2023-01-01,2026-04-30,2026-05-01,2026-05-31,2026-05-07,2026-05-07,2026-05-07 22:00:00,17_24,22,599.5,486.43093091686643,,,2026-06-25T10:22:48.214174
dayahead,lightgbm,0,2023-01-01,2026-04-30,2026-05-01,2026-05-31,2026-05-07,2026-05-07,2026-05-07 23:00:00,17_24,23,594.5,485.8559066060904,,,2026-06-25T10:22:48.214174
dayahead,lightgbm,0,2023-01-01,2026-04-30,2026-05-01,2026-05-31,2026-05-07,2026-05-07,2026-05-08 00:00:00,17_24,24,590.5,481.0183862232949,,,2026-06-25T10:22:48.214174
dayahead,lightgbm,0,2023-01-01,2026-04-30,2026-05-01,2026-05-31,2026-05-08,2026-05-08,2026-05-08 01:00:00,1_8,1,600.0,416.18085190329833,,,2026-06-25T10:22:48.214174
dayahead,lightgbm,0,2023-01-01,2026-04-30,2026-05-01,2026-05-31,2026-05-08,2026-05-08,2026-05-08 02:00:00,1_8,2,562.5,416.18085190329833,,,2026-06-25T10:22:48.214174
dayahead,lightgbm,0,2023-01-01,2026-04-30,2026-05-01,2026-05-31,2026-05-08,2026-05-08,2026-05-08 03:00:00,1_8,3,481.0,411.11112184896126,,,2026-06-25T10:22:48.214174
dayahead,lightgbm,0,2023-01-01,2026-04-30,2026-05-01,2026-05-31,2026-05-08,2026-05-08,2026-05-08 04:00:00,1_8,4,473.25,385.571970733837,,,2026-06-25T10:22:48.214174
dayahead,lightgbm,0,2023-01-01,2026-04-30,2026-05-01,2026-05-31,2026-05-08,2026-05-08,2026-05-08 05:00:00,1_8,5,509.67,390.6488035845007,,,2026-06-25T10:22:48.214174
dayahead,lightgbm,0,2023-01-01,2026-04-30,2026-05-01,2026-05-31,2026-05-08,2026-05-08,2026-05-08 06:00:00,1_8,6,504.75,338.09993194668,,,2026-06-25T10:22:48.214174
dayahead,lightgbm,0,2023-01-01,2026-04-30,2026-05-01,2026-05-31,2026-05-08,2026-05-08,2026-05-08 07:00:00,1_8,7,330.5,205.82857499208052,,,2026-06-25T10:22:48.214174
dayahead,lightgbm,0,2023-01-01,2026-04-30,2026-05-01,2026-05-31,2026-05-08,2026-05-08,2026-05-08 08:00:00,1_8,8,-43.5,72.77728208266828,,,2026-06-25T10:22:48.214174
dayahead,lightgbm,0,2023-01-01,2026-04-30,2026-05-01,2026-05-31,2026-05-08,2026-05-08,2026-05-08 09:00:00,9_16,9,-70.0,-51.75849355222056,,,2026-06-25T10:22:48.214174
dayahead,lightgbm,0,2023-01-01,2026-04-30,2026-05-01,2026-05-31,2026-05-08,2026-05-08,2026-05-08 10:00:00,9_16,10,-73.0,-49.97580101228016,,,2026-06-25T10:22:48.214174
dayahead,lightgbm,0,2023-01-01,2026-04-30,2026-05-01,2026-05-31,2026-05-08,2026-05-08,2026-05-08 11:00:00,9_16,11,-73.47,-47.49810924201428,,,2026-06-25T10:22:48.214174
dayahead,lightgbm,0,2023-01-01,2026-04-30,2026-05-01,2026-05-31,2026-05-08,2026-05-08,2026-05-08 12:00:00,9_16,12,-70.0,-45.41419072926414,,,2026-06-25T10:22:48.214174
dayahead,lightgbm,0,2023-01-01,2026-04-30,2026-05-01,2026-05-31,2026-05-08,2026-05-08,2026-05-08 13:00:00,9_16,13,-71.5,-54.63807658397436,,,2026-06-25T10:22:48.214174
dayahead,lightgbm,0,2023-01-01,2026-04-30,2026-05-01,2026-05-31,2026-05-08,2026-05-08,2026-05-08 14:00:00,9_16,14,-73.0,-49.366144888382834,,,2026-06-25T10:22:48.214174
dayahead,lightgbm,0,2023-01-01,2026-04-30,2026-05-01,2026-05-31,2026-05-08,2026-05-08,2026-05-08 15:00:00,9_16,15,-56.875,-43.45221705263387,,,2026-06-25T10:22:48.214174
dayahead,lightgbm,0,2023-01-01,2026-04-30,2026-05-01,2026-05-31,2026-05-08,2026-05-08,2026-05-08 16:00:00,9_16,16,85.0,-33.10097749921903,,,2026-06-25T10:22:48.214174
dayahead,lightgbm,0,2023-01-01,2026-04-30,2026-05-01,2026-05-31,2026-05-08,2026-05-08,2026-05-08 17:00:00,17_24,17,374.38,105.91362228275149,,,2026-06-25T10:22:48.214174
dayahead,lightgbm,0,2023-01-01,2026-04-30,2026-05-01,2026-05-31,2026-05-08,2026-05-08,2026-05-08 18:00:00,17_24,18,527.06,389.9001271686748,,,2026-06-25T10:22:48.214174
dayahead,lightgbm,0,2023-01-01,2026-04-30,2026-05-01,2026-05-31,2026-05-08,2026-05-08,2026-05-08 19:00:00,17_24,19,529.52,502.6756028236752,,,2026-06-25T10:22:48.214174
dayahead,lightgbm,0,2023-01-01,2026-04-30,2026-05-01,2026-05-31,2026-05-08,2026-05-08,2026-05-08 20:00:00,17_24,20,531.253,486.8563720013449,,,2026-06-25T10:22:48.214174
dayahead,lightgbm,0,2023-01-01,2026-04-30,2026-05-01,2026-05-31,2026-05-08,2026-05-08,2026-05-08 21:00:00,17_24,21,530.5,483.13533900509617,,,2026-06-25T10:22:48.214174
dayahead,lightgbm,0,2023-01-01,2026-04-30,2026-05-01,2026-05-31,2026-05-08,2026-05-08,2026-05-08 22:00:00,17_24,22,520.0,437.9919139911724,,,2026-06-25T10:22:48.214174
dayahead,lightgbm,0,2023-01-01,2026-04-30,2026-05-01,2026-05-31,2026-05-08,2026-05-08,2026-05-08 23:00:00,17_24,23,474.718,403.54475642161043,,,2026-06-25T10:22:48.214174
dayahead,lightgbm,0,2023-01-01,2026-04-30,2026-05-01,2026-05-31,2026-05-08,2026-05-08,2026-05-09 00:00:00,17_24,24,465.0,378.2154748394359,,,2026-06-25T10:22:48.214174
dayahead,lightgbm,0,2023-01-01,2026-04-30,2026-05-01,2026-05-31,2026-05-09,2026-05-09,2026-05-09 01:00:00,1_8,1,509.0,323.6750034597166,,,2026-06-25T10:22:48.214174
dayahead,lightgbm,0,2023-01-01,2026-04-30,2026-05-01,2026-05-31,2026-05-09,2026-05-09,2026-05-09 02:00:00,1_8,2,445.0,311.4206728783532,,,2026-06-25T10:22:48.214174
dayahead,lightgbm,0,2023-01-01,2026-04-30,2026-05-01,2026-05-31,2026-05-09,2026-05-09,2026-05-09 03:00:00,1_8,3,380.0,298.3657174764169,,,2026-06-25T10:22:48.214174
dayahead,lightgbm,0,2023-01-01,2026-04-30,2026-05-01,2026-05-31,2026-05-09,2026-05-09,2026-05-09 04:00:00,1_8,4,396.0,285.13231333390496,,,2026-06-25T10:22:48.214174
dayahead,lightgbm,0,2023-01-01,2026-04-30,2026-05-01,2026-05-31,2026-05-09,2026-05-09,2026-05-09 05:00:00,1_8,5,376.02,261.01290811683305,,,2026-06-25T10:22:48.214174
dayahead,lightgbm,0,2023-01-01,2026-04-30,2026-05-01,2026-05-31,2026-05-09,2026-05-09,2026-05-09 06:00:00,1_8,6,364.5,248.59362424883258,,,2026-06-25T10:22:48.214174
dayahead,lightgbm,0,2023-01-01,2026-04-30,2026-05-01,2026-05-31,2026-05-09,2026-05-09,2026-05-09 07:00:00,1_8,7,49.075,81.97547451970716,,,2026-06-25T10:22:48.214174
dayahead,lightgbm,0,2023-01-01,2026-04-30,2026-05-01,2026-05-31,2026-05-09,2026-05-09,2026-05-09 08:00:00,1_8,8,-73.5,66.08356133659888,,,2026-06-25T10:22:48.214174
dayahead,lightgbm,0,2023-01-01,2026-04-30,2026-05-01,2026-05-31,2026-05-09,2026-05-09,2026-05-09 09:00:00,9_16,9,-76.638,-58.52787085311385,,,2026-06-25T10:22:48.214174
dayahead,lightgbm,0,2023-01-01,2026-04-30,2026-05-01,2026-05-31,2026-05-09,2026-05-09,2026-05-09 10:00:00,9_16,10,-75.0,-62.3207178947941,,,2026-06-25T10:22:48.214174
dayahead,lightgbm,0,2023-01-01,2026-04-30,2026-05-01,2026-05-31,2026-05-09,2026-05-09,2026-05-09 11:00:00,9_16,11,-77.0,-61.20875551216834,,,2026-06-25T10:22:48.214174
dayahead,lightgbm,0,2023-01-01,2026-04-30,2026-05-01,2026-05-31,2026-05-09,2026-05-09,2026-05-09 12:00:00,9_16,12,-75.0,-53.733685714314234,,,2026-06-25T10:22:48.214174
dayahead,lightgbm,0,2023-01-01,2026-04-30,2026-05-01,2026-05-31,2026-05-09,2026-05-09,2026-05-09 13:00:00,9_16,13,-75.0,-53.733685714314234,,,2026-06-25T10:22:48.214174
dayahead,lightgbm,0,2023-01-01,2026-04-30,2026-05-01,2026-05-31,2026-05-09,2026-05-09,2026-05-09 14:00:00,9_16,14,-77.0,-59.00243669402774,,,2026-06-25T10:22:48.214174
dayahead,lightgbm,0,2023-01-01,2026-04-30,2026-05-01,2026-05-31,2026-05-09,2026-05-09,2026-05-09 15:00:00,9_16,15,-76.5,-56.64645026851814,,,2026-06-25T10:22:48.214174
dayahead,lightgbm,0,2023-01-01,2026-04-30,2026-05-01,2026-05-31,2026-05-09,2026-05-09,2026-05-09 16:00:00,9_16,16,-70.0,-53.60766717774894,,,2026-06-25T10:22:48.214174
dayahead,lightgbm,0,2023-01-01,2026-04-30,2026-05-01,2026-05-31,2026-05-09,2026-05-09,2026-05-09 17:00:00,17_24,17,57.0,113.18535759662201,,,2026-06-25T10:22:48.214174
dayahead,lightgbm,0,2023-01-01,2026-04-30,2026-05-01,2026-05-31,2026-05-09,2026-05-09,2026-05-09 18:00:00,17_24,18,222.25,186.61440667284623,,,2026-06-25T10:22:48.214174
dayahead,lightgbm,0,2023-01-01,2026-04-30,2026-05-01,2026-05-31,2026-05-09,2026-05-09,2026-05-09 19:00:00,17_24,19,395.138,193.27352131190497,,,2026-06-25T10:22:48.214174
dayahead,lightgbm,0,2023-01-01,2026-04-30,2026-05-01,2026-05-31,2026-05-09,2026-05-09,2026-05-09 20:00:00,17_24,20,385.5,340.2932536360702,,,2026-06-25T10:22:48.214174
dayahead,lightgbm,0,2023-01-01,2026-04-30,2026-05-01,2026-05-31,2026-05-09,2026-05-09,2026-05-09 21:00:00,17_24,21,364.75,287.88271720937666,,,2026-06-25T10:22:48.214174
dayahead,lightgbm,0,2023-01-01,2026-04-30,2026-05-01,2026-05-31,2026-05-09,2026-05-09,2026-05-09 22:00:00,17_24,22,353.0,291.8250273597501,,,2026-06-25T10:22:48.214174
dayahead,lightgbm,0,2023-01-01,2026-04-30,2026-05-01,2026-05-31,2026-05-09,2026-05-09,2026-05-09 23:00:00,17_24,23,382.0,339.4109304762989,,,2026-06-25T10:22:48.214174
dayahead,lightgbm,0,2023-01-01,2026-04-30,2026-05-01,2026-05-31,2026-05-09,2026-05-09,2026-05-10 00:00:00,17_24,24,378.0,317.345241470468,,,2026-06-25T10:22:48.214174
dayahead,lightgbm,0,2023-01-01,2026-04-30,2026-05-01,2026-05-31,2026-05-10,2026-05-10,2026-05-10 01:00:00,1_8,1,370.5,127.58092976656827,,,2026-06-25T10:22:48.214174
dayahead,lightgbm,0,2023-01-01,2026-04-30,2026-05-01,2026-05-31,2026-05-10,2026-05-10,2026-05-10 02:00:00,1_8,2,300.0,83.08953208815477,,,2026-06-25T10:22:48.214174
dayahead,lightgbm,0,2023-01-01,2026-04-30,2026-05-01,2026-05-31,2026-05-10,2026-05-10,2026-05-10 03:00:00,1_8,3,250.0,86.46599188525695,,,2026-06-25T10:22:48.214174
dayahead,lightgbm,0,2023-01-01,2026-04-30,2026-05-01,2026-05-31,2026-05-10,2026-05-10,2026-05-10 04:00:00,1_8,4,252.5,80.49790678187212,,,2026-06-25T10:22:48.214174
dayahead,lightgbm,0,2023-01-01,2026-04-30,2026-05-01,2026-05-31,2026-05-10,2026-05-10,2026-05-10 05:00:00,1_8,5,229.0,86.46599188525695,,,2026-06-25T10:22:48.214174
dayahead,lightgbm,0,2023-01-01,2026-04-30,2026-05-01,2026-05-31,2026-05-10,2026-05-10,2026-05-10 06:00:00,1_8,6,233.25,86.46599188525695,,,2026-06-25T10:22:48.214174
dayahead,lightgbm,0,2023-01-01,2026-04-30,2026-05-01,2026-05-31,2026-05-10,2026-05-10,2026-05-10 07:00:00,1_8,7,0.0,87.68717310582181,,,2026-06-25T10:22:48.214174
dayahead,lightgbm,0,2023-01-01,2026-04-30,2026-05-01,2026-05-31,2026-05-10,2026-05-10,2026-05-10 08:00:00,1_8,8,-67.46,66.08391308316793,,,2026-06-25T10:22:48.214174
dayahead,lightgbm,0,2023-01-01,2026-04-30,2026-05-01,2026-05-31,2026-05-10,2026-05-10,2026-05-10 09:00:00,9_16,9,-75.0,-67.35640569392305,,,2026-06-25T10:22:48.214174
dayahead,lightgbm,0,2023-01-01,2026-04-30,2026-05-01,2026-05-31,2026-05-10,2026-05-10,2026-05-10 10:00:00,9_16,10,-76.5,-67.35640569392305,,,2026-06-25T10:22:48.214174
dayahead,lightgbm,0,2023-01-01,2026-04-30,2026-05-01,2026-05-31,2026-05-10,2026-05-10,2026-05-10 11:00:00,9_16,11,-77.0,-66.86393394956822,,,2026-06-25T10:22:48.214174
dayahead,lightgbm,0,2023-01-01,2026-04-30,2026-05-01,2026-05-31,2026-05-10,2026-05-10,2026-05-10 12:00:00,9_16,12,-77.0,-65.25523449479671,,,2026-06-25T10:22:48.214174
dayahead,lightgbm,0,2023-01-01,2026-04-30,2026-05-01,2026-05-31,2026-05-10,2026-05-10,2026-05-10 13:00:00,9_16,13,-77.0,-65.25523449479671,,,2026-06-25T10:22:48.214174
dayahead,lightgbm,0,2023-01-01,2026-04-30,2026-05-01,2026-05-31,2026-05-10,2026-05-10,2026-05-10 14:00:00,9_16,14,-75.0,-63.0340977721669,,,2026-06-25T10:22:48.214174
dayahead,lightgbm,0,2023-01-01,2026-04-30,2026-05-01,2026-05-31,2026-05-10,2026-05-10,2026-05-10 15:00:00,9_16,15,-75.0,-62.65623289346147,,,2026-06-25T10:22:48.214174
dayahead,lightgbm,0,2023-01-01,2026-04-30,2026-05-01,2026-05-31,2026-05-10,2026-05-10,2026-05-10 16:00:00,9_16,16,-18.875,-58.49287935817395,,,2026-06-25T10:22:48.214174
dayahead,lightgbm,0,2023-01-01,2026-04-30,2026-05-01,2026-05-31,2026-05-10,2026-05-10,2026-05-10 17:00:00,17_24,17,270.75,96.66006015311031,,,2026-06-25T10:22:48.214174
dayahead,lightgbm,0,2023-01-01,2026-04-30,2026-05-01,2026-05-31,2026-05-10,2026-05-10,2026-05-10 18:00:00,17_24,18,506.418,369.2575146103626,,,2026-06-25T10:22:48.214174
dayahead,lightgbm,0,2023-01-01,2026-04-30,2026-05-01,2026-05-31,2026-05-10,2026-05-10,2026-05-10 19:00:00,17_24,19,581.875,428.62099014767983,,,2026-06-25T10:22:48.214174
dayahead,lightgbm,0,2023-01-01,2026-04-30,2026-05-01,2026-05-31,2026-05-10,2026-05-10,2026-05-10 20:00:00,17_24,20,576.125,458.191783731828,,,2026-06-25T10:22:48.214174
dayahead,lightgbm,0,2023-01-01,2026-04-30,2026-05-01,2026-05-31,2026-05-10,2026-05-10,2026-05-10 21:00:00,17_24,21,580.08,438.2693039185658,,,2026-06-25T10:22:48.214174
dayahead,lightgbm,0,2023-01-01,2026-04-30,2026-05-01,2026-05-31,2026-05-10,2026-05-10,2026-05-10 22:00:00,17_24,22,547.16,417.49608846905403,,,2026-06-25T10:22:48.214174
dayahead,lightgbm,0,2023-01-01,2026-04-30,2026-05-01,2026-05-31,2026-05-10,2026-05-10,2026-05-10 23:00:00,17_24,23,551.0,414.5353802273563,,,2026-06-25T10:22:48.214174
dayahead,lightgbm,0,2023-01-01,2026-04-30,2026-05-01,2026-05-31,2026-05-10,2026-05-10,2026-05-11 00:00:00,17_24,24,550.0,401.462095035101,,,2026-06-25T10:22:48.214174
dayahead,lightgbm,0,2023-01-01,2026-04-30,2026-05-01,2026-05-31,2026-05-11,2026-05-11,2026-05-11 01:00:00,1_8,1,510.5,382.5697726969153,,,2026-06-25T10:22:48.214174
dayahead,lightgbm,0,2023-01-01,2026-04-30,2026-05-01,2026-05-31,2026-05-11,2026-05-11,2026-05-11 02:00:00,1_8,2,476.75,404.66107898973604,,,2026-06-25T10:22:48.214174
dayahead,lightgbm,0,2023-01-01,2026-04-30,2026-05-01,2026-05-31,2026-05-11,2026-05-11,2026-05-11 03:00:00,1_8,3,471.0,407.0070664437455,,,2026-06-25T10:22:48.214174
dayahead,lightgbm,0,2023-01-01,2026-04-30,2026-05-01,2026-05-31,2026-05-11,2026-05-11,2026-05-11 04:00:00,1_8,4,457.6,408.9248901691879,,,2026-06-25T10:22:48.214174
dayahead,lightgbm,0,2023-01-01,2026-04-30,2026-05-01,2026-05-31,2026-05-11,2026-05-11,2026-05-11 05:00:00,1_8,5,493.0,418.03360892625676,,,2026-06-25T10:22:48.214174
dayahead,lightgbm,0,2023-01-01,2026-04-30,2026-05-01,2026-05-31,2026-05-11,2026-05-11,2026-05-11 06:00:00,1_8,6,500.0,423.1745647984038,,,2026-06-25T10:22:48.214174
dayahead,lightgbm,0,2023-01-01,2026-04-30,2026-05-01,2026-05-31,2026-05-11,2026-05-11,2026-05-11 07:00:00,1_8,7,436.52,343.82354381269204,,,2026-06-25T10:22:48.214174
dayahead,lightgbm,0,2023-01-01,2026-04-30,2026-05-01,2026-05-31,2026-05-11,2026-05-11,2026-05-11 08:00:00,1_8,8,357.17,293.2480630195344,,,2026-06-25T10:22:48.214174
dayahead,lightgbm,0,2023-01-01,2026-04-30,2026-05-01,2026-05-31,2026-05-11,2026-05-11,2026-05-11 09:00:00,9_16,9,378.5,127.48810471602948,,,2026-06-25T10:22:48.214174
dayahead,lightgbm,0,2023-01-01,2026-04-30,2026-05-01,2026-05-31,2026-05-11,2026-05-11,2026-05-11 10:00:00,9_16,10,199.0,-27.486484569397465,,,2026-06-25T10:22:48.214174
dayahead,lightgbm,0,2023-01-01,2026-04-30,2026-05-01,2026-05-31,2026-05-11,2026-05-11,2026-05-11 11:00:00,9_16,11,59.5,-32.88661604357534,,,2026-06-25T10:22:48.214174
dayahead,lightgbm,0,2023-01-01,2026-04-30,2026-05-01,2026-05-31,2026-05-11,2026-05-11,2026-05-11 12:00:00,9_16,12,36.5,-57.42742180736903,,,2026-06-25T10:22:48.214174
dayahead,lightgbm,0,2023-01-01,2026-04-30,2026-05-01,2026-05-31,2026-05-11,2026-05-11,2026-05-11 13:00:00,9_16,13,-2.58,-57.62057332333025,,,2026-06-25T10:22:48.214174
dayahead,lightgbm,0,2023-01-01,2026-04-30,2026-05-01,2026-05-31,2026-05-11,2026-05-11,2026-05-11 14:00:00,9_16,14,5.0,-57.12886267212932,,,2026-06-25T10:22:48.214174
dayahead,lightgbm,0,2023-01-01,2026-04-30,2026-05-01,2026-05-31,2026-05-11,2026-05-11,2026-05-11 15:00:00,9_16,15,124.843,-15.144976816479597,,,2026-06-25T10:22:48.214174
dayahead,lightgbm,0,2023-01-01,2026-04-30,2026-05-01,2026-05-31,2026-05-11,2026-05-11,2026-05-11 16:00:00,9_16,16,342.288,139.32592579416544,,,2026-06-25T10:22:48.214174
dayahead,lightgbm,0,2023-01-01,2026-04-30,2026-05-01,2026-05-31,2026-05-11,2026-05-11,2026-05-11 17:00:00,17_24,17,435.0,405.80115523374195,,,2026-06-25T10:22:48.214174
dayahead,lightgbm,0,2023-01-01,2026-04-30,2026-05-01,2026-05-31,2026-05-11,2026-05-11,2026-05-11 18:00:00,17_24,18,528.875,462.750315909053,,,2026-06-25T10:22:48.214174
dayahead,lightgbm,0,2023-01-01,2026-04-30,2026-05-01,2026-05-31,2026-05-11,2026-05-11,2026-05-11 19:00:00,17_24,19,567.875,533.8762177130935,,,2026-06-25T10:22:48.214174
dayahead,lightgbm,0,2023-01-01,2026-04-30,2026-05-01,2026-05-31,2026-05-11,2026-05-11,2026-05-11 20:00:00,17_24,20,546.095,531.0079786703405,,,2026-06-25T10:22:48.214174
dayahead,lightgbm,0,2023-01-01,2026-04-30,2026-05-01,2026-05-31,2026-05-11,2026-05-11,2026-05-11 21:00:00,17_24,21,554.0,517.678630388326,,,2026-06-25T10:22:48.214174
dayahead,lightgbm,0,2023-01-01,2026-04-30,2026-05-01,2026-05-31,2026-05-11,2026-05-11,2026-05-11 22:00:00,17_24,22,537.125,502.9099038764272,,,2026-06-25T10:22:48.214174
dayahead,lightgbm,0,2023-01-01,2026-04-30,2026-05-01,2026-05-31,2026-05-11,2026-05-11,2026-05-11 23:00:00,17_24,23,557.0,502.9099038764272,,,2026-06-25T10:22:48.214174
dayahead,lightgbm,0,2023-01-01,2026-04-30,2026-05-01,2026-05-31,2026-05-11,2026-05-11,2026-05-12 00:00:00,17_24,24,550.375,485.7052800444615,,,2026-06-25T10:22:48.214174
dayahead,lightgbm,0,2023-01-01,2026-04-30,2026-05-01,2026-05-31,2026-05-12,2026-05-12,2026-05-12 01:00:00,1_8,1,600.125,434.8617049016823,,,2026-06-25T10:22:48.214174
dayahead,lightgbm,0,2023-01-01,2026-04-30,2026-05-01,2026-05-31,2026-05-12,2026-05-12,2026-05-12 02:00:00,1_8,2,600.0,422.4815596043946,,,2026-06-25T10:22:48.214174
dayahead,lightgbm,0,2023-01-01,2026-04-30,2026-05-01,2026-05-31,2026-05-12,2026-05-12,2026-05-12 03:00:00,1_8,3,590.0,422.4815596043946,,,2026-06-25T10:22:48.214174
dayahead,lightgbm,0,2023-01-01,2026-04-30,2026-05-01,2026-05-31,2026-05-12,2026-05-12,2026-05-12 04:00:00,1_8,4,568.5,422.4815596043946,,,2026-06-25T10:22:48.214174
dayahead,lightgbm,0,2023-01-01,2026-04-30,2026-05-01,2026-05-31,2026-05-12,2026-05-12,2026-05-12 05:00:00,1_8,5,600.25,437.89610192746574,,,2026-06-25T10:22:48.214174
dayahead,lightgbm,0,2023-01-01,2026-04-30,2026-05-01,2026-05-31,2026-05-12,2026-05-12,2026-05-12 06:00:00,1_8,6,600.25,435.48844159483025,,,2026-06-25T10:22:48.214174
dayahead,lightgbm,0,2023-01-01,2026-04-30,2026-05-01,2026-05-31,2026-05-12,2026-05-12,2026-05-12 07:00:00,1_8,7,472.0,380.5773847346163,,,2026-06-25T10:22:48.214174
dayahead,lightgbm,0,2023-01-01,2026-04-30,2026-05-01,2026-05-31,2026-05-12,2026-05-12,2026-05-12 08:00:00,1_8,8,172.538,203.4205523671728,,,2026-06-25T10:22:48.214174
dayahead,lightgbm,0,2023-01-01,2026-04-30,2026-05-01,2026-05-31,2026-05-12,2026-05-12,2026-05-12 09:00:00,9_16,9,-10.978,-51.79286843796111,,,2026-06-25T10:22:48.214174
dayahead,lightgbm,0,2023-01-01,2026-04-30,2026-05-01,2026-05-31,2026-05-12,2026-05-12,2026-05-12 10:00:00,9_16,10,-40.0,-55.051168656649445,,,2026-06-25T10:22:48.214174
dayahead,lightgbm,0,2023-01-01,2026-04-30,2026-05-01,2026-05-31,2026-05-12,2026-05-12,2026-05-12 11:00:00,9_16,11,-40.5,-53.997048160050056,,,2026-06-25T10:22:48.214174
dayahead,lightgbm,0,2023-01-01,2026-04-30,2026-05-01,2026-05-31,2026-05-12,2026-05-12,2026-05-12 12:00:00,9_16,12,-60.0,-54.08331360343407,,,2026-06-25T10:22:48.214174
dayahead,lightgbm,0,2023-01-01,2026-04-30,2026-05-01,2026-05-31,2026-05-12,2026-05-12,2026-05-12 13:00:00,9_16,13,-70.0,-46.76971759605768,,,2026-06-25T10:22:48.214174
dayahead,lightgbm,0,2023-01-01,2026-04-30,2026-05-01,2026-05-31,2026-05-12,2026-05-12,2026-05-12 14:00:00,9_16,14,-69.95,-49.95297553978668,,,2026-06-25T10:22:48.214174
dayahead,lightgbm,0,2023-01-01,2026-04-30,2026-05-01,2026-05-31,2026-05-12,2026-05-12,2026-05-12 15:00:00,9_16,15,-61.5,-52.92779427510074,,,2026-06-25T10:22:48.214174
dayahead,lightgbm,0,2023-01-01,2026-04-30,2026-05-01,2026-05-31,2026-05-12,2026-05-12,2026-05-12 16:00:00,9_16,16,111.5,-34.50134294348416,,,2026-06-25T10:22:48.214174
dayahead,lightgbm,0,2023-01-01,2026-04-30,2026-05-01,2026-05-31,2026-05-12,2026-05-12,2026-05-12 17:00:00,17_24,17,386.64,331.90609696517805,,,2026-06-25T10:22:48.214174
dayahead,lightgbm,0,2023-01-01,2026-04-30,2026-05-01,2026-05-31,2026-05-12,2026-05-12,2026-05-12 18:00:00,17_24,18,518.0,466.0709545143335,,,2026-06-25T10:22:48.214174
dayahead,lightgbm,0,2023-01-01,2026-04-30,2026-05-01,2026-05-31,2026-05-12,2026-05-12,2026-05-12 19:00:00,17_24,19,600.0,506.54353017126004,,,2026-06-25T10:22:48.214174
dayahead,lightgbm,0,2023-01-01,2026-04-30,2026-05-01,2026-05-31,2026-05-12,2026-05-12,2026-05-12 20:00:00,17_24,20,547.75,485.01295036164424,,,2026-06-25T10:22:48.214174
dayahead,lightgbm,0,2023-01-01,2026-04-30,2026-05-01,2026-05-31,2026-05-12,2026-05-12,2026-05-12 21:00:00,17_24,21,533.75,466.7546142423845,,,2026-06-25T10:22:48.214174
dayahead,lightgbm,0,2023-01-01,2026-04-30,2026-05-01,2026-05-31,2026-05-12,2026-05-12,2026-05-12 22:00:00,17_24,22,516.5,426.38547003338255,,,2026-06-25T10:22:48.214174
dayahead,lightgbm,0,2023-01-01,2026-04-30,2026-05-01,2026-05-31,2026-05-12,2026-05-12,2026-05-12 23:00:00,17_24,23,530.5,433.599062798822,,,2026-06-25T10:22:48.214174
dayahead,lightgbm,0,2023-01-01,2026-04-30,2026-05-01,2026-05-31,2026-05-12,2026-05-12,2026-05-13 00:00:00,17_24,24,507.5,379.4369847121303,,,2026-06-25T10:22:48.214174
dayahead,lightgbm,0,2023-01-01,2026-04-30,2026-05-01,2026-05-31,2026-05-13,2026-05-13,2026-05-13 01:00:00,1_8,1,520.0,290.6386614179589,,,2026-06-25T10:22:48.214174
dayahead,lightgbm,0,2023-01-01,2026-04-30,2026-05-01,2026-05-31,2026-05-13,2026-05-13,2026-05-13 02:00:00,1_8,2,484.0,290.6386614179589,,,2026-06-25T10:22:48.214174
dayahead,lightgbm,0,2023-01-01,2026-04-30,2026-05-01,2026-05-31,2026-05-13,2026-05-13,2026-05-13 03:00:00,1_8,3,475.83,293.1917761720705,,,2026-06-25T10:22:48.214174
dayahead,lightgbm,0,2023-01-01,2026-04-30,2026-05-01,2026-05-31,2026-05-13,2026-05-13,2026-05-13 04:00:00,1_8,4,469.25,300.66837121864774,,,2026-06-25T10:22:48.214174
dayahead,lightgbm,0,2023-01-01,2026-04-30,2026-05-01,2026-05-31,2026-05-13,2026-05-13,2026-05-13 05:00:00,1_8,5,485.175,298.1152564645361,,,2026-06-25T10:22:48.214174
dayahead,lightgbm,0,2023-01-01,2026-04-30,2026-05-01,2026-05-31,2026-05-13,2026-05-13,2026-05-13 06:00:00,1_8,6,479.0,319.37686786008584,,,2026-06-25T10:22:48.214174
dayahead,lightgbm,0,2023-01-01,2026-04-30,2026-05-01,2026-05-31,2026-05-13,2026-05-13,2026-05-13 07:00:00,1_8,7,349.75,230.48091938575277,,,2026-06-25T10:22:48.214174
dayahead,lightgbm,0,2023-01-01,2026-04-30,2026-05-01,2026-05-31,2026-05-13,2026-05-13,2026-05-13 08:00:00,1_8,8,33.81,72.72056168063556,,,2026-06-25T10:22:48.214174
dayahead,lightgbm,0,2023-01-01,2026-04-30,2026-05-01,2026-05-31,2026-05-13,2026-05-13,2026-05-13 09:00:00,9_16,9,-50.0,-37.983158931050966,,,2026-06-25T10:22:48.214174
dayahead,lightgbm,0,2023-01-01,2026-04-30,2026-05-01,2026-05-31,2026-05-13,2026-05-13,2026-05-13 10:00:00,9_16,10,-60.0,-30.87278405443072,,,2026-06-25T10:22:48.214174
dayahead,lightgbm,0,2023-01-01,2026-04-30,2026-05-01,2026-05-31,2026-05-13,2026-05-13,2026-05-13 11:00:00,9_16,11,-60.0,-28.592945493093975,,,2026-06-25T10:22:48.214174
dayahead,lightgbm,0,2023-01-01,2026-04-30,2026-05-01,2026-05-31,2026-05-13,2026-05-13,2026-05-13 12:00:00,9_16,12,-60.0,-45.25205271367317,,,2026-06-25T10:22:48.214174
dayahead,lightgbm,0,2023-01-01,2026-04-30,2026-05-01,2026-05-31,2026-05-13,2026-05-13,2026-05-13 13:00:00,9_16,13,-59.5,-45.25205271367317,,,2026-06-25T10:22:48.214174
dayahead,lightgbm,0,2023-01-01,2026-04-30,2026-05-01,2026-05-31,2026-05-13,2026-05-13,2026-05-13 14:00:00,9_16,14,-59.5,-45.541481535486575,,,2026-06-25T10:22:48.214174
dayahead,lightgbm,0,2023-01-01,2026-04-30,2026-05-01,2026-05-31,2026-05-13,2026-05-13,2026-05-13 15:00:00,9_16,15,-50.0,-46.65311594088871,,,2026-06-25T10:22:48.214174
dayahead,lightgbm,0,2023-01-01,2026-04-30,2026-05-01,2026-05-31,2026-05-13,2026-05-13,2026-05-13 16:00:00,9_16,16,105.5,-2.7922005481805163,,,2026-06-25T10:22:48.214174
dayahead,lightgbm,0,2023-01-01,2026-04-30,2026-05-01,2026-05-31,2026-05-13,2026-05-13,2026-05-13 17:00:00,17_24,17,426.918,317.01454843166556,,,2026-06-25T10:22:48.214174
dayahead,lightgbm,0,2023-01-01,2026-04-30,2026-05-01,2026-05-31,2026-05-13,2026-05-13,2026-05-13 18:00:00,17_24,18,521.625,408.79448234588983,,,2026-06-25T10:22:48.214174
dayahead,lightgbm,0,2023-01-01,2026-04-30,2026-05-01,2026-05-31,2026-05-13,2026-05-13,2026-05-13 19:00:00,17_24,19,600.0,477.7499313870828,,,2026-06-25T10:22:48.214174
dayahead,lightgbm,0,2023-01-01,2026-04-30,2026-05-01,2026-05-31,2026-05-13,2026-05-13,2026-05-13 20:00:00,17_24,20,565.25,489.82270342431394,,,2026-06-25T10:22:48.214174
dayahead,lightgbm,0,2023-01-01,2026-04-30,2026-05-01,2026-05-31,2026-05-13,2026-05-13,2026-05-13 21:00:00,17_24,21,567.25,486.6731448886132,,,2026-06-25T10:22:48.214174
dayahead,lightgbm,0,2023-01-01,2026-04-30,2026-05-01,2026-05-31,2026-05-13,2026-05-13,2026-05-13 22:00:00,17_24,22,600.0,466.1460945752479,,,2026-06-25T10:22:48.214174
dayahead,lightgbm,0,2023-01-01,2026-04-30,2026-05-01,2026-05-31,2026-05-13,2026-05-13,2026-05-13 23:00:00,17_24,23,600.0,468.25255221514203,,,2026-06-25T10:22:48.214174
dayahead,lightgbm,0,2023-01-01,2026-04-30,2026-05-01,2026-05-31,2026-05-13,2026-05-13,2026-05-14 00:00:00,17_24,24,600.0,455.96724356725696,,,2026-06-25T10:22:48.214174
dayahead,lightgbm,0,2023-01-01,2026-04-30,2026-05-01,2026-05-31,2026-05-14,2026-05-14,2026-05-14 01:00:00,1_8,1,519.5,409.6598620407754,,,2026-06-25T10:22:48.214174
dayahead,lightgbm,0,2023-01-01,2026-04-30,2026-05-01,2026-05-31,2026-05-14,2026-05-14,2026-05-14 02:00:00,1_8,2,509.5,401.45411166119123,,,2026-06-25T10:22:48.214174
dayahead,lightgbm,0,2023-01-01,2026-04-30,2026-05-01,2026-05-31,2026-05-14,2026-05-14,2026-05-14 03:00:00,1_8,3,500.0,404.0159075972351,,,2026-06-25T10:22:48.214174
dayahead,lightgbm,0,2023-01-01,2026-04-30,2026-05-01,2026-05-31,2026-05-14,2026-05-14,2026-05-14 04:00:00,1_8,4,500.375,406.23526907207076,,,2026-06-25T10:22:48.214174
dayahead,lightgbm,0,2023-01-01,2026-04-30,2026-05-01,2026-05-31,2026-05-14,2026-05-14,2026-05-14 05:00:00,1_8,5,529.16,406.23526907207076,,,2026-06-25T10:22:48.214174
dayahead,lightgbm,0,2023-01-01,2026-04-30,2026-05-01,2026-05-31,2026-05-14,2026-05-14,2026-05-14 06:00:00,1_8,6,529.5,406.23526907207076,,,2026-06-25T10:22:48.214174
dayahead,lightgbm,0,2023-01-01,2026-04-30,2026-05-01,2026-05-31,2026-05-14,2026-05-14,2026-05-14 07:00:00,1_8,7,415.0,302.4515159944658,,,2026-06-25T10:22:48.214174
dayahead,lightgbm,0,2023-01-01,2026-04-30,2026-05-01,2026-05-31,2026-05-14,2026-05-14,2026-05-14 08:00:00,1_8,8,132.92,194.20020111796725,,,2026-06-25T10:22:48.214174
dayahead,lightgbm,0,2023-01-01,2026-04-30,2026-05-01,2026-05-31,2026-05-14,2026-05-14,2026-05-14 09:00:00,9_16,9,100.0,-19.148477647524615,,,2026-06-25T10:22:48.214174
dayahead,lightgbm,0,2023-01-01,2026-04-30,2026-05-01,2026-05-31,2026-05-14,2026-05-14,2026-05-14 10:00:00,9_16,10,-75.5,-50.05791576685663,,,2026-06-25T10:22:48.214174
dayahead,lightgbm,0,2023-01-01,2026-04-30,2026-05-01,2026-05-31,2026-05-14,2026-05-14,2026-05-14 11:00:00,9_16,11,-75.0,-50.19367109396779,,,2026-06-25T10:22:48.214174
dayahead,lightgbm,0,2023-01-01,2026-04-30,2026-05-01,2026-05-31,2026-05-14,2026-05-14,2026-05-14 12:00:00,9_16,12,-75.0,-48.47842861681135,,,2026-06-25T10:22:48.214174
dayahead,lightgbm,0,2023-01-01,2026-04-30,2026-05-01,2026-05-31,2026-05-14,2026-05-14,2026-05-14 13:00:00,9_16,13,-75.0,-48.47842861681135,,,2026-06-25T10:22:48.214174
dayahead,lightgbm,0,2023-01-01,2026-04-30,2026-05-01,2026-05-31,2026-05-14,2026-05-14,2026-05-14 14:00:00,9_16,14,-68.125,-49.750038542442645,,,2026-06-25T10:22:48.214174
dayahead,lightgbm,0,2023-01-01,2026-04-30,2026-05-01,2026-05-31,2026-05-14,2026-05-14,2026-05-14 15:00:00,9_16,15,-75.0,-50.59043473928785,,,2026-06-25T10:22:48.214174
dayahead,lightgbm,0,2023-01-01,2026-04-30,2026-05-01,2026-05-31,2026-05-14,2026-05-14,2026-05-14 16:00:00,9_16,16,179.0,-58.627156343293265,,,2026-06-25T10:22:48.214174
dayahead,lightgbm,0,2023-01-01,2026-04-30,2026-05-01,2026-05-31,2026-05-14,2026-05-14,2026-05-14 17:00:00,17_24,17,419.1,328.93793740004185,,,2026-06-25T10:22:48.214174
dayahead,lightgbm,0,2023-01-01,2026-04-30,2026-05-01,2026-05-31,2026-05-14,2026-05-14,2026-05-14 18:00:00,17_24,18,491.803,407.7703493502482,,,2026-06-25T10:22:48.214174
dayahead,lightgbm,0,2023-01-01,2026-04-30,2026-05-01,2026-05-31,2026-05-14,2026-05-14,2026-05-14 19:00:00,17_24,19,534.81,502.80228878779786,,,2026-06-25T10:22:48.214174
dayahead,lightgbm,0,2023-01-01,2026-04-30,2026-05-01,2026-05-31,2026-05-14,2026-05-14,2026-05-14 20:00:00,17_24,20,512.0,490.203168363382,,,2026-06-25T10:22:48.214174
dayahead,lightgbm,0,2023-01-01,2026-04-30,2026-05-01,2026-05-31,2026-05-14,2026-05-14,2026-05-14 21:00:00,17_24,21,530.625,478.54198347707165,,,2026-06-25T10:22:48.214174
dayahead,lightgbm,0,2023-01-01,2026-04-30,2026-05-01,2026-05-31,2026-05-14,2026-05-14,2026-05-14 22:00:00,17_24,22,540.5,474.5705471344723,,,2026-06-25T10:22:48.214174
dayahead,lightgbm,0,2023-01-01,2026-04-30,2026-05-01,2026-05-31,2026-05-14,2026-05-14,2026-05-14 23:00:00,17_24,23,532.05,477.29334923275843,,,2026-06-25T10:22:48.214174
dayahead,lightgbm,0,2023-01-01,2026-04-30,2026-05-01,2026-05-31,2026-05-14,2026-05-14,2026-05-15 00:00:00,17_24,24,499.5,401.00149677157293,,,2026-06-25T10:22:48.214174
dayahead,lightgbm,0,2023-01-01,2026-04-30,2026-05-01,2026-05-31,2026-05-15,2026-05-15,2026-05-15 01:00:00,1_8,1,530.0,327.62258151630687,,,2026-06-25T10:22:48.214174
dayahead,lightgbm,0,2023-01-01,2026-04-30,2026-05-01,2026-05-31,2026-05-15,2026-05-15,2026-05-15 02:00:00,1_8,2,495.0,321.4063329087175,,,2026-06-25T10:22:48.214174
dayahead,lightgbm,0,2023-01-01,2026-04-30,2026-05-01,2026-05-31,2026-05-15,2026-05-15,2026-05-15 03:00:00,1_8,3,473.68,321.4063329087175,,,2026-06-25T10:22:48.214174
dayahead,lightgbm,0,2023-01-01,2026-04-30,2026-05-01,2026-05-31,2026-05-15,2026-05-15,2026-05-15 04:00:00,1_8,4,474.5,321.4063329087175,,,2026-06-25T10:22:48.214174
dayahead,lightgbm,0,2023-01-01,2026-04-30,2026-05-01,2026-05-31,2026-05-15,2026-05-15,2026-05-15 05:00:00,1_8,5,500.0,329.50197476939746,,,2026-06-25T10:22:48.214174
dayahead,lightgbm,0,2023-01-01,2026-04-30,2026-05-01,2026-05-31,2026-05-15,2026-05-15,2026-05-15 06:00:00,1_8,6,521.58,331.22819292383826,,,2026-06-25T10:22:48.214174
dayahead,lightgbm,0,2023-01-01,2026-04-30,2026-05-01,2026-05-31,2026-05-15,2026-05-15,2026-05-15 07:00:00,1_8,7,339.0,217.93302123591826,,,2026-06-25T10:22:48.214174
dayahead,lightgbm,0,2023-01-01,2026-04-30,2026-05-01,2026-05-31,2026-05-15,2026-05-15,2026-05-15 08:00:00,1_8,8,-13.0,89.32537492111211,,,2026-06-25T10:22:48.214174
dayahead,lightgbm,0,2023-01-01,2026-04-30,2026-05-01,2026-05-31,2026-05-15,2026-05-15,2026-05-15 09:00:00,9_16,9,-60.0,-48.73417930881458,,,2026-06-25T10:22:48.214174
dayahead,lightgbm,0,2023-01-01,2026-04-30,2026-05-01,2026-05-31,2026-05-15,2026-05-15,2026-05-15 10:00:00,9_16,10,-70.71,-60.484027831088184,,,2026-06-25T10:22:48.214174
dayahead,lightgbm,0,2023-01-01,2026-04-30,2026-05-01,2026-05-31,2026-05-15,2026-05-15,2026-05-15 11:00:00,9_16,11,-70.0,-59.7921475720446,,,2026-06-25T10:22:48.214174
dayahead,lightgbm,0,2023-01-01,2026-04-30,2026-05-01,2026-05-31,2026-05-15,2026-05-15,2026-05-15 12:00:00,9_16,12,-70.0,-58.71593196681496,,,2026-06-25T10:22:48.214174
dayahead,lightgbm,0,2023-01-01,2026-04-30,2026-05-01,2026-05-31,2026-05-15,2026-05-15,2026-05-15 13:00:00,9_16,13,-70.0,-54.97900896915438,,,2026-06-25T10:22:48.214174
dayahead,lightgbm,0,2023-01-01,2026-04-30,2026-05-01,2026-05-31,2026-05-15,2026-05-15,2026-05-15 14:00:00,9_16,14,-73.125,-46.54862656772706,,,2026-06-25T10:22:48.214174
dayahead,lightgbm,0,2023-01-01,2026-04-30,2026-05-01,2026-05-31,2026-05-15,2026-05-15,2026-05-15 15:00:00,9_16,15,-60.0,-59.49376154443712,,,2026-06-25T10:22:48.214174
dayahead,lightgbm,0,2023-01-01,2026-04-30,2026-05-01,2026-05-31,2026-05-15,2026-05-15,2026-05-15 16:00:00,9_16,16,-32.24,-39.80445264552597,,,2026-06-25T10:22:48.214174
dayahead,lightgbm,0,2023-01-01,2026-04-30,2026-05-01,2026-05-31,2026-05-15,2026-05-15,2026-05-15 17:00:00,17_24,17,283.0,141.14140380870924,,,2026-06-25T10:22:48.214174
dayahead,lightgbm,0,2023-01-01,2026-04-30,2026-05-01,2026-05-31,2026-05-15,2026-05-15,2026-05-15 18:00:00,17_24,18,455.0,371.4266001363544,,,2026-06-25T10:22:48.214174
dayahead,lightgbm,0,2023-01-01,2026-04-30,2026-05-01,2026-05-31,2026-05-15,2026-05-15,2026-05-15 19:00:00,17_24,19,525.655,424.5776524119792,,,2026-06-25T10:22:48.214174
dayahead,lightgbm,0,2023-01-01,2026-04-30,2026-05-01,2026-05-31,2026-05-15,2026-05-15,2026-05-15 20:00:00,17_24,20,549.145,453.2024862022095,,,2026-06-25T10:22:48.214174
dayahead,lightgbm,0,2023-01-01,2026-04-30,2026-05-01,2026-05-31,2026-05-15,2026-05-15,2026-05-15 21:00:00,17_24,21,545.0,454.98283532819863,,,2026-06-25T10:22:48.214174
dayahead,lightgbm,0,2023-01-01,2026-04-30,2026-05-01,2026-05-31,2026-05-15,2026-05-15,2026-05-15 22:00:00,17_24,22,548.5,410.2003365195132,,,2026-06-25T10:22:48.214174
dayahead,lightgbm,0,2023-01-01,2026-04-30,2026-05-01,2026-05-31,2026-05-15,2026-05-15,2026-05-15 23:00:00,17_24,23,532.875,399.4088324290946,,,2026-06-25T10:22:48.214174
dayahead,lightgbm,0,2023-01-01,2026-04-30,2026-05-01,2026-05-31,2026-05-15,2026-05-15,2026-05-16 00:00:00,17_24,24,498.0,303.8283681654618,,,2026-06-25T10:22:48.214174
dayahead,lightgbm,0,2023-01-01,2026-04-30,2026-05-01,2026-05-31,2026-05-16,2026-05-16,2026-05-16 01:00:00,1_8,1,500.0,280.6153608687205,,,2026-06-25T10:22:48.214174
dayahead,lightgbm,0,2023-01-01,2026-04-30,2026-05-01,2026-05-31,2026-05-16,2026-05-16,2026-05-16 02:00:00,1_8,2,474.5,278.50994047627864,,,2026-06-25T10:22:48.214174
dayahead,lightgbm,0,2023-01-01,2026-04-30,2026-05-01,2026-05-31,2026-05-16,2026-05-16,2026-05-16 03:00:00,1_8,3,455.0,278.50994047627864,,,2026-06-25T10:22:48.214174
dayahead,lightgbm,0,2023-01-01,2026-04-30,2026-05-01,2026-05-31,2026-05-16,2026-05-16,2026-05-16 04:00:00,1_8,4,451.5,279.6697749043922,,,2026-06-25T10:22:48.214174
dayahead,lightgbm,0,2023-01-01,2026-04-30,2026-05-01,2026-05-31,2026-05-16,2026-05-16,2026-05-16 05:00:00,1_8,5,464.0,322.7922745232655,,,2026-06-25T10:22:48.214174
dayahead,lightgbm,0,2023-01-01,2026-04-30,2026-05-01,2026-05-31,2026-05-16,2026-05-16,2026-05-16 06:00:00,1_8,6,468.5,326.72352440445405,,,2026-06-25T10:22:48.214174
dayahead,lightgbm,0,2023-01-01,2026-04-30,2026-05-01,2026-05-31,2026-05-16,2026-05-16,2026-05-16 07:00:00,1_8,7,405.5,172.74295197335357,,,2026-06-25T10:22:48.214174
dayahead,lightgbm,0,2023-01-01,2026-04-30,2026-05-01,2026-05-31,2026-05-16,2026-05-16,2026-05-16 08:00:00,1_8,8,164.5,76.410651919069,,,2026-06-25T10:22:48.214174
dayahead,lightgbm,0,2023-01-01,2026-04-30,2026-05-01,2026-05-31,2026-05-16,2026-05-16,2026-05-16 09:00:00,9_16,9,10.625,-59.44374349681901,,,2026-06-25T10:22:48.214174
dayahead,lightgbm,0,2023-01-01,2026-04-30,2026-05-01,2026-05-31,2026-05-16,2026-05-16,2026-05-16 10:00:00,9_16,10,-30.0,-58.19566012417944,,,2026-06-25T10:22:48.214174
dayahead,lightgbm,0,2023-01-01,2026-04-30,2026-05-01,2026-05-31,2026-05-16,2026-05-16,2026-05-16 11:00:00,9_16,11,-55.0,-55.55203632631727,,,2026-06-25T10:22:48.214174
dayahead,lightgbm,0,2023-01-01,2026-04-30,2026-05-01,2026-05-31,2026-05-16,2026-05-16,2026-05-16 12:00:00,9_16,12,-44.0,-54.50292607871766,,,2026-06-25T10:22:48.214174
dayahead,lightgbm,0,2023-01-01,2026-04-30,2026-05-01,2026-05-31,2026-05-16,2026-05-16,2026-05-16 13:00:00,9_16,13,-30.5,-58.44382612159761,,,2026-06-25T10:22:48.214174
dayahead,lightgbm,0,2023-01-01,2026-04-30,2026-05-01,2026-05-31,2026-05-16,2026-05-16,2026-05-16 14:00:00,9_16,14,-30.0,-65.97024228334779,,,2026-06-25T10:22:48.214174
dayahead,lightgbm,0,2023-01-01,2026-04-30,2026-05-01,2026-05-31,2026-05-16,2026-05-16,2026-05-16 15:00:00,9_16,15,-28.0,-61.17631228161476,,,2026-06-25T10:22:48.214174
dayahead,lightgbm,0,2023-01-01,2026-04-30,2026-05-01,2026-05-31,2026-05-16,2026-05-16,2026-05-16 16:00:00,9_16,16,77.5,-58.47864358833547,,,2026-06-25T10:22:48.214174
dayahead,lightgbm,0,2023-01-01,2026-04-30,2026-05-01,2026-05-31,2026-05-16,2026-05-16,2026-05-16 17:00:00,17_24,17,397.0,113.92650818588002,,,2026-06-25T10:22:48.214174
dayahead,lightgbm,0,2023-01-01,2026-04-30,2026-05-01,2026-05-31,2026-05-16,2026-05-16,2026-05-16 18:00:00,17_24,18,506.875,359.6197828214228,,,2026-06-25T10:22:48.214174
dayahead,lightgbm,0,2023-01-01,2026-04-30,2026-05-01,2026-05-31,2026-05-16,2026-05-16,2026-05-16 19:00:00,17_24,19,541.5,398.88456836634623,,,2026-06-25T10:22:48.214174
dayahead,lightgbm,0,2023-01-01,2026-04-30,2026-05-01,2026-05-31,2026-05-16,2026-05-16,2026-05-16 20:00:00,17_24,20,545.0,435.55631073717615,,,2026-06-25T10:22:48.214174
dayahead,lightgbm,0,2023-01-01,2026-04-30,2026-05-01,2026-05-31,2026-05-16,2026-05-16,2026-05-16 21:00:00,17_24,21,553.625,419.2599756055786,,,2026-06-25T10:22:48.214174
dayahead,lightgbm,0,2023-01-01,2026-04-30,2026-05-01,2026-05-31,2026-05-16,2026-05-16,2026-05-16 22:00:00,17_24,22,555.0,387.88512276010107,,,2026-06-25T10:22:48.214174
dayahead,lightgbm,0,2023-01-01,2026-04-30,2026-05-01,2026-05-31,2026-05-16,2026-05-16,2026-05-16 23:00:00,17_24,23,528.5,393.4571815404336,,,2026-06-25T10:22:48.214174
dayahead,lightgbm,0,2023-01-01,2026-04-30,2026-05-01,2026-05-31,2026-05-16,2026-05-16,2026-05-17 00:00:00,17_24,24,525.0,358.7411340469076,,,2026-06-25T10:22:48.214174
dayahead,lightgbm,0,2023-01-01,2026-04-30,2026-05-01,2026-05-31,2026-05-17,2026-05-17,2026-05-17 01:00:00,1_8,1,470.0,293.7625076217791,,,2026-06-25T10:22:48.214174
dayahead,lightgbm,0,2023-01-01,2026-04-30,2026-05-01,2026-05-31,2026-05-17,2026-05-17,2026-05-17 02:00:00,1_8,2,460.0,297.6728250048663,,,2026-06-25T10:22:48.214174
dayahead,lightgbm,0,2023-01-01,2026-04-30,2026-05-01,2026-05-31,2026-05-17,2026-05-17,2026-05-17 03:00:00,1_8,3,438.44,293.4148338690329,,,2026-06-25T10:22:48.214174
dayahead,lightgbm,0,2023-01-01,2026-04-30,2026-05-01,2026-05-31,2026-05-17,2026-05-17,2026-05-17 04:00:00,1_8,4,454.213,293.4148338690329,,,2026-06-25T10:22:48.214174
dayahead,lightgbm,0,2023-01-01,2026-04-30,2026-05-01,2026-05-31,2026-05-17,2026-05-17,2026-05-17 05:00:00,1_8,5,448.5,297.6728250048663,,,2026-06-25T10:22:48.214174
dayahead,lightgbm,0,2023-01-01,2026-04-30,2026-05-01,2026-05-31,2026-05-17,2026-05-17,2026-05-17 06:00:00,1_8,6,460.0,312.72771935906746,,,2026-06-25T10:22:48.214174
dayahead,lightgbm,0,2023-01-01,2026-04-30,2026-05-01,2026-05-31,2026-05-17,2026-05-17,2026-05-17 07:00:00,1_8,7,401.25,235.03565591550068,,,2026-06-25T10:22:48.214174
dayahead,lightgbm,0,2023-01-01,2026-04-30,2026-05-01,2026-05-31,2026-05-17,2026-05-17,2026-05-17 08:00:00,1_8,8,282.88,121.57454430467111,,,2026-06-25T10:22:48.214174
dayahead,lightgbm,0,2023-01-01,2026-04-30,2026-05-01,2026-05-31,2026-05-17,2026-05-17,2026-05-17 09:00:00,9_16,9,332.01,-71.4193975584279,,,2026-06-25T10:22:48.214174
dayahead,lightgbm,0,2023-01-01,2026-04-30,2026-05-01,2026-05-31,2026-05-17,2026-05-17,2026-05-17 10:00:00,9_16,10,249.5,-45.544053496495316,,,2026-06-25T10:22:48.214174
dayahead,lightgbm,0,2023-01-01,2026-04-30,2026-05-01,2026-05-31,2026-05-17,2026-05-17,2026-05-17 11:00:00,9_16,11,162.0,-43.08367941078808,,,2026-06-25T10:22:48.214174
dayahead,lightgbm,0,2023-01-01,2026-04-30,2026-05-01,2026-05-31,2026-05-17,2026-05-17,2026-05-17 12:00:00,9_16,12,201.0,-38.32473132299427,,,2026-06-25T10:22:48.214174
dayahead,lightgbm,0,2023-01-01,2026-04-30,2026-05-01,2026-05-31,2026-05-17,2026-05-17,2026-05-17 13:00:00,9_16,13,176.788,-49.268535189518104,,,2026-06-25T10:22:48.214174
dayahead,lightgbm,0,2023-01-01,2026-04-30,2026-05-01,2026-05-31,2026-05-17,2026-05-17,2026-05-17 14:00:00,9_16,14,339.5,-41.54785168761084,,,2026-06-25T10:22:48.214174
dayahead,lightgbm,0,2023-01-01,2026-04-30,2026-05-01,2026-05-31,2026-05-17,2026-05-17,2026-05-17 15:00:00,9_16,15,379.95,-67.50640270794048,,,2026-06-25T10:22:48.214174
dayahead,lightgbm,0,2023-01-01,2026-04-30,2026-05-01,2026-05-31,2026-05-17,2026-05-17,2026-05-17 16:00:00,9_16,16,465.76,108.18511084880825,,,2026-06-25T10:22:48.214174
dayahead,lightgbm,0,2023-01-01,2026-04-30,2026-05-01,2026-05-31,2026-05-17,2026-05-17,2026-05-17 17:00:00,17_24,17,470.0,314.4215967913537,,,2026-06-25T10:22:48.214174
dayahead,lightgbm,0,2023-01-01,2026-04-30,2026-05-01,2026-05-31,2026-05-17,2026-05-17,2026-05-17 18:00:00,17_24,18,576.0,378.54586646526724,,,2026-06-25T10:22:48.214174
dayahead,lightgbm,0,2023-01-01,2026-04-30,2026-05-01,2026-05-31,2026-05-17,2026-05-17,2026-05-17 19:00:00,17_24,19,548.5,382.64963181593635,,,2026-06-25T10:22:48.214174
dayahead,lightgbm,0,2023-01-01,2026-04-30,2026-05-01,2026-05-31,2026-05-17,2026-05-17,2026-05-17 20:00:00,17_24,20,549.0,393.827996078026,,,2026-06-25T10:22:48.214174
dayahead,lightgbm,0,2023-01-01,2026-04-30,2026-05-01,2026-05-31,2026-05-17,2026-05-17,2026-05-17 21:00:00,17_24,21,495.0,389.6152459067826,,,2026-06-25T10:22:48.214174
dayahead,lightgbm,0,2023-01-01,2026-04-30,2026-05-01,2026-05-31,2026-05-17,2026-05-17,2026-05-17 22:00:00,17_24,22,480.0,391.3754144811187,,,2026-06-25T10:22:48.214174
dayahead,lightgbm,0,2023-01-01,2026-04-30,2026-05-01,2026-05-31,2026-05-17,2026-05-17,2026-05-17 23:00:00,17_24,23,480.0,391.3754144811187,,,2026-06-25T10:22:48.214174
dayahead,lightgbm,0,2023-01-01,2026-04-30,2026-05-01,2026-05-31,2026-05-17,2026-05-17,2026-05-18 00:00:00,17_24,24,480.0,343.15268255300924,,,2026-06-25T10:22:48.214174
dayahead,lightgbm,0,2023-01-01,2026-04-30,2026-05-01,2026-05-31,2026-05-18,2026-05-18,2026-05-18 01:00:00,1_8,1,437.45,220.65319530578626,,,2026-06-25T10:22:48.214174
dayahead,lightgbm,0,2023-01-01,2026-04-30,2026-05-01,2026-05-31,2026-05-18,2026-05-18,2026-05-18 02:00:00,1_8,2,383.75,215.04624674217243,,,2026-06-25T10:22:48.214174
dayahead,lightgbm,0,2023-01-01,2026-04-30,2026-05-01,2026-05-31,2026-05-18,2026-05-18,2026-05-18 03:00:00,1_8,3,372.155,152.82638601494642,,,2026-06-25T10:22:48.214174
dayahead,lightgbm,0,2023-01-01,2026-04-30,2026-05-01,2026-05-31,2026-05-18,2026-05-18,2026-05-18 04:00:00,1_8,4,374.228,157.16308741838728,,,2026-06-25T10:22:48.214174
dayahead,lightgbm,0,2023-01-01,2026-04-30,2026-05-01,2026-05-31,2026-05-18,2026-05-18,2026-05-18 05:00:00,1_8,5,379.0,234.44460496899327,,,2026-06-25T10:22:48.214174
dayahead,lightgbm,0,2023-01-01,2026-04-30,2026-05-01,2026-05-31,2026-05-18,2026-05-18,2026-05-18 06:00:00,1_8,6,432.0,280.17259259067384,,,2026-06-25T10:22:48.214174
dayahead,lightgbm,0,2023-01-01,2026-04-30,2026-05-01,2026-05-31,2026-05-18,2026-05-18,2026-05-18 07:00:00,1_8,7,425.0,251.2527475682697,,,2026-06-25T10:22:48.214174
dayahead,lightgbm,0,2023-01-01,2026-04-30,2026-05-01,2026-05-31,2026-05-18,2026-05-18,2026-05-18 08:00:00,1_8,8,475.0,285.12546181813747,,,2026-06-25T10:22:48.214174
dayahead,lightgbm,0,2023-01-01,2026-04-30,2026-05-01,2026-05-31,2026-05-18,2026-05-18,2026-05-18 09:00:00,9_16,9,515.5,414.0362707074341,,,2026-06-25T10:22:48.214174
dayahead,lightgbm,0,2023-01-01,2026-04-30,2026-05-01,2026-05-31,2026-05-18,2026-05-18,2026-05-18 10:00:00,9_16,10,534.5,411.7278482250521,,,2026-06-25T10:22:48.214174
dayahead,lightgbm,0,2023-01-01,2026-04-30,2026-05-01,2026-05-31,2026-05-18,2026-05-18,2026-05-18 11:00:00,9_16,11,552.5,423.0378291728215,,,2026-06-25T10:22:48.214174
dayahead,lightgbm,0,2023-01-01,2026-04-30,2026-05-01,2026-05-31,2026-05-18,2026-05-18,2026-05-18 12:00:00,9_16,12,547.0,425.46606311013267,,,2026-06-25T10:22:48.214174
dayahead,lightgbm,0,2023-01-01,2026-04-30,2026-05-01,2026-05-31,2026-05-18,2026-05-18,2026-05-18 13:00:00,9_16,13,565.0,415.14508037703195,,,2026-06-25T10:22:48.214174
dayahead,lightgbm,0,2023-01-01,2026-04-30,2026-05-01,2026-05-31,2026-05-18,2026-05-18,2026-05-18 14:00:00,9_16,14,588.5,422.35443618978303,,,2026-06-25T10:22:48.214174
dayahead,lightgbm,0,2023-01-01,2026-04-30,2026-05-01,2026-05-31,2026-05-18,2026-05-18,2026-05-18 15:00:00,9_16,15,631.56,412.0271045355925,,,2026-06-25T10:22:48.214174
dayahead,lightgbm,0,2023-01-01,2026-04-30,2026-05-01,2026-05-31,2026-05-18,2026-05-18,2026-05-18 16:00:00,9_16,16,629.01,424.6720504559934,,,2026-06-25T10:22:48.214174
dayahead,lightgbm,0,2023-01-01,2026-04-30,2026-05-01,2026-05-31,2026-05-18,2026-05-18,2026-05-18 17:00:00,17_24,17,583.07,476.7177101854288,,,2026-06-25T10:22:48.214174
dayahead,lightgbm,0,2023-01-01,2026-04-30,2026-05-01,2026-05-31,2026-05-18,2026-05-18,2026-05-18 18:00:00,17_24,18,594.5,502.3573412818432,,,2026-06-25T10:22:48.214174
dayahead,lightgbm,0,2023-01-01,2026-04-30,2026-05-01,2026-05-31,2026-05-18,2026-05-18,2026-05-18 19:00:00,17_24,19,605.5,503.9114853493628,,,2026-06-25T10:22:48.214174
dayahead,lightgbm,0,2023-01-01,2026-04-30,2026-05-01,2026-05-31,2026-05-18,2026-05-18,2026-05-18 20:00:00,17_24,20,606.5,515.127613420574,,,2026-06-25T10:22:48.214174
dayahead,lightgbm,0,2023-01-01,2026-04-30,2026-05-01,2026-05-31,2026-05-18,2026-05-18,2026-05-18 21:00:00,17_24,21,604.0,505.4530671411733,,,2026-06-25T10:22:48.214174
dayahead,lightgbm,0,2023-01-01,2026-04-30,2026-05-01,2026-05-31,2026-05-18,2026-05-18,2026-05-18 22:00:00,17_24,22,596.5,505.4530671411733,,,2026-06-25T10:22:48.214174
dayahead,lightgbm,0,2023-01-01,2026-04-30,2026-05-01,2026-05-31,2026-05-18,2026-05-18,2026-05-18 23:00:00,17_24,23,589.0,505.6925878103641,,,2026-06-25T10:22:48.214174
dayahead,lightgbm,0,2023-01-01,2026-04-30,2026-05-01,2026-05-31,2026-05-18,2026-05-18,2026-05-19 00:00:00,17_24,24,583.0,499.0194784693001,,,2026-06-25T10:22:48.214174
dayahead,lightgbm,0,2023-01-01,2026-04-30,2026-05-01,2026-05-31,2026-05-19,2026-05-19,2026-05-19 01:00:00,1_8,1,456.5,383.8692526465609,,,2026-06-25T10:22:48.214174
dayahead,lightgbm,0,2023-01-01,2026-04-30,2026-05-01,2026-05-31,2026-05-19,2026-05-19,2026-05-19 02:00:00,1_8,2,403.5,354.2525755639102,,,2026-06-25T10:22:48.214174
dayahead,lightgbm,0,2023-01-01,2026-04-30,2026-05-01,2026-05-31,2026-05-19,2026-05-19,2026-05-19 03:00:00,1_8,3,372.5,345.8640768878768,,,2026-06-25T10:22:48.214174
dayahead,lightgbm,0,2023-01-01,2026-04-30,2026-05-01,2026-05-31,2026-05-19,2026-05-19,2026-05-19 04:00:00,1_8,4,339.5,324.7556127219885,,,2026-06-25T10:22:48.214174
dayahead,lightgbm,0,2023-01-01,2026-04-30,2026-05-01,2026-05-31,2026-05-19,2026-05-19,2026-05-19 05:00:00,1_8,5,339.5,325.49038483710336,,,2026-06-25T10:22:48.214174
dayahead,lightgbm,0,2023-01-01,2026-04-30,2026-05-01,2026-05-31,2026-05-19,2026-05-19,2026-05-19 06:00:00,1_8,6,349.5,311.9403116719967,,,2026-06-25T10:22:48.214174
dayahead,lightgbm,0,2023-01-01,2026-04-30,2026-05-01,2026-05-31,2026-05-19,2026-05-19,2026-05-19 07:00:00,1_8,7,364.5,325.3237275319317,,,2026-06-25T10:22:48.214174
dayahead,lightgbm,0,2023-01-01,2026-04-30,2026-05-01,2026-05-31,2026-05-19,2026-05-19,2026-05-19 08:00:00,1_8,8,394.0,319.4459140699124,,,2026-06-25T10:22:48.214174
dayahead,lightgbm,0,2023-01-01,2026-04-30,2026-05-01,2026-05-31,2026-05-19,2026-05-19,2026-05-19 09:00:00,9_16,9,396.0,378.10791609127443,,,2026-06-25T10:22:48.214174
dayahead,lightgbm,0,2023-01-01,2026-04-30,2026-05-01,2026-05-31,2026-05-19,2026-05-19,2026-05-19 10:00:00,9_16,10,397.875,390.9934973200414,,,2026-06-25T10:22:48.214174
dayahead,lightgbm,0,2023-01-01,2026-04-30,2026-05-01,2026-05-31,2026-05-19,2026-05-19,2026-05-19 11:00:00,9_16,11,402.5,417.11334077478017,,,2026-06-25T10:22:48.214174
dayahead,lightgbm,0,2023-01-01,2026-04-30,2026-05-01,2026-05-31,2026-05-19,2026-05-19,2026-05-19 12:00:00,9_16,12,402.5,394.689899184321,,,2026-06-25T10:22:48.214174
dayahead,lightgbm,0,2023-01-01,2026-04-30,2026-05-01,2026-05-31,2026-05-19,2026-05-19,2026-05-19 13:00:00,9_16,13,400.0,353.0199358963899,,,2026-06-25T10:22:48.214174
dayahead,lightgbm,0,2023-01-01,2026-04-30,2026-05-01,2026-05-31,2026-05-19,2026-05-19,2026-05-19 14:00:00,9_16,14,400.0,359.79337191845724,,,2026-06-25T10:22:48.214174
dayahead,lightgbm,0,2023-01-01,2026-04-30,2026-05-01,2026-05-31,2026-05-19,2026-05-19,2026-05-19 15:00:00,9_16,15,400.0,339.9172753032241,,,2026-06-25T10:22:48.214174
dayahead,lightgbm,0,2023-01-01,2026-04-30,2026-05-01,2026-05-31,2026-05-19,2026-05-19,2026-05-19 16:00:00,9_16,16,412.0,346.75595881275365,,,2026-06-25T10:22:48.214174
dayahead,lightgbm,0,2023-01-01,2026-04-30,2026-05-01,2026-05-31,2026-05-19,2026-05-19,2026-05-19 17:00:00,17_24,17,443.1,443.1300830802603,,,2026-06-25T10:22:48.214174
dayahead,lightgbm,0,2023-01-01,2026-04-30,2026-05-01,2026-05-31,2026-05-19,2026-05-19,2026-05-19 18:00:00,17_24,18,439.25,448.4020606230408,,,2026-06-25T10:22:48.214174
dayahead,lightgbm,0,2023-01-01,2026-04-30,2026-05-01,2026-05-31,2026-05-19,2026-05-19,2026-05-19 19:00:00,17_24,19,439.0,457.34777836166876,,,2026-06-25T10:22:48.214174
dayahead,lightgbm,0,2023-01-01,2026-04-30,2026-05-01,2026-05-31,2026-05-19,2026-05-19,2026-05-19 20:00:00,17_24,20,441.5,458.95537599740084,,,2026-06-25T10:22:48.214174
dayahead,lightgbm,0,2023-01-01,2026-04-30,2026-05-01,2026-05-31,2026-05-19,2026-05-19,2026-05-19 21:00:00,17_24,21,439.5,455.8880014984279,,,2026-06-25T10:22:48.214174
dayahead,lightgbm,0,2023-01-01,2026-04-30,2026-05-01,2026-05-31,2026-05-19,2026-05-19,2026-05-19 22:00:00,17_24,22,441.5,463.294328828389,,,2026-06-25T10:22:48.214174
dayahead,lightgbm,0,2023-01-01,2026-04-30,2026-05-01,2026-05-31,2026-05-19,2026-05-19,2026-05-19 23:00:00,17_24,23,460.5,465.6272500663431,,,2026-06-25T10:22:48.214174
dayahead,lightgbm,0,2023-01-01,2026-04-30,2026-05-01,2026-05-31,2026-05-19,2026-05-19,2026-05-20 00:00:00,17_24,24,436.0,438.86277183060145,,,2026-06-25T10:22:48.214174
dayahead,lightgbm,0,2023-01-01,2026-04-30,2026-05-01,2026-05-31,2026-05-20,2026-05-20,2026-05-20 01:00:00,1_8,1,330.0,274.9724173139784,,,2026-06-25T10:22:48.214174
dayahead,lightgbm,0,2023-01-01,2026-04-30,2026-05-01,2026-05-31,2026-05-20,2026-05-20,2026-05-20 02:00:00,1_8,2,302.875,262.02644439479604,,,2026-06-25T10:22:48.214174
dayahead,lightgbm,0,2023-01-01,2026-04-30,2026-05-01,2026-05-31,2026-05-20,2026-05-20,2026-05-20 03:00:00,1_8,3,300.0,228.08689992684882,,,2026-06-25T10:22:48.214174
dayahead,lightgbm,0,2023-01-01,2026-04-30,2026-05-01,2026-05-31,2026-05-20,2026-05-20,2026-05-20 04:00:00,1_8,4,298.5,220.65249928421198,,,2026-06-25T10:22:48.214174
dayahead,lightgbm,0,2023-01-01,2026-04-30,2026-05-01,2026-05-31,2026-05-20,2026-05-20,2026-05-20 05:00:00,1_8,5,300.0,275.35392851513296,,,2026-06-25T10:22:48.214174
dayahead,lightgbm,0,2023-01-01,2026-04-30,2026-05-01,2026-05-31,2026-05-20,2026-05-20,2026-05-20 06:00:00,1_8,6,300.0,280.00709057954316,,,2026-06-25T10:22:48.214174
dayahead,lightgbm,0,2023-01-01,2026-04-30,2026-05-01,2026-05-31,2026-05-20,2026-05-20,2026-05-20 07:00:00,1_8,7,300.0,256.5187443703289,,,2026-06-25T10:22:48.214174
dayahead,lightgbm,0,2023-01-01,2026-04-30,2026-05-01,2026-05-31,2026-05-20,2026-05-20,2026-05-20 08:00:00,1_8,8,355.0,263.95065193826093,,,2026-06-25T10:22:48.214174
dayahead,lightgbm,0,2023-01-01,2026-04-30,2026-05-01,2026-05-31,2026-05-20,2026-05-20,2026-05-20 09:00:00,9_16,9,416.61,303.78224863045784,,,2026-06-25T10:22:48.214174
dayahead,lightgbm,0,2023-01-01,2026-04-30,2026-05-01,2026-05-31,2026-05-20,2026-05-20,2026-05-20 10:00:00,9_16,10,423.5,325.86193746523423,,,2026-06-25T10:22:48.214174
dayahead,lightgbm,0,2023-01-01,2026-04-30,2026-05-01,2026-05-31,2026-05-20,2026-05-20,2026-05-20 11:00:00,9_16,11,438.5,346.3846409888557,,,2026-06-25T10:22:48.214174
dayahead,lightgbm,0,2023-01-01,2026-04-30,2026-05-01,2026-05-31,2026-05-20,2026-05-20,2026-05-20 12:00:00,9_16,12,409.125,319.7622460037711,,,2026-06-25T10:22:48.214174
dayahead,lightgbm,0,2023-01-01,2026-04-30,2026-05-01,2026-05-31,2026-05-20,2026-05-20,2026-05-20 13:00:00,9_16,13,377.0,172.11585601778924,,,2026-06-25T10:22:48.214174
dayahead,lightgbm,0,2023-01-01,2026-04-30,2026-05-01,2026-05-31,2026-05-20,2026-05-20,2026-05-20 14:00:00,9_16,14,383.06,145.8857479129678,,,2026-06-25T10:22:48.214174
dayahead,lightgbm,0,2023-01-01,2026-04-30,2026-05-01,2026-05-31,2026-05-20,2026-05-20,2026-05-20 15:00:00,9_16,15,379.5,153.81456103254646,,,2026-06-25T10:22:48.214174
dayahead,lightgbm,0,2023-01-01,2026-04-30,2026-05-01,2026-05-31,2026-05-20,2026-05-20,2026-05-20 16:00:00,9_16,16,350.0,211.37525262219197,,,2026-06-25T10:22:48.214174
dayahead,lightgbm,0,2023-01-01,2026-04-30,2026-05-01,2026-05-31,2026-05-20,2026-05-20,2026-05-20 17:00:00,17_24,17,350.0,363.55429252898915,,,2026-06-25T10:22:48.214174
dayahead,lightgbm,0,2023-01-01,2026-04-30,2026-05-01,2026-05-31,2026-05-20,2026-05-20,2026-05-20 18:00:00,17_24,18,380.0,431.2824992891098,,,2026-06-25T10:22:48.214174
dayahead,lightgbm,0,2023-01-01,2026-04-30,2026-05-01,2026-05-31,2026-05-20,2026-05-20,2026-05-20 19:00:00,17_24,19,445.875,449.43328333061527,,,2026-06-25T10:22:48.214174
dayahead,lightgbm,0,2023-01-01,2026-04-30,2026-05-01,2026-05-31,2026-05-20,2026-05-20,2026-05-20 20:00:00,17_24,20,459.53,451.03533757898214,,,2026-06-25T10:22:48.214174
dayahead,lightgbm,0,2023-01-01,2026-04-30,2026-05-01,2026-05-31,2026-05-20,2026-05-20,2026-05-20 21:00:00,17_24,21,481.69,450.13069907599726,,,2026-06-25T10:22:48.214174
dayahead,lightgbm,0,2023-01-01,2026-04-30,2026-05-01,2026-05-31,2026-05-20,2026-05-20,2026-05-20 22:00:00,17_24,22,473.645,436.20791009458395,,,2026-06-25T10:22:48.214174
dayahead,lightgbm,0,2023-01-01,2026-04-30,2026-05-01,2026-05-31,2026-05-20,2026-05-20,2026-05-20 23:00:00,17_24,23,480.99,439.0642820883473,,,2026-06-25T10:22:48.214174
dayahead,lightgbm,0,2023-01-01,2026-04-30,2026-05-01,2026-05-31,2026-05-20,2026-05-20,2026-05-21 00:00:00,17_24,24,492.0,409.6446492637565,,,2026-06-25T10:22:48.214174
dayahead,lightgbm,0,2023-01-01,2026-04-30,2026-05-01,2026-05-31,2026-05-21,2026-05-21,2026-05-21 01:00:00,1_8,1,445.5,320.2120464523655,,,2026-06-25T10:22:48.214174
dayahead,lightgbm,0,2023-01-01,2026-04-30,2026-05-01,2026-05-31,2026-05-21,2026-05-21,2026-05-21 02:00:00,1_8,2,429.0,276.01464807831405,,,2026-06-25T10:22:48.214174
dayahead,lightgbm,0,2023-01-01,2026-04-30,2026-05-01,2026-05-31,2026-05-21,2026-05-21,2026-05-21 03:00:00,1_8,3,404.0,276.01464807831405,,,2026-06-25T10:22:48.214174
dayahead,lightgbm,0,2023-01-01,2026-04-30,2026-05-01,2026-05-31,2026-05-21,2026-05-21,2026-05-21 04:00:00,1_8,4,384.5,276.01464807831405,,,2026-06-25T10:22:48.214174
dayahead,lightgbm,0,2023-01-01,2026-04-30,2026-05-01,2026-05-31,2026-05-21,2026-05-21,2026-05-21 05:00:00,1_8,5,404.51,304.6158003362443,,,2026-06-25T10:22:48.214174
dayahead,lightgbm,0,2023-01-01,2026-04-30,2026-05-01,2026-05-31,2026-05-21,2026-05-21,2026-05-21 06:00:00,1_8,6,424.763,301.29199372590267,,,2026-06-25T10:22:48.214174
dayahead,lightgbm,0,2023-01-01,2026-04-30,2026-05-01,2026-05-31,2026-05-21,2026-05-21,2026-05-21 07:00:00,1_8,7,332.72,189.4683661006943,,,2026-06-25T10:22:48.214174
dayahead,lightgbm,0,2023-01-01,2026-04-30,2026-05-01,2026-05-31,2026-05-21,2026-05-21,2026-05-21 08:00:00,1_8,8,100.0,97.99303689885814,,,2026-06-25T10:22:48.214174
dayahead,lightgbm,0,2023-01-01,2026-04-30,2026-05-01,2026-05-31,2026-05-21,2026-05-21,2026-05-21 09:00:00,9_16,9,0.0,-48.153328321382624,,,2026-06-25T10:22:48.214174
dayahead,lightgbm,0,2023-01-01,2026-04-30,2026-05-01,2026-05-31,2026-05-21,2026-05-21,2026-05-21 10:00:00,9_16,10,-10.0,-48.374039571632245,,,2026-06-25T10:22:48.214174
dayahead,lightgbm,0,2023-01-01,2026-04-30,2026-05-01,2026-05-31,2026-05-21,2026-05-21,2026-05-21 11:00:00,9_16,11,-34.0,-38.00867242871636,,,2026-06-25T10:22:48.214174
dayahead,lightgbm,0,2023-01-01,2026-04-30,2026-05-01,2026-05-31,2026-05-21,2026-05-21,2026-05-21 12:00:00,9_16,12,-34.0,-37.23526974935117,,,2026-06-25T10:22:48.214174
dayahead,lightgbm,0,2023-01-01,2026-04-30,2026-05-01,2026-05-31,2026-05-21,2026-05-21,2026-05-21 13:00:00,9_16,13,-32.5,-38.59897210554756,,,2026-06-25T10:22:48.214174
dayahead,lightgbm,0,2023-01-01,2026-04-30,2026-05-01,2026-05-31,2026-05-21,2026-05-21,2026-05-21 14:00:00,9_16,14,-10.0,-38.21581394275707,,,2026-06-25T10:22:48.214174
dayahead,lightgbm,0,2023-01-01,2026-04-30,2026-05-01,2026-05-31,2026-05-21,2026-05-21,2026-05-21 15:00:00,9_16,15,-10.0,-32.4342169207818,,,2026-06-25T10:22:48.214174
dayahead,lightgbm,0,2023-01-01,2026-04-30,2026-05-01,2026-05-31,2026-05-21,2026-05-21,2026-05-21 16:00:00,9_16,16,193.5,-9.883732333713189,,,2026-06-25T10:22:48.214174
dayahead,lightgbm,0,2023-01-01,2026-04-30,2026-05-01,2026-05-31,2026-05-21,2026-05-21,2026-05-21 17:00:00,17_24,17,429.5,330.4332389239301,,,2026-06-25T10:22:48.214174
dayahead,lightgbm,0,2023-01-01,2026-04-30,2026-05-01,2026-05-31,2026-05-21,2026-05-21,2026-05-21 18:00:00,17_24,18,549.5,451.6401055664655,,,2026-06-25T10:22:48.214174
dayahead,lightgbm,0,2023-01-01,2026-04-30,2026-05-01,2026-05-31,2026-05-21,2026-05-21,2026-05-21 19:00:00,17_24,19,558.54,490.5044859231043,,,2026-06-25T10:22:48.214174
dayahead,lightgbm,0,2023-01-01,2026-04-30,2026-05-01,2026-05-31,2026-05-21,2026-05-21,2026-05-21 20:00:00,17_24,20,569.5,498.67368388552916,,,2026-06-25T10:22:48.214174
dayahead,lightgbm,0,2023-01-01,2026-04-30,2026-05-01,2026-05-31,2026-05-21,2026-05-21,2026-05-21 21:00:00,17_24,21,563.5,499.9194020029137,,,2026-06-25T10:22:48.214174
dayahead,lightgbm,0,2023-01-01,2026-04-30,2026-05-01,2026-05-31,2026-05-21,2026-05-21,2026-05-21 22:00:00,17_24,22,598.0,493.74284291538453,,,2026-06-25T10:22:48.214174
dayahead,lightgbm,0,2023-01-01,2026-04-30,2026-05-01,2026-05-31,2026-05-21,2026-05-21,2026-05-21 23:00:00,17_24,23,551.0,488.81906920949456,,,2026-06-25T10:22:48.214174
dayahead,lightgbm,0,2023-01-01,2026-04-30,2026-05-01,2026-05-31,2026-05-21,2026-05-21,2026-05-22 00:00:00,17_24,24,523.0,493.3019229462771,,,2026-06-25T10:22:48.214174
dayahead,lightgbm,0,2023-01-01,2026-04-30,2026-05-01,2026-05-31,2026-05-22,2026-05-22,2026-05-22 01:00:00,1_8,1,450.0,413.1034470066602,,,2026-06-25T10:22:48.214174
dayahead,lightgbm,0,2023-01-01,2026-04-30,2026-05-01,2026-05-31,2026-05-22,2026-05-22,2026-05-22 02:00:00,1_8,2,429.5,394.57356816559,,,2026-06-25T10:22:48.214174
dayahead,lightgbm,0,2023-01-01,2026-04-30,2026-05-01,2026-05-31,2026-05-22,2026-05-22,2026-05-22 03:00:00,1_8,3,429.5,384.7724415667145,,,2026-06-25T10:22:48.214174
dayahead,lightgbm,0,2023-01-01,2026-04-30,2026-05-01,2026-05-31,2026-05-22,2026-05-22,2026-05-22 04:00:00,1_8,4,400.0,364.6335936585763,,,2026-06-25T10:22:48.214174
dayahead,lightgbm,0,2023-01-01,2026-04-30,2026-05-01,2026-05-31,2026-05-22,2026-05-22,2026-05-22 05:00:00,1_8,5,419.5,384.1373240274272,,,2026-06-25T10:22:48.214174
dayahead,lightgbm,0,2023-01-01,2026-04-30,2026-05-01,2026-05-31,2026-05-22,2026-05-22,2026-05-22 06:00:00,1_8,6,399.5,339.91520910421264,,,2026-06-25T10:22:48.214174
dayahead,lightgbm,0,2023-01-01,2026-04-30,2026-05-01,2026-05-31,2026-05-22,2026-05-22,2026-05-22 07:00:00,1_8,7,312.875,224.95536148506613,,,2026-06-25T10:22:48.214174
dayahead,lightgbm,0,2023-01-01,2026-04-30,2026-05-01,2026-05-31,2026-05-22,2026-05-22,2026-05-22 08:00:00,1_8,8,264.25,157.30765205558168,,,2026-06-25T10:22:48.214174
dayahead,lightgbm,0,2023-01-01,2026-04-30,2026-05-01,2026-05-31,2026-05-22,2026-05-22,2026-05-22 09:00:00,9_16,9,212.5,-58.871037893781455,,,2026-06-25T10:22:48.214174
dayahead,lightgbm,0,2023-01-01,2026-04-30,2026-05-01,2026-05-31,2026-05-22,2026-05-22,2026-05-22 10:00:00,9_16,10,212.62,-19.694717395133047,,,2026-06-25T10:22:48.214174
dayahead,lightgbm,0,2023-01-01,2026-04-30,2026-05-01,2026-05-31,2026-05-22,2026-05-22,2026-05-22 11:00:00,9_16,11,252.5,-3.9816598193277883,,,2026-06-25T10:22:48.214174
dayahead,lightgbm,0,2023-01-01,2026-04-30,2026-05-01,2026-05-31,2026-05-22,2026-05-22,2026-05-22 12:00:00,9_16,12,255.875,25.871623899847677,,,2026-06-25T10:22:48.214174
dayahead,lightgbm,0,2023-01-01,2026-04-30,2026-05-01,2026-05-31,2026-05-22,2026-05-22,2026-05-22 13:00:00,9_16,13,241.29,2.140922720336448,,,2026-06-25T10:22:48.214174
dayahead,lightgbm,0,2023-01-01,2026-04-30,2026-05-01,2026-05-31,2026-05-22,2026-05-22,2026-05-22 14:00:00,9_16,14,344.635,135.24018581535228,,,2026-06-25T10:22:48.214174
dayahead,lightgbm,0,2023-01-01,2026-04-30,2026-05-01,2026-05-31,2026-05-22,2026-05-22,2026-05-22 15:00:00,9_16,15,433.6,197.98377639944505,,,2026-06-25T10:22:48.214174
dayahead,lightgbm,0,2023-01-01,2026-04-30,2026-05-01,2026-05-31,2026-05-22,2026-05-22,2026-05-22 16:00:00,9_16,16,430.0,295.84657624409624,,,2026-06-25T10:22:48.214174
dayahead,lightgbm,0,2023-01-01,2026-04-30,2026-05-01,2026-05-31,2026-05-22,2026-05-22,2026-05-22 17:00:00,17_24,17,447.125,443.2307332577142,,,2026-06-25T10:22:48.214174
dayahead,lightgbm,0,2023-01-01,2026-04-30,2026-05-01,2026-05-31,2026-05-22,2026-05-22,2026-05-22 18:00:00,17_24,18,442.5,498.6550742308441,,,2026-06-25T10:22:48.214174
dayahead,lightgbm,0,2023-01-01,2026-04-30,2026-05-01,2026-05-31,2026-05-22,2026-05-22,2026-05-22 19:00:00,17_24,19,450.125,496.80427402582046,,,2026-06-25T10:22:48.214174
dayahead,lightgbm,0,2023-01-01,2026-04-30,2026-05-01,2026-05-31,2026-05-22,2026-05-22,2026-05-22 20:00:00,17_24,20,450.0,501.8724278953611,,,2026-06-25T10:22:48.214174
dayahead,lightgbm,0,2023-01-01,2026-04-30,2026-05-01,2026-05-31,2026-05-22,2026-05-22,2026-05-22 21:00:00,17_24,21,450.0,497.67914486322144,,,2026-06-25T10:22:48.214174
dayahead,lightgbm,0,2023-01-01,2026-04-30,2026-05-01,2026-05-31,2026-05-22,2026-05-22,2026-05-22 22:00:00,17_24,22,450.0,499.0203523581825,,,2026-06-25T10:22:48.214174
dayahead,lightgbm,0,2023-01-01,2026-04-30,2026-05-01,2026-05-31,2026-05-22,2026-05-22,2026-05-22 23:00:00,17_24,23,449.25,496.79820225826523,,,2026-06-25T10:22:48.214174
dayahead,lightgbm,0,2023-01-01,2026-04-30,2026-05-01,2026-05-31,2026-05-22,2026-05-22,2026-05-23 00:00:00,17_24,24,425.0,489.4637880940322,,,2026-06-25T10:22:48.214174
dayahead,lightgbm,0,2023-01-01,2026-04-30,2026-05-01,2026-05-31,2026-05-23,2026-05-23,2026-05-23 01:00:00,1_8,1,539.95,412.6497261927187,,,2026-06-25T10:22:48.214174
dayahead,lightgbm,0,2023-01-01,2026-04-30,2026-05-01,2026-05-31,2026-05-23,2026-05-23,2026-05-23 02:00:00,1_8,2,530.0,412.6497261927187,,,2026-06-25T10:22:48.214174
dayahead,lightgbm,0,2023-01-01,2026-04-30,2026-05-01,2026-05-31,2026-05-23,2026-05-23,2026-05-23 03:00:00,1_8,3,519.0,413.29947847090205,,,2026-06-25T10:22:48.214174
dayahead,lightgbm,0,2023-01-01,2026-04-30,2026-05-01,2026-05-31,2026-05-23,2026-05-23,2026-05-23 04:00:00,1_8,4,519.0,390.5481248302544,,,2026-06-25T10:22:48.214174
dayahead,lightgbm,0,2023-01-01,2026-04-30,2026-05-01,2026-05-31,2026-05-23,2026-05-23,2026-05-23 05:00:00,1_8,5,529.5,407.9041271957408,,,2026-06-25T10:22:48.214174
dayahead,lightgbm,0,2023-01-01,2026-04-30,2026-05-01,2026-05-31,2026-05-23,2026-05-23,2026-05-23 06:00:00,1_8,6,530.5,389.2563738600458,,,2026-06-25T10:22:48.214174
dayahead,lightgbm,0,2023-01-01,2026-04-30,2026-05-01,2026-05-31,2026-05-23,2026-05-23,2026-05-23 07:00:00,1_8,7,501.5,332.54658351634794,,,2026-06-25T10:22:48.214174
dayahead,lightgbm,0,2023-01-01,2026-04-30,2026-05-01,2026-05-31,2026-05-23,2026-05-23,2026-05-23 08:00:00,1_8,8,383.5,277.0641855412442,,,2026-06-25T10:22:48.214174
dayahead,lightgbm,0,2023-01-01,2026-04-30,2026-05-01,2026-05-31,2026-05-23,2026-05-23,2026-05-23 09:00:00,9_16,9,250.0,113.45260196478492,,,2026-06-25T10:22:48.214174
dayahead,lightgbm,0,2023-01-01,2026-04-30,2026-05-01,2026-05-31,2026-05-23,2026-05-23,2026-05-23 10:00:00,9_16,10,63.5,-16.651286509160027,,,2026-06-25T10:22:48.214174
dayahead,lightgbm,0,2023-01-01,2026-04-30,2026-05-01,2026-05-31,2026-05-23,2026-05-23,2026-05-23 11:00:00,9_16,11,46.0,-0.23274891612523696,,,2026-06-25T10:22:48.214174
dayahead,lightgbm,0,2023-01-01,2026-04-30,2026-05-01,2026-05-31,2026-05-23,2026-05-23,2026-05-23 12:00:00,9_16,12,0.0,-13.780187572105728,,,2026-06-25T10:22:48.214174
dayahead,lightgbm,0,2023-01-01,2026-04-30,2026-05-01,2026-05-31,2026-05-23,2026-05-23,2026-05-23 13:00:00,9_16,13,0.0,-11.298197430194403,,,2026-06-25T10:22:48.214174
dayahead,lightgbm,0,2023-01-01,2026-04-30,2026-05-01,2026-05-31,2026-05-23,2026-05-23,2026-05-23 14:00:00,9_16,14,0.0,-59.900453770347646,,,2026-06-25T10:22:48.214174
dayahead,lightgbm,0,2023-01-01,2026-04-30,2026-05-01,2026-05-31,2026-05-23,2026-05-23,2026-05-23 15:00:00,9_16,15,100.0,2.3919240539382205,,,2026-06-25T10:22:48.214174
dayahead,lightgbm,0,2023-01-01,2026-04-30,2026-05-01,2026-05-31,2026-05-23,2026-05-23,2026-05-23 16:00:00,9_16,16,347.25,140.27053519120295,,,2026-06-25T10:22:48.214174
dayahead,lightgbm,0,2023-01-01,2026-04-30,2026-05-01,2026-05-31,2026-05-23,2026-05-23,2026-05-23 17:00:00,17_24,17,492.0,397.9749011300188,,,2026-06-25T10:22:48.214174
dayahead,lightgbm,0,2023-01-01,2026-04-30,2026-05-01,2026-05-31,2026-05-23,2026-05-23,2026-05-23 18:00:00,17_24,18,527.0,440.93079693543217,,,2026-06-25T10:22:48.214174
dayahead,lightgbm,0,2023-01-01,2026-04-30,2026-05-01,2026-05-31,2026-05-23,2026-05-23,2026-05-23 19:00:00,17_24,19,550.0,446.3443977469067,,,2026-06-25T10:22:48.214174
dayahead,lightgbm,0,2023-01-01,2026-04-30,2026-05-01,2026-05-31,2026-05-23,2026-05-23,2026-05-23 20:00:00,17_24,20,543.0,446.3443977469067,,,2026-06-25T10:22:48.214174
dayahead,lightgbm,0,2023-01-01,2026-04-30,2026-05-01,2026-05-31,2026-05-23,2026-05-23,2026-05-23 21:00:00,17_24,21,534.85,443.13554429213565,,,2026-06-25T10:22:48.214174
dayahead,lightgbm,0,2023-01-01,2026-04-30,2026-05-01,2026-05-31,2026-05-23,2026-05-23,2026-05-23 22:00:00,17_24,22,542.0,435.47908225905235,,,2026-06-25T10:22:48.214174
dayahead,lightgbm,0,2023-01-01,2026-04-30,2026-05-01,2026-05-31,2026-05-23,2026-05-23,2026-05-23 23:00:00,17_24,23,550.5,432.33669471872287,,,2026-06-25T10:22:48.214174
dayahead,lightgbm,0,2023-01-01,2026-04-30,2026-05-01,2026-05-31,2026-05-23,2026-05-23,2026-05-24 00:00:00,17_24,24,513.0,400.5434207961562,,,2026-06-25T10:22:48.214174
dayahead,lightgbm,0,2023-01-01,2026-04-30,2026-05-01,2026-05-31,2026-05-24,2026-05-24,2026-05-24 01:00:00,1_8,1,521.0,398.2711139754169,,,2026-06-25T10:22:48.214174
dayahead,lightgbm,0,2023-01-01,2026-04-30,2026-05-01,2026-05-31,2026-05-24,2026-05-24,2026-05-24 02:00:00,1_8,2,492.5,408.53026657114066,,,2026-06-25T10:22:48.214174
dayahead,lightgbm,0,2023-01-01,2026-04-30,2026-05-01,2026-05-31,2026-05-24,2026-05-24,2026-05-24 03:00:00,1_8,3,494.65,410.44064940279316,,,2026-06-25T10:22:48.214174
dayahead,lightgbm,0,2023-01-01,2026-04-30,2026-05-01,2026-05-31,2026-05-24,2026-05-24,2026-05-24 04:00:00,1_8,4,513.0,410.44064940279316,,,2026-06-25T10:22:48.214174
dayahead,lightgbm,0,2023-01-01,2026-04-30,2026-05-01,2026-05-31,2026-05-24,2026-05-24,2026-05-24 05:00:00,1_8,5,520.5,410.44064940279316,,,2026-06-25T10:22:48.214174
dayahead,lightgbm,0,2023-01-01,2026-04-30,2026-05-01,2026-05-31,2026-05-24,2026-05-24,2026-05-24 06:00:00,1_8,6,496.0,404.36678012914734,,,2026-06-25T10:22:48.214174
dayahead,lightgbm,0,2023-01-01,2026-04-30,2026-05-01,2026-05-31,2026-05-24,2026-05-24,2026-05-24 07:00:00,1_8,7,431.425,302.35600834818433,,,2026-06-25T10:22:48.214174
dayahead,lightgbm,0,2023-01-01,2026-04-30,2026-05-01,2026-05-31,2026-05-24,2026-05-24,2026-05-24 08:00:00,1_8,8,241.82,207.32129038808063,,,2026-06-25T10:22:48.214174
dayahead,lightgbm,0,2023-01-01,2026-04-30,2026-05-01,2026-05-31,2026-05-24,2026-05-24,2026-05-24 09:00:00,9_16,9,112.64,-5.878459448000873,,,2026-06-25T10:22:48.214174
dayahead,lightgbm,0,2023-01-01,2026-04-30,2026-05-01,2026-05-31,2026-05-24,2026-05-24,2026-05-24 10:00:00,9_16,10,0.0,-54.21228927556388,,,2026-06-25T10:22:48.214174
dayahead,lightgbm,0,2023-01-01,2026-04-30,2026-05-01,2026-05-31,2026-05-24,2026-05-24,2026-05-24 11:00:00,9_16,11,-16.738,-40.98267239816907,,,2026-06-25T10:22:48.214174
dayahead,lightgbm,0,2023-01-01,2026-04-30,2026-05-01,2026-05-31,2026-05-24,2026-05-24,2026-05-24 12:00:00,9_16,12,-40.0,-28.290538444575834,,,2026-06-25T10:22:48.214174
dayahead,lightgbm,0,2023-01-01,2026-04-30,2026-05-01,2026-05-31,2026-05-24,2026-05-24,2026-05-24 13:00:00,9_16,13,-15.0,-34.89392055491886,,,2026-06-25T10:22:48.214174
dayahead,lightgbm,0,2023-01-01,2026-04-30,2026-05-01,2026-05-31,2026-05-24,2026-05-24,2026-05-24 14:00:00,9_16,14,15.263,-32.60164604649189,,,2026-06-25T10:22:48.214174
dayahead,lightgbm,0,2023-01-01,2026-04-30,2026-05-01,2026-05-31,2026-05-24,2026-05-24,2026-05-24 15:00:00,9_16,15,23.61,-14.145752011337663,,,2026-06-25T10:22:48.214174
dayahead,lightgbm,0,2023-01-01,2026-04-30,2026-05-01,2026-05-31,2026-05-24,2026-05-24,2026-05-24 16:00:00,9_16,16,173.25,-37.76543778374289,,,2026-06-25T10:22:48.214174
dayahead,lightgbm,0,2023-01-01,2026-04-30,2026-05-01,2026-05-31,2026-05-24,2026-05-24,2026-05-24 17:00:00,17_24,17,414.5,312.4060480342037,,,2026-06-25T10:22:48.214174
dayahead,lightgbm,0,2023-01-01,2026-04-30,2026-05-01,2026-05-31,2026-05-24,2026-05-24,2026-05-24 18:00:00,17_24,18,481.0,417.50859811879184,,,2026-06-25T10:22:48.214174
dayahead,lightgbm,0,2023-01-01,2026-04-30,2026-05-01,2026-05-31,2026-05-24,2026-05-24,2026-05-24 19:00:00,17_24,19,497.875,492.07400088949754,,,2026-06-25T10:22:48.214174
dayahead,lightgbm,0,2023-01-01,2026-04-30,2026-05-01,2026-05-31,2026-05-24,2026-05-24,2026-05-24 20:00:00,17_24,20,499.5,503.2948987921468,,,2026-06-25T10:22:48.214174
dayahead,lightgbm,0,2023-01-01,2026-04-30,2026-05-01,2026-05-31,2026-05-24,2026-05-24,2026-05-24 21:00:00,17_24,21,499.75,495.93046371822567,,,2026-06-25T10:22:48.214174
dayahead,lightgbm,0,2023-01-01,2026-04-30,2026-05-01,2026-05-31,2026-05-24,2026-05-24,2026-05-24 22:00:00,17_24,22,500.0,489.7454405597024,,,2026-06-25T10:22:48.214174
dayahead,lightgbm,0,2023-01-01,2026-04-30,2026-05-01,2026-05-31,2026-05-24,2026-05-24,2026-05-24 23:00:00,17_24,23,499.625,491.66607357226536,,,2026-06-25T10:22:48.214174
dayahead,lightgbm,0,2023-01-01,2026-04-30,2026-05-01,2026-05-31,2026-05-24,2026-05-24,2026-05-25 00:00:00,17_24,24,496.0,477.6759365595621,,,2026-06-25T10:22:48.214174
dayahead,lightgbm,0,2023-01-01,2026-04-30,2026-05-01,2026-05-31,2026-05-25,2026-05-25,2026-05-25 01:00:00,1_8,1,437.5,357.5438551039318,,,2026-06-25T10:22:48.214174
dayahead,lightgbm,0,2023-01-01,2026-04-30,2026-05-01,2026-05-31,2026-05-25,2026-05-25,2026-05-25 02:00:00,1_8,2,424.5,334.70930057575663,,,2026-06-25T10:22:48.214174
dayahead,lightgbm,0,2023-01-01,2026-04-30,2026-05-01,2026-05-31,2026-05-25,2026-05-25,2026-05-25 03:00:00,1_8,3,400.0,329.61793926400287,,,2026-06-25T10:22:48.214174
dayahead,lightgbm,0,2023-01-01,2026-04-30,2026-05-01,2026-05-31,2026-05-25,2026-05-25,2026-05-25 04:00:00,1_8,4,380.0,329.61793926400287,,,2026-06-25T10:22:48.214174
dayahead,lightgbm,0,2023-01-01,2026-04-30,2026-05-01,2026-05-31,2026-05-25,2026-05-25,2026-05-25 05:00:00,1_8,5,380.0,307.00409084808007,,,2026-06-25T10:22:48.214174
dayahead,lightgbm,0,2023-01-01,2026-04-30,2026-05-01,2026-05-31,2026-05-25,2026-05-25,2026-05-25 06:00:00,1_8,6,353.5,320.8078673676316,,,2026-06-25T10:22:48.214174
dayahead,lightgbm,0,2023-01-01,2026-04-30,2026-05-01,2026-05-31,2026-05-25,2026-05-25,2026-05-25 07:00:00,1_8,7,367.25,314.22146843284764,,,2026-06-25T10:22:48.214174
dayahead,lightgbm,0,2023-01-01,2026-04-30,2026-05-01,2026-05-31,2026-05-25,2026-05-25,2026-05-25 08:00:00,1_8,8,385.0,318.3813985740802,,,2026-06-25T10:22:48.214174
dayahead,lightgbm,0,2023-01-01,2026-04-30,2026-05-01,2026-05-31,2026-05-25,2026-05-25,2026-05-25 09:00:00,9_16,9,432.0,326.4739575710343,,,2026-06-25T10:22:48.214174
dayahead,lightgbm,0,2023-01-01,2026-04-30,2026-05-01,2026-05-31,2026-05-25,2026-05-25,2026-05-25 10:00:00,9_16,10,444.5,352.1257170612607,,,2026-06-25T10:22:48.214174
dayahead,lightgbm,0,2023-01-01,2026-04-30,2026-05-01,2026-05-31,2026-05-25,2026-05-25,2026-05-25 11:00:00,9_16,11,448.5,388.54572532450817,,,2026-06-25T10:22:48.214174
dayahead,lightgbm,0,2023-01-01,2026-04-30,2026-05-01,2026-05-31,2026-05-25,2026-05-25,2026-05-25 12:00:00,9_16,12,471.0,412.16703233739696,,,2026-06-25T10:22:48.214174
dayahead,lightgbm,0,2023-01-01,2026-04-30,2026-05-01,2026-05-31,2026-05-25,2026-05-25,2026-05-25 13:00:00,9_16,13,452.5,413.5414736949229,,,2026-06-25T10:22:48.214174
dayahead,lightgbm,0,2023-01-01,2026-04-30,2026-05-01,2026-05-31,2026-05-25,2026-05-25,2026-05-25 14:00:00,9_16,14,462.0,424.8495832455311,,,2026-06-25T10:22:48.214174
dayahead,lightgbm,0,2023-01-01,2026-04-30,2026-05-01,2026-05-31,2026-05-25,2026-05-25,2026-05-25 15:00:00,9_16,15,456.9,412.2133928190577,,,2026-06-25T10:22:48.214174
dayahead,lightgbm,0,2023-01-01,2026-04-30,2026-05-01,2026-05-31,2026-05-25,2026-05-25,2026-05-25 16:00:00,9_16,16,451.5,420.55508864594333,,,2026-06-25T10:22:48.214174
dayahead,lightgbm,0,2023-01-01,2026-04-30,2026-05-01,2026-05-31,2026-05-25,2026-05-25,2026-05-25 17:00:00,17_24,17,440.5,420.83796992820567,,,2026-06-25T10:22:48.214174
dayahead,lightgbm,0,2023-01-01,2026-04-30,2026-05-01,2026-05-31,2026-05-25,2026-05-25,2026-05-25 18:00:00,17_24,18,423.5,383.7122545314388,,,2026-06-25T10:22:48.214174
dayahead,lightgbm,0,2023-01-01,2026-04-30,2026-05-01,2026-05-31,2026-05-25,2026-05-25,2026-05-25 19:00:00,17_24,19,424.0,414.6212136476317,,,2026-06-25T10:22:48.214174
dayahead,lightgbm,0,2023-01-01,2026-04-30,2026-05-01,2026-05-31,2026-05-25,2026-05-25,2026-05-25 20:00:00,17_24,20,425.5,411.61092034003997,,,2026-06-25T10:22:48.214174
dayahead,lightgbm,0,2023-01-01,2026-04-30,2026-05-01,2026-05-31,2026-05-25,2026-05-25,2026-05-25 21:00:00,17_24,21,424.0,401.8071708532885,,,2026-06-25T10:22:48.214174
dayahead,lightgbm,0,2023-01-01,2026-04-30,2026-05-01,2026-05-31,2026-05-25,2026-05-25,2026-05-25 22:00:00,17_24,22,409.5,402.44224353475175,,,2026-06-25T10:22:48.214174
dayahead,lightgbm,0,2023-01-01,2026-04-30,2026-05-01,2026-05-31,2026-05-25,2026-05-25,2026-05-25 23:00:00,17_24,23,399.5,399.43195022716003,,,2026-06-25T10:22:48.214174
dayahead,lightgbm,0,2023-01-01,2026-04-30,2026-05-01,2026-05-31,2026-05-25,2026-05-25,2026-05-26 00:00:00,17_24,24,390.0,361.2150108742114,,,2026-06-25T10:22:48.214174
dayahead,lightgbm,0,2023-01-01,2026-04-30,2026-05-01,2026-05-31,2026-05-26,2026-05-26,2026-05-26 01:00:00,1_8,1,380.0,287.60924611760004,,,2026-06-25T10:22:48.214174
dayahead,lightgbm,0,2023-01-01,2026-04-30,2026-05-01,2026-05-31,2026-05-26,2026-05-26,2026-05-26 02:00:00,1_8,2,360.5,284.20270255874414,,,2026-06-25T10:22:48.214174
dayahead,lightgbm,0,2023-01-01,2026-04-30,2026-05-01,2026-05-31,2026-05-26,2026-05-26,2026-05-26 03:00:00,1_8,3,331.0,272.9367043613624,,,2026-06-25T10:22:48.214174
dayahead,lightgbm,0,2023-01-01,2026-04-30,2026-05-01,2026-05-31,2026-05-26,2026-05-26,2026-05-26 04:00:00,1_8,4,328.5,240.46034038098287,,,2026-06-25T10:22:48.214174
dayahead,lightgbm,0,2023-01-01,2026-04-30,2026-05-01,2026-05-31,2026-05-26,2026-05-26,2026-05-26 05:00:00,1_8,5,328.0,254.7044864319744,,,2026-06-25T10:22:48.214174
dayahead,lightgbm,0,2023-01-01,2026-04-30,2026-05-01,2026-05-31,2026-05-26,2026-05-26,2026-05-26 06:00:00,1_8,6,329.0,269.3395619606313,,,2026-06-25T10:22:48.214174
dayahead,lightgbm,0,2023-01-01,2026-04-30,2026-05-01,2026-05-31,2026-05-26,2026-05-26,2026-05-26 07:00:00,1_8,7,316.0,227.05910572879256,,,2026-06-25T10:22:48.214174
dayahead,lightgbm,0,2023-01-01,2026-04-30,2026-05-01,2026-05-31,2026-05-26,2026-05-26,2026-05-26 08:00:00,1_8,8,345.0,280.6989062732373,,,2026-06-25T10:22:48.214174
dayahead,lightgbm,0,2023-01-01,2026-04-30,2026-05-01,2026-05-31,2026-05-26,2026-05-26,2026-05-26 09:00:00,9_16,9,395.0,366.34839402444675,,,2026-06-25T10:22:48.214174
dayahead,lightgbm,0,2023-01-01,2026-04-30,2026-05-01,2026-05-31,2026-05-26,2026-05-26,2026-05-26 10:00:00,9_16,10,382.5,361.19783335663124,,,2026-06-25T10:22:48.214174
dayahead,lightgbm,0,2023-01-01,2026-04-30,2026-05-01,2026-05-31,2026-05-26,2026-05-26,2026-05-26 11:00:00,9_16,11,424.75,380.4216259108764,,,2026-06-25T10:22:48.214174
dayahead,lightgbm,0,2023-01-01,2026-04-30,2026-05-01,2026-05-31,2026-05-26,2026-05-26,2026-05-26 12:00:00,9_16,12,425.0,346.90367903656744,,,2026-06-25T10:22:48.214174
dayahead,lightgbm,0,2023-01-01,2026-04-30,2026-05-01,2026-05-31,2026-05-26,2026-05-26,2026-05-26 13:00:00,9_16,13,412.0,319.788445533914,,,2026-06-25T10:22:48.214174
dayahead,lightgbm,0,2023-01-01,2026-04-30,2026-05-01,2026-05-31,2026-05-26,2026-05-26,2026-05-26 14:00:00,9_16,14,398.5,322.15458893751605,,,2026-06-25T10:22:48.214174
dayahead,lightgbm,0,2023-01-01,2026-04-30,2026-05-01,2026-05-31,2026-05-26,2026-05-26,2026-05-26 15:00:00,9_16,15,410.0,368.05635555814484,,,2026-06-25T10:22:48.214174
dayahead,lightgbm,0,2023-01-01,2026-04-30,2026-05-01,2026-05-31,2026-05-26,2026-05-26,2026-05-26 16:00:00,9_16,16,398.0,342.9597131796598,,,2026-06-25T10:22:48.214174
dayahead,lightgbm,0,2023-01-01,2026-04-30,2026-05-01,2026-05-31,2026-05-26,2026-05-26,2026-05-26 17:00:00,17_24,17,402.96,430.75805117626305,,,2026-06-25T10:22:48.214174
dayahead,lightgbm,0,2023-01-01,2026-04-30,2026-05-01,2026-05-31,2026-05-26,2026-05-26,2026-05-26 18:00:00,17_24,18,404.25,416.47381786739436,,,2026-06-25T10:22:48.214174
dayahead,lightgbm,0,2023-01-01,2026-04-30,2026-05-01,2026-05-31,2026-05-26,2026-05-26,2026-05-26 19:00:00,17_24,19,417.5,429.0024207121444,,,2026-06-25T10:22:48.214174
dayahead,lightgbm,0,2023-01-01,2026-04-30,2026-05-01,2026-05-31,2026-05-26,2026-05-26,2026-05-26 20:00:00,17_24,20,420.0,435.771469278663,,,2026-06-25T10:22:48.214174
dayahead,lightgbm,0,2023-01-01,2026-04-30,2026-05-01,2026-05-31,2026-05-26,2026-05-26,2026-05-26 21:00:00,17_24,21,424.0,440.7269207649488,,,2026-06-25T10:22:48.214174
dayahead,lightgbm,0,2023-01-01,2026-04-30,2026-05-01,2026-05-31,2026-05-26,2026-05-26,2026-05-26 22:00:00,17_24,22,431.0,430.782271224699,,,2026-06-25T10:22:48.214174
dayahead,lightgbm,0,2023-01-01,2026-04-30,2026-05-01,2026-05-31,2026-05-26,2026-05-26,2026-05-26 23:00:00,17_24,23,430.5,432.48858218296374,,,2026-06-25T10:22:48.214174
dayahead,lightgbm,0,2023-01-01,2026-04-30,2026-05-01,2026-05-31,2026-05-26,2026-05-26,2026-05-27 00:00:00,17_24,24,440.0,391.4730539999015,,,2026-06-25T10:22:48.214174
dayahead,lightgbm,0,2023-01-01,2026-04-30,2026-05-01,2026-05-31,2026-05-27,2026-05-27,2026-05-27 01:00:00,1_8,1,397.0,360.1494237560228,,,2026-06-25T10:22:48.214174
dayahead,lightgbm,0,2023-01-01,2026-04-30,2026-05-01,2026-05-31,2026-05-27,2026-05-27,2026-05-27 02:00:00,1_8,2,382.59,351.2043509005098,,,2026-06-25T10:22:48.214174
dayahead,lightgbm,0,2023-01-01,2026-04-30,2026-05-01,2026-05-31,2026-05-27,2026-05-27,2026-05-27 03:00:00,1_8,3,380.23,336.39160222793055,,,2026-06-25T10:22:48.214174
dayahead,lightgbm,0,2023-01-01,2026-04-30,2026-05-01,2026-05-31,2026-05-27,2026-05-27,2026-05-27 04:00:00,1_8,4,375.18,336.39160222793055,,,2026-06-25T10:22:48.214174
dayahead,lightgbm,0,2023-01-01,2026-04-30,2026-05-01,2026-05-31,2026-05-27,2026-05-27,2026-05-27 05:00:00,1_8,5,372.52,341.5390634471201,,,2026-06-25T10:22:48.214174
dayahead,lightgbm,0,2023-01-01,2026-04-30,2026-05-01,2026-05-31,2026-05-27,2026-05-27,2026-05-27 06:00:00,1_8,6,377.89,337.18431887471695,,,2026-06-25T10:22:48.214174
dayahead,lightgbm,0,2023-01-01,2026-04-30,2026-05-01,2026-05-31,2026-05-27,2026-05-27,2026-05-27 07:00:00,1_8,7,365.1,323.75859861177844,,,2026-06-25T10:22:48.214174
dayahead,lightgbm,0,2023-01-01,2026-04-30,2026-05-01,2026-05-31,2026-05-27,2026-05-27,2026-05-27 08:00:00,1_8,8,350.625,318.2053895752656,,,2026-06-25T10:22:48.214174
dayahead,lightgbm,0,2023-01-01,2026-04-30,2026-05-01,2026-05-31,2026-05-27,2026-05-27,2026-05-27 09:00:00,9_16,9,364.5,341.97480394683157,,,2026-06-25T10:22:48.214174
dayahead,lightgbm,0,2023-01-01,2026-04-30,2026-05-01,2026-05-31,2026-05-27,2026-05-27,2026-05-27 10:00:00,9_16,10,332.5,292.7670793725518,,,2026-06-25T10:22:48.214174
dayahead,lightgbm,0,2023-01-01,2026-04-30,2026-05-01,2026-05-31,2026-05-27,2026-05-27,2026-05-27 11:00:00,9_16,11,336.25,312.9123462531217,,,2026-06-25T10:22:48.214174
dayahead,lightgbm,0,2023-01-01,2026-04-30,2026-05-01,2026-05-31,2026-05-27,2026-05-27,2026-05-27 12:00:00,9_16,12,317.5,301.4941486008613,,,2026-06-25T10:22:48.214174
dayahead,lightgbm,0,2023-01-01,2026-04-30,2026-05-01,2026-05-31,2026-05-27,2026-05-27,2026-05-27 13:00:00,9_16,13,310.085,224.37355284529886,,,2026-06-25T10:22:48.214174
dayahead,lightgbm,0,2023-01-01,2026-04-30,2026-05-01,2026-05-31,2026-05-27,2026-05-27,2026-05-27 14:00:00,9_16,14,317.0,241.59860640602085,,,2026-06-25T10:22:48.214174
dayahead,lightgbm,0,2023-01-01,2026-04-30,2026-05-01,2026-05-31,2026-05-27,2026-05-27,2026-05-27 15:00:00,9_16,15,322.5,243.98896679306367,,,2026-06-25T10:22:48.214174
dayahead,lightgbm,0,2023-01-01,2026-04-30,2026-05-01,2026-05-31,2026-05-27,2026-05-27,2026-05-27 16:00:00,9_16,16,325.0,274.38754269027976,,,2026-06-25T10:22:48.214174
dayahead,lightgbm,0,2023-01-01,2026-04-30,2026-05-01,2026-05-31,2026-05-27,2026-05-27,2026-05-27 17:00:00,17_24,17,400.0,419.97360497485613,,,2026-06-25T10:22:48.214174
dayahead,lightgbm,0,2023-01-01,2026-04-30,2026-05-01,2026-05-31,2026-05-27,2026-05-27,2026-05-27 18:00:00,17_24,18,440.608,427.3433241245581,,,2026-06-25T10:22:48.214174
dayahead,lightgbm,0,2023-01-01,2026-04-30,2026-05-01,2026-05-31,2026-05-27,2026-05-27,2026-05-27 19:00:00,17_24,19,489.5,439.45849093991035,,,2026-06-25T10:22:48.214174
dayahead,lightgbm,0,2023-01-01,2026-04-30,2026-05-01,2026-05-31,2026-05-27,2026-05-27,2026-05-27 20:00:00,17_24,20,503.45,440.47592865876135,,,2026-06-25T10:22:48.214174
dayahead,lightgbm,0,2023-01-01,2026-04-30,2026-05-01,2026-05-31,2026-05-27,2026-05-27,2026-05-27 21:00:00,17_24,21,500.0,440.5555261356503,,,2026-06-25T10:22:48.214174
dayahead,lightgbm,0,2023-01-01,2026-04-30,2026-05-01,2026-05-31,2026-05-27,2026-05-27,2026-05-27 22:00:00,17_24,22,489.5,437.8602906726156,,,2026-06-25T10:22:48.214174
dayahead,lightgbm,0,2023-01-01,2026-04-30,2026-05-01,2026-05-31,2026-05-27,2026-05-27,2026-05-27 23:00:00,17_24,23,479.5,437.8602906726156,,,2026-06-25T10:22:48.214174
dayahead,lightgbm,0,2023-01-01,2026-04-30,2026-05-01,2026-05-31,2026-05-27,2026-05-27,2026-05-28 00:00:00,17_24,24,472.0,427.76897430794435,,,2026-06-25T10:22:48.214174
dayahead,lightgbm,0,2023-01-01,2026-04-30,2026-05-01,2026-05-31,2026-05-28,2026-05-28,2026-05-28 01:00:00,1_8,1,500.0,389.64204928787217,,,2026-06-25T10:22:48.214174
dayahead,lightgbm,0,2023-01-01,2026-04-30,2026-05-01,2026-05-31,2026-05-28,2026-05-28,2026-05-28 02:00:00,1_8,2,499.0,367.44267442738675,,,2026-06-25T10:22:48.214174
dayahead,lightgbm,0,2023-01-01,2026-04-30,2026-05-01,2026-05-31,2026-05-28,2026-05-28,2026-05-28 03:00:00,1_8,3,481.5,360.5428528012749,,,2026-06-25T10:22:48.214174
dayahead,lightgbm,0,2023-01-01,2026-04-30,2026-05-01,2026-05-31,2026-05-28,2026-05-28,2026-05-28 04:00:00,1_8,4,480.5,360.5428528012749,,,2026-06-25T10:22:48.214174
dayahead,lightgbm,0,2023-01-01,2026-04-30,2026-05-01,2026-05-31,2026-05-28,2026-05-28,2026-05-28 05:00:00,1_8,5,482.5,358.48013762063437,,,2026-06-25T10:22:48.214174
dayahead,lightgbm,0,2023-01-01,2026-04-30,2026-05-01,2026-05-31,2026-05-28,2026-05-28,2026-05-28 06:00:00,1_8,6,429.25,335.37525320418376,,,2026-06-25T10:22:48.214174
dayahead,lightgbm,0,2023-01-01,2026-04-30,2026-05-01,2026-05-31,2026-05-28,2026-05-28,2026-05-28 07:00:00,1_8,7,101.875,170.20451920113172,,,2026-06-25T10:22:48.214174
dayahead,lightgbm,0,2023-01-01,2026-04-30,2026-05-01,2026-05-31,2026-05-28,2026-05-28,2026-05-28 08:00:00,1_8,8,-61.0,84.7339328953592,,,2026-06-25T10:22:48.214174
dayahead,lightgbm,0,2023-01-01,2026-04-30,2026-05-01,2026-05-31,2026-05-28,2026-05-28,2026-05-28 09:00:00,9_16,9,-60.0,-52.953861227648744,,,2026-06-25T10:22:48.214174
dayahead,lightgbm,0,2023-01-01,2026-04-30,2026-05-01,2026-05-31,2026-05-28,2026-05-28,2026-05-28 10:00:00,9_16,10,-75.0,-51.708622764838005,,,2026-06-25T10:22:48.214174
dayahead,lightgbm,0,2023-01-01,2026-04-30,2026-05-01,2026-05-31,2026-05-28,2026-05-28,2026-05-28 11:00:00,9_16,11,-75.0,-46.7859080947488,,,2026-06-25T10:22:48.214174
dayahead,lightgbm,0,2023-01-01,2026-04-30,2026-05-01,2026-05-31,2026-05-28,2026-05-28,2026-05-28 12:00:00,9_16,12,-75.0,-41.968999283001544,,,2026-06-25T10:22:48.214174
dayahead,lightgbm,0,2023-01-01,2026-04-30,2026-05-01,2026-05-31,2026-05-28,2026-05-28,2026-05-28 13:00:00,9_16,13,-75.0,-42.25470169439981,,,2026-06-25T10:22:48.214174
dayahead,lightgbm,0,2023-01-01,2026-04-30,2026-05-01,2026-05-31,2026-05-28,2026-05-28,2026-05-28 14:00:00,9_16,14,-75.0,-42.73278975416264,,,2026-06-25T10:22:48.214174
dayahead,lightgbm,0,2023-01-01,2026-04-30,2026-05-01,2026-05-31,2026-05-28,2026-05-28,2026-05-28 15:00:00,9_16,15,-70.0,-48.572576568425596,,,2026-06-25T10:22:48.214174
dayahead,lightgbm,0,2023-01-01,2026-04-30,2026-05-01,2026-05-31,2026-05-28,2026-05-28,2026-05-28 16:00:00,9_16,16,-9.31,-51.00933671363527,,,2026-06-25T10:22:48.214174
dayahead,lightgbm,0,2023-01-01,2026-04-30,2026-05-01,2026-05-31,2026-05-28,2026-05-28,2026-05-28 17:00:00,17_24,17,135.625,112.54758145980597,,,2026-06-25T10:22:48.214174
dayahead,lightgbm,0,2023-01-01,2026-04-30,2026-05-01,2026-05-31,2026-05-28,2026-05-28,2026-05-28 18:00:00,17_24,18,457.663,413.3761611144102,,,2026-06-25T10:22:48.214174
dayahead,lightgbm,0,2023-01-01,2026-04-30,2026-05-01,2026-05-31,2026-05-28,2026-05-28,2026-05-28 19:00:00,17_24,19,555.5,476.78322630323623,,,2026-06-25T10:22:48.214174
dayahead,lightgbm,0,2023-01-01,2026-04-30,2026-05-01,2026-05-31,2026-05-28,2026-05-28,2026-05-28 20:00:00,17_24,20,606.155,486.8686533103755,,,2026-06-25T10:22:48.214174
dayahead,lightgbm,0,2023-01-01,2026-04-30,2026-05-01,2026-05-31,2026-05-28,2026-05-28,2026-05-28 21:00:00,17_24,21,630.55,486.1146565431991,,,2026-06-25T10:22:48.214174
dayahead,lightgbm,0,2023-01-01,2026-04-30,2026-05-01,2026-05-31,2026-05-28,2026-05-28,2026-05-28 22:00:00,17_24,22,581.0,481.8361390269248,,,2026-06-25T10:22:48.214174
dayahead,lightgbm,0,2023-01-01,2026-04-30,2026-05-01,2026-05-31,2026-05-28,2026-05-28,2026-05-28 23:00:00,17_24,23,629.125,480.9846120583908,,,2026-06-25T10:22:48.214174
dayahead,lightgbm,0,2023-01-01,2026-04-30,2026-05-01,2026-05-31,2026-05-28,2026-05-28,2026-05-29 00:00:00,17_24,24,610.0,453.32895551388765,,,2026-06-25T10:22:48.214174
dayahead,lightgbm,0,2023-01-01,2026-04-30,2026-05-01,2026-05-31,2026-05-29,2026-05-29,2026-05-29 01:00:00,1_8,1,635.0,440.07689158826025,,,2026-06-25T10:22:48.214174
dayahead,lightgbm,0,2023-01-01,2026-04-30,2026-05-01,2026-05-31,2026-05-29,2026-05-29,2026-05-29 02:00:00,1_8,2,597.0,436.37491341728355,,,2026-06-25T10:22:48.214174
dayahead,lightgbm,0,2023-01-01,2026-04-30,2026-05-01,2026-05-31,2026-05-29,2026-05-29,2026-05-29 03:00:00,1_8,3,583.0,418.882533855314,,,2026-06-25T10:22:48.214174
dayahead,lightgbm,0,2023-01-01,2026-04-30,2026-05-01,2026-05-31,2026-05-29,2026-05-29,2026-05-29 04:00:00,1_8,4,576.5,418.882533855314,,,2026-06-25T10:22:48.214174
dayahead,lightgbm,0,2023-01-01,2026-04-30,2026-05-01,2026-05-31,2026-05-29,2026-05-29,2026-05-29 05:00:00,1_8,5,566.75,418.882533855314,,,2026-06-25T10:22:48.214174
dayahead,lightgbm,0,2023-01-01,2026-04-30,2026-05-01,2026-05-31,2026-05-29,2026-05-29,2026-05-29 06:00:00,1_8,6,507.5,396.8182834276467,,,2026-06-25T10:22:48.214174
dayahead,lightgbm,0,2023-01-01,2026-04-30,2026-05-01,2026-05-31,2026-05-29,2026-05-29,2026-05-29 07:00:00,1_8,7,200.75,251.9676963386662,,,2026-06-25T10:22:48.214174
dayahead,lightgbm,0,2023-01-01,2026-04-30,2026-05-01,2026-05-31,2026-05-29,2026-05-29,2026-05-29 08:00:00,1_8,8,-39.5,75.85853265276614,,,2026-06-25T10:22:48.214174
dayahead,lightgbm,0,2023-01-01,2026-04-30,2026-05-01,2026-05-31,2026-05-29,2026-05-29,2026-05-29 09:00:00,9_16,9,-74.625,-60.07763837276802,,,2026-06-25T10:22:48.214174
dayahead,lightgbm,0,2023-01-01,2026-04-30,2026-05-01,2026-05-31,2026-05-29,2026-05-29,2026-05-29 10:00:00,9_16,10,-75.0,-70.66774385996312,,,2026-06-25T10:22:48.214174
dayahead,lightgbm,0,2023-01-01,2026-04-30,2026-05-01,2026-05-31,2026-05-29,2026-05-29,2026-05-29 11:00:00,9_16,11,-76.0,-69.65616513588445,,,2026-06-25T10:22:48.214174
dayahead,lightgbm,0,2023-01-01,2026-04-30,2026-05-01,2026-05-31,2026-05-29,2026-05-29,2026-05-29 12:00:00,9_16,12,-75.5,-65.73778163331063,,,2026-06-25T10:22:48.214174
dayahead,lightgbm,0,2023-01-01,2026-04-30,2026-05-01,2026-05-31,2026-05-29,2026-05-29,2026-05-29 13:00:00,9_16,13,-75.0,-70.4116049486109,,,2026-06-25T10:22:48.214174
dayahead,lightgbm,0,2023-01-01,2026-04-30,2026-05-01,2026-05-31,2026-05-29,2026-05-29,2026-05-29 14:00:00,9_16,14,-75.0,-73.03066449763513,,,2026-06-25T10:22:48.214174
dayahead,lightgbm,0,2023-01-01,2026-04-30,2026-05-01,2026-05-31,2026-05-29,2026-05-29,2026-05-29 15:00:00,9_16,15,-69.0,-63.768823083938884,,,2026-06-25T10:22:48.214174
dayahead,lightgbm,0,2023-01-01,2026-04-30,2026-05-01,2026-05-31,2026-05-29,2026-05-29,2026-05-29 16:00:00,9_16,16,-40.0,-55.322012434873976,,,2026-06-25T10:22:48.214174
dayahead,lightgbm,0,2023-01-01,2026-04-30,2026-05-01,2026-05-31,2026-05-29,2026-05-29,2026-05-29 17:00:00,17_24,17,240.76,260.6450147449574,,,2026-06-25T10:22:48.214174
dayahead,lightgbm,0,2023-01-01,2026-04-30,2026-05-01,2026-05-31,2026-05-29,2026-05-29,2026-05-29 18:00:00,17_24,18,497.235,408.81063242595786,,,2026-06-25T10:22:48.214174
dayahead,lightgbm,0,2023-01-01,2026-04-30,2026-05-01,2026-05-31,2026-05-29,2026-05-29,2026-05-29 19:00:00,17_24,19,592.5,497.04620803825253,,,2026-06-25T10:22:48.214174
dayahead,lightgbm,0,2023-01-01,2026-04-30,2026-05-01,2026-05-31,2026-05-29,2026-05-29,2026-05-29 20:00:00,17_24,20,609.0,511.0486159097646,,,2026-06-25T10:22:48.214174
dayahead,lightgbm,0,2023-01-01,2026-04-30,2026-05-01,2026-05-31,2026-05-29,2026-05-29,2026-05-29 21:00:00,17_24,21,601.0,508.4911188272178,,,2026-06-25T10:22:48.214174
dayahead,lightgbm,0,2023-01-01,2026-04-30,2026-05-01,2026-05-31,2026-05-29,2026-05-29,2026-05-29 22:00:00,17_24,22,580.58,488.98924968214857,,,2026-06-25T10:22:48.214174
dayahead,lightgbm,0,2023-01-01,2026-04-30,2026-05-01,2026-05-31,2026-05-29,2026-05-29,2026-05-29 23:00:00,17_24,23,583.59,488.05109556968404,,,2026-06-25T10:22:48.214174
dayahead,lightgbm,0,2023-01-01,2026-04-30,2026-05-01,2026-05-31,2026-05-29,2026-05-29,2026-05-30 00:00:00,17_24,24,541.25,471.34806994524854,,,2026-06-25T10:22:48.214174
dayahead,lightgbm,0,2023-01-01,2026-04-30,2026-05-01,2026-05-31,2026-05-30,2026-05-30,2026-05-30 01:00:00,1_8,1,632.5,363.395419414517,,,2026-06-25T10:22:48.214174
dayahead,lightgbm,0,2023-01-01,2026-04-30,2026-05-01,2026-05-31,2026-05-30,2026-05-30,2026-05-30 02:00:00,1_8,2,600.0,308.27355216259144,,,2026-06-25T10:22:48.214174
dayahead,lightgbm,0,2023-01-01,2026-04-30,2026-05-01,2026-05-31,2026-05-30,2026-05-30,2026-05-30 03:00:00,1_8,3,550.625,308.27355216259144,,,2026-06-25T10:22:48.214174
dayahead,lightgbm,0,2023-01-01,2026-04-30,2026-05-01,2026-05-31,2026-05-30,2026-05-30,2026-05-30 04:00:00,1_8,4,547.5,302.4496594136714,,,2026-06-25T10:22:48.214174
dayahead,lightgbm,0,2023-01-01,2026-04-30,2026-05-01,2026-05-31,2026-05-30,2026-05-30,2026-05-30 05:00:00,1_8,5,560.0,331.54019890791153,,,2026-06-25T10:22:48.214174
dayahead,lightgbm,0,2023-01-01,2026-04-30,2026-05-01,2026-05-31,2026-05-30,2026-05-30,2026-05-30 06:00:00,1_8,6,499.0,323.4026513199776,,,2026-06-25T10:22:48.214174
dayahead,lightgbm,0,2023-01-01,2026-04-30,2026-05-01,2026-05-31,2026-05-30,2026-05-30,2026-05-30 07:00:00,1_8,7,0.0,84.27370361723048,,,2026-06-25T10:22:48.214174
dayahead,lightgbm,0,2023-01-01,2026-04-30,2026-05-01,2026-05-31,2026-05-30,2026-05-30,2026-05-30 08:00:00,1_8,8,-72.355,75.02555949189535,,,2026-06-25T10:22:48.214174
dayahead,lightgbm,0,2023-01-01,2026-04-30,2026-05-01,2026-05-31,2026-05-30,2026-05-30,2026-05-30 09:00:00,9_16,9,-77.0,-66.44979451090377,,,2026-06-25T10:22:48.214174
dayahead,lightgbm,0,2023-01-01,2026-04-30,2026-05-01,2026-05-31,2026-05-30,2026-05-30,2026-05-30 10:00:00,9_16,10,-79.0,-64.1463493103037,,,2026-06-25T10:22:48.214174
dayahead,lightgbm,0,2023-01-01,2026-04-30,2026-05-01,2026-05-31,2026-05-30,2026-05-30,2026-05-30 11:00:00,9_16,11,-79.0,-63.756860070980366,,,2026-06-25T10:22:48.214174
dayahead,lightgbm,0,2023-01-01,2026-04-30,2026-05-01,2026-05-31,2026-05-30,2026-05-30,2026-05-30 12:00:00,9_16,12,-79.0,-62.210849514705146,,,2026-06-25T10:22:48.214174
dayahead,lightgbm,0,2023-01-01,2026-04-30,2026-05-01,2026-05-31,2026-05-30,2026-05-30,2026-05-30 13:00:00,9_16,13,-79.0,-63.246991984283426,,,2026-06-25T10:22:48.214174
dayahead,lightgbm,0,2023-01-01,2026-04-30,2026-05-01,2026-05-31,2026-05-30,2026-05-30,2026-05-30 14:00:00,9_16,14,-79.0,-63.57920258561448,,,2026-06-25T10:22:48.214174
dayahead,lightgbm,0,2023-01-01,2026-04-30,2026-05-01,2026-05-31,2026-05-30,2026-05-30,2026-05-30 15:00:00,9_16,15,-77.0,-58.055498546204824,,,2026-06-25T10:22:48.214174
dayahead,lightgbm,0,2023-01-01,2026-04-30,2026-05-01,2026-05-31,2026-05-30,2026-05-30,2026-05-30 16:00:00,9_16,16,-70.0,-59.75376571548724,,,2026-06-25T10:22:48.214174
dayahead,lightgbm,0,2023-01-01,2026-04-30,2026-05-01,2026-05-31,2026-05-30,2026-05-30,2026-05-30 17:00:00,17_24,17,60.0,107.3569311471067,,,2026-06-25T10:22:48.214174
dayahead,lightgbm,0,2023-01-01,2026-04-30,2026-05-01,2026-05-31,2026-05-30,2026-05-30,2026-05-30 18:00:00,17_24,18,447.763,320.8583445834793,,,2026-06-25T10:22:48.214174
dayahead,lightgbm,0,2023-01-01,2026-04-30,2026-05-01,2026-05-31,2026-05-30,2026-05-30,2026-05-30 19:00:00,17_24,19,539.5,411.2635590414882,,,2026-06-25T10:22:48.214174
dayahead,lightgbm,0,2023-01-01,2026-04-30,2026-05-01,2026-05-31,2026-05-30,2026-05-30,2026-05-30 20:00:00,17_24,20,605.3,407.65569817802634,,,2026-06-25T10:22:48.214174
dayahead,lightgbm,0,2023-01-01,2026-04-30,2026-05-01,2026-05-31,2026-05-30,2026-05-30,2026-05-30 21:00:00,17_24,21,595.475,374.92247602163684,,,2026-06-25T10:22:48.214174
dayahead,lightgbm,0,2023-01-01,2026-04-30,2026-05-01,2026-05-31,2026-05-30,2026-05-30,2026-05-30 22:00:00,17_24,22,580.0,348.9416683048185,,,2026-06-25T10:22:48.214174
dayahead,lightgbm,0,2023-01-01,2026-04-30,2026-05-01,2026-05-31,2026-05-30,2026-05-30,2026-05-30 23:00:00,17_24,23,580.0,363.5842331505732,,,2026-06-25T10:22:48.214174
dayahead,lightgbm,0,2023-01-01,2026-04-30,2026-05-01,2026-05-31,2026-05-30,2026-05-30,2026-05-31 00:00:00,17_24,24,525.2,338.71777751120214,,,2026-06-25T10:22:48.214174
dayahead,lightgbm,0,2023-01-01,2026-04-30,2026-05-01,2026-05-31,2026-05-31,2026-05-31,2026-05-31 01:00:00,1_8,1,400.0,188.0085387487828,,,2026-06-25T10:22:48.214174
dayahead,lightgbm,0,2023-01-01,2026-04-30,2026-05-01,2026-05-31,2026-05-31,2026-05-31,2026-05-31 02:00:00,1_8,2,390.0,123.49664167590944,,,2026-06-25T10:22:48.214174
dayahead,lightgbm,0,2023-01-01,2026-04-30,2026-05-01,2026-05-31,2026-05-31,2026-05-31,2026-05-31 03:00:00,1_8,3,335.5,123.49664167590944,,,2026-06-25T10:22:48.214174
dayahead,lightgbm,0,2023-01-01,2026-04-30,2026-05-01,2026-05-31,2026-05-31,2026-05-31,2026-05-31 04:00:00,1_8,4,299.0,116.43329466229972,,,2026-06-25T10:22:48.214174
dayahead,lightgbm,0,2023-01-01,2026-04-30,2026-05-01,2026-05-31,2026-05-31,2026-05-31,2026-05-31 05:00:00,1_8,5,295.0,153.07511029893033,,,2026-06-25T10:22:48.214174
dayahead,lightgbm,0,2023-01-01,2026-04-30,2026-05-01,2026-05-31,2026-05-31,2026-05-31,2026-05-31 06:00:00,1_8,6,292.0,128.51001021551602,,,2026-06-25T10:22:48.214174
dayahead,lightgbm,0,2023-01-01,2026-04-30,2026-05-01,2026-05-31,2026-05-31,2026-05-31,2026-05-31 07:00:00,1_8,7,-66.0,70.03226820759075,,,2026-06-25T10:22:48.214174
dayahead,lightgbm,0,2023-01-01,2026-04-30,2026-05-01,2026-05-31,2026-05-31,2026-05-31,2026-05-31 08:00:00,1_8,8,-75.0,54.458931388736,,,2026-06-25T10:22:48.214174
dayahead,lightgbm,0,2023-01-01,2026-04-30,2026-05-01,2026-05-31,2026-05-31,2026-05-31,2026-05-31 09:00:00,9_16,9,-75.0,-69.41814069262249,,,2026-06-25T10:22:48.214174
dayahead,lightgbm,0,2023-01-01,2026-04-30,2026-05-01,2026-05-31,2026-05-31,2026-05-31,2026-05-31 10:00:00,9_16,10,-76.0,-68.84638175150336,,,2026-06-25T10:22:48.214174
dayahead,lightgbm,0,2023-01-01,2026-04-30,2026-05-01,2026-05-31,2026-05-31,2026-05-31,2026-05-31 11:00:00,9_16,11,-78.0,-68.36374522552914,,,2026-06-25T10:22:48.214174
dayahead,lightgbm,0,2023-01-01,2026-04-30,2026-05-01,2026-05-31,2026-05-31,2026-05-31,2026-05-31 12:00:00,9_16,12,-78.0,-67.20686527898292,,,2026-06-25T10:22:48.214174
dayahead,lightgbm,0,2023-01-01,2026-04-30,2026-05-01,2026-05-31,2026-05-31,2026-05-31,2026-05-31 13:00:00,9_16,13,-75.0,-67.20686527898292,,,2026-06-25T10:22:48.214174
dayahead,lightgbm,0,2023-01-01,2026-04-30,2026-05-01,2026-05-31,2026-05-31,2026-05-31,2026-05-31 14:00:00,9_16,14,-75.0,-67.52447357632403,,,2026-06-25T10:22:48.214174
dayahead,lightgbm,0,2023-01-01,2026-04-30,2026-05-01,2026-05-31,2026-05-31,2026-05-31,2026-05-31 15:00:00,9_16,15,-77.25,-67.52447357632403,,,2026-06-25T10:22:48.214174
dayahead,lightgbm,0,2023-01-01,2026-04-30,2026-05-01,2026-05-31,2026-05-31,2026-05-31,2026-05-31 16:00:00,9_16,16,-70.0,-63.640948991563135,,,2026-06-25T10:22:48.214174
dayahead,lightgbm,0,2023-01-01,2026-04-30,2026-05-01,2026-05-31,2026-05-31,2026-05-31,2026-05-31 17:00:00,17_24,17,17.18,83.97774675302963,,,2026-06-25T10:22:48.214174
dayahead,lightgbm,0,2023-01-01,2026-04-30,2026-05-01,2026-05-31,2026-05-31,2026-05-31,2026-05-31 18:00:00,17_24,18,237.5,190.5013675624327,,,2026-06-25T10:22:48.214174
dayahead,lightgbm,0,2023-01-01,2026-04-30,2026-05-01,2026-05-31,2026-05-31,2026-05-31,2026-05-31 19:00:00,17_24,19,400.0,357.53684294913705,,,2026-06-25T10:22:48.214174
dayahead,lightgbm,0,2023-01-01,2026-04-30,2026-05-01,2026-05-31,2026-05-31,2026-05-31,2026-05-31 20:00:00,17_24,20,422.0,375.65757645939937,,,2026-06-25T10:22:48.214174
dayahead,lightgbm,0,2023-01-01,2026-04-30,2026-05-01,2026-05-31,2026-05-31,2026-05-31,2026-05-31 21:00:00,17_24,21,413.565,336.8052105941835,,,2026-06-25T10:22:48.214174
dayahead,lightgbm,0,2023-01-01,2026-04-30,2026-05-01,2026-05-31,2026-05-31,2026-05-31,2026-05-31 22:00:00,17_24,22,400.0,301.1308667200392,,,2026-06-25T10:22:48.214174
dayahead,lightgbm,0,2023-01-01,2026-04-30,2026-05-01,2026-05-31,2026-05-31,2026-05-31,2026-05-31 23:00:00,17_24,23,400.0,294.5321582288899,,,2026-06-25T10:22:48.214174
dayahead,lightgbm,0,2023-01-01,2026-04-30,2026-05-01,2026-05-31,2026-05-31,2026-05-31,2026-06-01 00:00:00,17_24,24,400.0,291.66930134537836,,,2026-06-25T10:22:48.214174
