task,model_name,fold_id,train_start,train_end,test_start,test_end,target_day,business_day,ds,period,hour_business,y_true,y_pred,source,run_mode,created_at
dayahead,timesfm,0,2023-01-01,2025-08-31,2025-09-01,2025-09-30,,,2025-09-01 01:00:00,,,,405.95062,pretrained_inference,rolling_origin,2026-06-25T19:26:24.022418
dayahead,timesfm,0,2023-01-01,2025-08-31,2025-09-01,2025-09-30,,,2025-09-01 02:00:00,,,,388.6862,pretrained_inference,rolling_origin,2026-06-25T19:26:24.022418
dayahead,timesfm,0,2023-01-01,2025-08-31,2025-09-01,2025-09-30,,,2025-09-01 03:00:00,,,,369.09103,pretrained_inference,rolling_origin,2026-06-25T19:26:24.022418
dayahead,timesfm,0,2023-01-01,2025-08-31,2025-09-01,2025-09-30,,,2025-09-01 04:00:00,,,,365.96136,pretrained_inference,rolling_origin,2026-06-25T19:26:24.022418
dayahead,timesfm,0,2023-01-01,2025-08-31,2025-09-01,2025-09-30,,,2025-09-01 05:00:00,,,,360.4777,pretrained_inference,rolling_origin,2026-06-25T19:26:24.022418
dayahead,timesfm,0,2023-01-01,2025-08-31,2025-09-01,2025-09-30,,,2025-09-01 06:00:00,,,,386.6784,pretrained_inference,rolling_origin,2026-06-25T19:26:24.022418
dayahead,timesfm,0,2023-01-01,2025-08-31,2025-09-01,2025-09-30,,,2025-09-01 07:00:00,,,,320.1841,pretrained_inference,rolling_origin,2026-06-25T19:26:24.022418
dayahead,timesfm,0,2023-01-01,2025-08-31,2025-09-01,2025-09-30,,,2025-09-01 08:00:00,,,,158.44138,pretrained_inference,rolling_origin,2026-06-25T19:26:24.022418
dayahead,timesfm,0,2023-01-01,2025-08-31,2025-09-01,2025-09-30,,,2025-09-01 09:00:00,,,,107.78104,pretrained_inference,rolling_origin,2026-06-25T19:26:24.022418
dayahead,timesfm,0,2023-01-01,2025-08-31,2025-09-01,2025-09-30,,,2025-09-01 10:00:00,,,,42.43776,pretrained_inference,rolling_origin,2026-06-25T19:26:24.022418
dayahead,timesfm,0,2023-01-01,2025-08-31,2025-09-01,2025-09-30,,,2025-09-01 11:00:00,,,,36.203384,pretrained_inference,rolling_origin,2026-06-25T19:26:24.022418
dayahead,timesfm,0,2023-01-01,2025-08-31,2025-09-01,2025-09-30,,,2025-09-01 12:00:00,,,,20.414871,pretrained_inference,rolling_origin,2026-06-25T19:26:24.022418
dayahead,timesfm,0,2023-01-01,2025-08-31,2025-09-01,2025-09-30,,,2025-09-01 13:00:00,,,,-1.4711761,pretrained_inference,rolling_origin,2026-06-25T19:26:24.022418
dayahead,timesfm,0,2023-01-01,2025-08-31,2025-09-01,2025-09-30,,,2025-09-01 14:00:00,,,,37.5925,pretrained_inference,rolling_origin,2026-06-25T19:26:24.022418
dayahead,timesfm,0,2023-01-01,2025-08-31,2025-09-01,2025-09-30,,,2025-09-01 15:00:00,,,,91.047356,pretrained_inference,rolling_origin,2026-06-25T19:26:24.022418
dayahead,timesfm,0,2023-01-01,2025-08-31,2025-09-01,2025-09-30,,,2025-09-01 16:00:00,,,,207.81386,pretrained_inference,rolling_origin,2026-06-25T19:26:24.022418
dayahead,timesfm,0,2023-01-01,2025-08-31,2025-09-01,2025-09-30,,,2025-09-01 17:00:00,,,,320.99298,pretrained_inference,rolling_origin,2026-06-25T19:26:24.022418
dayahead,timesfm,0,2023-01-01,2025-08-31,2025-09-01,2025-09-30,,,2025-09-01 18:00:00,,,,464.8133,pretrained_inference,rolling_origin,2026-06-25T19:26:24.022418
dayahead,timesfm,0,2023-01-01,2025-08-31,2025-09-01,2025-09-30,,,2025-09-01 19:00:00,,,,503.03632,pretrained_inference,rolling_origin,2026-06-25T19:26:24.022418
dayahead,timesfm,0,2023-01-01,2025-08-31,2025-09-01,2025-09-30,,,2025-09-01 20:00:00,,,,494.4445,pretrained_inference,rolling_origin,2026-06-25T19:26:24.022418
dayahead,timesfm,0,2023-01-01,2025-08-31,2025-09-01,2025-09-30,,,2025-09-01 21:00:00,,,,487.7994,pretrained_inference,rolling_origin,2026-06-25T19:26:24.022418
dayahead,timesfm,0,2023-01-01,2025-08-31,2025-09-01,2025-09-30,,,2025-09-01 22:00:00,,,,466.06445,pretrained_inference,rolling_origin,2026-06-25T19:26:24.022418
dayahead,timesfm,0,2023-01-01,2025-08-31,2025-09-01,2025-09-30,,,2025-09-01 23:00:00,,,,446.94687,pretrained_inference,rolling_origin,2026-06-25T19:26:24.022418
dayahead,timesfm,0,2023-01-01,2025-08-31,2025-09-01,2025-09-30,,,2025-09-02 00:00:00,,,,438.34064,pretrained_inference,rolling_origin,2026-06-25T19:26:24.022418
dayahead,timesfm,0,2023-01-01,2025-08-31,2025-09-01,2025-09-30,,,2025-09-02 01:00:00,,,,534.5094,pretrained_inference,rolling_origin,2026-06-25T19:26:24.022418
dayahead,timesfm,0,2023-01-01,2025-08-31,2025-09-01,2025-09-30,,,2025-09-02 02:00:00,,,,496.92157,pretrained_inference,rolling_origin,2026-06-25T19:26:24.022418
dayahead,timesfm,0,2023-01-01,2025-08-31,2025-09-01,2025-09-30,,,2025-09-02 03:00:00,,,,466.3994,pretrained_inference,rolling_origin,2026-06-25T19:26:24.022418
dayahead,timesfm,0,2023-01-01,2025-08-31,2025-09-01,2025-09-30,,,2025-09-02 04:00:00,,,,459.24185,pretrained_inference,rolling_origin,2026-06-25T19:26:24.022418
dayahead,timesfm,0,2023-01-01,2025-08-31,2025-09-01,2025-09-30,,,2025-09-02 05:00:00,,,,439.32837,pretrained_inference,rolling_origin,2026-06-25T19:26:24.022418
dayahead,timesfm,0,2023-01-01,2025-08-31,2025-09-01,2025-09-30,,,2025-09-02 06:00:00,,,,449.88232,pretrained_inference,rolling_origin,2026-06-25T19:26:24.022418
dayahead,timesfm,0,2023-01-01,2025-08-31,2025-09-01,2025-09-30,,,2025-09-02 07:00:00,,,,379.6862,pretrained_inference,rolling_origin,2026-06-25T19:26:24.022418
dayahead,timesfm,0,2023-01-01,2025-08-31,2025-09-01,2025-09-30,,,2025-09-02 08:00:00,,,,213.37108,pretrained_inference,rolling_origin,2026-06-25T19:26:24.022418
dayahead,timesfm,0,2023-01-01,2025-08-31,2025-09-01,2025-09-30,,,2025-09-02 09:00:00,,,,149.58073,pretrained_inference,rolling_origin,2026-06-25T19:26:24.022418
dayahead,timesfm,0,2023-01-01,2025-08-31,2025-09-01,2025-09-30,,,2025-09-02 10:00:00,,,,26.905273,pretrained_inference,rolling_origin,2026-06-25T19:26:24.022418
dayahead,timesfm,0,2023-01-01,2025-08-31,2025-09-01,2025-09-30,,,2025-09-02 11:00:00,,,,-23.677475,pretrained_inference,rolling_origin,2026-06-25T19:26:24.022418
dayahead,timesfm,0,2023-01-01,2025-08-31,2025-09-01,2025-09-30,,,2025-09-02 12:00:00,,,,-40.838882,pretrained_inference,rolling_origin,2026-06-25T19:26:24.022418
dayahead,timesfm,0,2023-01-01,2025-08-31,2025-09-01,2025-09-30,,,2025-09-02 13:00:00,,,,-72.35353,pretrained_inference,rolling_origin,2026-06-25T19:26:24.022418
dayahead,timesfm,0,2023-01-01,2025-08-31,2025-09-01,2025-09-30,,,2025-09-02 14:00:00,,,,-16.429352,pretrained_inference,rolling_origin,2026-06-25T19:26:24.022418
dayahead,timesfm,0,2023-01-01,2025-08-31,2025-09-01,2025-09-30,,,2025-09-02 15:00:00,,,,59.546402,pretrained_inference,rolling_origin,2026-06-25T19:26:24.022418
dayahead,timesfm,0,2023-01-01,2025-08-31,2025-09-01,2025-09-30,,,2025-09-02 16:00:00,,,,196.91939,pretrained_inference,rolling_origin,2026-06-25T19:26:24.022418
dayahead,timesfm,0,2023-01-01,2025-08-31,2025-09-01,2025-09-30,,,2025-09-02 17:00:00,,,,316.4218,pretrained_inference,rolling_origin,2026-06-25T19:26:24.022418
dayahead,timesfm,0,2023-01-01,2025-08-31,2025-09-01,2025-09-30,,,2025-09-02 18:00:00,,,,421.69867,pretrained_inference,rolling_origin,2026-06-25T19:26:24.022418
dayahead,timesfm,0,2023-01-01,2025-08-31,2025-09-01,2025-09-30,,,2025-09-02 19:00:00,,,,441.25323,pretrained_inference,rolling_origin,2026-06-25T19:26:24.022418
dayahead,timesfm,0,2023-01-01,2025-08-31,2025-09-01,2025-09-30,,,2025-09-02 20:00:00,,,,426.04797,pretrained_inference,rolling_origin,2026-06-25T19:26:24.022418
dayahead,timesfm,0,2023-01-01,2025-08-31,2025-09-01,2025-09-30,,,2025-09-02 21:00:00,,,,420.4891,pretrained_inference,rolling_origin,2026-06-25T19:26:24.022418
dayahead,timesfm,0,2023-01-01,2025-08-31,2025-09-01,2025-09-30,,,2025-09-02 22:00:00,,,,393.58676,pretrained_inference,rolling_origin,2026-06-25T19:26:24.022418
dayahead,timesfm,0,2023-01-01,2025-08-31,2025-09-01,2025-09-30,,,2025-09-02 23:00:00,,,,377.50586,pretrained_inference,rolling_origin,2026-06-25T19:26:24.022418
dayahead,timesfm,0,2023-01-01,2025-08-31,2025-09-01,2025-09-30,,,2025-09-03 00:00:00,,,,374.76923,pretrained_inference,rolling_origin,2026-06-25T19:26:24.022418
dayahead,timesfm,0,2023-01-01,2025-08-31,2025-09-01,2025-09-30,,,2025-09-03 01:00:00,,,,445.0066,pretrained_inference,rolling_origin,2026-06-25T19:26:24.022418
dayahead,timesfm,0,2023-01-01,2025-08-31,2025-09-01,2025-09-30,,,2025-09-03 02:00:00,,,,428.61526,pretrained_inference,rolling_origin,2026-06-25T19:26:24.022418
dayahead,timesfm,0,2023-01-01,2025-08-31,2025-09-01,2025-09-30,,,2025-09-03 03:00:00,,,,412.76068,pretrained_inference,rolling_origin,2026-06-25T19:26:24.022418
dayahead,timesfm,0,2023-01-01,2025-08-31,2025-09-01,2025-09-30,,,2025-09-03 04:00:00,,,,413.85107,pretrained_inference,rolling_origin,2026-06-25T19:26:24.022418
dayahead,timesfm,0,2023-01-01,2025-08-31,2025-09-01,2025-09-30,,,2025-09-03 05:00:00,,,,404.8955,pretrained_inference,rolling_origin,2026-06-25T19:26:24.022418
dayahead,timesfm,0,2023-01-01,2025-08-31,2025-09-01,2025-09-30,,,2025-09-03 06:00:00,,,,423.12137,pretrained_inference,rolling_origin,2026-06-25T19:26:24.022418
dayahead,timesfm,0,2023-01-01,2025-08-31,2025-09-01,2025-09-30,,,2025-09-03 07:00:00,,,,403.3037,pretrained_inference,rolling_origin,2026-06-25T19:26:24.022418
dayahead,timesfm,0,2023-01-01,2025-08-31,2025-09-01,2025-09-30,,,2025-09-03 08:00:00,,,,352.61707,pretrained_inference,rolling_origin,2026-06-25T19:26:24.022418
dayahead,timesfm,0,2023-01-01,2025-08-31,2025-09-01,2025-09-30,,,2025-09-03 09:00:00,,,,357.0816,pretrained_inference,rolling_origin,2026-06-25T19:26:24.022418
dayahead,timesfm,0,2023-01-01,2025-08-31,2025-09-01,2025-09-30,,,2025-09-03 10:00:00,,,,358.49054,pretrained_inference,rolling_origin,2026-06-25T19:26:24.022418
dayahead,timesfm,0,2023-01-01,2025-08-31,2025-09-01,2025-09-30,,,2025-09-03 11:00:00,,,,356.5918,pretrained_inference,rolling_origin,2026-06-25T19:26:24.022418
dayahead,timesfm,0,2023-01-01,2025-08-31,2025-09-01,2025-09-30,,,2025-09-03 12:00:00,,,,345.58572,pretrained_inference,rolling_origin,2026-06-25T19:26:24.022418
dayahead,timesfm,0,2023-01-01,2025-08-31,2025-09-01,2025-09-30,,,2025-09-03 13:00:00,,,,304.92697,pretrained_inference,rolling_origin,2026-06-25T19:26:24.022418
dayahead,timesfm,0,2023-01-01,2025-08-31,2025-09-01,2025-09-30,,,2025-09-03 14:00:00,,,,309.38925,pretrained_inference,rolling_origin,2026-06-25T19:26:24.022418
dayahead,timesfm,0,2023-01-01,2025-08-31,2025-09-01,2025-09-30,,,2025-09-03 15:00:00,,,,316.10873,pretrained_inference,rolling_origin,2026-06-25T19:26:24.022418
dayahead,timesfm,0,2023-01-01,2025-08-31,2025-09-01,2025-09-30,,,2025-09-03 16:00:00,,,,355.43765,pretrained_inference,rolling_origin,2026-06-25T19:26:24.022418
dayahead,timesfm,0,2023-01-01,2025-08-31,2025-09-01,2025-09-30,,,2025-09-03 17:00:00,,,,408.6391,pretrained_inference,rolling_origin,2026-06-25T19:26:24.022418
dayahead,timesfm,0,2023-01-01,2025-08-31,2025-09-01,2025-09-30,,,2025-09-03 18:00:00,,,,478.1702,pretrained_inference,rolling_origin,2026-06-25T19:26:24.022418
dayahead,timesfm,0,2023-01-01,2025-08-31,2025-09-01,2025-09-30,,,2025-09-03 19:00:00,,,,488.09766,pretrained_inference,rolling_origin,2026-06-25T19:26:24.022418
dayahead,timesfm,0,2023-01-01,2025-08-31,2025-09-01,2025-09-30,,,2025-09-03 20:00:00,,,,475.3457,pretrained_inference,rolling_origin,2026-06-25T19:26:24.022418
dayahead,timesfm,0,2023-01-01,2025-08-31,2025-09-01,2025-09-30,,,2025-09-03 21:00:00,,,,466.629,pretrained_inference,rolling_origin,2026-06-25T19:26:24.022418
dayahead,timesfm,0,2023-01-01,2025-08-31,2025-09-01,2025-09-30,,,2025-09-03 22:00:00,,,,439.3264,pretrained_inference,rolling_origin,2026-06-25T19:26:24.022418
dayahead,timesfm,0,2023-01-01,2025-08-31,2025-09-01,2025-09-30,,,2025-09-03 23:00:00,,,,428.40552,pretrained_inference,rolling_origin,2026-06-25T19:26:24.022418
dayahead,timesfm,0,2023-01-01,2025-08-31,2025-09-01,2025-09-30,,,2025-09-04 00:00:00,,,,425.37283,pretrained_inference,rolling_origin,2026-06-25T19:26:24.022418
dayahead,timesfm,0,2023-01-01,2025-08-31,2025-09-01,2025-09-30,,,2025-09-04 01:00:00,,,,380.9461,pretrained_inference,rolling_origin,2026-06-25T19:26:24.022418
dayahead,timesfm,0,2023-01-01,2025-08-31,2025-09-01,2025-09-30,,,2025-09-04 02:00:00,,,,371.44635,pretrained_inference,rolling_origin,2026-06-25T19:26:24.022418
dayahead,timesfm,0,2023-01-01,2025-08-31,2025-09-01,2025-09-30,,,2025-09-04 03:00:00,,,,359.19424,pretrained_inference,rolling_origin,2026-06-25T19:26:24.022418
dayahead,timesfm,0,2023-01-01,2025-08-31,2025-09-01,2025-09-30,,,2025-09-04 04:00:00,,,,355.84128,pretrained_inference,rolling_origin,2026-06-25T19:26:24.022418
dayahead,timesfm,0,2023-01-01,2025-08-31,2025-09-01,2025-09-30,,,2025-09-04 05:00:00,,,,350.111,pretrained_inference,rolling_origin,2026-06-25T19:26:24.022418
dayahead,timesfm,0,2023-01-01,2025-08-31,2025-09-01,2025-09-30,,,2025-09-04 06:00:00,,,,367.3299,pretrained_inference,rolling_origin,2026-06-25T19:26:24.022418
dayahead,timesfm,0,2023-01-01,2025-08-31,2025-09-01,2025-09-30,,,2025-09-04 07:00:00,,,,321.92984,pretrained_inference,rolling_origin,2026-06-25T19:26:24.022418
dayahead,timesfm,0,2023-01-01,2025-08-31,2025-09-01,2025-09-30,,,2025-09-04 08:00:00,,,,191.12267,pretrained_inference,rolling_origin,2026-06-25T19:26:24.022418
dayahead,timesfm,0,2023-01-01,2025-08-31,2025-09-01,2025-09-30,,,2025-09-04 09:00:00,,,,152.8383,pretrained_inference,rolling_origin,2026-06-25T19:26:24.022418
dayahead,timesfm,0,2023-01-01,2025-08-31,2025-09-01,2025-09-30,,,2025-09-04 10:00:00,,,,134.67195,pretrained_inference,rolling_origin,2026-06-25T19:26:24.022418
dayahead,timesfm,0,2023-01-01,2025-08-31,2025-09-01,2025-09-30,,,2025-09-04 11:00:00,,,,164.3208,pretrained_inference,rolling_origin,2026-06-25T19:26:24.022418
dayahead,timesfm,0,2023-01-01,2025-08-31,2025-09-01,2025-09-30,,,2025-09-04 12:00:00,,,,181.65994,pretrained_inference,rolling_origin,2026-06-25T19:26:24.022418
dayahead,timesfm,0,2023-01-01,2025-08-31,2025-09-01,2025-09-30,,,2025-09-04 13:00:00,,,,174.10765,pretrained_inference,rolling_origin,2026-06-25T19:26:24.022418
dayahead,timesfm,0,2023-01-01,2025-08-31,2025-09-01,2025-09-30,,,2025-09-04 14:00:00,,,,186.9653,pretrained_inference,rolling_origin,2026-06-25T19:26:24.022418
dayahead,timesfm,0,2023-01-01,2025-08-31,2025-09-01,2025-09-30,,,2025-09-04 15:00:00,,,,217.5089,pretrained_inference,rolling_origin,2026-06-25T19:26:24.022418
dayahead,timesfm,0,2023-01-01,2025-08-31,2025-09-01,2025-09-30,,,2025-09-04 16:00:00,,,,294.36542,pretrained_inference,rolling_origin,2026-06-25T19:26:24.022418
dayahead,timesfm,0,2023-01-01,2025-08-31,2025-09-01,2025-09-30,,,2025-09-04 17:00:00,,,,333.40594,pretrained_inference,rolling_origin,2026-06-25T19:26:24.022418
dayahead,timesfm,0,2023-01-01,2025-08-31,2025-09-01,2025-09-30,,,2025-09-04 18:00:00,,,,442.15094,pretrained_inference,rolling_origin,2026-06-25T19:26:24.022418
dayahead,timesfm,0,2023-01-01,2025-08-31,2025-09-01,2025-09-30,,,2025-09-04 19:00:00,,,,471.4606,pretrained_inference,rolling_origin,2026-06-25T19:26:24.022418
dayahead,timesfm,0,2023-01-01,2025-08-31,2025-09-01,2025-09-30,,,2025-09-04 20:00:00,,,,457.66617,pretrained_inference,rolling_origin,2026-06-25T19:26:24.022418
dayahead,timesfm,0,2023-01-01,2025-08-31,2025-09-01,2025-09-30,,,2025-09-04 21:00:00,,,,450.61386,pretrained_inference,rolling_origin,2026-06-25T19:26:24.022418
dayahead,timesfm,0,2023-01-01,2025-08-31,2025-09-01,2025-09-30,,,2025-09-04 22:00:00,,,,432.63718,pretrained_inference,rolling_origin,2026-06-25T19:26:24.022418
dayahead,timesfm,0,2023-01-01,2025-08-31,2025-09-01,2025-09-30,,,2025-09-04 23:00:00,,,,414.93506,pretrained_inference,rolling_origin,2026-06-25T19:26:24.022418
dayahead,timesfm,0,2023-01-01,2025-08-31,2025-09-01,2025-09-30,,,2025-09-05 00:00:00,,,,406.8488,pretrained_inference,rolling_origin,2026-06-25T19:26:24.022418
dayahead,timesfm,0,2023-01-01,2025-08-31,2025-09-01,2025-09-30,,,2025-09-05 01:00:00,,,,509.71417,pretrained_inference,rolling_origin,2026-06-25T19:26:24.022418
dayahead,timesfm,0,2023-01-01,2025-08-31,2025-09-01,2025-09-30,,,2025-09-05 02:00:00,,,,480.99713,pretrained_inference,rolling_origin,2026-06-25T19:26:24.022418
dayahead,timesfm,0,2023-01-01,2025-08-31,2025-09-01,2025-09-30,,,2025-09-05 03:00:00,,,,456.2204,pretrained_inference,rolling_origin,2026-06-25T19:26:24.022418
dayahead,timesfm,0,2023-01-01,2025-08-31,2025-09-01,2025-09-30,,,2025-09-05 04:00:00,,,,448.29596,pretrained_inference,rolling_origin,2026-06-25T19:26:24.022418
dayahead,timesfm,0,2023-01-01,2025-08-31,2025-09-01,2025-09-30,,,2025-09-05 05:00:00,,,,429.9397,pretrained_inference,rolling_origin,2026-06-25T19:26:24.022418
dayahead,timesfm,0,2023-01-01,2025-08-31,2025-09-01,2025-09-30,,,2025-09-05 06:00:00,,,,451.4665,pretrained_inference,rolling_origin,2026-06-25T19:26:24.022418
dayahead,timesfm,0,2023-01-01,2025-08-31,2025-09-01,2025-09-30,,,2025-09-05 07:00:00,,,,407.94934,pretrained_inference,rolling_origin,2026-06-25T19:26:24.022418
dayahead,timesfm,0,2023-01-01,2025-08-31,2025-09-01,2025-09-30,,,2025-09-05 08:00:00,,,,285.0752,pretrained_inference,rolling_origin,2026-06-25T19:26:24.022418
dayahead,timesfm,0,2023-01-01,2025-08-31,2025-09-01,2025-09-30,,,2025-09-05 09:00:00,,,,295.10037,pretrained_inference,rolling_origin,2026-06-25T19:26:24.022418
dayahead,timesfm,0,2023-01-01,2025-08-31,2025-09-01,2025-09-30,,,2025-09-05 10:00:00,,,,270.52036,pretrained_inference,rolling_origin,2026-06-25T19:26:24.022418
dayahead,timesfm,0,2023-01-01,2025-08-31,2025-09-01,2025-09-30,,,2025-09-05 11:00:00,,,,298.7489,pretrained_inference,rolling_origin,2026-06-25T19:26:24.022418
dayahead,timesfm,0,2023-01-01,2025-08-31,2025-09-01,2025-09-30,,,2025-09-05 12:00:00,,,,315.1772,pretrained_inference,rolling_origin,2026-06-25T19:26:24.022418
dayahead,timesfm,0,2023-01-01,2025-08-31,2025-09-01,2025-09-30,,,2025-09-05 13:00:00,,,,308.11362,pretrained_inference,rolling_origin,2026-06-25T19:26:24.022418
dayahead,timesfm,0,2023-01-01,2025-08-31,2025-09-01,2025-09-30,,,2025-09-05 14:00:00,,,,342.83643,pretrained_inference,rolling_origin,2026-06-25T19:26:24.022418
dayahead,timesfm,0,2023-01-01,2025-08-31,2025-09-01,2025-09-30,,,2025-09-05 15:00:00,,,,396.55762,pretrained_inference,rolling_origin,2026-06-25T19:26:24.022418
dayahead,timesfm,0,2023-01-01,2025-08-31,2025-09-01,2025-09-30,,,2025-09-05 16:00:00,,,,462.05698,pretrained_inference,rolling_origin,2026-06-25T19:26:24.022418
dayahead,timesfm,0,2023-01-01,2025-08-31,2025-09-01,2025-09-30,,,2025-09-05 17:00:00,,,,444.87537,pretrained_inference,rolling_origin,2026-06-25T19:26:24.022418
dayahead,timesfm,0,2023-01-01,2025-08-31,2025-09-01,2025-09-30,,,2025-09-05 18:00:00,,,,506.87253,pretrained_inference,rolling_origin,2026-06-25T19:26:24.022418
dayahead,timesfm,0,2023-01-01,2025-08-31,2025-09-01,2025-09-30,,,2025-09-05 19:00:00,,,,518.95764,pretrained_inference,rolling_origin,2026-06-25T19:26:24.022418
dayahead,timesfm,0,2023-01-01,2025-08-31,2025-09-01,2025-09-30,,,2025-09-05 20:00:00,,,,505.1172,pretrained_inference,rolling_origin,2026-06-25T19:26:24.022418
dayahead,timesfm,0,2023-01-01,2025-08-31,2025-09-01,2025-09-30,,,2025-09-05 21:00:00,,,,493.01062,pretrained_inference,rolling_origin,2026-06-25T19:26:24.022418
dayahead,timesfm,0,2023-01-01,2025-08-31,2025-09-01,2025-09-30,,,2025-09-05 22:00:00,,,,467.53513,pretrained_inference,rolling_origin,2026-06-25T19:26:24.022418
dayahead,timesfm,0,2023-01-01,2025-08-31,2025-09-01,2025-09-30,,,2025-09-05 23:00:00,,,,442.03784,pretrained_inference,rolling_origin,2026-06-25T19:26:24.022418
dayahead,timesfm,0,2023-01-01,2025-08-31,2025-09-01,2025-09-30,,,2025-09-06 00:00:00,,,,422.78265,pretrained_inference,rolling_origin,2026-06-25T19:26:24.022418
dayahead,timesfm,0,2023-01-01,2025-08-31,2025-09-01,2025-09-30,,,2025-09-06 01:00:00,,,,440.15884,pretrained_inference,rolling_origin,2026-06-25T19:26:24.022418
dayahead,timesfm,0,2023-01-01,2025-08-31,2025-09-01,2025-09-30,,,2025-09-06 02:00:00,,,,403.266,pretrained_inference,rolling_origin,2026-06-25T19:26:24.022418
dayahead,timesfm,0,2023-01-01,2025-08-31,2025-09-01,2025-09-30,,,2025-09-06 03:00:00,,,,367.55048,pretrained_inference,rolling_origin,2026-06-25T19:26:24.022418
dayahead,timesfm,0,2023-01-01,2025-08-31,2025-09-01,2025-09-30,,,2025-09-06 04:00:00,,,,356.42023,pretrained_inference,rolling_origin,2026-06-25T19:26:24.022418
dayahead,timesfm,0,2023-01-01,2025-08-31,2025-09-01,2025-09-30,,,2025-09-06 05:00:00,,,,323.13193,pretrained_inference,rolling_origin,2026-06-25T19:26:24.022418
dayahead,timesfm,0,2023-01-01,2025-08-31,2025-09-01,2025-09-30,,,2025-09-06 06:00:00,,,,337.73822,pretrained_inference,rolling_origin,2026-06-25T19:26:24.022418
dayahead,timesfm,0,2023-01-01,2025-08-31,2025-09-01,2025-09-30,,,2025-09-06 07:00:00,,,,334.9409,pretrained_inference,rolling_origin,2026-06-25T19:26:24.022418
dayahead,timesfm,0,2023-01-01,2025-08-31,2025-09-01,2025-09-30,,,2025-09-06 08:00:00,,,,318.9553,pretrained_inference,rolling_origin,2026-06-25T19:26:24.022418
dayahead,timesfm,0,2023-01-01,2025-08-31,2025-09-01,2025-09-30,,,2025-09-06 09:00:00,,,,316.3263,pretrained_inference,rolling_origin,2026-06-25T19:26:24.022418
dayahead,timesfm,0,2023-01-01,2025-08-31,2025-09-01,2025-09-30,,,2025-09-06 10:00:00,,,,340.54315,pretrained_inference,rolling_origin,2026-06-25T19:26:24.022418
dayahead,timesfm,0,2023-01-01,2025-08-31,2025-09-01,2025-09-30,,,2025-09-06 11:00:00,,,,367.26477,pretrained_inference,rolling_origin,2026-06-25T19:26:24.022418
dayahead,timesfm,0,2023-01-01,2025-08-31,2025-09-01,2025-09-30,,,2025-09-06 12:00:00,,,,354.4093,pretrained_inference,rolling_origin,2026-06-25T19:26:24.022418
dayahead,timesfm,0,2023-01-01,2025-08-31,2025-09-01,2025-09-30,,,2025-09-06 13:00:00,,,,325.37527,pretrained_inference,rolling_origin,2026-06-25T19:26:24.022418
dayahead,timesfm,0,2023-01-01,2025-08-31,2025-09-01,2025-09-30,,,2025-09-06 14:00:00,,,,353.7724,pretrained_inference,rolling_origin,2026-06-25T19:26:24.022418
dayahead,timesfm,0,2023-01-01,2025-08-31,2025-09-01,2025-09-30,,,2025-09-06 15:00:00,,,,357.75983,pretrained_inference,rolling_origin,2026-06-25T19:26:24.022418
dayahead,timesfm,0,2023-01-01,2025-08-31,2025-09-01,2025-09-30,,,2025-09-06 16:00:00,,,,381.88513,pretrained_inference,rolling_origin,2026-06-25T19:26:24.022418
dayahead,timesfm,0,2023-01-01,2025-08-31,2025-09-01,2025-09-30,,,2025-09-06 17:00:00,,,,354.60693,pretrained_inference,rolling_origin,2026-06-25T19:26:24.022418
dayahead,timesfm,0,2023-01-01,2025-08-31,2025-09-01,2025-09-30,,,2025-09-06 18:00:00,,,,415.02032,pretrained_inference,rolling_origin,2026-06-25T19:26:24.022418
dayahead,timesfm,0,2023-01-01,2025-08-31,2025-09-01,2025-09-30,,,2025-09-06 19:00:00,,,,421.33694,pretrained_inference,rolling_origin,2026-06-25T19:26:24.022418
dayahead,timesfm,0,2023-01-01,2025-08-31,2025-09-01,2025-09-30,,,2025-09-06 20:00:00,,,,413.17038,pretrained_inference,rolling_origin,2026-06-25T19:26:24.022418
dayahead,timesfm,0,2023-01-01,2025-08-31,2025-09-01,2025-09-30,,,2025-09-06 21:00:00,,,,402.55637,pretrained_inference,rolling_origin,2026-06-25T19:26:24.022418
dayahead,timesfm,0,2023-01-01,2025-08-31,2025-09-01,2025-09-30,,,2025-09-06 22:00:00,,,,388.43878,pretrained_inference,rolling_origin,2026-06-25T19:26:24.022418
dayahead,timesfm,0,2023-01-01,2025-08-31,2025-09-01,2025-09-30,,,2025-09-06 23:00:00,,,,375.2148,pretrained_inference,rolling_origin,2026-06-25T19:26:24.022418
dayahead,timesfm,0,2023-01-01,2025-08-31,2025-09-01,2025-09-30,,,2025-09-07 00:00:00,,,,362.82373,pretrained_inference,rolling_origin,2026-06-25T19:26:24.022418
dayahead,timesfm,0,2023-01-01,2025-08-31,2025-09-01,2025-09-30,,,2025-09-07 01:00:00,,,,371.7162,pretrained_inference,rolling_origin,2026-06-25T19:26:24.022418
dayahead,timesfm,0,2023-01-01,2025-08-31,2025-09-01,2025-09-30,,,2025-09-07 02:00:00,,,,355.07285,pretrained_inference,rolling_origin,2026-06-25T19:26:24.022418
dayahead,timesfm,0,2023-01-01,2025-08-31,2025-09-01,2025-09-30,,,2025-09-07 03:00:00,,,,343.36258,pretrained_inference,rolling_origin,2026-06-25T19:26:24.022418
dayahead,timesfm,0,2023-01-01,2025-08-31,2025-09-01,2025-09-30,,,2025-09-07 04:00:00,,,,347.0816,pretrained_inference,rolling_origin,2026-06-25T19:26:24.022418
dayahead,timesfm,0,2023-01-01,2025-08-31,2025-09-01,2025-09-30,,,2025-09-07 05:00:00,,,,339.27368,pretrained_inference,rolling_origin,2026-06-25T19:26:24.022418
dayahead,timesfm,0,2023-01-01,2025-08-31,2025-09-01,2025-09-30,,,2025-09-07 06:00:00,,,,361.55054,pretrained_inference,rolling_origin,2026-06-25T19:26:24.022418
dayahead,timesfm,0,2023-01-01,2025-08-31,2025-09-01,2025-09-30,,,2025-09-07 07:00:00,,,,318.63403,pretrained_inference,rolling_origin,2026-06-25T19:26:24.022418
dayahead,timesfm,0,2023-01-01,2025-08-31,2025-09-01,2025-09-30,,,2025-09-07 08:00:00,,,,196.07234,pretrained_inference,rolling_origin,2026-06-25T19:26:24.022418
dayahead,timesfm,0,2023-01-01,2025-08-31,2025-09-01,2025-09-30,,,2025-09-07 09:00:00,,,,80.6051,pretrained_inference,rolling_origin,2026-06-25T19:26:24.022418
dayahead,timesfm,0,2023-01-01,2025-08-31,2025-09-01,2025-09-30,,,2025-09-07 10:00:00,,,,27.67273,pretrained_inference,rolling_origin,2026-06-25T19:26:24.022418
dayahead,timesfm,0,2023-01-01,2025-08-31,2025-09-01,2025-09-30,,,2025-09-07 11:00:00,,,,14.191498,pretrained_inference,rolling_origin,2026-06-25T19:26:24.022418
dayahead,timesfm,0,2023-01-01,2025-08-31,2025-09-01,2025-09-30,,,2025-09-07 12:00:00,,,,5.7824097,pretrained_inference,rolling_origin,2026-06-25T19:26:24.022418
dayahead,timesfm,0,2023-01-01,2025-08-31,2025-09-01,2025-09-30,,,2025-09-07 13:00:00,,,,-20.935883,pretrained_inference,rolling_origin,2026-06-25T19:26:24.022418
dayahead,timesfm,0,2023-01-01,2025-08-31,2025-09-01,2025-09-30,,,2025-09-07 14:00:00,,,,18.015198,pretrained_inference,rolling_origin,2026-06-25T19:26:24.022418
dayahead,timesfm,0,2023-01-01,2025-08-31,2025-09-01,2025-09-30,,,2025-09-07 15:00:00,,,,85.686874,pretrained_inference,rolling_origin,2026-06-25T19:26:24.022418
dayahead,timesfm,0,2023-01-01,2025-08-31,2025-09-01,2025-09-30,,,2025-09-07 16:00:00,,,,180.11359,pretrained_inference,rolling_origin,2026-06-25T19:26:24.022418
dayahead,timesfm,0,2023-01-01,2025-08-31,2025-09-01,2025-09-30,,,2025-09-07 17:00:00,,,,288.0596,pretrained_inference,rolling_origin,2026-06-25T19:26:24.022418
dayahead,timesfm,0,2023-01-01,2025-08-31,2025-09-01,2025-09-30,,,2025-09-07 18:00:00,,,,408.58447,pretrained_inference,rolling_origin,2026-06-25T19:26:24.022418
dayahead,timesfm,0,2023-01-01,2025-08-31,2025-09-01,2025-09-30,,,2025-09-07 19:00:00,,,,430.11862,pretrained_inference,rolling_origin,2026-06-25T19:26:24.022418
dayahead,timesfm,0,2023-01-01,2025-08-31,2025-09-01,2025-09-30,,,2025-09-07 20:00:00,,,,416.25616,pretrained_inference,rolling_origin,2026-06-25T19:26:24.022418
dayahead,timesfm,0,2023-01-01,2025-08-31,2025-09-01,2025-09-30,,,2025-09-07 21:00:00,,,,409.05292,pretrained_inference,rolling_origin,2026-06-25T19:26:24.022418
dayahead,timesfm,0,2023-01-01,2025-08-31,2025-09-01,2025-09-30,,,2025-09-07 22:00:00,,,,386.8642,pretrained_inference,rolling_origin,2026-06-25T19:26:24.022418
dayahead,timesfm,0,2023-01-01,2025-08-31,2025-09-01,2025-09-30,,,2025-09-07 23:00:00,,,,380.2867,pretrained_inference,rolling_origin,2026-06-25T19:26:24.022418
dayahead,timesfm,0,2023-01-01,2025-08-31,2025-09-01,2025-09-30,,,2025-09-08 00:00:00,,,,373.35184,pretrained_inference,rolling_origin,2026-06-25T19:26:24.022418
dayahead,timesfm,0,2023-01-01,2025-08-31,2025-09-01,2025-09-30,,,2025-09-08 01:00:00,,,,485.5102,pretrained_inference,rolling_origin,2026-06-25T19:26:24.022418
dayahead,timesfm,0,2023-01-01,2025-08-31,2025-09-01,2025-09-30,,,2025-09-08 02:00:00,,,,460.02936,pretrained_inference,rolling_origin,2026-06-25T19:26:24.022418
dayahead,timesfm,0,2023-01-01,2025-08-31,2025-09-01,2025-09-30,,,2025-09-08 03:00:00,,,,439.1816,pretrained_inference,rolling_origin,2026-06-25T19:26:24.022418
dayahead,timesfm,0,2023-01-01,2025-08-31,2025-09-01,2025-09-30,,,2025-09-08 04:00:00,,,,437.56705,pretrained_inference,rolling_origin,2026-06-25T19:26:24.022418
dayahead,timesfm,0,2023-01-01,2025-08-31,2025-09-01,2025-09-30,,,2025-09-08 05:00:00,,,,423.12866,pretrained_inference,rolling_origin,2026-06-25T19:26:24.022418
dayahead,timesfm,0,2023-01-01,2025-08-31,2025-09-01,2025-09-30,,,2025-09-08 06:00:00,,,,444.60773,pretrained_inference,rolling_origin,2026-06-25T19:26:24.022418
dayahead,timesfm,0,2023-01-01,2025-08-31,2025-09-01,2025-09-30,,,2025-09-08 07:00:00,,,,445.46146,pretrained_inference,rolling_origin,2026-06-25T19:26:24.022418
dayahead,timesfm,0,2023-01-01,2025-08-31,2025-09-01,2025-09-30,,,2025-09-08 08:00:00,,,,417.74243,pretrained_inference,rolling_origin,2026-06-25T19:26:24.022418
dayahead,timesfm,0,2023-01-01,2025-08-31,2025-09-01,2025-09-30,,,2025-09-08 09:00:00,,,,388.0979,pretrained_inference,rolling_origin,2026-06-25T19:26:24.022418
dayahead,timesfm,0,2023-01-01,2025-08-31,2025-09-01,2025-09-30,,,2025-09-08 10:00:00,,,,375.83075,pretrained_inference,rolling_origin,2026-06-25T19:26:24.022418
dayahead,timesfm,0,2023-01-01,2025-08-31,2025-09-01,2025-09-30,,,2025-09-08 11:00:00,,,,404.23938,pretrained_inference,rolling_origin,2026-06-25T19:26:24.022418
dayahead,timesfm,0,2023-01-01,2025-08-31,2025-09-01,2025-09-30,,,2025-09-08 12:00:00,,,,409.5047,pretrained_inference,rolling_origin,2026-06-25T19:26:24.022418
dayahead,timesfm,0,2023-01-01,2025-08-31,2025-09-01,2025-09-30,,,2025-09-08 13:00:00,,,,382.37634,pretrained_inference,rolling_origin,2026-06-25T19:26:24.022418
dayahead,timesfm,0,2023-01-01,2025-08-31,2025-09-01,2025-09-30,,,2025-09-08 14:00:00,,,,404.3269,pretrained_inference,rolling_origin,2026-06-25T19:26:24.022418
dayahead,timesfm,0,2023-01-01,2025-08-31,2025-09-01,2025-09-30,,,2025-09-08 15:00:00,,,,410.67352,pretrained_inference,rolling_origin,2026-06-25T19:26:24.022418
dayahead,timesfm,0,2023-01-01,2025-08-31,2025-09-01,2025-09-30,,,2025-09-08 16:00:00,,,,431.86176,pretrained_inference,rolling_origin,2026-06-25T19:26:24.022418
dayahead,timesfm,0,2023-01-01,2025-08-31,2025-09-01,2025-09-30,,,2025-09-08 17:00:00,,,,442.44595,pretrained_inference,rolling_origin,2026-06-25T19:26:24.022418
dayahead,timesfm,0,2023-01-01,2025-08-31,2025-09-01,2025-09-30,,,2025-09-08 18:00:00,,,,469.34982,pretrained_inference,rolling_origin,2026-06-25T19:26:24.022418
dayahead,timesfm,0,2023-01-01,2025-08-31,2025-09-01,2025-09-30,,,2025-09-08 19:00:00,,,,455.31555,pretrained_inference,rolling_origin,2026-06-25T19:26:24.022418
dayahead,timesfm,0,2023-01-01,2025-08-31,2025-09-01,2025-09-30,,,2025-09-08 20:00:00,,,,433.03162,pretrained_inference,rolling_origin,2026-06-25T19:26:24.022418
dayahead,timesfm,0,2023-01-01,2025-08-31,2025-09-01,2025-09-30,,,2025-09-08 21:00:00,,,,421.69226,pretrained_inference,rolling_origin,2026-06-25T19:26:24.022418
dayahead,timesfm,0,2023-01-01,2025-08-31,2025-09-01,2025-09-30,,,2025-09-08 22:00:00,,,,394.5874,pretrained_inference,rolling_origin,2026-06-25T19:26:24.022418
dayahead,timesfm,0,2023-01-01,2025-08-31,2025-09-01,2025-09-30,,,2025-09-08 23:00:00,,,,381.7153,pretrained_inference,rolling_origin,2026-06-25T19:26:24.022418
dayahead,timesfm,0,2023-01-01,2025-08-31,2025-09-01,2025-09-30,,,2025-09-09 00:00:00,,,,375.56744,pretrained_inference,rolling_origin,2026-06-25T19:26:24.022418
dayahead,timesfm,0,2023-01-01,2025-08-31,2025-09-01,2025-09-30,,,2025-09-09 01:00:00,,,,280.7584,pretrained_inference,rolling_origin,2026-06-25T19:26:24.022418
dayahead,timesfm,0,2023-01-01,2025-08-31,2025-09-01,2025-09-30,,,2025-09-09 02:00:00,,,,280.70874,pretrained_inference,rolling_origin,2026-06-25T19:26:24.022418
dayahead,timesfm,0,2023-01-01,2025-08-31,2025-09-01,2025-09-30,,,2025-09-09 03:00:00,,,,280.68765,pretrained_inference,rolling_origin,2026-06-25T19:26:24.022418
dayahead,timesfm,0,2023-01-01,2025-08-31,2025-09-01,2025-09-30,,,2025-09-09 04:00:00,,,,299.3943,pretrained_inference,rolling_origin,2026-06-25T19:26:24.022418
dayahead,timesfm,0,2023-01-01,2025-08-31,2025-09-01,2025-09-30,,,2025-09-09 05:00:00,,,,297.32053,pretrained_inference,rolling_origin,2026-06-25T19:26:24.022418
dayahead,timesfm,0,2023-01-01,2025-08-31,2025-09-01,2025-09-30,,,2025-09-09 06:00:00,,,,335.92545,pretrained_inference,rolling_origin,2026-06-25T19:26:24.022418
dayahead,timesfm,0,2023-01-01,2025-08-31,2025-09-01,2025-09-30,,,2025-09-09 07:00:00,,,,306.01932,pretrained_inference,rolling_origin,2026-06-25T19:26:24.022418
dayahead,timesfm,0,2023-01-01,2025-08-31,2025-09-01,2025-09-30,,,2025-09-09 08:00:00,,,,165.86188,pretrained_inference,rolling_origin,2026-06-25T19:26:24.022418
dayahead,timesfm,0,2023-01-01,2025-08-31,2025-09-01,2025-09-30,,,2025-09-09 09:00:00,,,,36.84079,pretrained_inference,rolling_origin,2026-06-25T19:26:24.022418
dayahead,timesfm,0,2023-01-01,2025-08-31,2025-09-01,2025-09-30,,,2025-09-09 10:00:00,,,,-54.24713,pretrained_inference,rolling_origin,2026-06-25T19:26:24.022418
dayahead,timesfm,0,2023-01-01,2025-08-31,2025-09-01,2025-09-30,,,2025-09-09 11:00:00,,,,-64.94684,pretrained_inference,rolling_origin,2026-06-25T19:26:24.022418
dayahead,timesfm,0,2023-01-01,2025-08-31,2025-09-01,2025-09-30,,,2025-09-09 12:00:00,,,,-70.74005,pretrained_inference,rolling_origin,2026-06-25T19:26:24.022418
dayahead,timesfm,0,2023-01-01,2025-08-31,2025-09-01,2025-09-30,,,2025-09-09 13:00:00,,,,-80.0,pretrained_inference,rolling_origin,2026-06-25T19:26:24.022418
dayahead,timesfm,0,2023-01-01,2025-08-31,2025-09-01,2025-09-30,,,2025-09-09 14:00:00,,,,-57.254745,pretrained_inference,rolling_origin,2026-06-25T19:26:24.022418
dayahead,timesfm,0,2023-01-01,2025-08-31,2025-09-01,2025-09-30,,,2025-09-09 15:00:00,,,,15.971558,pretrained_inference,rolling_origin,2026-06-25T19:26:24.022418
dayahead,timesfm,0,2023-01-01,2025-08-31,2025-09-01,2025-09-30,,,2025-09-09 16:00:00,,,,125.71818,pretrained_inference,rolling_origin,2026-06-25T19:26:24.022418
dayahead,timesfm,0,2023-01-01,2025-08-31,2025-09-01,2025-09-30,,,2025-09-09 17:00:00,,,,219.54948,pretrained_inference,rolling_origin,2026-06-25T19:26:24.022418
dayahead,timesfm,0,2023-01-01,2025-08-31,2025-09-01,2025-09-30,,,2025-09-09 18:00:00,,,,358.75446,pretrained_inference,rolling_origin,2026-06-25T19:26:24.022418
dayahead,timesfm,0,2023-01-01,2025-08-31,2025-09-01,2025-09-30,,,2025-09-09 19:00:00,,,,381.98926,pretrained_inference,rolling_origin,2026-06-25T19:26:24.022418
dayahead,timesfm,0,2023-01-01,2025-08-31,2025-09-01,2025-09-30,,,2025-09-09 20:00:00,,,,359.2487,pretrained_inference,rolling_origin,2026-06-25T19:26:24.022418
dayahead,timesfm,0,2023-01-01,2025-08-31,2025-09-01,2025-09-30,,,2025-09-09 21:00:00,,,,342.95154,pretrained_inference,rolling_origin,2026-06-25T19:26:24.022418
dayahead,timesfm,0,2023-01-01,2025-08-31,2025-09-01,2025-09-30,,,2025-09-09 22:00:00,,,,312.8258,pretrained_inference,rolling_origin,2026-06-25T19:26:24.022418
dayahead,timesfm,0,2023-01-01,2025-08-31,2025-09-01,2025-09-30,,,2025-09-09 23:00:00,,,,296.4849,pretrained_inference,rolling_origin,2026-06-25T19:26:24.022418
dayahead,timesfm,0,2023-01-01,2025-08-31,2025-09-01,2025-09-30,,,2025-09-10 00:00:00,,,,301.8806,pretrained_inference,rolling_origin,2026-06-25T19:26:24.022418
dayahead,timesfm,0,2023-01-01,2025-08-31,2025-09-01,2025-09-30,,,2025-09-10 01:00:00,,,,442.05817,pretrained_inference,rolling_origin,2026-06-25T19:26:24.022418
dayahead,timesfm,0,2023-01-01,2025-08-31,2025-09-01,2025-09-30,,,2025-09-10 02:00:00,,,,420.8771,pretrained_inference,rolling_origin,2026-06-25T19:26:24.022418
dayahead,timesfm,0,2023-01-01,2025-08-31,2025-09-01,2025-09-30,,,2025-09-10 03:00:00,,,,407.28583,pretrained_inference,rolling_origin,2026-06-25T19:26:24.022418
dayahead,timesfm,0,2023-01-01,2025-08-31,2025-09-01,2025-09-30,,,2025-09-10 04:00:00,,,,425.17822,pretrained_inference,rolling_origin,2026-06-25T19:26:24.022418
dayahead,timesfm,0,2023-01-01,2025-08-31,2025-09-01,2025-09-30,,,2025-09-10 05:00:00,,,,417.18527,pretrained_inference,rolling_origin,2026-06-25T19:26:24.022418
dayahead,timesfm,0,2023-01-01,2025-08-31,2025-09-01,2025-09-30,,,2025-09-10 06:00:00,,,,444.032,pretrained_inference,rolling_origin,2026-06-25T19:26:24.022418
dayahead,timesfm,0,2023-01-01,2025-08-31,2025-09-01,2025-09-30,,,2025-09-10 07:00:00,,,,409.16547,pretrained_inference,rolling_origin,2026-06-25T19:26:24.022418
dayahead,timesfm,0,2023-01-01,2025-08-31,2025-09-01,2025-09-30,,,2025-09-10 08:00:00,,,,269.203,pretrained_inference,rolling_origin,2026-06-25T19:26:24.022418
dayahead,timesfm,0,2023-01-01,2025-08-31,2025-09-01,2025-09-30,,,2025-09-10 09:00:00,,,,151.39523,pretrained_inference,rolling_origin,2026-06-25T19:26:24.022418
dayahead,timesfm,0,2023-01-01,2025-08-31,2025-09-01,2025-09-30,,,2025-09-10 10:00:00,,,,70.38829,pretrained_inference,rolling_origin,2026-06-25T19:26:24.022418
dayahead,timesfm,0,2023-01-01,2025-08-31,2025-09-01,2025-09-30,,,2025-09-10 11:00:00,,,,69.17532,pretrained_inference,rolling_origin,2026-06-25T19:26:24.022418
dayahead,timesfm,0,2023-01-01,2025-08-31,2025-09-01,2025-09-30,,,2025-09-10 12:00:00,,,,64.28714,pretrained_inference,rolling_origin,2026-06-25T19:26:24.022418
dayahead,timesfm,0,2023-01-01,2025-08-31,2025-09-01,2025-09-30,,,2025-09-10 13:00:00,,,,33.301773,pretrained_inference,rolling_origin,2026-06-25T19:26:24.022418
dayahead,timesfm,0,2023-01-01,2025-08-31,2025-09-01,2025-09-30,,,2025-09-10 14:00:00,,,,63.32318,pretrained_inference,rolling_origin,2026-06-25T19:26:24.022418
dayahead,timesfm,0,2023-01-01,2025-08-31,2025-09-01,2025-09-30,,,2025-09-10 15:00:00,,,,127.81351,pretrained_inference,rolling_origin,2026-06-25T19:26:24.022418
dayahead,timesfm,0,2023-01-01,2025-08-31,2025-09-01,2025-09-30,,,2025-09-10 16:00:00,,,,238.67398,pretrained_inference,rolling_origin,2026-06-25T19:26:24.022418
dayahead,timesfm,0,2023-01-01,2025-08-31,2025-09-01,2025-09-30,,,2025-09-10 17:00:00,,,,389.62558,pretrained_inference,rolling_origin,2026-06-25T19:26:24.022418
dayahead,timesfm,0,2023-01-01,2025-08-31,2025-09-01,2025-09-30,,,2025-09-10 18:00:00,,,,503.95306,pretrained_inference,rolling_origin,2026-06-25T19:26:24.022418
dayahead,timesfm,0,2023-01-01,2025-08-31,2025-09-01,2025-09-30,,,2025-09-10 19:00:00,,,,516.4289,pretrained_inference,rolling_origin,2026-06-25T19:26:24.022418
dayahead,timesfm,0,2023-01-01,2025-08-31,2025-09-01,2025-09-30,,,2025-09-10 20:00:00,,,,486.55133,pretrained_inference,rolling_origin,2026-06-25T19:26:24.022418
dayahead,timesfm,0,2023-01-01,2025-08-31,2025-09-01,2025-09-30,,,2025-09-10 21:00:00,,,,469.1462,pretrained_inference,rolling_origin,2026-06-25T19:26:24.022418
dayahead,timesfm,0,2023-01-01,2025-08-31,2025-09-01,2025-09-30,,,2025-09-10 22:00:00,,,,448.74628,pretrained_inference,rolling_origin,2026-06-25T19:26:24.022418
dayahead,timesfm,0,2023-01-01,2025-08-31,2025-09-01,2025-09-30,,,2025-09-10 23:00:00,,,,429.15683,pretrained_inference,rolling_origin,2026-06-25T19:26:24.022418
dayahead,timesfm,0,2023-01-01,2025-08-31,2025-09-01,2025-09-30,,,2025-09-11 00:00:00,,,,422.21985,pretrained_inference,rolling_origin,2026-06-25T19:26:24.022418
dayahead,timesfm,0,2023-01-01,2025-08-31,2025-09-01,2025-09-30,,,2025-09-11 01:00:00,,,,485.69092,pretrained_inference,rolling_origin,2026-06-25T19:26:24.022418
dayahead,timesfm,0,2023-01-01,2025-08-31,2025-09-01,2025-09-30,,,2025-09-11 02:00:00,,,,456.42392,pretrained_inference,rolling_origin,2026-06-25T19:26:24.022418
dayahead,timesfm,0,2023-01-01,2025-08-31,2025-09-01,2025-09-30,,,2025-09-11 03:00:00,,,,437.54327,pretrained_inference,rolling_origin,2026-06-25T19:26:24.022418
dayahead,timesfm,0,2023-01-01,2025-08-31,2025-09-01,2025-09-30,,,2025-09-11 04:00:00,,,,436.5098,pretrained_inference,rolling_origin,2026-06-25T19:26:24.022418
dayahead,timesfm,0,2023-01-01,2025-08-31,2025-09-01,2025-09-30,,,2025-09-11 05:00:00,,,,420.0319,pretrained_inference,rolling_origin,2026-06-25T19:26:24.022418
dayahead,timesfm,0,2023-01-01,2025-08-31,2025-09-01,2025-09-30,,,2025-09-11 06:00:00,,,,443.79654,pretrained_inference,rolling_origin,2026-06-25T19:26:24.022418
dayahead,timesfm,0,2023-01-01,2025-08-31,2025-09-01,2025-09-30,,,2025-09-11 07:00:00,,,,409.62604,pretrained_inference,rolling_origin,2026-06-25T19:26:24.022418
dayahead,timesfm,0,2023-01-01,2025-08-31,2025-09-01,2025-09-30,,,2025-09-11 08:00:00,,,,294.87814,pretrained_inference,rolling_origin,2026-06-25T19:26:24.022418
dayahead,timesfm,0,2023-01-01,2025-08-31,2025-09-01,2025-09-30,,,2025-09-11 09:00:00,,,,301.4277,pretrained_inference,rolling_origin,2026-06-25T19:26:24.022418
dayahead,timesfm,0,2023-01-01,2025-08-31,2025-09-01,2025-09-30,,,2025-09-11 10:00:00,,,,229.42825,pretrained_inference,rolling_origin,2026-06-25T19:26:24.022418
dayahead,timesfm,0,2023-01-01,2025-08-31,2025-09-01,2025-09-30,,,2025-09-11 11:00:00,,,,241.69247,pretrained_inference,rolling_origin,2026-06-25T19:26:24.022418
dayahead,timesfm,0,2023-01-01,2025-08-31,2025-09-01,2025-09-30,,,2025-09-11 12:00:00,,,,239.15994,pretrained_inference,rolling_origin,2026-06-25T19:26:24.022418
dayahead,timesfm,0,2023-01-01,2025-08-31,2025-09-01,2025-09-30,,,2025-09-11 13:00:00,,,,217.37428,pretrained_inference,rolling_origin,2026-06-25T19:26:24.022418
dayahead,timesfm,0,2023-01-01,2025-08-31,2025-09-01,2025-09-30,,,2025-09-11 14:00:00,,,,270.96945,pretrained_inference,rolling_origin,2026-06-25T19:26:24.022418
dayahead,timesfm,0,2023-01-01,2025-08-31,2025-09-01,2025-09-30,,,2025-09-11 15:00:00,,,,332.32965,pretrained_inference,rolling_origin,2026-06-25T19:26:24.022418
dayahead,timesfm,0,2023-01-01,2025-08-31,2025-09-01,2025-09-30,,,2025-09-11 16:00:00,,,,405.22754,pretrained_inference,rolling_origin,2026-06-25T19:26:24.022418
dayahead,timesfm,0,2023-01-01,2025-08-31,2025-09-01,2025-09-30,,,2025-09-11 17:00:00,,,,414.40973,pretrained_inference,rolling_origin,2026-06-25T19:26:24.022418
dayahead,timesfm,0,2023-01-01,2025-08-31,2025-09-01,2025-09-30,,,2025-09-11 18:00:00,,,,482.44116,pretrained_inference,rolling_origin,2026-06-25T19:26:24.022418
dayahead,timesfm,0,2023-01-01,2025-08-31,2025-09-01,2025-09-30,,,2025-09-11 19:00:00,,,,481.42105,pretrained_inference,rolling_origin,2026-06-25T19:26:24.022418
dayahead,timesfm,0,2023-01-01,2025-08-31,2025-09-01,2025-09-30,,,2025-09-11 20:00:00,,,,468.23358,pretrained_inference,rolling_origin,2026-06-25T19:26:24.022418
dayahead,timesfm,0,2023-01-01,2025-08-31,2025-09-01,2025-09-30,,,2025-09-11 21:00:00,,,,448.78348,pretrained_inference,rolling_origin,2026-06-25T19:26:24.022418
dayahead,timesfm,0,2023-01-01,2025-08-31,2025-09-01,2025-09-30,,,2025-09-11 22:00:00,,,,428.80563,pretrained_inference,rolling_origin,2026-06-25T19:26:24.022418
dayahead,timesfm,0,2023-01-01,2025-08-31,2025-09-01,2025-09-30,,,2025-09-11 23:00:00,,,,408.08112,pretrained_inference,rolling_origin,2026-06-25T19:26:24.022418
dayahead,timesfm,0,2023-01-01,2025-08-31,2025-09-01,2025-09-30,,,2025-09-12 00:00:00,,,,404.4209,pretrained_inference,rolling_origin,2026-06-25T19:26:24.022418
dayahead,timesfm,0,2023-01-01,2025-08-31,2025-09-01,2025-09-30,,,2025-09-12 01:00:00,,,,456.19962,pretrained_inference,rolling_origin,2026-06-25T19:26:24.022418
dayahead,timesfm,0,2023-01-01,2025-08-31,2025-09-01,2025-09-30,,,2025-09-12 02:00:00,,,,424.57324,pretrained_inference,rolling_origin,2026-06-25T19:26:24.022418
dayahead,timesfm,0,2023-01-01,2025-08-31,2025-09-01,2025-09-30,,,2025-09-12 03:00:00,,,,402.58997,pretrained_inference,rolling_origin,2026-06-25T19:26:24.022418
dayahead,timesfm,0,2023-01-01,2025-08-31,2025-09-01,2025-09-30,,,2025-09-12 04:00:00,,,,405.14255,pretrained_inference,rolling_origin,2026-06-25T19:26:24.022418
dayahead,timesfm,0,2023-01-01,2025-08-31,2025-09-01,2025-09-30,,,2025-09-12 05:00:00,,,,379.74225,pretrained_inference,rolling_origin,2026-06-25T19:26:24.022418
dayahead,timesfm,0,2023-01-01,2025-08-31,2025-09-01,2025-09-30,,,2025-09-12 06:00:00,,,,396.99396,pretrained_inference,rolling_origin,2026-06-25T19:26:24.022418
dayahead,timesfm,0,2023-01-01,2025-08-31,2025-09-01,2025-09-30,,,2025-09-12 07:00:00,,,,404.39224,pretrained_inference,rolling_origin,2026-06-25T19:26:24.022418
dayahead,timesfm,0,2023-01-01,2025-08-31,2025-09-01,2025-09-30,,,2025-09-12 08:00:00,,,,382.88885,pretrained_inference,rolling_origin,2026-06-25T19:26:24.022418
dayahead,timesfm,0,2023-01-01,2025-08-31,2025-09-01,2025-09-30,,,2025-09-12 09:00:00,,,,387.56686,pretrained_inference,rolling_origin,2026-06-25T19:26:24.022418
dayahead,timesfm,0,2023-01-01,2025-08-31,2025-09-01,2025-09-30,,,2025-09-12 10:00:00,,,,415.20325,pretrained_inference,rolling_origin,2026-06-25T19:26:24.022418
dayahead,timesfm,0,2023-01-01,2025-08-31,2025-09-01,2025-09-30,,,2025-09-12 11:00:00,,,,472.0947,pretrained_inference,rolling_origin,2026-06-25T19:26:24.022418
dayahead,timesfm,0,2023-01-01,2025-08-31,2025-09-01,2025-09-30,,,2025-09-12 12:00:00,,,,472.01828,pretrained_inference,rolling_origin,2026-06-25T19:26:24.022418
dayahead,timesfm,0,2023-01-01,2025-08-31,2025-09-01,2025-09-30,,,2025-09-12 13:00:00,,,,435.7944,pretrained_inference,rolling_origin,2026-06-25T19:26:24.022418
dayahead,timesfm,0,2023-01-01,2025-08-31,2025-09-01,2025-09-30,,,2025-09-12 14:00:00,,,,420.94128,pretrained_inference,rolling_origin,2026-06-25T19:26:24.022418
dayahead,timesfm,0,2023-01-01,2025-08-31,2025-09-01,2025-09-30,,,2025-09-12 15:00:00,,,,401.1999,pretrained_inference,rolling_origin,2026-06-25T19:26:24.022418
dayahead,timesfm,0,2023-01-01,2025-08-31,2025-09-01,2025-09-30,,,2025-09-12 16:00:00,,,,409.00122,pretrained_inference,rolling_origin,2026-06-25T19:26:24.022418
dayahead,timesfm,0,2023-01-01,2025-08-31,2025-09-01,2025-09-30,,,2025-09-12 17:00:00,,,,357.58673,pretrained_inference,rolling_origin,2026-06-25T19:26:24.022418
dayahead,timesfm,0,2023-01-01,2025-08-31,2025-09-01,2025-09-30,,,2025-09-12 18:00:00,,,,405.36243,pretrained_inference,rolling_origin,2026-06-25T19:26:24.022418
dayahead,timesfm,0,2023-01-01,2025-08-31,2025-09-01,2025-09-30,,,2025-09-12 19:00:00,,,,410.50134,pretrained_inference,rolling_origin,2026-06-25T19:26:24.022418
dayahead,timesfm,0,2023-01-01,2025-08-31,2025-09-01,2025-09-30,,,2025-09-12 20:00:00,,,,399.4399,pretrained_inference,rolling_origin,2026-06-25T19:26:24.022418
dayahead,timesfm,0,2023-01-01,2025-08-31,2025-09-01,2025-09-30,,,2025-09-12 21:00:00,,,,392.73547,pretrained_inference,rolling_origin,2026-06-25T19:26:24.022418
dayahead,timesfm,0,2023-01-01,2025-08-31,2025-09-01,2025-09-30,,,2025-09-12 22:00:00,,,,385.12164,pretrained_inference,rolling_origin,2026-06-25T19:26:24.022418
dayahead,timesfm,0,2023-01-01,2025-08-31,2025-09-01,2025-09-30,,,2025-09-12 23:00:00,,,,379.47577,pretrained_inference,rolling_origin,2026-06-25T19:26:24.022418
dayahead,timesfm,0,2023-01-01,2025-08-31,2025-09-01,2025-09-30,,,2025-09-13 00:00:00,,,,379.95737,pretrained_inference,rolling_origin,2026-06-25T19:26:24.022418
dayahead,timesfm,0,2023-01-01,2025-08-31,2025-09-01,2025-09-30,,,2025-09-13 01:00:00,,,,361.4849,pretrained_inference,rolling_origin,2026-06-25T19:26:24.022418
dayahead,timesfm,0,2023-01-01,2025-08-31,2025-09-01,2025-09-30,,,2025-09-13 02:00:00,,,,351.67447,pretrained_inference,rolling_origin,2026-06-25T19:26:24.022418
dayahead,timesfm,0,2023-01-01,2025-08-31,2025-09-01,2025-09-30,,,2025-09-13 03:00:00,,,,351.47452,pretrained_inference,rolling_origin,2026-06-25T19:26:24.022418
dayahead,timesfm,0,2023-01-01,2025-08-31,2025-09-01,2025-09-30,,,2025-09-13 04:00:00,,,,364.08694,pretrained_inference,rolling_origin,2026-06-25T19:26:24.022418
dayahead,timesfm,0,2023-01-01,2025-08-31,2025-09-01,2025-09-30,,,2025-09-13 05:00:00,,,,355.77786,pretrained_inference,rolling_origin,2026-06-25T19:26:24.022418
dayahead,timesfm,0,2023-01-01,2025-08-31,2025-09-01,2025-09-30,,,2025-09-13 06:00:00,,,,383.75708,pretrained_inference,rolling_origin,2026-06-25T19:26:24.022418
dayahead,timesfm,0,2023-01-01,2025-08-31,2025-09-01,2025-09-30,,,2025-09-13 07:00:00,,,,369.17786,pretrained_inference,rolling_origin,2026-06-25T19:26:24.022418
dayahead,timesfm,0,2023-01-01,2025-08-31,2025-09-01,2025-09-30,,,2025-09-13 08:00:00,,,,246.75516,pretrained_inference,rolling_origin,2026-06-25T19:26:24.022418
dayahead,timesfm,0,2023-01-01,2025-08-31,2025-09-01,2025-09-30,,,2025-09-13 09:00:00,,,,104.6969,pretrained_inference,rolling_origin,2026-06-25T19:26:24.022418
dayahead,timesfm,0,2023-01-01,2025-08-31,2025-09-01,2025-09-30,,,2025-09-13 10:00:00,,,,31.988968,pretrained_inference,rolling_origin,2026-06-25T19:26:24.022418
dayahead,timesfm,0,2023-01-01,2025-08-31,2025-09-01,2025-09-30,,,2025-09-13 11:00:00,,,,54.77707,pretrained_inference,rolling_origin,2026-06-25T19:26:24.022418
dayahead,timesfm,0,2023-01-01,2025-08-31,2025-09-01,2025-09-30,,,2025-09-13 12:00:00,,,,58.00496,pretrained_inference,rolling_origin,2026-06-25T19:26:24.022418
dayahead,timesfm,0,2023-01-01,2025-08-31,2025-09-01,2025-09-30,,,2025-09-13 13:00:00,,,,50.872528,pretrained_inference,rolling_origin,2026-06-25T19:26:24.022418
dayahead,timesfm,0,2023-01-01,2025-08-31,2025-09-01,2025-09-30,,,2025-09-13 14:00:00,,,,94.14155,pretrained_inference,rolling_origin,2026-06-25T19:26:24.022418
dayahead,timesfm,0,2023-01-01,2025-08-31,2025-09-01,2025-09-30,,,2025-09-13 15:00:00,,,,140.87794,pretrained_inference,rolling_origin,2026-06-25T19:26:24.022418
dayahead,timesfm,0,2023-01-01,2025-08-31,2025-09-01,2025-09-30,,,2025-09-13 16:00:00,,,,226.98904,pretrained_inference,rolling_origin,2026-06-25T19:26:24.022418
dayahead,timesfm,0,2023-01-01,2025-08-31,2025-09-01,2025-09-30,,,2025-09-13 17:00:00,,,,296.68445,pretrained_inference,rolling_origin,2026-06-25T19:26:24.022418
dayahead,timesfm,0,2023-01-01,2025-08-31,2025-09-01,2025-09-30,,,2025-09-13 18:00:00,,,,431.48468,pretrained_inference,rolling_origin,2026-06-25T19:26:24.022418
dayahead,timesfm,0,2023-01-01,2025-08-31,2025-09-01,2025-09-30,,,2025-09-13 19:00:00,,,,448.27914,pretrained_inference,rolling_origin,2026-06-25T19:26:24.022418
dayahead,timesfm,0,2023-01-01,2025-08-31,2025-09-01,2025-09-30,,,2025-09-13 20:00:00,,,,412.05447,pretrained_inference,rolling_origin,2026-06-25T19:26:24.022418
dayahead,timesfm,0,2023-01-01,2025-08-31,2025-09-01,2025-09-30,,,2025-09-13 21:00:00,,,,386.7123,pretrained_inference,rolling_origin,2026-06-25T19:26:24.022418
dayahead,timesfm,0,2023-01-01,2025-08-31,2025-09-01,2025-09-30,,,2025-09-13 22:00:00,,,,361.85358,pretrained_inference,rolling_origin,2026-06-25T19:26:24.022418
dayahead,timesfm,0,2023-01-01,2025-08-31,2025-09-01,2025-09-30,,,2025-09-13 23:00:00,,,,329.26013,pretrained_inference,rolling_origin,2026-06-25T19:26:24.022418
dayahead,timesfm,0,2023-01-01,2025-08-31,2025-09-01,2025-09-30,,,2025-09-14 00:00:00,,,,307.45642,pretrained_inference,rolling_origin,2026-06-25T19:26:24.022418
dayahead,timesfm,0,2023-01-01,2025-08-31,2025-09-01,2025-09-30,,,2025-09-14 01:00:00,,,,320.9632,pretrained_inference,rolling_origin,2026-06-25T19:26:24.022418
dayahead,timesfm,0,2023-01-01,2025-08-31,2025-09-01,2025-09-30,,,2025-09-14 02:00:00,,,,290.48837,pretrained_inference,rolling_origin,2026-06-25T19:26:24.022418
dayahead,timesfm,0,2023-01-01,2025-08-31,2025-09-01,2025-09-30,,,2025-09-14 03:00:00,,,,280.1554,pretrained_inference,rolling_origin,2026-06-25T19:26:24.022418
dayahead,timesfm,0,2023-01-01,2025-08-31,2025-09-01,2025-09-30,,,2025-09-14 04:00:00,,,,291.3032,pretrained_inference,rolling_origin,2026-06-25T19:26:24.022418
dayahead,timesfm,0,2023-01-01,2025-08-31,2025-09-01,2025-09-30,,,2025-09-14 05:00:00,,,,279.10925,pretrained_inference,rolling_origin,2026-06-25T19:26:24.022418
dayahead,timesfm,0,2023-01-01,2025-08-31,2025-09-01,2025-09-30,,,2025-09-14 06:00:00,,,,307.11728,pretrained_inference,rolling_origin,2026-06-25T19:26:24.022418
dayahead,timesfm,0,2023-01-01,2025-08-31,2025-09-01,2025-09-30,,,2025-09-14 07:00:00,,,,279.5813,pretrained_inference,rolling_origin,2026-06-25T19:26:24.022418
dayahead,timesfm,0,2023-01-01,2025-08-31,2025-09-01,2025-09-30,,,2025-09-14 08:00:00,,,,154.7213,pretrained_inference,rolling_origin,2026-06-25T19:26:24.022418
dayahead,timesfm,0,2023-01-01,2025-08-31,2025-09-01,2025-09-30,,,2025-09-14 09:00:00,,,,72.90866,pretrained_inference,rolling_origin,2026-06-25T19:26:24.022418
dayahead,timesfm,0,2023-01-01,2025-08-31,2025-09-01,2025-09-30,,,2025-09-14 10:00:00,,,,-29.968735,pretrained_inference,rolling_origin,2026-06-25T19:26:24.022418
dayahead,timesfm,0,2023-01-01,2025-08-31,2025-09-01,2025-09-30,,,2025-09-14 11:00:00,,,,-10.429733,pretrained_inference,rolling_origin,2026-06-25T19:26:24.022418
dayahead,timesfm,0,2023-01-01,2025-08-31,2025-09-01,2025-09-30,,,2025-09-14 12:00:00,,,,-2.4907074,pretrained_inference,rolling_origin,2026-06-25T19:26:24.022418
dayahead,timesfm,0,2023-01-01,2025-08-31,2025-09-01,2025-09-30,,,2025-09-14 13:00:00,,,,-21.201569,pretrained_inference,rolling_origin,2026-06-25T19:26:24.022418
dayahead,timesfm,0,2023-01-01,2025-08-31,2025-09-01,2025-09-30,,,2025-09-14 14:00:00,,,,21.062668,pretrained_inference,rolling_origin,2026-06-25T19:26:24.022418
dayahead,timesfm,0,2023-01-01,2025-08-31,2025-09-01,2025-09-30,,,2025-09-14 15:00:00,,,,97.35205,pretrained_inference,rolling_origin,2026-06-25T19:26:24.022418
dayahead,timesfm,0,2023-01-01,2025-08-31,2025-09-01,2025-09-30,,,2025-09-14 16:00:00,,,,200.24326,pretrained_inference,rolling_origin,2026-06-25T19:26:24.022418
dayahead,timesfm,0,2023-01-01,2025-08-31,2025-09-01,2025-09-30,,,2025-09-14 17:00:00,,,,340.23462,pretrained_inference,rolling_origin,2026-06-25T19:26:24.022418
dayahead,timesfm,0,2023-01-01,2025-08-31,2025-09-01,2025-09-30,,,2025-09-14 18:00:00,,,,467.23053,pretrained_inference,rolling_origin,2026-06-25T19:26:24.022418
dayahead,timesfm,0,2023-01-01,2025-08-31,2025-09-01,2025-09-30,,,2025-09-14 19:00:00,,,,473.5474,pretrained_inference,rolling_origin,2026-06-25T19:26:24.022418
dayahead,timesfm,0,2023-01-01,2025-08-31,2025-09-01,2025-09-30,,,2025-09-14 20:00:00,,,,441.5229,pretrained_inference,rolling_origin,2026-06-25T19:26:24.022418
dayahead,timesfm,0,2023-01-01,2025-08-31,2025-09-01,2025-09-30,,,2025-09-14 21:00:00,,,,423.57452,pretrained_inference,rolling_origin,2026-06-25T19:26:24.022418
dayahead,timesfm,0,2023-01-01,2025-08-31,2025-09-01,2025-09-30,,,2025-09-14 22:00:00,,,,409.116,pretrained_inference,rolling_origin,2026-06-25T19:26:24.022418
dayahead,timesfm,0,2023-01-01,2025-08-31,2025-09-01,2025-09-30,,,2025-09-14 23:00:00,,,,389.7658,pretrained_inference,rolling_origin,2026-06-25T19:26:24.022418
dayahead,timesfm,0,2023-01-01,2025-08-31,2025-09-01,2025-09-30,,,2025-09-15 00:00:00,,,,379.06873,pretrained_inference,rolling_origin,2026-06-25T19:26:24.022418
dayahead,timesfm,0,2023-01-01,2025-08-31,2025-09-01,2025-09-30,,,2025-09-15 01:00:00,,,,440.88922,pretrained_inference,rolling_origin,2026-06-25T19:26:24.022418
dayahead,timesfm,0,2023-01-01,2025-08-31,2025-09-01,2025-09-30,,,2025-09-15 02:00:00,,,,424.60706,pretrained_inference,rolling_origin,2026-06-25T19:26:24.022418
dayahead,timesfm,0,2023-01-01,2025-08-31,2025-09-01,2025-09-30,,,2025-09-15 03:00:00,,,,414.51108,pretrained_inference,rolling_origin,2026-06-25T19:26:24.022418
dayahead,timesfm,0,2023-01-01,2025-08-31,2025-09-01,2025-09-30,,,2025-09-15 04:00:00,,,,421.90906,pretrained_inference,rolling_origin,2026-06-25T19:26:24.022418
dayahead,timesfm,0,2023-01-01,2025-08-31,2025-09-01,2025-09-30,,,2025-09-15 05:00:00,,,,401.32047,pretrained_inference,rolling_origin,2026-06-25T19:26:24.022418
dayahead,timesfm,0,2023-01-01,2025-08-31,2025-09-01,2025-09-30,,,2025-09-15 06:00:00,,,,422.14597,pretrained_inference,rolling_origin,2026-06-25T19:26:24.022418
dayahead,timesfm,0,2023-01-01,2025-08-31,2025-09-01,2025-09-30,,,2025-09-15 07:00:00,,,,396.3949,pretrained_inference,rolling_origin,2026-06-25T19:26:24.022418
dayahead,timesfm,0,2023-01-01,2025-08-31,2025-09-01,2025-09-30,,,2025-09-15 08:00:00,,,,281.81622,pretrained_inference,rolling_origin,2026-06-25T19:26:24.022418
dayahead,timesfm,0,2023-01-01,2025-08-31,2025-09-01,2025-09-30,,,2025-09-15 09:00:00,,,,252.45471,pretrained_inference,rolling_origin,2026-06-25T19:26:24.022418
dayahead,timesfm,0,2023-01-01,2025-08-31,2025-09-01,2025-09-30,,,2025-09-15 10:00:00,,,,206.52951,pretrained_inference,rolling_origin,2026-06-25T19:26:24.022418
dayahead,timesfm,0,2023-01-01,2025-08-31,2025-09-01,2025-09-30,,,2025-09-15 11:00:00,,,,236.29779,pretrained_inference,rolling_origin,2026-06-25T19:26:24.022418
dayahead,timesfm,0,2023-01-01,2025-08-31,2025-09-01,2025-09-30,,,2025-09-15 12:00:00,,,,252.5574,pretrained_inference,rolling_origin,2026-06-25T19:26:24.022418
dayahead,timesfm,0,2023-01-01,2025-08-31,2025-09-01,2025-09-30,,,2025-09-15 13:00:00,,,,221.93593,pretrained_inference,rolling_origin,2026-06-25T19:26:24.022418
dayahead,timesfm,0,2023-01-01,2025-08-31,2025-09-01,2025-09-30,,,2025-09-15 14:00:00,,,,260.35852,pretrained_inference,rolling_origin,2026-06-25T19:26:24.022418
dayahead,timesfm,0,2023-01-01,2025-08-31,2025-09-01,2025-09-30,,,2025-09-15 15:00:00,,,,303.38,pretrained_inference,rolling_origin,2026-06-25T19:26:24.022418
dayahead,timesfm,0,2023-01-01,2025-08-31,2025-09-01,2025-09-30,,,2025-09-15 16:00:00,,,,368.0761,pretrained_inference,rolling_origin,2026-06-25T19:26:24.022418
dayahead,timesfm,0,2023-01-01,2025-08-31,2025-09-01,2025-09-30,,,2025-09-15 17:00:00,,,,382.28806,pretrained_inference,rolling_origin,2026-06-25T19:26:24.022418
dayahead,timesfm,0,2023-01-01,2025-08-31,2025-09-01,2025-09-30,,,2025-09-15 18:00:00,,,,450.2551,pretrained_inference,rolling_origin,2026-06-25T19:26:24.022418
dayahead,timesfm,0,2023-01-01,2025-08-31,2025-09-01,2025-09-30,,,2025-09-15 19:00:00,,,,438.7205,pretrained_inference,rolling_origin,2026-06-25T19:26:24.022418
dayahead,timesfm,0,2023-01-01,2025-08-31,2025-09-01,2025-09-30,,,2025-09-15 20:00:00,,,,402.50183,pretrained_inference,rolling_origin,2026-06-25T19:26:24.022418
dayahead,timesfm,0,2023-01-01,2025-08-31,2025-09-01,2025-09-30,,,2025-09-15 21:00:00,,,,387.54062,pretrained_inference,rolling_origin,2026-06-25T19:26:24.022418
dayahead,timesfm,0,2023-01-01,2025-08-31,2025-09-01,2025-09-30,,,2025-09-15 22:00:00,,,,378.59308,pretrained_inference,rolling_origin,2026-06-25T19:26:24.022418
dayahead,timesfm,0,2023-01-01,2025-08-31,2025-09-01,2025-09-30,,,2025-09-15 23:00:00,,,,362.7154,pretrained_inference,rolling_origin,2026-06-25T19:26:24.022418
dayahead,timesfm,0,2023-01-01,2025-08-31,2025-09-01,2025-09-30,,,2025-09-16 00:00:00,,,,360.2947,pretrained_inference,rolling_origin,2026-06-25T19:26:24.022418
dayahead,timesfm,0,2023-01-01,2025-08-31,2025-09-01,2025-09-30,,,2025-09-16 01:00:00,,,,436.91052,pretrained_inference,rolling_origin,2026-06-25T19:26:24.022418
dayahead,timesfm,0,2023-01-01,2025-08-31,2025-09-01,2025-09-30,,,2025-09-16 02:00:00,,,,415.91858,pretrained_inference,rolling_origin,2026-06-25T19:26:24.022418
dayahead,timesfm,0,2023-01-01,2025-08-31,2025-09-01,2025-09-30,,,2025-09-16 03:00:00,,,,407.81424,pretrained_inference,rolling_origin,2026-06-25T19:26:24.022418
dayahead,timesfm,0,2023-01-01,2025-08-31,2025-09-01,2025-09-30,,,2025-09-16 04:00:00,,,,415.36163,pretrained_inference,rolling_origin,2026-06-25T19:26:24.022418
dayahead,timesfm,0,2023-01-01,2025-08-31,2025-09-01,2025-09-30,,,2025-09-16 05:00:00,,,,395.79025,pretrained_inference,rolling_origin,2026-06-25T19:26:24.022418
dayahead,timesfm,0,2023-01-01,2025-08-31,2025-09-01,2025-09-30,,,2025-09-16 06:00:00,,,,422.22156,pretrained_inference,rolling_origin,2026-06-25T19:26:24.022418
dayahead,timesfm,0,2023-01-01,2025-08-31,2025-09-01,2025-09-30,,,2025-09-16 07:00:00,,,,440.16348,pretrained_inference,rolling_origin,2026-06-25T19:26:24.022418
dayahead,timesfm,0,2023-01-01,2025-08-31,2025-09-01,2025-09-30,,,2025-09-16 08:00:00,,,,443.1348,pretrained_inference,rolling_origin,2026-06-25T19:26:24.022418
dayahead,timesfm,0,2023-01-01,2025-08-31,2025-09-01,2025-09-30,,,2025-09-16 09:00:00,,,,461.67963,pretrained_inference,rolling_origin,2026-06-25T19:26:24.022418
dayahead,timesfm,0,2023-01-01,2025-08-31,2025-09-01,2025-09-30,,,2025-09-16 10:00:00,,,,476.62653,pretrained_inference,rolling_origin,2026-06-25T19:26:24.022418
dayahead,timesfm,0,2023-01-01,2025-08-31,2025-09-01,2025-09-30,,,2025-09-16 11:00:00,,,,539.80505,pretrained_inference,rolling_origin,2026-06-25T19:26:24.022418
dayahead,timesfm,0,2023-01-01,2025-08-31,2025-09-01,2025-09-30,,,2025-09-16 12:00:00,,,,543.6145,pretrained_inference,rolling_origin,2026-06-25T19:26:24.022418
dayahead,timesfm,0,2023-01-01,2025-08-31,2025-09-01,2025-09-30,,,2025-09-16 13:00:00,,,,478.14777,pretrained_inference,rolling_origin,2026-06-25T19:26:24.022418
dayahead,timesfm,0,2023-01-01,2025-08-31,2025-09-01,2025-09-30,,,2025-09-16 14:00:00,,,,452.90857,pretrained_inference,rolling_origin,2026-06-25T19:26:24.022418
dayahead,timesfm,0,2023-01-01,2025-08-31,2025-09-01,2025-09-30,,,2025-09-16 15:00:00,,,,427.20123,pretrained_inference,rolling_origin,2026-06-25T19:26:24.022418
dayahead,timesfm,0,2023-01-01,2025-08-31,2025-09-01,2025-09-30,,,2025-09-16 16:00:00,,,,413.23383,pretrained_inference,rolling_origin,2026-06-25T19:26:24.022418
dayahead,timesfm,0,2023-01-01,2025-08-31,2025-09-01,2025-09-30,,,2025-09-16 17:00:00,,,,370.61285,pretrained_inference,rolling_origin,2026-06-25T19:26:24.022418
dayahead,timesfm,0,2023-01-01,2025-08-31,2025-09-01,2025-09-30,,,2025-09-16 18:00:00,,,,377.36743,pretrained_inference,rolling_origin,2026-06-25T19:26:24.022418
dayahead,timesfm,0,2023-01-01,2025-08-31,2025-09-01,2025-09-30,,,2025-09-16 19:00:00,,,,358.7111,pretrained_inference,rolling_origin,2026-06-25T19:26:24.022418
dayahead,timesfm,0,2023-01-01,2025-08-31,2025-09-01,2025-09-30,,,2025-09-16 20:00:00,,,,330.13315,pretrained_inference,rolling_origin,2026-06-25T19:26:24.022418
dayahead,timesfm,0,2023-01-01,2025-08-31,2025-09-01,2025-09-30,,,2025-09-16 21:00:00,,,,320.25455,pretrained_inference,rolling_origin,2026-06-25T19:26:24.022418
dayahead,timesfm,0,2023-01-01,2025-08-31,2025-09-01,2025-09-30,,,2025-09-16 22:00:00,,,,295.71182,pretrained_inference,rolling_origin,2026-06-25T19:26:24.022418
dayahead,timesfm,0,2023-01-01,2025-08-31,2025-09-01,2025-09-30,,,2025-09-16 23:00:00,,,,270.7527,pretrained_inference,rolling_origin,2026-06-25T19:26:24.022418
dayahead,timesfm,0,2023-01-01,2025-08-31,2025-09-01,2025-09-30,,,2025-09-17 00:00:00,,,,256.52515,pretrained_inference,rolling_origin,2026-06-25T19:26:24.022418
dayahead,timesfm,0,2023-01-01,2025-08-31,2025-09-01,2025-09-30,,,2025-09-17 01:00:00,,,,121.324875,pretrained_inference,rolling_origin,2026-06-25T19:26:24.022418
dayahead,timesfm,0,2023-01-01,2025-08-31,2025-09-01,2025-09-30,,,2025-09-17 02:00:00,,,,101.8244,pretrained_inference,rolling_origin,2026-06-25T19:26:24.022418
dayahead,timesfm,0,2023-01-01,2025-08-31,2025-09-01,2025-09-30,,,2025-09-17 03:00:00,,,,99.21408,pretrained_inference,rolling_origin,2026-06-25T19:26:24.022418
dayahead,timesfm,0,2023-01-01,2025-08-31,2025-09-01,2025-09-30,,,2025-09-17 04:00:00,,,,109.12076,pretrained_inference,rolling_origin,2026-06-25T19:26:24.022418
dayahead,timesfm,0,2023-01-01,2025-08-31,2025-09-01,2025-09-30,,,2025-09-17 05:00:00,,,,96.59265,pretrained_inference,rolling_origin,2026-06-25T19:26:24.022418
dayahead,timesfm,0,2023-01-01,2025-08-31,2025-09-01,2025-09-30,,,2025-09-17 06:00:00,,,,130.75374,pretrained_inference,rolling_origin,2026-06-25T19:26:24.022418
dayahead,timesfm,0,2023-01-01,2025-08-31,2025-09-01,2025-09-30,,,2025-09-17 07:00:00,,,,147.85548,pretrained_inference,rolling_origin,2026-06-25T19:26:24.022418
dayahead,timesfm,0,2023-01-01,2025-08-31,2025-09-01,2025-09-30,,,2025-09-17 08:00:00,,,,96.27539,pretrained_inference,rolling_origin,2026-06-25T19:26:24.022418
dayahead,timesfm,0,2023-01-01,2025-08-31,2025-09-01,2025-09-30,,,2025-09-17 09:00:00,,,,104.811485,pretrained_inference,rolling_origin,2026-06-25T19:26:24.022418
dayahead,timesfm,0,2023-01-01,2025-08-31,2025-09-01,2025-09-30,,,2025-09-17 10:00:00,,,,88.18195,pretrained_inference,rolling_origin,2026-06-25T19:26:24.022418
dayahead,timesfm,0,2023-01-01,2025-08-31,2025-09-01,2025-09-30,,,2025-09-17 11:00:00,,,,99.22127,pretrained_inference,rolling_origin,2026-06-25T19:26:24.022418
dayahead,timesfm,0,2023-01-01,2025-08-31,2025-09-01,2025-09-30,,,2025-09-17 12:00:00,,,,62.690186,pretrained_inference,rolling_origin,2026-06-25T19:26:24.022418
dayahead,timesfm,0,2023-01-01,2025-08-31,2025-09-01,2025-09-30,,,2025-09-17 13:00:00,,,,17.398712,pretrained_inference,rolling_origin,2026-06-25T19:26:24.022418
dayahead,timesfm,0,2023-01-01,2025-08-31,2025-09-01,2025-09-30,,,2025-09-17 14:00:00,,,,44.123886,pretrained_inference,rolling_origin,2026-06-25T19:26:24.022418
dayahead,timesfm,0,2023-01-01,2025-08-31,2025-09-01,2025-09-30,,,2025-09-17 15:00:00,,,,78.92296,pretrained_inference,rolling_origin,2026-06-25T19:26:24.022418
dayahead,timesfm,0,2023-01-01,2025-08-31,2025-09-01,2025-09-30,,,2025-09-17 16:00:00,,,,142.19327,pretrained_inference,rolling_origin,2026-06-25T19:26:24.022418
dayahead,timesfm,0,2023-01-01,2025-08-31,2025-09-01,2025-09-30,,,2025-09-17 17:00:00,,,,269.45627,pretrained_inference,rolling_origin,2026-06-25T19:26:24.022418
dayahead,timesfm,0,2023-01-01,2025-08-31,2025-09-01,2025-09-30,,,2025-09-17 18:00:00,,,,349.08246,pretrained_inference,rolling_origin,2026-06-25T19:26:24.022418
dayahead,timesfm,0,2023-01-01,2025-08-31,2025-09-01,2025-09-30,,,2025-09-17 19:00:00,,,,349.72855,pretrained_inference,rolling_origin,2026-06-25T19:26:24.022418
dayahead,timesfm,0,2023-01-01,2025-08-31,2025-09-01,2025-09-30,,,2025-09-17 20:00:00,,,,325.38684,pretrained_inference,rolling_origin,2026-06-25T19:26:24.022418
dayahead,timesfm,0,2023-01-01,2025-08-31,2025-09-01,2025-09-30,,,2025-09-17 21:00:00,,,,322.44125,pretrained_inference,rolling_origin,2026-06-25T19:26:24.022418
dayahead,timesfm,0,2023-01-01,2025-08-31,2025-09-01,2025-09-30,,,2025-09-17 22:00:00,,,,307.36145,pretrained_inference,rolling_origin,2026-06-25T19:26:24.022418
dayahead,timesfm,0,2023-01-01,2025-08-31,2025-09-01,2025-09-30,,,2025-09-17 23:00:00,,,,298.12494,pretrained_inference,rolling_origin,2026-06-25T19:26:24.022418
dayahead,timesfm,0,2023-01-01,2025-08-31,2025-09-01,2025-09-30,,,2025-09-18 00:00:00,,,,293.202,pretrained_inference,rolling_origin,2026-06-25T19:26:24.022418
dayahead,timesfm,0,2023-01-01,2025-08-31,2025-09-01,2025-09-30,,,2025-09-18 01:00:00,,,,440.39276,pretrained_inference,rolling_origin,2026-06-25T19:26:24.022418
dayahead,timesfm,0,2023-01-01,2025-08-31,2025-09-01,2025-09-30,,,2025-09-18 02:00:00,,,,424.9928,pretrained_inference,rolling_origin,2026-06-25T19:26:24.022418
dayahead,timesfm,0,2023-01-01,2025-08-31,2025-09-01,2025-09-30,,,2025-09-18 03:00:00,,,,411.2316,pretrained_inference,rolling_origin,2026-06-25T19:26:24.022418
dayahead,timesfm,0,2023-01-01,2025-08-31,2025-09-01,2025-09-30,,,2025-09-18 04:00:00,,,,411.5833,pretrained_inference,rolling_origin,2026-06-25T19:26:24.022418
dayahead,timesfm,0,2023-01-01,2025-08-31,2025-09-01,2025-09-30,,,2025-09-18 05:00:00,,,,386.41965,pretrained_inference,rolling_origin,2026-06-25T19:26:24.022418
dayahead,timesfm,0,2023-01-01,2025-08-31,2025-09-01,2025-09-30,,,2025-09-18 06:00:00,,,,409.27844,pretrained_inference,rolling_origin,2026-06-25T19:26:24.022418
dayahead,timesfm,0,2023-01-01,2025-08-31,2025-09-01,2025-09-30,,,2025-09-18 07:00:00,,,,391.8262,pretrained_inference,rolling_origin,2026-06-25T19:26:24.022418
dayahead,timesfm,0,2023-01-01,2025-08-31,2025-09-01,2025-09-30,,,2025-09-18 08:00:00,,,,278.54584,pretrained_inference,rolling_origin,2026-06-25T19:26:24.022418
dayahead,timesfm,0,2023-01-01,2025-08-31,2025-09-01,2025-09-30,,,2025-09-18 09:00:00,,,,268.0865,pretrained_inference,rolling_origin,2026-06-25T19:26:24.022418
dayahead,timesfm,0,2023-01-01,2025-08-31,2025-09-01,2025-09-30,,,2025-09-18 10:00:00,,,,176.81206,pretrained_inference,rolling_origin,2026-06-25T19:26:24.022418
dayahead,timesfm,0,2023-01-01,2025-08-31,2025-09-01,2025-09-30,,,2025-09-18 11:00:00,,,,165.85243,pretrained_inference,rolling_origin,2026-06-25T19:26:24.022418
dayahead,timesfm,0,2023-01-01,2025-08-31,2025-09-01,2025-09-30,,,2025-09-18 12:00:00,,,,143.55128,pretrained_inference,rolling_origin,2026-06-25T19:26:24.022418
dayahead,timesfm,0,2023-01-01,2025-08-31,2025-09-01,2025-09-30,,,2025-09-18 13:00:00,,,,122.45493,pretrained_inference,rolling_origin,2026-06-25T19:26:24.022418
dayahead,timesfm,0,2023-01-01,2025-08-31,2025-09-01,2025-09-30,,,2025-09-18 14:00:00,,,,187.14383,pretrained_inference,rolling_origin,2026-06-25T19:26:24.022418
dayahead,timesfm,0,2023-01-01,2025-08-31,2025-09-01,2025-09-30,,,2025-09-18 15:00:00,,,,267.45282,pretrained_inference,rolling_origin,2026-06-25T19:26:24.022418
dayahead,timesfm,0,2023-01-01,2025-08-31,2025-09-01,2025-09-30,,,2025-09-18 16:00:00,,,,351.0523,pretrained_inference,rolling_origin,2026-06-25T19:26:24.022418
dayahead,timesfm,0,2023-01-01,2025-08-31,2025-09-01,2025-09-30,,,2025-09-18 17:00:00,,,,447.175,pretrained_inference,rolling_origin,2026-06-25T19:26:24.022418
dayahead,timesfm,0,2023-01-01,2025-08-31,2025-09-01,2025-09-30,,,2025-09-18 18:00:00,,,,505.8024,pretrained_inference,rolling_origin,2026-06-25T19:26:24.022418
dayahead,timesfm,0,2023-01-01,2025-08-31,2025-09-01,2025-09-30,,,2025-09-18 19:00:00,,,,486.91217,pretrained_inference,rolling_origin,2026-06-25T19:26:24.022418
dayahead,timesfm,0,2023-01-01,2025-08-31,2025-09-01,2025-09-30,,,2025-09-18 20:00:00,,,,454.45612,pretrained_inference,rolling_origin,2026-06-25T19:26:24.022418
dayahead,timesfm,0,2023-01-01,2025-08-31,2025-09-01,2025-09-30,,,2025-09-18 21:00:00,,,,448.76028,pretrained_inference,rolling_origin,2026-06-25T19:26:24.022418
dayahead,timesfm,0,2023-01-01,2025-08-31,2025-09-01,2025-09-30,,,2025-09-18 22:00:00,,,,435.0274,pretrained_inference,rolling_origin,2026-06-25T19:26:24.022418
dayahead,timesfm,0,2023-01-01,2025-08-31,2025-09-01,2025-09-30,,,2025-09-18 23:00:00,,,,426.6318,pretrained_inference,rolling_origin,2026-06-25T19:26:24.022418
dayahead,timesfm,0,2023-01-01,2025-08-31,2025-09-01,2025-09-30,,,2025-09-19 00:00:00,,,,423.15643,pretrained_inference,rolling_origin,2026-06-25T19:26:24.022418
dayahead,timesfm,0,2023-01-01,2025-08-31,2025-09-01,2025-09-30,,,2025-09-19 01:00:00,,,,501.64786,pretrained_inference,rolling_origin,2026-06-25T19:26:24.022418
dayahead,timesfm,0,2023-01-01,2025-08-31,2025-09-01,2025-09-30,,,2025-09-19 02:00:00,,,,485.44934,pretrained_inference,rolling_origin,2026-06-25T19:26:24.022418
dayahead,timesfm,0,2023-01-01,2025-08-31,2025-09-01,2025-09-30,,,2025-09-19 03:00:00,,,,470.03552,pretrained_inference,rolling_origin,2026-06-25T19:26:24.022418
dayahead,timesfm,0,2023-01-01,2025-08-31,2025-09-01,2025-09-30,,,2025-09-19 04:00:00,,,,464.18683,pretrained_inference,rolling_origin,2026-06-25T19:26:24.022418
dayahead,timesfm,0,2023-01-01,2025-08-31,2025-09-01,2025-09-30,,,2025-09-19 05:00:00,,,,435.3055,pretrained_inference,rolling_origin,2026-06-25T19:26:24.022418
dayahead,timesfm,0,2023-01-01,2025-08-31,2025-09-01,2025-09-30,,,2025-09-19 06:00:00,,,,456.09396,pretrained_inference,rolling_origin,2026-06-25T19:26:24.022418
dayahead,timesfm,0,2023-01-01,2025-08-31,2025-09-01,2025-09-30,,,2025-09-19 07:00:00,,,,483.86703,pretrained_inference,rolling_origin,2026-06-25T19:26:24.022418
dayahead,timesfm,0,2023-01-01,2025-08-31,2025-09-01,2025-09-30,,,2025-09-19 08:00:00,,,,509.01056,pretrained_inference,rolling_origin,2026-06-25T19:26:24.022418
dayahead,timesfm,0,2023-01-01,2025-08-31,2025-09-01,2025-09-30,,,2025-09-19 09:00:00,,,,476.46887,pretrained_inference,rolling_origin,2026-06-25T19:26:24.022418
dayahead,timesfm,0,2023-01-01,2025-08-31,2025-09-01,2025-09-30,,,2025-09-19 10:00:00,,,,470.6817,pretrained_inference,rolling_origin,2026-06-25T19:26:24.022418
dayahead,timesfm,0,2023-01-01,2025-08-31,2025-09-01,2025-09-30,,,2025-09-19 11:00:00,,,,510.38202,pretrained_inference,rolling_origin,2026-06-25T19:26:24.022418
dayahead,timesfm,0,2023-01-01,2025-08-31,2025-09-01,2025-09-30,,,2025-09-19 12:00:00,,,,498.40277,pretrained_inference,rolling_origin,2026-06-25T19:26:24.022418
dayahead,timesfm,0,2023-01-01,2025-08-31,2025-09-01,2025-09-30,,,2025-09-19 13:00:00,,,,446.6685,pretrained_inference,rolling_origin,2026-06-25T19:26:24.022418
dayahead,timesfm,0,2023-01-01,2025-08-31,2025-09-01,2025-09-30,,,2025-09-19 14:00:00,,,,433.6918,pretrained_inference,rolling_origin,2026-06-25T19:26:24.022418
dayahead,timesfm,0,2023-01-01,2025-08-31,2025-09-01,2025-09-30,,,2025-09-19 15:00:00,,,,399.98267,pretrained_inference,rolling_origin,2026-06-25T19:26:24.022418
dayahead,timesfm,0,2023-01-01,2025-08-31,2025-09-01,2025-09-30,,,2025-09-19 16:00:00,,,,391.62582,pretrained_inference,rolling_origin,2026-06-25T19:26:24.022418
dayahead,timesfm,0,2023-01-01,2025-08-31,2025-09-01,2025-09-30,,,2025-09-19 17:00:00,,,,384.2466,pretrained_inference,rolling_origin,2026-06-25T19:26:24.022418
dayahead,timesfm,0,2023-01-01,2025-08-31,2025-09-01,2025-09-30,,,2025-09-19 18:00:00,,,,428.07065,pretrained_inference,rolling_origin,2026-06-25T19:26:24.022418
dayahead,timesfm,0,2023-01-01,2025-08-31,2025-09-01,2025-09-30,,,2025-09-19 19:00:00,,,,416.4581,pretrained_inference,rolling_origin,2026-06-25T19:26:24.022418
dayahead,timesfm,0,2023-01-01,2025-08-31,2025-09-01,2025-09-30,,,2025-09-19 20:00:00,,,,390.64368,pretrained_inference,rolling_origin,2026-06-25T19:26:24.022418
dayahead,timesfm,0,2023-01-01,2025-08-31,2025-09-01,2025-09-30,,,2025-09-19 21:00:00,,,,387.34305,pretrained_inference,rolling_origin,2026-06-25T19:26:24.022418
dayahead,timesfm,0,2023-01-01,2025-08-31,2025-09-01,2025-09-30,,,2025-09-19 22:00:00,,,,376.86795,pretrained_inference,rolling_origin,2026-06-25T19:26:24.022418
dayahead,timesfm,0,2023-01-01,2025-08-31,2025-09-01,2025-09-30,,,2025-09-19 23:00:00,,,,365.53033,pretrained_inference,rolling_origin,2026-06-25T19:26:24.022418
dayahead,timesfm,0,2023-01-01,2025-08-31,2025-09-01,2025-09-30,,,2025-09-20 00:00:00,,,,348.98734,pretrained_inference,rolling_origin,2026-06-25T19:26:24.022418
dayahead,timesfm,0,2023-01-01,2025-08-31,2025-09-01,2025-09-30,,,2025-09-20 01:00:00,,,,326.76395,pretrained_inference,rolling_origin,2026-06-25T19:26:24.022418
dayahead,timesfm,0,2023-01-01,2025-08-31,2025-09-01,2025-09-30,,,2025-09-20 02:00:00,,,,317.2574,pretrained_inference,rolling_origin,2026-06-25T19:26:24.022418
dayahead,timesfm,0,2023-01-01,2025-08-31,2025-09-01,2025-09-30,,,2025-09-20 03:00:00,,,,309.61676,pretrained_inference,rolling_origin,2026-06-25T19:26:24.022418
dayahead,timesfm,0,2023-01-01,2025-08-31,2025-09-01,2025-09-30,,,2025-09-20 04:00:00,,,,319.18365,pretrained_inference,rolling_origin,2026-06-25T19:26:24.022418
dayahead,timesfm,0,2023-01-01,2025-08-31,2025-09-01,2025-09-30,,,2025-09-20 05:00:00,,,,306.42783,pretrained_inference,rolling_origin,2026-06-25T19:26:24.022418
dayahead,timesfm,0,2023-01-01,2025-08-31,2025-09-01,2025-09-30,,,2025-09-20 06:00:00,,,,340.3131,pretrained_inference,rolling_origin,2026-06-25T19:26:24.022418
dayahead,timesfm,0,2023-01-01,2025-08-31,2025-09-01,2025-09-30,,,2025-09-20 07:00:00,,,,325.56,pretrained_inference,rolling_origin,2026-06-25T19:26:24.022418
dayahead,timesfm,0,2023-01-01,2025-08-31,2025-09-01,2025-09-30,,,2025-09-20 08:00:00,,,,166.69447,pretrained_inference,rolling_origin,2026-06-25T19:26:24.022418
dayahead,timesfm,0,2023-01-01,2025-08-31,2025-09-01,2025-09-30,,,2025-09-20 09:00:00,,,,23.233368,pretrained_inference,rolling_origin,2026-06-25T19:26:24.022418
dayahead,timesfm,0,2023-01-01,2025-08-31,2025-09-01,2025-09-30,,,2025-09-20 10:00:00,,,,-80.0,pretrained_inference,rolling_origin,2026-06-25T19:26:24.022418
dayahead,timesfm,0,2023-01-01,2025-08-31,2025-09-01,2025-09-30,,,2025-09-20 11:00:00,,,,-80.0,pretrained_inference,rolling_origin,2026-06-25T19:26:24.022418
dayahead,timesfm,0,2023-01-01,2025-08-31,2025-09-01,2025-09-30,,,2025-09-20 12:00:00,,,,-80.0,pretrained_inference,rolling_origin,2026-06-25T19:26:24.022418
dayahead,timesfm,0,2023-01-01,2025-08-31,2025-09-01,2025-09-30,,,2025-09-20 13:00:00,,,,-80.0,pretrained_inference,rolling_origin,2026-06-25T19:26:24.022418
dayahead,timesfm,0,2023-01-01,2025-08-31,2025-09-01,2025-09-30,,,2025-09-20 14:00:00,,,,-80.0,pretrained_inference,rolling_origin,2026-06-25T19:26:24.022418
dayahead,timesfm,0,2023-01-01,2025-08-31,2025-09-01,2025-09-30,,,2025-09-20 15:00:00,,,,5.119919,pretrained_inference,rolling_origin,2026-06-25T19:26:24.022418
dayahead,timesfm,0,2023-01-01,2025-08-31,2025-09-01,2025-09-30,,,2025-09-20 16:00:00,,,,140.22084,pretrained_inference,rolling_origin,2026-06-25T19:26:24.022418
dayahead,timesfm,0,2023-01-01,2025-08-31,2025-09-01,2025-09-30,,,2025-09-20 17:00:00,,,,326.2882,pretrained_inference,rolling_origin,2026-06-25T19:26:24.022418
dayahead,timesfm,0,2023-01-01,2025-08-31,2025-09-01,2025-09-30,,,2025-09-20 18:00:00,,,,455.15695,pretrained_inference,rolling_origin,2026-06-25T19:26:24.022418
dayahead,timesfm,0,2023-01-01,2025-08-31,2025-09-01,2025-09-30,,,2025-09-20 19:00:00,,,,466.52423,pretrained_inference,rolling_origin,2026-06-25T19:26:24.022418
dayahead,timesfm,0,2023-01-01,2025-08-31,2025-09-01,2025-09-30,,,2025-09-20 20:00:00,,,,444.24185,pretrained_inference,rolling_origin,2026-06-25T19:26:24.022418
dayahead,timesfm,0,2023-01-01,2025-08-31,2025-09-01,2025-09-30,,,2025-09-20 21:00:00,,,,444.18964,pretrained_inference,rolling_origin,2026-06-25T19:26:24.022418
dayahead,timesfm,0,2023-01-01,2025-08-31,2025-09-01,2025-09-30,,,2025-09-20 22:00:00,,,,439.5921,pretrained_inference,rolling_origin,2026-06-25T19:26:24.022418
dayahead,timesfm,0,2023-01-01,2025-08-31,2025-09-01,2025-09-30,,,2025-09-20 23:00:00,,,,426.8322,pretrained_inference,rolling_origin,2026-06-25T19:26:24.022418
dayahead,timesfm,0,2023-01-01,2025-08-31,2025-09-01,2025-09-30,,,2025-09-21 00:00:00,,,,419.29297,pretrained_inference,rolling_origin,2026-06-25T19:26:24.022418
dayahead,timesfm,0,2023-01-01,2025-08-31,2025-09-01,2025-09-30,,,2025-09-21 01:00:00,,,,574.29877,pretrained_inference,rolling_origin,2026-06-25T19:26:24.022418
dayahead,timesfm,0,2023-01-01,2025-08-31,2025-09-01,2025-09-30,,,2025-09-21 02:00:00,,,,540.7031,pretrained_inference,rolling_origin,2026-06-25T19:26:24.022418
dayahead,timesfm,0,2023-01-01,2025-08-31,2025-09-01,2025-09-30,,,2025-09-21 03:00:00,,,,512.94696,pretrained_inference,rolling_origin,2026-06-25T19:26:24.022418
dayahead,timesfm,0,2023-01-01,2025-08-31,2025-09-01,2025-09-30,,,2025-09-21 04:00:00,,,,507.9673,pretrained_inference,rolling_origin,2026-06-25T19:26:24.022418
dayahead,timesfm,0,2023-01-01,2025-08-31,2025-09-01,2025-09-30,,,2025-09-21 05:00:00,,,,477.83447,pretrained_inference,rolling_origin,2026-06-25T19:26:24.022418
dayahead,timesfm,0,2023-01-01,2025-08-31,2025-09-01,2025-09-30,,,2025-09-21 06:00:00,,,,493.02585,pretrained_inference,rolling_origin,2026-06-25T19:26:24.022418
dayahead,timesfm,0,2023-01-01,2025-08-31,2025-09-01,2025-09-30,,,2025-09-21 07:00:00,,,,473.73444,pretrained_inference,rolling_origin,2026-06-25T19:26:24.022418
dayahead,timesfm,0,2023-01-01,2025-08-31,2025-09-01,2025-09-30,,,2025-09-21 08:00:00,,,,344.27527,pretrained_inference,rolling_origin,2026-06-25T19:26:24.022418
dayahead,timesfm,0,2023-01-01,2025-08-31,2025-09-01,2025-09-30,,,2025-09-21 09:00:00,,,,225.36678,pretrained_inference,rolling_origin,2026-06-25T19:26:24.022418
dayahead,timesfm,0,2023-01-01,2025-08-31,2025-09-01,2025-09-30,,,2025-09-21 10:00:00,,,,112.787575,pretrained_inference,rolling_origin,2026-06-25T19:26:24.022418
dayahead,timesfm,0,2023-01-01,2025-08-31,2025-09-01,2025-09-30,,,2025-09-21 11:00:00,,,,102.717545,pretrained_inference,rolling_origin,2026-06-25T19:26:24.022418
dayahead,timesfm,0,2023-01-01,2025-08-31,2025-09-01,2025-09-30,,,2025-09-21 12:00:00,,,,98.65114,pretrained_inference,rolling_origin,2026-06-25T19:26:24.022418
dayahead,timesfm,0,2023-01-01,2025-08-31,2025-09-01,2025-09-30,,,2025-09-21 13:00:00,,,,79.15636,pretrained_inference,rolling_origin,2026-06-25T19:26:24.022418
dayahead,timesfm,0,2023-01-01,2025-08-31,2025-09-01,2025-09-30,,,2025-09-21 14:00:00,,,,140.863,pretrained_inference,rolling_origin,2026-06-25T19:26:24.022418
dayahead,timesfm,0,2023-01-01,2025-08-31,2025-09-01,2025-09-30,,,2025-09-21 15:00:00,,,,222.20653,pretrained_inference,rolling_origin,2026-06-25T19:26:24.022418
dayahead,timesfm,0,2023-01-01,2025-08-31,2025-09-01,2025-09-30,,,2025-09-21 16:00:00,,,,311.71774,pretrained_inference,rolling_origin,2026-06-25T19:26:24.022418
dayahead,timesfm,0,2023-01-01,2025-08-31,2025-09-01,2025-09-30,,,2025-09-21 17:00:00,,,,450.69232,pretrained_inference,rolling_origin,2026-06-25T19:26:24.022418
dayahead,timesfm,0,2023-01-01,2025-08-31,2025-09-01,2025-09-30,,,2025-09-21 18:00:00,,,,516.56683,pretrained_inference,rolling_origin,2026-06-25T19:26:24.022418
dayahead,timesfm,0,2023-01-01,2025-08-31,2025-09-01,2025-09-30,,,2025-09-21 19:00:00,,,,505.99463,pretrained_inference,rolling_origin,2026-06-25T19:26:24.022418
dayahead,timesfm,0,2023-01-01,2025-08-31,2025-09-01,2025-09-30,,,2025-09-21 20:00:00,,,,486.60608,pretrained_inference,rolling_origin,2026-06-25T19:26:24.022418
dayahead,timesfm,0,2023-01-01,2025-08-31,2025-09-01,2025-09-30,,,2025-09-21 21:00:00,,,,482.67126,pretrained_inference,rolling_origin,2026-06-25T19:26:24.022418
dayahead,timesfm,0,2023-01-01,2025-08-31,2025-09-01,2025-09-30,,,2025-09-21 22:00:00,,,,467.61008,pretrained_inference,rolling_origin,2026-06-25T19:26:24.022418
dayahead,timesfm,0,2023-01-01,2025-08-31,2025-09-01,2025-09-30,,,2025-09-21 23:00:00,,,,458.328,pretrained_inference,rolling_origin,2026-06-25T19:26:24.022418
dayahead,timesfm,0,2023-01-01,2025-08-31,2025-09-01,2025-09-30,,,2025-09-22 00:00:00,,,,446.3862,pretrained_inference,rolling_origin,2026-06-25T19:26:24.022418
dayahead,timesfm,0,2023-01-01,2025-08-31,2025-09-01,2025-09-30,,,2025-09-22 01:00:00,,,,491.1963,pretrained_inference,rolling_origin,2026-06-25T19:26:24.022418
dayahead,timesfm,0,2023-01-01,2025-08-31,2025-09-01,2025-09-30,,,2025-09-22 02:00:00,,,,469.33777,pretrained_inference,rolling_origin,2026-06-25T19:26:24.022418
dayahead,timesfm,0,2023-01-01,2025-08-31,2025-09-01,2025-09-30,,,2025-09-22 03:00:00,,,,454.6921,pretrained_inference,rolling_origin,2026-06-25T19:26:24.022418
dayahead,timesfm,0,2023-01-01,2025-08-31,2025-09-01,2025-09-30,,,2025-09-22 04:00:00,,,,459.33084,pretrained_inference,rolling_origin,2026-06-25T19:26:24.022418
dayahead,timesfm,0,2023-01-01,2025-08-31,2025-09-01,2025-09-30,,,2025-09-22 05:00:00,,,,434.12613,pretrained_inference,rolling_origin,2026-06-25T19:26:24.022418
dayahead,timesfm,0,2023-01-01,2025-08-31,2025-09-01,2025-09-30,,,2025-09-22 06:00:00,,,,460.52692,pretrained_inference,rolling_origin,2026-06-25T19:26:24.022418
dayahead,timesfm,0,2023-01-01,2025-08-31,2025-09-01,2025-09-30,,,2025-09-22 07:00:00,,,,497.99756,pretrained_inference,rolling_origin,2026-06-25T19:26:24.022418
dayahead,timesfm,0,2023-01-01,2025-08-31,2025-09-01,2025-09-30,,,2025-09-22 08:00:00,,,,525.5333,pretrained_inference,rolling_origin,2026-06-25T19:26:24.022418
dayahead,timesfm,0,2023-01-01,2025-08-31,2025-09-01,2025-09-30,,,2025-09-22 09:00:00,,,,487.34216,pretrained_inference,rolling_origin,2026-06-25T19:26:24.022418
dayahead,timesfm,0,2023-01-01,2025-08-31,2025-09-01,2025-09-30,,,2025-09-22 10:00:00,,,,500.55304,pretrained_inference,rolling_origin,2026-06-25T19:26:24.022418
dayahead,timesfm,0,2023-01-01,2025-08-31,2025-09-01,2025-09-30,,,2025-09-22 11:00:00,,,,545.31085,pretrained_inference,rolling_origin,2026-06-25T19:26:24.022418
dayahead,timesfm,0,2023-01-01,2025-08-31,2025-09-01,2025-09-30,,,2025-09-22 12:00:00,,,,533.4504,pretrained_inference,rolling_origin,2026-06-25T19:26:24.022418
dayahead,timesfm,0,2023-01-01,2025-08-31,2025-09-01,2025-09-30,,,2025-09-22 13:00:00,,,,474.96692,pretrained_inference,rolling_origin,2026-06-25T19:26:24.022418
dayahead,timesfm,0,2023-01-01,2025-08-31,2025-09-01,2025-09-30,,,2025-09-22 14:00:00,,,,494.4969,pretrained_inference,rolling_origin,2026-06-25T19:26:24.022418
dayahead,timesfm,0,2023-01-01,2025-08-31,2025-09-01,2025-09-30,,,2025-09-22 15:00:00,,,,496.44403,pretrained_inference,rolling_origin,2026-06-25T19:26:24.022418
dayahead,timesfm,0,2023-01-01,2025-08-31,2025-09-01,2025-09-30,,,2025-09-22 16:00:00,,,,503.26917,pretrained_inference,rolling_origin,2026-06-25T19:26:24.022418
dayahead,timesfm,0,2023-01-01,2025-08-31,2025-09-01,2025-09-30,,,2025-09-22 17:00:00,,,,490.81866,pretrained_inference,rolling_origin,2026-06-25T19:26:24.022418
dayahead,timesfm,0,2023-01-01,2025-08-31,2025-09-01,2025-09-30,,,2025-09-22 18:00:00,,,,508.8377,pretrained_inference,rolling_origin,2026-06-25T19:26:24.022418
dayahead,timesfm,0,2023-01-01,2025-08-31,2025-09-01,2025-09-30,,,2025-09-22 19:00:00,,,,491.95657,pretrained_inference,rolling_origin,2026-06-25T19:26:24.022418
dayahead,timesfm,0,2023-01-01,2025-08-31,2025-09-01,2025-09-30,,,2025-09-22 20:00:00,,,,465.4812,pretrained_inference,rolling_origin,2026-06-25T19:26:24.022418
dayahead,timesfm,0,2023-01-01,2025-08-31,2025-09-01,2025-09-30,,,2025-09-22 21:00:00,,,,459.91095,pretrained_inference,rolling_origin,2026-06-25T19:26:24.022418
dayahead,timesfm,0,2023-01-01,2025-08-31,2025-09-01,2025-09-30,,,2025-09-22 22:00:00,,,,450.7365,pretrained_inference,rolling_origin,2026-06-25T19:26:24.022418
dayahead,timesfm,0,2023-01-01,2025-08-31,2025-09-01,2025-09-30,,,2025-09-22 23:00:00,,,,444.0656,pretrained_inference,rolling_origin,2026-06-25T19:26:24.022418
dayahead,timesfm,0,2023-01-01,2025-08-31,2025-09-01,2025-09-30,,,2025-09-23 00:00:00,,,,443.81924,pretrained_inference,rolling_origin,2026-06-25T19:26:24.022418
dayahead,timesfm,0,2023-01-01,2025-08-31,2025-09-01,2025-09-30,,,2025-09-23 01:00:00,,,,393.54712,pretrained_inference,rolling_origin,2026-06-25T19:26:24.022418
dayahead,timesfm,0,2023-01-01,2025-08-31,2025-09-01,2025-09-30,,,2025-09-23 02:00:00,,,,390.85648,pretrained_inference,rolling_origin,2026-06-25T19:26:24.022418
dayahead,timesfm,0,2023-01-01,2025-08-31,2025-09-01,2025-09-30,,,2025-09-23 03:00:00,,,,389.6364,pretrained_inference,rolling_origin,2026-06-25T19:26:24.022418
dayahead,timesfm,0,2023-01-01,2025-08-31,2025-09-01,2025-09-30,,,2025-09-23 04:00:00,,,,405.39572,pretrained_inference,rolling_origin,2026-06-25T19:26:24.022418
dayahead,timesfm,0,2023-01-01,2025-08-31,2025-09-01,2025-09-30,,,2025-09-23 05:00:00,,,,397.26578,pretrained_inference,rolling_origin,2026-06-25T19:26:24.022418
dayahead,timesfm,0,2023-01-01,2025-08-31,2025-09-01,2025-09-30,,,2025-09-23 06:00:00,,,,423.6734,pretrained_inference,rolling_origin,2026-06-25T19:26:24.022418
dayahead,timesfm,0,2023-01-01,2025-08-31,2025-09-01,2025-09-30,,,2025-09-23 07:00:00,,,,467.75696,pretrained_inference,rolling_origin,2026-06-25T19:26:24.022418
dayahead,timesfm,0,2023-01-01,2025-08-31,2025-09-01,2025-09-30,,,2025-09-23 08:00:00,,,,489.7616,pretrained_inference,rolling_origin,2026-06-25T19:26:24.022418
dayahead,timesfm,0,2023-01-01,2025-08-31,2025-09-01,2025-09-30,,,2025-09-23 09:00:00,,,,451.59433,pretrained_inference,rolling_origin,2026-06-25T19:26:24.022418
dayahead,timesfm,0,2023-01-01,2025-08-31,2025-09-01,2025-09-30,,,2025-09-23 10:00:00,,,,493.2016,pretrained_inference,rolling_origin,2026-06-25T19:26:24.022418
dayahead,timesfm,0,2023-01-01,2025-08-31,2025-09-01,2025-09-30,,,2025-09-23 11:00:00,,,,578.9784,pretrained_inference,rolling_origin,2026-06-25T19:26:24.022418
dayahead,timesfm,0,2023-01-01,2025-08-31,2025-09-01,2025-09-30,,,2025-09-23 12:00:00,,,,588.36957,pretrained_inference,rolling_origin,2026-06-25T19:26:24.022418
dayahead,timesfm,0,2023-01-01,2025-08-31,2025-09-01,2025-09-30,,,2025-09-23 13:00:00,,,,543.88116,pretrained_inference,rolling_origin,2026-06-25T19:26:24.022418
dayahead,timesfm,0,2023-01-01,2025-08-31,2025-09-01,2025-09-30,,,2025-09-23 14:00:00,,,,556.7732,pretrained_inference,rolling_origin,2026-06-25T19:26:24.022418
dayahead,timesfm,0,2023-01-01,2025-08-31,2025-09-01,2025-09-30,,,2025-09-23 15:00:00,,,,535.6923,pretrained_inference,rolling_origin,2026-06-25T19:26:24.022418
dayahead,timesfm,0,2023-01-01,2025-08-31,2025-09-01,2025-09-30,,,2025-09-23 16:00:00,,,,508.68335,pretrained_inference,rolling_origin,2026-06-25T19:26:24.022418
dayahead,timesfm,0,2023-01-01,2025-08-31,2025-09-01,2025-09-30,,,2025-09-23 17:00:00,,,,455.1353,pretrained_inference,rolling_origin,2026-06-25T19:26:24.022418
dayahead,timesfm,0,2023-01-01,2025-08-31,2025-09-01,2025-09-30,,,2025-09-23 18:00:00,,,,449.07065,pretrained_inference,rolling_origin,2026-06-25T19:26:24.022418
dayahead,timesfm,0,2023-01-01,2025-08-31,2025-09-01,2025-09-30,,,2025-09-23 19:00:00,,,,429.62405,pretrained_inference,rolling_origin,2026-06-25T19:26:24.022418
dayahead,timesfm,0,2023-01-01,2025-08-31,2025-09-01,2025-09-30,,,2025-09-23 20:00:00,,,,403.5172,pretrained_inference,rolling_origin,2026-06-25T19:26:24.022418
dayahead,timesfm,0,2023-01-01,2025-08-31,2025-09-01,2025-09-30,,,2025-09-23 21:00:00,,,,402.5863,pretrained_inference,rolling_origin,2026-06-25T19:26:24.022418
dayahead,timesfm,0,2023-01-01,2025-08-31,2025-09-01,2025-09-30,,,2025-09-23 22:00:00,,,,399.5516,pretrained_inference,rolling_origin,2026-06-25T19:26:24.022418
dayahead,timesfm,0,2023-01-01,2025-08-31,2025-09-01,2025-09-30,,,2025-09-23 23:00:00,,,,388.90924,pretrained_inference,rolling_origin,2026-06-25T19:26:24.022418
dayahead,timesfm,0,2023-01-01,2025-08-31,2025-09-01,2025-09-30,,,2025-09-24 00:00:00,,,,386.58942,pretrained_inference,rolling_origin,2026-06-25T19:26:24.022418
dayahead,timesfm,0,2023-01-01,2025-08-31,2025-09-01,2025-09-30,,,2025-09-24 01:00:00,,,,319.90726,pretrained_inference,rolling_origin,2026-06-25T19:26:24.022418
dayahead,timesfm,0,2023-01-01,2025-08-31,2025-09-01,2025-09-30,,,2025-09-24 02:00:00,,,,312.9687,pretrained_inference,rolling_origin,2026-06-25T19:26:24.022418
dayahead,timesfm,0,2023-01-01,2025-08-31,2025-09-01,2025-09-30,,,2025-09-24 03:00:00,,,,315.59903,pretrained_inference,rolling_origin,2026-06-25T19:26:24.022418
dayahead,timesfm,0,2023-01-01,2025-08-31,2025-09-01,2025-09-30,,,2025-09-24 04:00:00,,,,334.71396,pretrained_inference,rolling_origin,2026-06-25T19:26:24.022418
dayahead,timesfm,0,2023-01-01,2025-08-31,2025-09-01,2025-09-30,,,2025-09-24 05:00:00,,,,342.9025,pretrained_inference,rolling_origin,2026-06-25T19:26:24.022418
dayahead,timesfm,0,2023-01-01,2025-08-31,2025-09-01,2025-09-30,,,2025-09-24 06:00:00,,,,384.34772,pretrained_inference,rolling_origin,2026-06-25T19:26:24.022418
dayahead,timesfm,0,2023-01-01,2025-08-31,2025-09-01,2025-09-30,,,2025-09-24 07:00:00,,,,428.94995,pretrained_inference,rolling_origin,2026-06-25T19:26:24.022418
dayahead,timesfm,0,2023-01-01,2025-08-31,2025-09-01,2025-09-30,,,2025-09-24 08:00:00,,,,403.59573,pretrained_inference,rolling_origin,2026-06-25T19:26:24.022418
dayahead,timesfm,0,2023-01-01,2025-08-31,2025-09-01,2025-09-30,,,2025-09-24 09:00:00,,,,329.80945,pretrained_inference,rolling_origin,2026-06-25T19:26:24.022418
dayahead,timesfm,0,2023-01-01,2025-08-31,2025-09-01,2025-09-30,,,2025-09-24 10:00:00,,,,300.16568,pretrained_inference,rolling_origin,2026-06-25T19:26:24.022418
dayahead,timesfm,0,2023-01-01,2025-08-31,2025-09-01,2025-09-30,,,2025-09-24 11:00:00,,,,305.70535,pretrained_inference,rolling_origin,2026-06-25T19:26:24.022418
dayahead,timesfm,0,2023-01-01,2025-08-31,2025-09-01,2025-09-30,,,2025-09-24 12:00:00,,,,265.8092,pretrained_inference,rolling_origin,2026-06-25T19:26:24.022418
dayahead,timesfm,0,2023-01-01,2025-08-31,2025-09-01,2025-09-30,,,2025-09-24 13:00:00,,,,197.2734,pretrained_inference,rolling_origin,2026-06-25T19:26:24.022418
dayahead,timesfm,0,2023-01-01,2025-08-31,2025-09-01,2025-09-30,,,2025-09-24 14:00:00,,,,227.21182,pretrained_inference,rolling_origin,2026-06-25T19:26:24.022418
dayahead,timesfm,0,2023-01-01,2025-08-31,2025-09-01,2025-09-30,,,2025-09-24 15:00:00,,,,256.01593,pretrained_inference,rolling_origin,2026-06-25T19:26:24.022418
dayahead,timesfm,0,2023-01-01,2025-08-31,2025-09-01,2025-09-30,,,2025-09-24 16:00:00,,,,317.22617,pretrained_inference,rolling_origin,2026-06-25T19:26:24.022418
dayahead,timesfm,0,2023-01-01,2025-08-31,2025-09-01,2025-09-30,,,2025-09-24 17:00:00,,,,389.47943,pretrained_inference,rolling_origin,2026-06-25T19:26:24.022418
dayahead,timesfm,0,2023-01-01,2025-08-31,2025-09-01,2025-09-30,,,2025-09-24 18:00:00,,,,484.4901,pretrained_inference,rolling_origin,2026-06-25T19:26:24.022418
dayahead,timesfm,0,2023-01-01,2025-08-31,2025-09-01,2025-09-30,,,2025-09-24 19:00:00,,,,488.9405,pretrained_inference,rolling_origin,2026-06-25T19:26:24.022418
dayahead,timesfm,0,2023-01-01,2025-08-31,2025-09-01,2025-09-30,,,2025-09-24 20:00:00,,,,464.32263,pretrained_inference,rolling_origin,2026-06-25T19:26:24.022418
dayahead,timesfm,0,2023-01-01,2025-08-31,2025-09-01,2025-09-30,,,2025-09-24 21:00:00,,,,461.09845,pretrained_inference,rolling_origin,2026-06-25T19:26:24.022418
dayahead,timesfm,0,2023-01-01,2025-08-31,2025-09-01,2025-09-30,,,2025-09-24 22:00:00,,,,453.40753,pretrained_inference,rolling_origin,2026-06-25T19:26:24.022418
dayahead,timesfm,0,2023-01-01,2025-08-31,2025-09-01,2025-09-30,,,2025-09-24 23:00:00,,,,441.8078,pretrained_inference,rolling_origin,2026-06-25T19:26:24.022418
dayahead,timesfm,0,2023-01-01,2025-08-31,2025-09-01,2025-09-30,,,2025-09-25 00:00:00,,,,439.20706,pretrained_inference,rolling_origin,2026-06-25T19:26:24.022418
dayahead,timesfm,0,2023-01-01,2025-08-31,2025-09-01,2025-09-30,,,2025-09-25 01:00:00,,,,427.05676,pretrained_inference,rolling_origin,2026-06-25T19:26:24.022418
dayahead,timesfm,0,2023-01-01,2025-08-31,2025-09-01,2025-09-30,,,2025-09-25 02:00:00,,,,414.57544,pretrained_inference,rolling_origin,2026-06-25T19:26:24.022418
dayahead,timesfm,0,2023-01-01,2025-08-31,2025-09-01,2025-09-30,,,2025-09-25 03:00:00,,,,412.69592,pretrained_inference,rolling_origin,2026-06-25T19:26:24.022418
dayahead,timesfm,0,2023-01-01,2025-08-31,2025-09-01,2025-09-30,,,2025-09-25 04:00:00,,,,423.37997,pretrained_inference,rolling_origin,2026-06-25T19:26:24.022418
dayahead,timesfm,0,2023-01-01,2025-08-31,2025-09-01,2025-09-30,,,2025-09-25 05:00:00,,,,412.1814,pretrained_inference,rolling_origin,2026-06-25T19:26:24.022418
dayahead,timesfm,0,2023-01-01,2025-08-31,2025-09-01,2025-09-30,,,2025-09-25 06:00:00,,,,441.70142,pretrained_inference,rolling_origin,2026-06-25T19:26:24.022418
dayahead,timesfm,0,2023-01-01,2025-08-31,2025-09-01,2025-09-30,,,2025-09-25 07:00:00,,,,428.36795,pretrained_inference,rolling_origin,2026-06-25T19:26:24.022418
dayahead,timesfm,0,2023-01-01,2025-08-31,2025-09-01,2025-09-30,,,2025-09-25 08:00:00,,,,278.26462,pretrained_inference,rolling_origin,2026-06-25T19:26:24.022418
dayahead,timesfm,0,2023-01-01,2025-08-31,2025-09-01,2025-09-30,,,2025-09-25 09:00:00,,,,149.04733,pretrained_inference,rolling_origin,2026-06-25T19:26:24.022418
dayahead,timesfm,0,2023-01-01,2025-08-31,2025-09-01,2025-09-30,,,2025-09-25 10:00:00,,,,26.591293,pretrained_inference,rolling_origin,2026-06-25T19:26:24.022418
dayahead,timesfm,0,2023-01-01,2025-08-31,2025-09-01,2025-09-30,,,2025-09-25 11:00:00,,,,11.496185,pretrained_inference,rolling_origin,2026-06-25T19:26:24.022418
dayahead,timesfm,0,2023-01-01,2025-08-31,2025-09-01,2025-09-30,,,2025-09-25 12:00:00,,,,-15.223022,pretrained_inference,rolling_origin,2026-06-25T19:26:24.022418
dayahead,timesfm,0,2023-01-01,2025-08-31,2025-09-01,2025-09-30,,,2025-09-25 13:00:00,,,,-59.45375,pretrained_inference,rolling_origin,2026-06-25T19:26:24.022418
dayahead,timesfm,0,2023-01-01,2025-08-31,2025-09-01,2025-09-30,,,2025-09-25 14:00:00,,,,-3.668213,pretrained_inference,rolling_origin,2026-06-25T19:26:24.022418
dayahead,timesfm,0,2023-01-01,2025-08-31,2025-09-01,2025-09-30,,,2025-09-25 15:00:00,,,,76.477455,pretrained_inference,rolling_origin,2026-06-25T19:26:24.022418
dayahead,timesfm,0,2023-01-01,2025-08-31,2025-09-01,2025-09-30,,,2025-09-25 16:00:00,,,,213.10371,pretrained_inference,rolling_origin,2026-06-25T19:26:24.022418
dayahead,timesfm,0,2023-01-01,2025-08-31,2025-09-01,2025-09-30,,,2025-09-25 17:00:00,,,,343.545,pretrained_inference,rolling_origin,2026-06-25T19:26:24.022418
dayahead,timesfm,0,2023-01-01,2025-08-31,2025-09-01,2025-09-30,,,2025-09-25 18:00:00,,,,477.51373,pretrained_inference,rolling_origin,2026-06-25T19:26:24.022418
dayahead,timesfm,0,2023-01-01,2025-08-31,2025-09-01,2025-09-30,,,2025-09-25 19:00:00,,,,496.39548,pretrained_inference,rolling_origin,2026-06-25T19:26:24.022418
dayahead,timesfm,0,2023-01-01,2025-08-31,2025-09-01,2025-09-30,,,2025-09-25 20:00:00,,,,478.28964,pretrained_inference,rolling_origin,2026-06-25T19:26:24.022418
dayahead,timesfm,0,2023-01-01,2025-08-31,2025-09-01,2025-09-30,,,2025-09-25 21:00:00,,,,484.30396,pretrained_inference,rolling_origin,2026-06-25T19:26:24.022418
dayahead,timesfm,0,2023-01-01,2025-08-31,2025-09-01,2025-09-30,,,2025-09-25 22:00:00,,,,478.1208,pretrained_inference,rolling_origin,2026-06-25T19:26:24.022418
dayahead,timesfm,0,2023-01-01,2025-08-31,2025-09-01,2025-09-30,,,2025-09-25 23:00:00,,,,467.2363,pretrained_inference,rolling_origin,2026-06-25T19:26:24.022418
dayahead,timesfm,0,2023-01-01,2025-08-31,2025-09-01,2025-09-30,,,2025-09-26 00:00:00,,,,459.99008,pretrained_inference,rolling_origin,2026-06-25T19:26:24.022418
dayahead,timesfm,0,2023-01-01,2025-08-31,2025-09-01,2025-09-30,,,2025-09-26 01:00:00,,,,538.09033,pretrained_inference,rolling_origin,2026-06-25T19:26:24.022418
dayahead,timesfm,0,2023-01-01,2025-08-31,2025-09-01,2025-09-30,,,2025-09-26 02:00:00,,,,509.29926,pretrained_inference,rolling_origin,2026-06-25T19:26:24.022418
dayahead,timesfm,0,2023-01-01,2025-08-31,2025-09-01,2025-09-30,,,2025-09-26 03:00:00,,,,493.5313,pretrained_inference,rolling_origin,2026-06-25T19:26:24.022418
dayahead,timesfm,0,2023-01-01,2025-08-31,2025-09-01,2025-09-30,,,2025-09-26 04:00:00,,,,490.7185,pretrained_inference,rolling_origin,2026-06-25T19:26:24.022418
dayahead,timesfm,0,2023-01-01,2025-08-31,2025-09-01,2025-09-30,,,2025-09-26 05:00:00,,,,468.97876,pretrained_inference,rolling_origin,2026-06-25T19:26:24.022418
dayahead,timesfm,0,2023-01-01,2025-08-31,2025-09-01,2025-09-30,,,2025-09-26 06:00:00,,,,487.32947,pretrained_inference,rolling_origin,2026-06-25T19:26:24.022418
dayahead,timesfm,0,2023-01-01,2025-08-31,2025-09-01,2025-09-30,,,2025-09-26 07:00:00,,,,485.00278,pretrained_inference,rolling_origin,2026-06-25T19:26:24.022418
dayahead,timesfm,0,2023-01-01,2025-08-31,2025-09-01,2025-09-30,,,2025-09-26 08:00:00,,,,362.6563,pretrained_inference,rolling_origin,2026-06-25T19:26:24.022418
dayahead,timesfm,0,2023-01-01,2025-08-31,2025-09-01,2025-09-30,,,2025-09-26 09:00:00,,,,313.74756,pretrained_inference,rolling_origin,2026-06-25T19:26:24.022418
dayahead,timesfm,0,2023-01-01,2025-08-31,2025-09-01,2025-09-30,,,2025-09-26 10:00:00,,,,193.23596,pretrained_inference,rolling_origin,2026-06-25T19:26:24.022418
dayahead,timesfm,0,2023-01-01,2025-08-31,2025-09-01,2025-09-30,,,2025-09-26 11:00:00,,,,174.20981,pretrained_inference,rolling_origin,2026-06-25T19:26:24.022418
dayahead,timesfm,0,2023-01-01,2025-08-31,2025-09-01,2025-09-30,,,2025-09-26 12:00:00,,,,147.25854,pretrained_inference,rolling_origin,2026-06-25T19:26:24.022418
dayahead,timesfm,0,2023-01-01,2025-08-31,2025-09-01,2025-09-30,,,2025-09-26 13:00:00,,,,106.53462,pretrained_inference,rolling_origin,2026-06-25T19:26:24.022418
dayahead,timesfm,0,2023-01-01,2025-08-31,2025-09-01,2025-09-30,,,2025-09-26 14:00:00,,,,179.5791,pretrained_inference,rolling_origin,2026-06-25T19:26:24.022418
dayahead,timesfm,0,2023-01-01,2025-08-31,2025-09-01,2025-09-30,,,2025-09-26 15:00:00,,,,262.9404,pretrained_inference,rolling_origin,2026-06-25T19:26:24.022418
dayahead,timesfm,0,2023-01-01,2025-08-31,2025-09-01,2025-09-30,,,2025-09-26 16:00:00,,,,359.16357,pretrained_inference,rolling_origin,2026-06-25T19:26:24.022418
dayahead,timesfm,0,2023-01-01,2025-08-31,2025-09-01,2025-09-30,,,2025-09-26 17:00:00,,,,452.3382,pretrained_inference,rolling_origin,2026-06-25T19:26:24.022418
dayahead,timesfm,0,2023-01-01,2025-08-31,2025-09-01,2025-09-30,,,2025-09-26 18:00:00,,,,528.20416,pretrained_inference,rolling_origin,2026-06-25T19:26:24.022418
dayahead,timesfm,0,2023-01-01,2025-08-31,2025-09-01,2025-09-30,,,2025-09-26 19:00:00,,,,516.018,pretrained_inference,rolling_origin,2026-06-25T19:26:24.022418
dayahead,timesfm,0,2023-01-01,2025-08-31,2025-09-01,2025-09-30,,,2025-09-26 20:00:00,,,,483.84125,pretrained_inference,rolling_origin,2026-06-25T19:26:24.022418
dayahead,timesfm,0,2023-01-01,2025-08-31,2025-09-01,2025-09-30,,,2025-09-26 21:00:00,,,,486.72327,pretrained_inference,rolling_origin,2026-06-25T19:26:24.022418
dayahead,timesfm,0,2023-01-01,2025-08-31,2025-09-01,2025-09-30,,,2025-09-26 22:00:00,,,,482.43396,pretrained_inference,rolling_origin,2026-06-25T19:26:24.022418
dayahead,timesfm,0,2023-01-01,2025-08-31,2025-09-01,2025-09-30,,,2025-09-26 23:00:00,,,,472.06784,pretrained_inference,rolling_origin,2026-06-25T19:26:24.022418
dayahead,timesfm,0,2023-01-01,2025-08-31,2025-09-01,2025-09-30,,,2025-09-27 00:00:00,,,,462.03372,pretrained_inference,rolling_origin,2026-06-25T19:26:24.022418
dayahead,timesfm,0,2023-01-01,2025-08-31,2025-09-01,2025-09-30,,,2025-09-27 01:00:00,,,,499.8496,pretrained_inference,rolling_origin,2026-06-25T19:26:24.022418
dayahead,timesfm,0,2023-01-01,2025-08-31,2025-09-01,2025-09-30,,,2025-09-27 02:00:00,,,,478.19788,pretrained_inference,rolling_origin,2026-06-25T19:26:24.022418
dayahead,timesfm,0,2023-01-01,2025-08-31,2025-09-01,2025-09-30,,,2025-09-27 03:00:00,,,,461.47162,pretrained_inference,rolling_origin,2026-06-25T19:26:24.022418
dayahead,timesfm,0,2023-01-01,2025-08-31,2025-09-01,2025-09-30,,,2025-09-27 04:00:00,,,,463.10464,pretrained_inference,rolling_origin,2026-06-25T19:26:24.022418
dayahead,timesfm,0,2023-01-01,2025-08-31,2025-09-01,2025-09-30,,,2025-09-27 05:00:00,,,,439.72427,pretrained_inference,rolling_origin,2026-06-25T19:26:24.022418
dayahead,timesfm,0,2023-01-01,2025-08-31,2025-09-01,2025-09-30,,,2025-09-27 06:00:00,,,,454.55472,pretrained_inference,rolling_origin,2026-06-25T19:26:24.022418
dayahead,timesfm,0,2023-01-01,2025-08-31,2025-09-01,2025-09-30,,,2025-09-27 07:00:00,,,,476.1831,pretrained_inference,rolling_origin,2026-06-25T19:26:24.022418
dayahead,timesfm,0,2023-01-01,2025-08-31,2025-09-01,2025-09-30,,,2025-09-27 08:00:00,,,,470.59695,pretrained_inference,rolling_origin,2026-06-25T19:26:24.022418
dayahead,timesfm,0,2023-01-01,2025-08-31,2025-09-01,2025-09-30,,,2025-09-27 09:00:00,,,,434.7135,pretrained_inference,rolling_origin,2026-06-25T19:26:24.022418
dayahead,timesfm,0,2023-01-01,2025-08-31,2025-09-01,2025-09-30,,,2025-09-27 10:00:00,,,,433.47577,pretrained_inference,rolling_origin,2026-06-25T19:26:24.022418
dayahead,timesfm,0,2023-01-01,2025-08-31,2025-09-01,2025-09-30,,,2025-09-27 11:00:00,,,,475.70337,pretrained_inference,rolling_origin,2026-06-25T19:26:24.022418
dayahead,timesfm,0,2023-01-01,2025-08-31,2025-09-01,2025-09-30,,,2025-09-27 12:00:00,,,,482.93164,pretrained_inference,rolling_origin,2026-06-25T19:26:24.022418
dayahead,timesfm,0,2023-01-01,2025-08-31,2025-09-01,2025-09-30,,,2025-09-27 13:00:00,,,,440.48294,pretrained_inference,rolling_origin,2026-06-25T19:26:24.022418
dayahead,timesfm,0,2023-01-01,2025-08-31,2025-09-01,2025-09-30,,,2025-09-27 14:00:00,,,,464.26718,pretrained_inference,rolling_origin,2026-06-25T19:26:24.022418
dayahead,timesfm,0,2023-01-01,2025-08-31,2025-09-01,2025-09-30,,,2025-09-27 15:00:00,,,,478.47803,pretrained_inference,rolling_origin,2026-06-25T19:26:24.022418
dayahead,timesfm,0,2023-01-01,2025-08-31,2025-09-01,2025-09-30,,,2025-09-27 16:00:00,,,,490.71677,pretrained_inference,rolling_origin,2026-06-25T19:26:24.022418
dayahead,timesfm,0,2023-01-01,2025-08-31,2025-09-01,2025-09-30,,,2025-09-27 17:00:00,,,,481.33755,pretrained_inference,rolling_origin,2026-06-25T19:26:24.022418
dayahead,timesfm,0,2023-01-01,2025-08-31,2025-09-01,2025-09-30,,,2025-09-27 18:00:00,,,,522.0469,pretrained_inference,rolling_origin,2026-06-25T19:26:24.022418
dayahead,timesfm,0,2023-01-01,2025-08-31,2025-09-01,2025-09-30,,,2025-09-27 19:00:00,,,,498.6324,pretrained_inference,rolling_origin,2026-06-25T19:26:24.022418
dayahead,timesfm,0,2023-01-01,2025-08-31,2025-09-01,2025-09-30,,,2025-09-27 20:00:00,,,,469.50128,pretrained_inference,rolling_origin,2026-06-25T19:26:24.022418
dayahead,timesfm,0,2023-01-01,2025-08-31,2025-09-01,2025-09-30,,,2025-09-27 21:00:00,,,,474.47125,pretrained_inference,rolling_origin,2026-06-25T19:26:24.022418
dayahead,timesfm,0,2023-01-01,2025-08-31,2025-09-01,2025-09-30,,,2025-09-27 22:00:00,,,,472.28137,pretrained_inference,rolling_origin,2026-06-25T19:26:24.022418
dayahead,timesfm,0,2023-01-01,2025-08-31,2025-09-01,2025-09-30,,,2025-09-27 23:00:00,,,,463.4982,pretrained_inference,rolling_origin,2026-06-25T19:26:24.022418
dayahead,timesfm,0,2023-01-01,2025-08-31,2025-09-01,2025-09-30,,,2025-09-28 00:00:00,,,,449.7881,pretrained_inference,rolling_origin,2026-06-25T19:26:24.022418
dayahead,timesfm,0,2023-01-01,2025-08-31,2025-09-01,2025-09-30,,,2025-09-28 01:00:00,,,,404.89737,pretrained_inference,rolling_origin,2026-06-25T19:26:24.022418
dayahead,timesfm,0,2023-01-01,2025-08-31,2025-09-01,2025-09-30,,,2025-09-28 02:00:00,,,,388.48483,pretrained_inference,rolling_origin,2026-06-25T19:26:24.022418
dayahead,timesfm,0,2023-01-01,2025-08-31,2025-09-01,2025-09-30,,,2025-09-28 03:00:00,,,,385.19513,pretrained_inference,rolling_origin,2026-06-25T19:26:24.022418
dayahead,timesfm,0,2023-01-01,2025-08-31,2025-09-01,2025-09-30,,,2025-09-28 04:00:00,,,,394.95993,pretrained_inference,rolling_origin,2026-06-25T19:26:24.022418
dayahead,timesfm,0,2023-01-01,2025-08-31,2025-09-01,2025-09-30,,,2025-09-28 05:00:00,,,,387.14536,pretrained_inference,rolling_origin,2026-06-25T19:26:24.022418
dayahead,timesfm,0,2023-01-01,2025-08-31,2025-09-01,2025-09-30,,,2025-09-28 06:00:00,,,,414.84628,pretrained_inference,rolling_origin,2026-06-25T19:26:24.022418
dayahead,timesfm,0,2023-01-01,2025-08-31,2025-09-01,2025-09-30,,,2025-09-28 07:00:00,,,,444.85312,pretrained_inference,rolling_origin,2026-06-25T19:26:24.022418
dayahead,timesfm,0,2023-01-01,2025-08-31,2025-09-01,2025-09-30,,,2025-09-28 08:00:00,,,,397.1444,pretrained_inference,rolling_origin,2026-06-25T19:26:24.022418
dayahead,timesfm,0,2023-01-01,2025-08-31,2025-09-01,2025-09-30,,,2025-09-28 09:00:00,,,,342.29596,pretrained_inference,rolling_origin,2026-06-25T19:26:24.022418
dayahead,timesfm,0,2023-01-01,2025-08-31,2025-09-01,2025-09-30,,,2025-09-28 10:00:00,,,,297.1858,pretrained_inference,rolling_origin,2026-06-25T19:26:24.022418
dayahead,timesfm,0,2023-01-01,2025-08-31,2025-09-01,2025-09-30,,,2025-09-28 11:00:00,,,,330.68304,pretrained_inference,rolling_origin,2026-06-25T19:26:24.022418
dayahead,timesfm,0,2023-01-01,2025-08-31,2025-09-01,2025-09-30,,,2025-09-28 12:00:00,,,,335.95163,pretrained_inference,rolling_origin,2026-06-25T19:26:24.022418
dayahead,timesfm,0,2023-01-01,2025-08-31,2025-09-01,2025-09-30,,,2025-09-28 13:00:00,,,,309.69025,pretrained_inference,rolling_origin,2026-06-25T19:26:24.022418
dayahead,timesfm,0,2023-01-01,2025-08-31,2025-09-01,2025-09-30,,,2025-09-28 14:00:00,,,,340.70758,pretrained_inference,rolling_origin,2026-06-25T19:26:24.022418
dayahead,timesfm,0,2023-01-01,2025-08-31,2025-09-01,2025-09-30,,,2025-09-28 15:00:00,,,,380.1801,pretrained_inference,rolling_origin,2026-06-25T19:26:24.022418
dayahead,timesfm,0,2023-01-01,2025-08-31,2025-09-01,2025-09-30,,,2025-09-28 16:00:00,,,,422.32092,pretrained_inference,rolling_origin,2026-06-25T19:26:24.022418
dayahead,timesfm,0,2023-01-01,2025-08-31,2025-09-01,2025-09-30,,,2025-09-28 17:00:00,,,,452.02692,pretrained_inference,rolling_origin,2026-06-25T19:26:24.022418
dayahead,timesfm,0,2023-01-01,2025-08-31,2025-09-01,2025-09-30,,,2025-09-28 18:00:00,,,,518.3173,pretrained_inference,rolling_origin,2026-06-25T19:26:24.022418
dayahead,timesfm,0,2023-01-01,2025-08-31,2025-09-01,2025-09-30,,,2025-09-28 19:00:00,,,,510.04263,pretrained_inference,rolling_origin,2026-06-25T19:26:24.022418
dayahead,timesfm,0,2023-01-01,2025-08-31,2025-09-01,2025-09-30,,,2025-09-28 20:00:00,,,,479.04727,pretrained_inference,rolling_origin,2026-06-25T19:26:24.022418
dayahead,timesfm,0,2023-01-01,2025-08-31,2025-09-01,2025-09-30,,,2025-09-28 21:00:00,,,,485.93814,pretrained_inference,rolling_origin,2026-06-25T19:26:24.022418
dayahead,timesfm,0,2023-01-01,2025-08-31,2025-09-01,2025-09-30,,,2025-09-28 22:00:00,,,,489.98346,pretrained_inference,rolling_origin,2026-06-25T19:26:24.022418
dayahead,timesfm,0,2023-01-01,2025-08-31,2025-09-01,2025-09-30,,,2025-09-28 23:00:00,,,,476.246,pretrained_inference,rolling_origin,2026-06-25T19:26:24.022418
dayahead,timesfm,0,2023-01-01,2025-08-31,2025-09-01,2025-09-30,,,2025-09-29 00:00:00,,,,457.08313,pretrained_inference,rolling_origin,2026-06-25T19:26:24.022418
dayahead,timesfm,0,2023-01-01,2025-08-31,2025-09-01,2025-09-30,,,2025-09-29 01:00:00,,,,406.15094,pretrained_inference,rolling_origin,2026-06-25T19:26:24.022418
dayahead,timesfm,0,2023-01-01,2025-08-31,2025-09-01,2025-09-30,,,2025-09-29 02:00:00,,,,387.9929,pretrained_inference,rolling_origin,2026-06-25T19:26:24.022418
dayahead,timesfm,0,2023-01-01,2025-08-31,2025-09-01,2025-09-30,,,2025-09-29 03:00:00,,,,385.0918,pretrained_inference,rolling_origin,2026-06-25T19:26:24.022418
dayahead,timesfm,0,2023-01-01,2025-08-31,2025-09-01,2025-09-30,,,2025-09-29 04:00:00,,,,400.39667,pretrained_inference,rolling_origin,2026-06-25T19:26:24.022418
dayahead,timesfm,0,2023-01-01,2025-08-31,2025-09-01,2025-09-30,,,2025-09-29 05:00:00,,,,389.12415,pretrained_inference,rolling_origin,2026-06-25T19:26:24.022418
dayahead,timesfm,0,2023-01-01,2025-08-31,2025-09-01,2025-09-30,,,2025-09-29 06:00:00,,,,414.21884,pretrained_inference,rolling_origin,2026-06-25T19:26:24.022418
dayahead,timesfm,0,2023-01-01,2025-08-31,2025-09-01,2025-09-30,,,2025-09-29 07:00:00,,,,430.3994,pretrained_inference,rolling_origin,2026-06-25T19:26:24.022418
dayahead,timesfm,0,2023-01-01,2025-08-31,2025-09-01,2025-09-30,,,2025-09-29 08:00:00,,,,320.53363,pretrained_inference,rolling_origin,2026-06-25T19:26:24.022418
dayahead,timesfm,0,2023-01-01,2025-08-31,2025-09-01,2025-09-30,,,2025-09-29 09:00:00,,,,212.99968,pretrained_inference,rolling_origin,2026-06-25T19:26:24.022418
dayahead,timesfm,0,2023-01-01,2025-08-31,2025-09-01,2025-09-30,,,2025-09-29 10:00:00,,,,133.85567,pretrained_inference,rolling_origin,2026-06-25T19:26:24.022418
dayahead,timesfm,0,2023-01-01,2025-08-31,2025-09-01,2025-09-30,,,2025-09-29 11:00:00,,,,134.33115,pretrained_inference,rolling_origin,2026-06-25T19:26:24.022418
dayahead,timesfm,0,2023-01-01,2025-08-31,2025-09-01,2025-09-30,,,2025-09-29 12:00:00,,,,121.4614,pretrained_inference,rolling_origin,2026-06-25T19:26:24.022418
dayahead,timesfm,0,2023-01-01,2025-08-31,2025-09-01,2025-09-30,,,2025-09-29 13:00:00,,,,88.8554,pretrained_inference,rolling_origin,2026-06-25T19:26:24.022418
dayahead,timesfm,0,2023-01-01,2025-08-31,2025-09-01,2025-09-30,,,2025-09-29 14:00:00,,,,130.36873,pretrained_inference,rolling_origin,2026-06-25T19:26:24.022418
dayahead,timesfm,0,2023-01-01,2025-08-31,2025-09-01,2025-09-30,,,2025-09-29 15:00:00,,,,190.80894,pretrained_inference,rolling_origin,2026-06-25T19:26:24.022418
dayahead,timesfm,0,2023-01-01,2025-08-31,2025-09-01,2025-09-30,,,2025-09-29 16:00:00,,,,283.1251,pretrained_inference,rolling_origin,2026-06-25T19:26:24.022418
dayahead,timesfm,0,2023-01-01,2025-08-31,2025-09-01,2025-09-30,,,2025-09-29 17:00:00,,,,395.13394,pretrained_inference,rolling_origin,2026-06-25T19:26:24.022418
dayahead,timesfm,0,2023-01-01,2025-08-31,2025-09-01,2025-09-30,,,2025-09-29 18:00:00,,,,505.41782,pretrained_inference,rolling_origin,2026-06-25T19:26:24.022418
dayahead,timesfm,0,2023-01-01,2025-08-31,2025-09-01,2025-09-30,,,2025-09-29 19:00:00,,,,498.482,pretrained_inference,rolling_origin,2026-06-25T19:26:24.022418
dayahead,timesfm,0,2023-01-01,2025-08-31,2025-09-01,2025-09-30,,,2025-09-29 20:00:00,,,,457.40884,pretrained_inference,rolling_origin,2026-06-25T19:26:24.022418
dayahead,timesfm,0,2023-01-01,2025-08-31,2025-09-01,2025-09-30,,,2025-09-29 21:00:00,,,,450.37128,pretrained_inference,rolling_origin,2026-06-25T19:26:24.022418
dayahead,timesfm,0,2023-01-01,2025-08-31,2025-09-01,2025-09-30,,,2025-09-29 22:00:00,,,,450.2101,pretrained_inference,rolling_origin,2026-06-25T19:26:24.022418
dayahead,timesfm,0,2023-01-01,2025-08-31,2025-09-01,2025-09-30,,,2025-09-29 23:00:00,,,,428.93817,pretrained_inference,rolling_origin,2026-06-25T19:26:24.022418
dayahead,timesfm,0,2023-01-01,2025-08-31,2025-09-01,2025-09-30,,,2025-09-30 00:00:00,,,,410.83203,pretrained_inference,rolling_origin,2026-06-25T19:26:24.022418
dayahead,timesfm,0,2023-01-01,2025-08-31,2025-09-01,2025-09-30,,,2025-09-30 01:00:00,,,,390.754,pretrained_inference,rolling_origin,2026-06-25T19:26:24.022418
dayahead,timesfm,0,2023-01-01,2025-08-31,2025-09-01,2025-09-30,,,2025-09-30 02:00:00,,,,366.82242,pretrained_inference,rolling_origin,2026-06-25T19:26:24.022418
dayahead,timesfm,0,2023-01-01,2025-08-31,2025-09-01,2025-09-30,,,2025-09-30 03:00:00,,,,354.63852,pretrained_inference,rolling_origin,2026-06-25T19:26:24.022418
dayahead,timesfm,0,2023-01-01,2025-08-31,2025-09-01,2025-09-30,,,2025-09-30 04:00:00,,,,364.95963,pretrained_inference,rolling_origin,2026-06-25T19:26:24.022418
dayahead,timesfm,0,2023-01-01,2025-08-31,2025-09-01,2025-09-30,,,2025-09-30 05:00:00,,,,349.66156,pretrained_inference,rolling_origin,2026-06-25T19:26:24.022418
dayahead,timesfm,0,2023-01-01,2025-08-31,2025-09-01,2025-09-30,,,2025-09-30 06:00:00,,,,370.07788,pretrained_inference,rolling_origin,2026-06-25T19:26:24.022418
dayahead,timesfm,0,2023-01-01,2025-08-31,2025-09-01,2025-09-30,,,2025-09-30 07:00:00,,,,361.47147,pretrained_inference,rolling_origin,2026-06-25T19:26:24.022418
dayahead,timesfm,0,2023-01-01,2025-08-31,2025-09-01,2025-09-30,,,2025-09-30 08:00:00,,,,226.62122,pretrained_inference,rolling_origin,2026-06-25T19:26:24.022418
dayahead,timesfm,0,2023-01-01,2025-08-31,2025-09-01,2025-09-30,,,2025-09-30 09:00:00,,,,131.95488,pretrained_inference,rolling_origin,2026-06-25T19:26:24.022418
dayahead,timesfm,0,2023-01-01,2025-08-31,2025-09-01,2025-09-30,,,2025-09-30 10:00:00,,,,-7.3591003,pretrained_inference,rolling_origin,2026-06-25T19:26:24.022418
dayahead,timesfm,0,2023-01-01,2025-08-31,2025-09-01,2025-09-30,,,2025-09-30 11:00:00,,,,-52.04666,pretrained_inference,rolling_origin,2026-06-25T19:26:24.022418
dayahead,timesfm,0,2023-01-01,2025-08-31,2025-09-01,2025-09-30,,,2025-09-30 12:00:00,,,,-80.0,pretrained_inference,rolling_origin,2026-06-25T19:26:24.022418
dayahead,timesfm,0,2023-01-01,2025-08-31,2025-09-01,2025-09-30,,,2025-09-30 13:00:00,,,,-80.0,pretrained_inference,rolling_origin,2026-06-25T19:26:24.022418
dayahead,timesfm,0,2023-01-01,2025-08-31,2025-09-01,2025-09-30,,,2025-09-30 14:00:00,,,,-69.616776,pretrained_inference,rolling_origin,2026-06-25T19:26:24.022418
dayahead,timesfm,0,2023-01-01,2025-08-31,2025-09-01,2025-09-30,,,2025-09-30 15:00:00,,,,22.90799,pretrained_inference,rolling_origin,2026-06-25T19:26:24.022418
dayahead,timesfm,0,2023-01-01,2025-08-31,2025-09-01,2025-09-30,,,2025-09-30 16:00:00,,,,141.44476,pretrained_inference,rolling_origin,2026-06-25T19:26:24.022418
dayahead,timesfm,0,2023-01-01,2025-08-31,2025-09-01,2025-09-30,,,2025-09-30 17:00:00,,,,305.42075,pretrained_inference,rolling_origin,2026-06-25T19:26:24.022418
dayahead,timesfm,0,2023-01-01,2025-08-31,2025-09-01,2025-09-30,,,2025-09-30 18:00:00,,,,415.50598,pretrained_inference,rolling_origin,2026-06-25T19:26:24.022418
dayahead,timesfm,0,2023-01-01,2025-08-31,2025-09-01,2025-09-30,,,2025-09-30 19:00:00,,,,392.11285,pretrained_inference,rolling_origin,2026-06-25T19:26:24.022418
dayahead,timesfm,0,2023-01-01,2025-08-31,2025-09-01,2025-09-30,,,2025-09-30 20:00:00,,,,346.79156,pretrained_inference,rolling_origin,2026-06-25T19:26:24.022418
dayahead,timesfm,0,2023-01-01,2025-08-31,2025-09-01,2025-09-30,,,2025-09-30 21:00:00,,,,325.8683,pretrained_inference,rolling_origin,2026-06-25T19:26:24.022418
dayahead,timesfm,0,2023-01-01,2025-08-31,2025-09-01,2025-09-30,,,2025-09-30 22:00:00,,,,316.98636,pretrained_inference,rolling_origin,2026-06-25T19:26:24.022418
dayahead,timesfm,0,2023-01-01,2025-08-31,2025-09-01,2025-09-30,,,2025-09-30 23:00:00,,,,302.90564,pretrained_inference,rolling_origin,2026-06-25T19:26:24.022418
dayahead,timesfm,0,2023-01-01,2025-08-31,2025-09-01,2025-09-30,,,2025-10-01 00:00:00,,,,291.69586,pretrained_inference,rolling_origin,2026-06-25T19:26:24.022418
